date,ADH
2006-07-06,31.51
2006-07-10,34.548
2006-07-11,34.842
2006-07-12,36.214
2006-07-13,36.459
2006-07-14,36.312
2006-07-17,36.263
2006-07-18,35.332
2006-07-19,35.773
2006-07-20,35.724
2006-07-21,35.773
2006-07-24,35.675
2006-07-25,35.332
2006-07-26,35.43
2006-07-27,35.528
2006-07-28,35.773
2006-07-31,35.969
2006-08-01,35.773
2006-08-02,36.116
2006-08-03,36.165
2006-08-04,36.263
2006-08-07,36.753
2006-08-08,38.223
2006-08-09,39.203
2006-08-10,38.713
2006-08-11,39.448
2006-08-15,41.261
2006-08-16,43.712
2006-08-17,44.055
2006-08-18,44.104
2006-08-22,43.908
2006-08-23,44.839
2006-08-24,45.133
2006-08-25,45.329
2006-08-28,45.574
2006-08-29,45.623
2006-08-30,46.505
2006-08-31,46.75
2006-09-01,46.75
2006-09-04,47.044
2006-09-05,48.024
2006-09-06,49.004
2006-09-07,48.857
2006-09-08,50.474
2006-09-11,53.463
2006-09-13,57.188
2006-09-14,55.62
2006-09-15,55.62
2006-09-18,54.786
2006-09-19,53.904
2006-09-20,54.639
2006-09-21,55.374
2006-09-22,56.257
2006-09-25,55.963
2006-09-26,55.865
2006-09-27,55.816
2006-09-28,58.805
2006-09-29,59.785
2006-10-02,60.03
2006-10-03,60.03
2006-10-04,61.5
2006-10-05,59.54
2006-10-06,60.03
2006-10-09,60.275
2006-10-10,60.569
2006-10-11,59.834
2006-10-12,59.932
2006-10-13,59.785
2006-10-16,60.275
2006-10-17,60.275
2006-10-18,60.52
2006-10-19,61.745
2006-10-20,63.705
2006-10-23,63.705
2006-10-26,66.988
2006-10-27,71.007
2006-10-30,75.221
2006-10-31,79.729
2006-11-01,82.327
2006-11-02,84.287
2006-11-03,89.334
2006-11-07,94.676
2006-11-08,95.558
2006-11-09,90.657
2006-11-10,98.694
2006-11-16,108.299
2006-11-17,109.328
2006-11-20,105.359
2006-11-21,111.239
2006-11-22,116.384
2006-11-23,123.0
2006-11-24,130.351
2006-11-27,137.554
2006-11-28,136.133
2006-11-29,136.133
2006-11-30,137.113
2006-12-01,137.211
2006-12-04,137.211
2006-12-05,137.162
2006-12-06,138.681
2006-12-07,145.542
2006-12-08,151.912
2006-12-11,152.892
2006-12-12,152.892
2006-12-13,156.323
2006-12-14,156.813
2006-12-15,150.883
2006-12-18,145.787
2006-12-19,137.113
2006-12-20,137.211
2006-12-21,141.425
2006-12-22,142.112
2006-12-26,141.621
2006-12-27,139.612
2006-12-28,139.318
2006-12-29,139.661
2007-01-02,137.701
2007-01-03,137.701
2007-01-04,137.701
2007-01-05,137.701
2007-01-08,141.523
2007-01-09,139.906
2007-01-10,138.926
2007-01-12,132.311
2007-01-15,135.055
2007-01-16,138.632
2007-01-17,138.191
2007-01-18,132.311
2007-01-19,135.3
2007-01-22,137.26
2007-01-23,138.534
2007-01-24,136.231
2007-01-25,136.231
2007-01-26,134.663
2007-01-29,135.3
2007-01-30,137.211
2007-01-31,135.986
2007-02-01,136.231
2007-02-02,136.133
2007-02-05,138.093
2007-02-06,137.946
2007-02-07,137.211
2007-02-08,137.162
2007-02-09,137.211
2007-02-12,135.986
2007-02-13,136.231
2007-02-14,136.231
2007-02-15,138.436
2007-02-16,138.681
2007-02-19,142.112
2007-02-20,141.131
2007-02-21,139.171
2007-02-22,134.761
2007-02-23,134.81
2007-02-26,140.886
2007-02-27,139.171
2007-02-28,139.563
2007-03-01,139.661
2007-03-02,139.612
2007-03-05,139.759
2007-03-06,141.131
2007-03-07,142.112
2007-03-08,142.749
2007-03-09,140.053
2007-03-12,141.18
2007-03-13,142.063
2007-03-14,141.67
2007-03-15,139.661
2007-03-16,139.661
2007-03-19,139.171
2007-03-20,139.612
2007-03-21,139.759
2007-03-22,139.171
2007-03-23,141.523
2007-03-26,141.572
2007-03-27,142.357
2007-03-28,143.092
2007-03-29,142.602
2007-03-30,142.553
2007-04-03,141.131
2007-04-04,141.131
2007-04-05,140.396
2007-04-06,140.396
2007-04-09,140.445
2007-04-10,141.867
2007-04-11,140.886
2007-04-12,140.935
2007-04-13,141.621
2007-04-16,141.72
2007-04-17,142.112
2007-04-18,142.357
2007-04-19,141.131
2007-04-20,140.69
2007-04-23,139.269
2007-04-24,140.69
2007-04-25,139.661
2007-04-26,139.661
2007-04-27,142.112
2007-04-30,140.396
2007-05-02,141.131
2007-05-03,141.18
2007-05-04,142.063
2007-05-07,141.131
2007-05-08,140.396
2007-05-09,140.886
2007-05-10,137.211
2007-05-11,131.331
2007-05-14,123.49
2007-05-15,129.861
2007-05-16,133.046
2007-05-17,134.271
2007-05-18,132.311
2007-05-21,134.81
2007-05-22,134.271
2007-05-23,134.173
2007-05-24,131.086
2007-05-25,131.821
2007-05-28,132.801
2007-05-29,132.311
2007-05-30,131.331
2007-05-31,136.231
2007-06-01,136.28
2007-06-04,136.623
2007-06-05,138.436
2007-06-06,138.534
2007-06-07,135.496
2007-06-08,136.966
2007-06-11,136.721
2007-06-12,136.672
2007-06-13,134.418
2007-06-14,132.801
2007-06-15,132.409
2007-06-18,137.211
2007-06-19,137.162
2007-06-20,136.231
2007-06-21,135.839
2007-06-22,134.81
2007-06-25,135.986
2007-06-26,138.191
2007-06-27,136.721
2007-06-28,136.427
2007-06-29,136.231
2007-07-02,135.986
2007-07-06,138.73
2007-07-09,138.681
2007-07-10,138.681
2007-07-11,137.26
2007-07-12,135.3
2007-07-13,135.055
2007-07-16,135.104
2007-07-17,136.721
2007-07-18,137.113
2007-07-19,136.721
2007-07-20,135.594
2007-07-23,136.721
2007-07-24,136.966
2007-07-25,136.231
2007-07-26,137.211
2007-07-27,138.681
2007-07-31,140.151
2007-08-01,139.171
2007-08-02,142.112
2007-08-03,142.357
2007-08-06,142.602
2007-08-07,143.876
2007-08-08,143.827
2007-08-09,144.072
2007-08-10,144.562
2007-08-13,144.562
2007-08-15,144.072
2007-08-16,142.112
2007-08-17,141.867
2007-08-22,141.72
2007-08-23,142.357
2007-08-24,143.092
2007-08-27,143.141
2007-08-28,144.562
2007-08-29,143.631
2007-08-30,146.522
2007-08-31,150.05
2007-09-03,159.018
2007-09-04,168.525
2007-09-05,178.619
2007-09-06,172.004
2007-09-07,170.926
2007-09-10,175.434
2007-09-11,171.024
2007-09-12,166.614
2007-09-13,166.516
2007-09-14,171.514
2007-09-17,170.387
2007-09-18,166.27
2007-09-19,166.614
2007-09-20,167.594
2007-09-21,166.614
2007-09-24,166.074
2007-09-25,164.163
2007-09-26,164.163
2007-09-27,163.428
2007-09-28,165.388
2007-10-01,166.221
2007-10-02,166.123
2007-10-03,166.516
2007-10-04,166.516
2007-10-05,166.369
2007-10-08,168.525
2007-10-09,168.182
2007-10-10,167.398
2007-10-11,168.525
2007-10-12,167.349
2007-10-15,167.741
2007-10-16,166.614
2007-10-17,167.545
2007-10-18,166.614
2007-10-19,167.594
2007-10-22,165.633
2007-10-23,166.123
2007-10-24,165.535
2007-10-25,164.653
2007-10-26,166.614
2007-10-29,166.614
2007-10-30,165.633
2007-10-31,158.724
2007-11-01,154.363
2007-11-02,158.332
2007-11-05,161.713
2007-11-07,159.312
2007-11-08,159.263
2007-11-09,158.283
2007-11-12,159.263
2007-11-13,158.087
2007-11-14,156.323
2007-11-15,158.283
2007-11-16,156.813
2007-11-19,156.813
2007-11-20,158.283
2007-11-21,156.323
2007-11-22,156.568
2007-11-23,155.833
2007-11-26,151.912
2007-11-27,155.588
2007-11-28,159.998
2007-11-29,164.163
2007-11-30,161.615
2007-12-03,161.713
2007-12-04,161.713
2007-12-05,161.503
2007-12-06,160.276
2007-12-11,166.412
2007-12-12,164.448
2007-12-13,161.994
2007-12-14,161.012
2007-12-17,161.356
2007-12-18,163.221
2007-12-19,167.492
2007-12-20,163.957
2007-12-24,163.859
2007-12-25,161.503
2007-12-26,160.963
2007-12-27,161.503
2007-12-28,164.105
2007-12-31,165.43
2008-01-02,169.357
2008-01-03,168.866
2008-01-04,173.039
2008-01-07,174.708
2008-01-08,174.462
2008-01-09,181.629
2008-01-14,184.035
2008-01-15,185.802
2008-01-16,190.956
2008-01-17,193.411
2008-01-18,192.183
2008-01-21,187.52
2008-01-22,185.066
2008-01-23,188.796
2008-01-24,190.907
2008-01-25,189.189
2008-01-28,187.569
2008-01-29,187.52
2008-01-30,187.716
2008-01-31,191.202
2008-02-01,192.183
2008-02-04,192.478
2008-02-05,189.974
2008-02-06,190.073
2008-02-07,189.729
2008-02-08,190.465
2008-02-11,189.631
2008-02-12,189.729
2008-02-13,189.385
2008-02-14,189.729
2008-02-15,192.92
2008-02-18,195.62
2008-02-19,195.374
2008-02-20,195.865
2008-02-21,207.597
2008-02-22,207.597
2008-02-25,207.597
2008-02-26,206.272
2008-02-27,206.468
2008-02-28,207.499
2008-02-29,207.156
2008-03-03,205.192
2008-03-04,201.658
2008-03-05,202.983
2008-03-06,208.628
2008-03-07,209.61
2008-03-10,218.446
2008-03-11,217.464
2008-03-12,219.182
2008-03-13,218.937
2008-03-14,217.955
2008-03-17,217.906
2008-03-18,215.746
2008-03-19,218.446
2008-03-24,219.722
2008-03-25,218.937
2008-03-26,218.446
2008-03-27,216.973
2008-03-28,215.992
2008-03-31,215.992
2008-04-01,215.108
2008-04-02,210.592
2008-04-03,218.397
2008-04-04,221.195
2008-04-07,228.264
2008-04-08,225.319
2008-04-09,220.901
2008-04-10,217.464
2008-04-11,217.17
2008-04-14,211.181
2008-04-15,218.937
2008-04-16,223.846
2008-04-17,221.882
2008-04-18,220.213
2008-04-21,218.446
2008-04-22,218.937
2008-04-23,216.188
2008-04-24,213.93
2008-04-25,213.046
2008-04-28,213.93
2008-04-29,214.912
2008-04-30,212.064
2008-05-02,212.064
2008-05-05,208.137
2008-05-06,211.868
2008-05-07,209.217
2008-05-08,210.985
2008-05-09,210.985
2008-05-12,210.101
2008-05-13,210.101
2008-05-14,209.905
2008-05-15,209.119
2008-05-16,206.174
2008-05-19,204.21
2008-05-20,210.101
2008-05-21,208.137
2008-05-22,210.985
2008-05-23,209.119
2008-05-26,207.156
2008-05-27,209.021
2008-05-28,209.119
2008-05-29,211.083
2008-05-30,207.646
2008-06-02,209.708
2008-06-03,209.512
2008-06-04,209.61
2008-06-05,209.708
2008-06-06,209.021
2008-06-09,206.763
2008-06-10,204.21
2008-06-11,206.959
2008-06-12,206.468
2008-06-13,206.468
2008-06-16,205.192
2008-06-17,204.112
2008-06-18,203.13
2008-06-19,201.756
2008-06-20,201.167
2008-06-23,200.283
2008-06-24,204.701
2008-06-25,208.137
2008-06-26,211.083
2008-06-27,210.297
2008-06-30,210.297
2008-07-01,209.708
2008-07-02,209.806
2008-07-03,211.574
2008-07-04,213.046
2008-07-07,212.85
2008-07-08,219.919
2008-07-09,218.446
2008-07-10,223.355
2008-07-11,224.828
2008-07-14,223.355
2008-07-15,222.864
2008-07-16,220.901
2008-07-17,220.213
2008-07-18,219.722
2008-07-21,219.035
2008-07-22,215.501
2008-07-23,211.574
2008-07-24,211.083
2008-07-25,212.555
2008-07-28,210.101
2008-07-29,207.156
2008-07-31,203.719
2008-08-01,206.174
2008-08-04,206.174
2008-08-05,203.425
2008-08-06,206.174
2008-08-07,207.156
2008-08-08,207.254
2008-08-11,208.726
2008-08-12,209.119
2008-08-13,207.156
2008-08-15,206.174
2008-08-18,202.247
2008-08-19,201.265
2008-08-22,201.265
2008-08-25,201.265
2008-08-26,202.247
2008-08-27,203.327
2008-08-28,205.29
2008-08-29,204.407
2008-09-01,205.192
2008-09-02,205.977
2008-09-03,202.836
2008-09-04,203.228
2008-09-05,201.265
2008-09-08,194.392
2008-09-09,193.607
2008-09-10,191.447
2008-09-11,193.411
2008-09-12,191.447
2008-09-15,179.96
2008-09-16,169.21
2008-09-17,159.097
2008-09-18,158.067
2008-09-19,167.541
2008-09-22,177.555
2008-09-23,176.72
2008-09-24,168.866
2008-09-25,170.83
2008-09-26,168.67
2008-09-29,164.939
2008-09-30,155.072
2008-10-03,152.176
2008-10-06,143.045
2008-10-07,144.223
2008-10-08,142.554
2008-10-09,134.013
2008-10-10,134.504
2008-10-13,142.554
2008-10-14,142.358
2008-10-15,136.517
2008-10-16,136.958
2008-10-17,145.156
2008-10-20,146.187
2008-10-21,144.813
2008-10-22,140.395
2008-10-23,136.615
2008-10-24,131.559
2008-10-27,123.704
2008-10-28,131.117
2008-10-29,134.995
2008-10-30,135.289
2008-10-31,135.977
2008-11-03,137.449
2008-11-04,141.376
2008-11-05,141.474
2008-11-07,140.296
2008-11-10,140.395
2008-11-11,136.418
2008-11-12,134.504
2008-11-13,132.737
2008-11-14,133.522
2008-11-17,127.631
2008-11-19,123.704
2008-11-20,116.292
2008-11-21,109.321
2008-11-24,108.978
2008-11-25,110.941
2008-11-26,114.181
2008-11-27,115.359
2008-11-28,108.438
2008-12-01,108.978
2008-12-02,103.774
2008-12-03,98.669
2008-12-04,96.214
2008-12-05,99.651
2008-12-08,105.59
2008-12-11,111.923
2008-12-12,107.996
2008-12-15,111.874
2008-12-16,110.843
2008-12-17,108.978
2008-12-18,114.279
2008-12-19,117.814
2008-12-22,124.882
2008-12-23,120.857
2008-12-24,117.715
2008-12-25,110.696
2008-12-26,104.069
2008-12-30,107.898
2008-12-31,101.467
2009-01-02,95.39
2009-01-05,89.676
2009-01-06,84.296
2009-01-07,79.249
2009-01-08,75.597
2009-01-09,80.133
2009-01-12,78.542
2009-01-13,77.561
2009-01-14,79.544
2009-01-15,82.47
2009-01-16,82.666
2009-01-19,82.764
2009-01-20,82.666
2009-01-21,78.542
2009-01-22,83.255
2009-01-23,86.397
2009-01-26,84.433
2009-01-27,85.317
2009-01-28,84.531
2009-01-29,85.415
2009-01-30,85.415
2009-02-02,82.489
2009-02-03,82.489
2009-02-04,82.96
2009-02-05,82.47
2009-02-06,86.397
2009-02-09,86.397
2009-02-10,89.342
2009-02-11,94.702
2009-02-12,95.233
2009-02-13,91.954
2009-02-16,93.269
2009-02-17,96.705
2009-02-18,102.498
2009-02-19,108.634
2009-02-20,113.886
2009-02-23,120.71
2009-02-24,124.686
2009-02-25,124.686
2009-02-26,118.795
2009-02-27,120.759
2009-03-02,123.606
2009-03-03,120.759
2009-03-04,119.188
2009-03-05,120.759
2009-03-06,120.759
2009-03-09,121.741
2009-03-12,120.072
2009-03-13,119.974
2009-03-16,122.232
2009-03-17,121.643
2009-03-18,119.777
2009-03-19,119.286
2009-03-20,116.734
2009-03-23,111.432
2009-03-24,104.952
2009-03-25,111.236
2009-03-26,117.863
2009-03-27,116.832
2009-03-30,112.905
2009-03-31,109.959
2009-04-01,111.53
2009-04-02,114.77
2009-04-03,116.243
2009-04-06,119.384
2009-04-07,117.323
2009-04-08,116.832
2009-04-09,115.899
2009-04-10,114.868
2009-04-13,113.886
2009-04-14,115.899
2009-04-15,117.814
2009-04-16,120.17
2009-04-17,120.808
2009-04-20,122.723
2009-04-21,122.723
2009-04-22,121.937
2009-04-23,129.251
2009-04-24,132.442
2009-04-27,130.086
2009-04-28,132.098
2009-04-29,129.104
2009-04-30,129.595
2009-05-04,128.613
2009-05-05,128.81
2009-05-06,130.528
2009-05-07,132.0
2009-05-08,135.977
2009-05-11,141.965
2009-05-12,142.211
2009-05-13,142.26
2009-05-14,139.216
2009-05-15,138.922
2009-05-18,139.855
2009-05-19,142.456
2009-05-20,143.929
2009-05-21,142.702
2009-05-22,140.984
2009-05-25,140.444
2009-05-26,141.082
2009-05-27,141.376
2009-05-28,142.849
2009-05-29,140.198
2009-06-01,141.867
2009-06-02,140.689
2009-06-03,139.413
2009-06-04,138.726
2009-06-05,139.511
2009-06-08,141.376
2009-06-09,140.591
2009-06-10,138.726
2009-06-11,137.449
2009-06-12,139.511
2009-06-15,143.34
2009-06-16,147.267
2009-06-17,149.231
2009-06-18,147.071
2009-06-19,146.972
2009-06-22,144.371
2009-06-23,145.205
2009-06-24,147.169
2009-06-25,144.862
2009-06-26,145.451
2009-06-29,146.285
2009-06-30,145.794
2009-07-01,143.144
2009-07-02,138.431
2009-07-03,136.467
2009-07-06,137.253
2009-07-07,139.805
2009-07-08,137.449
2009-07-09,137.498
2009-07-10,136.467
2009-07-13,136.467
2009-07-14,134.995
2009-07-15,131.608
2009-07-16,135.927
2009-07-17,134.406
2009-07-20,131.264
2009-07-21,129.595
2009-07-22,129.497
2009-07-23,132.54
2009-07-24,133.522
2009-07-27,133.424
2009-07-28,133.326
2009-07-29,133.326
2009-07-31,132.54
2009-08-03,133.326
2009-08-04,132.54
2009-08-05,132.148
2009-08-06,134.504
2009-08-07,134.455
2009-08-10,135.387
2009-08-11,136.566
2009-08-12,135.486
2009-08-13,135.977
2009-08-17,137.449
2009-08-18,136.664
2009-08-19,136.664
2009-08-24,136.467
2009-08-25,136.467
2009-08-26,136.32
2009-08-27,135.584
2009-08-28,133.522
2009-08-31,131.068
2009-09-01,131.166
2009-09-02,128.417
2009-09-03,124.637
2009-09-04,123.704
2009-09-07,123.704
2009-09-08,125.668
2009-09-09,128.81
2009-09-10,127.631
2009-09-11,129.595
2009-09-14,126.748
2009-09-15,127.631
2009-09-16,127.631
2009-09-17,128.368
2009-09-18,128.908
2009-09-23,128.613
2009-09-24,128.515
2009-09-25,127.73
2009-09-28,128.613
2009-09-29,126.453
2009-09-30,118.894
2009-10-01,119.777
2009-10-02,118.795
2009-10-05,118.795
2009-10-06,118.697
2009-10-07,117.323
2009-10-08,120.759
2009-10-09,120.71
2009-10-12,121.741
2009-10-13,121.741
2009-10-14,120.955
2009-10-15,122.526
2009-10-16,122.673
2009-10-19,121.299
2009-10-20,121.741
2009-10-21,117.715
2009-10-22,117.323
2009-10-23,117.323
2009-10-26,117.961
2009-10-27,117.323
2009-10-28,114.328
2009-10-29,110.941
2009-10-30,112.365
2009-11-02,112.365
2009-11-03,110.941
2009-11-04,109.959
2009-11-05,106.523
2009-11-09,106.032
2009-11-10,107.014
2009-11-11,104.069
2009-11-12,100.142
2009-11-13,101.123
2009-11-16,101.123
2009-11-17,98.178
2009-11-19,99.16
2009-11-20,95.056
2009-11-23,98.178
2009-11-24,98.178
2009-11-25,98.276
2009-11-26,99.945
2009-11-27,99.651
2009-11-30,99.16
2009-12-01,99.356
2009-12-02,97.196
2009-12-03,93.367
2009-12-04,87.771
2009-12-07,89.342
2009-12-08,91.836
2009-12-09,97.334
2009-12-10,103.136
2009-12-11,106.425
2009-12-14,102.989
2009-12-15,99.258
2009-12-16,99.16
2009-12-17,98.178
2009-12-21,99.16
2009-12-22,103.578
2009-12-23,103.087
2009-12-24,103.087
2009-12-25,102.792
2009-12-28,102.105
2009-12-29,102.105
2009-12-30,102.105
2009-12-31,101.614
2010-01-04,101.025
2010-01-05,100.142
2010-01-06,104.265
2010-01-07,110.499
2010-01-08,112.708
2010-01-12,111.923
2010-01-13,110.401
2010-01-14,110.254
2010-01-15,110.941
2010-01-18,116.341
2010-01-19,116.832
2010-01-20,117.323
2010-01-21,114.917
2010-01-22,114.476
2010-01-25,112.414
2010-01-26,111.923
2010-01-27,113.396
2010-01-28,112.561
2010-01-29,110.941
2010-02-01,108.045
2010-02-02,108.732
2010-02-03,109.861
2010-02-04,109.714
2010-02-05,109.959
2010-02-08,111.628
2010-02-09,112.414
2010-02-10,111.874
2010-02-11,113.052
2010-02-12,113.886
2010-02-15,113.396
2010-02-16,112.267
2010-02-17,112.365
2010-02-18,110.941
2010-02-19,110.303
2010-02-22,110.598
2010-02-23,110.254
2010-02-24,107.996
2010-02-25,108.978
2010-02-26,108.928
2010-03-01,107.014
2010-03-02,106.081
2010-03-03,105.836
2010-03-04,104.952
2010-03-05,103.087
2010-03-08,102.4
2010-03-09,105.05
2010-03-10,104.069
2010-03-11,104.952
2010-03-12,104.952
2010-03-15,107.014
2010-03-16,107.014
2010-03-17,105.836
2010-03-18,106.916
2010-03-19,106.965
2010-03-22,105.836
2010-03-23,105.836
2010-03-24,105.836
2010-03-25,106.916
2010-03-26,112.414
2010-03-29,115.85
2010-03-30,116.979
2010-03-31,110.941
2010-04-01,106.032
2010-04-02,107.505
2010-04-05,106.965
2010-04-06,107.799
2010-04-07,107.063
2010-04-08,107.014
2010-04-09,106.523
2010-04-12,107.259
2010-04-13,107.996
2010-04-14,107.014
2010-04-15,107.407
2010-04-16,111.432
2010-04-19,112.708
2010-04-20,115.654
2010-04-21,113.837
2010-04-22,112.905
2010-04-23,113.69
2010-04-26,114.377
2010-04-27,115.85
2010-04-28,116.046
2010-04-29,116.292
2010-04-30,116.341
2010-05-03,116.832
2010-05-04,116.832
2010-05-05,116.046
2010-05-06,114.868
2010-05-07,114.525
2010-05-10,115.359
2010-05-11,114.377
2010-05-12,115.065
2010-05-13,114.868
2010-05-14,116.292
2010-05-17,116.292
2010-05-18,117.814
2010-05-19,118.403
2010-05-20,117.814
2010-05-21,116.832
2010-05-24,114.181
2010-05-25,111.187
2010-05-26,112.61
2010-05-27,114.819
2010-05-28,114.819
2010-05-31,113.886
2010-06-01,113.985
2010-06-02,114.181
2010-06-03,113.936
2010-06-04,114.868
2010-06-07,116.243
2010-06-08,116.783
2010-06-09,116.832
2010-06-10,117.323
2010-06-11,117.323
2010-06-14,116.832
2010-06-15,117.47
2010-06-16,117.323
2010-06-17,117.126
2010-06-18,117.323
2010-06-21,117.715
2010-06-22,115.85
2010-06-23,117.323
2010-06-24,117.323
2010-06-25,117.323
2010-06-28,117.814
2010-06-29,117.814
2010-06-30,117.814
2010-07-01,118.01
2010-07-02,117.863
2010-07-05,118.795
2010-07-06,116.292
2010-07-07,115.752
2010-07-08,115.997
2010-07-09,115.85
2010-07-12,116.5
2010-07-13,117.0
2010-07-14,116.5
2010-07-15,116.5
2010-07-16,116.55
2010-07-19,116.5
2010-07-20,115.8
2010-07-21,116.0
2010-07-22,116.5
2010-07-23,116.5
2010-07-26,116.1
2010-07-27,116.1
2010-07-28,115.0
2010-07-29,114.6
2010-08-02,114.0
2010-08-03,113.85
2010-08-04,112.5
2010-08-05,113.7
2010-08-06,113.9
2010-08-09,113.0
2010-08-10,110.5
2010-08-11,109.0
2010-08-12,108.5
2010-08-13,106.15
2010-08-16,107.8
2010-08-17,103.5
2010-08-18,100.0
2010-08-19,98.24
2010-08-23,101.0
2010-08-24,102.0
2010-08-25,108.1
2010-08-26,108.5
2010-08-27,107.7
2010-08-30,108.0
2010-08-31,106.0
2010-09-01,104.9
2010-09-02,103.65
2010-09-03,102.9
2010-09-06,103.9
2010-09-07,103.65
2010-09-08,103.0
2010-09-09,102.0
2010-09-13,101.6
2010-09-14,101.7
2010-09-15,101.7
2010-09-16,100.0
2010-09-17,101.0
2010-09-20,101.9
2010-09-21,100.0
2010-09-22,100.0
2010-09-23,99.5
2010-09-24,103.0
2010-09-27,102.05
2010-09-28,102.5
2010-09-29,102.0
2010-09-30,102.4
2010-10-01,103.0
2010-10-04,103.5
2010-10-05,102.0
2010-10-06,102.5
2010-10-07,102.3
2010-10-08,102.1
2010-10-11,102.0
2010-10-12,102.0
2010-10-13,103.5
2010-10-14,104.0
2010-10-15,105.0
2010-10-18,104.5
2010-10-19,104.55
2010-10-20,105.0
2010-10-21,106.15
2010-10-22,107.1
2010-10-25,107.75
2010-10-26,108.0
2010-10-27,107.5
2010-10-28,108.0
2010-10-29,107.95
2010-11-01,107.2
2010-11-02,107.0
2010-11-03,107.5
2010-11-04,108.8
2010-11-05,108.8
2010-11-08,110.8
2010-11-09,110.0
2010-11-10,110.45
2010-11-11,109.0
2010-11-12,108.95
2010-11-15,108.0
2010-11-16,107.8
2010-11-19,109.95
2010-11-22,109.0
2010-11-23,108.0
2010-11-24,106.5
2010-11-25,105.9
2010-11-26,105.0
2010-11-29,105.0
2010-11-30,104.1
2010-12-01,105.15
2010-12-02,105.5
2010-12-03,105.0
2010-12-06,107.0
2010-12-08,109.0
2010-12-09,109.0
2010-12-10,106.0
2010-12-13,106.0
2010-12-14,106.0
2010-12-15,105.05
2010-12-16,105.0
2010-12-17,106.0
2010-12-20,106.0
2010-12-21,105.95
2010-12-22,106.0
2010-12-23,105.5
2010-12-24,105.0
2010-12-27,105.0
2010-12-28,104.0
2010-12-29,102.8
2010-12-30,103.0
2010-12-31,104.0
2011-01-03,105.0
2011-01-04,108.9
2011-01-05,109.0
2011-01-06,108.95
2011-01-07,108.55
2011-01-10,108.95
2011-01-12,109.95
2011-01-13,109.95
2011-01-14,109.0
2011-01-17,106.95
2011-01-18,105.3
2011-01-19,105.4
2011-01-20,107.3
2011-01-21,107.5
2011-01-24,107.5
2011-01-25,108.5
2011-01-26,109.5
2011-01-27,109.2
2011-01-28,105.2
2011-01-31,103.0
2011-02-01,103.0
2011-02-02,105.0
2011-02-03,103.95
2011-02-04,104.0
2011-02-07,105.6
2011-02-08,108.0
2011-02-09,108.0
2011-02-10,107.4
2011-02-11,107.0
2011-02-14,106.3
2011-02-15,105.4
2011-02-18,103.6
2011-02-21,100.0
2011-02-22,101.3
2011-02-23,103.0
2011-02-24,105.1
2011-02-25,109.05
2011-02-28,109.05
2011-03-01,109.05
2011-03-02,108.0
2011-03-03,107.0
2011-03-04,107.5
2011-03-07,107.25
2011-03-08,106.9
2011-03-09,106.9
2011-03-10,109.0
2011-03-11,107.0
2011-03-14,107.0
2011-03-15,107.0
2011-03-16,107.0
2011-03-17,106.5
2011-03-18,107.4
2011-03-21,106.55
2011-03-22,105.0
2011-03-23,104.95
2011-03-24,104.8
2011-03-25,104.3
2011-03-28,104.3
2011-03-29,104.3
2011-03-30,105.0
2011-03-31,103.85
2011-04-01,101.1
2011-04-04,99.0
2011-04-05,97.14
2011-04-06,101.55
2011-04-07,103.0
2011-04-08,101.95
2011-04-11,100.95
2011-04-12,100.5
2011-04-13,100.0
2011-04-14,100.0
2011-04-15,100.5
2011-04-18,99.5
2011-04-19,99.5
2011-04-20,101.8
2011-04-21,100.0
2011-04-22,100.0
2011-04-25,100.0
2011-04-26,101.0
2011-04-27,101.2
2011-04-28,100.0
2011-04-29,94.5
2011-05-02,99.0
2011-05-03,100.0
2011-05-04,99.3
2011-05-05,102.0
2011-05-06,99.16
2011-05-09,100.25
2011-05-10,101.5
2011-05-11,101.5
2011-05-12,101.3
2011-05-13,101.45
2011-05-16,99.5
2011-05-17,102.9
2011-05-18,102.45
2011-05-19,101.2
2011-05-20,100.2
2011-05-23,100.35
2011-05-24,100.5
2011-05-25,101.05
2011-05-26,101.85
2011-05-27,102.0
2011-05-30,101.95
2011-05-31,102.45
2011-06-01,102.0
2011-06-02,102.3
2011-06-03,102.0
2011-06-06,102.0
2011-06-07,101.7
2011-06-08,101.0
2011-06-09,100.6
2011-06-10,101.0
2011-06-13,100.0
2011-06-14,99.94
2011-06-15,99.9
2011-06-16,98.5
2011-06-17,97.8
2011-06-20,97.2
2011-06-21,98.0
2011-06-22,99.3
2011-06-23,99.3
2011-06-24,99.3
2011-06-27,99.9
2011-06-28,99.1
2011-06-29,97.56
2011-06-30,98.0
2011-07-01,98.2
2011-07-04,99.26
2011-07-05,98.0
2011-07-06,98.0
2011-07-07,98.46
2011-07-08,98.2
2011-07-11,95.0
2011-07-12,97.84
2011-07-13,97.4
2011-07-14,95.54
2011-07-15,96.0
2011-07-18,95.2
2011-07-19,95.0
2011-07-20,95.02
2011-07-21,95.3
2011-07-22,95.9
2011-07-25,95.0
2011-07-26,94.0
2011-07-27,93.9
2011-07-28,93.2
2011-07-29,92.5
2011-08-01,92.98
2011-08-02,92.9
2011-08-03,90.28
2011-08-04,85.1
2011-08-05,84.04
2011-08-08,81.4
2011-08-09,77.5
2011-08-10,82.14
2011-08-11,84.9
2011-08-12,89.0
2011-08-15,90.6
2011-08-16,89.0
2011-08-17,89.1
2011-08-18,90.0
2011-08-19,87.0
2011-08-22,88.38
2011-08-23,86.04
2011-08-24,85.98
2011-08-25,85.0
2011-08-26,86.0
2011-08-29,87.0
2011-08-30,89.5
2011-09-02,92.5
2011-09-05,92.54
2011-09-06,93.5
2011-09-07,94.0
2011-09-08,90.0
2011-09-09,89.0
2011-09-12,87.9
2011-09-13,88.8
2011-09-14,87.9
2011-09-15,87.0
2011-09-16,86.0
2011-09-19,85.0
2011-09-20,83.1
2011-09-21,84.0
2011-09-22,82.6
2011-09-23,83.98
2011-09-26,79.2
2011-09-27,81.7
2011-09-28,81.7
2011-09-29,80.9
2011-09-30,80.9
2011-10-03,80.0
2011-10-04,79.0
2011-10-05,78.82
2011-10-06,79.82
2011-10-07,78.0
2011-10-10,79.5
2011-10-11,80.0
2011-10-12,80.58
2011-10-13,81.42
2011-10-14,81.0
2011-10-17,78.6
2011-10-18,78.38
2011-10-19,77.5
2011-10-20,77.3
2011-10-21,76.6
2011-10-24,77.2
2011-10-25,77.6
2011-10-26,77.7
2011-10-27,77.5
2011-10-28,76.0
2011-10-31,76.5
2011-11-01,74.0
2011-11-02,73.26
2011-11-03,72.5
2011-11-04,73.0
2011-11-09,73.9
2011-11-10,75.0
2011-11-11,74.0
2011-11-14,73.1
2011-11-15,72.82
2011-11-16,72.82
2011-11-17,71.2
2011-11-21,70.0
2011-11-22,68.24
2011-11-23,68.02
2011-11-24,70.0
2011-11-25,68.0
2011-11-28,67.7
2011-11-29,66.52
2011-11-30,69.98
2011-12-01,68.0
2011-12-02,67.0
2011-12-05,66.1
2011-12-06,65.04
2011-12-07,65.7
2011-12-08,67.0
2011-12-09,66.4
2011-12-12,66.0
2011-12-13,66.6
2011-12-14,66.0
2011-12-15,66.86
2011-12-16,67.94
2011-12-19,71.5
2011-12-20,74.5
2011-12-21,74.8
2011-12-22,74.0
2011-12-23,74.0
2011-12-26,74.0
2011-12-27,69.56
2011-12-28,67.0
2011-12-29,69.9
2011-12-30,69.9
2012-01-02,67.24
2012-01-03,68.7
2012-01-04,69.98
2012-01-05,70.4
2012-01-06,70.98
2012-01-09,71.5
2012-01-10,72.2
2012-01-12,71.0
2012-01-13,71.0
2012-01-16,72.0
2012-01-17,71.5
2012-01-18,72.0
2012-01-19,72.06
2012-01-20,73.0
2012-01-23,73.0
2012-01-24,72.5
2012-01-25,72.0
2012-01-26,71.14
2012-01-27,71.6
2012-01-30,71.36
2012-01-31,72.0
2012-02-01,71.12
2012-02-02,70.5
2012-02-03,70.66
2012-02-07,71.0
2012-02-08,71.0
2012-02-09,71.4
2012-02-10,71.0
2012-02-13,71.1
2012-02-14,71.5
2012-02-15,71.0
2012-02-16,71.14
2012-02-17,72.48
2012-02-20,73.5
2012-02-21,74.04
2012-02-22,74.94
2012-02-23,74.0
2012-02-24,74.0
2012-02-27,73.04
2012-02-28,73.0
2012-02-29,73.5
2012-03-01,73.8
2012-03-02,73.5
2012-03-05,72.5
2012-03-06,73.0
2012-03-07,73.2
2012-03-08,73.0
2012-03-09,73.46
2012-03-12,73.22
2012-03-13,72.3
2012-03-14,72.9
2012-03-15,73.1
2012-03-16,73.0
2012-03-19,73.42
2012-03-20,74.0
2012-03-21,72.14
2012-03-22,72.3
2012-03-23,73.0
2012-03-26,73.2
2012-03-27,73.78
2012-03-28,73.22
2012-03-29,73.0
2012-03-30,73.0
2012-04-02,72.86
2012-04-03,68.5
2012-04-04,67.64
2012-04-05,67.46
2012-04-06,66.98
2012-04-09,67.5
2012-04-10,66.5
2012-04-11,66.0
2012-04-12,64.0
2012-04-13,62.98
2012-04-16,62.14
2012-04-17,63.7
2012-04-18,65.5
2012-04-19,63.98
2012-04-20,63.0
2012-04-23,64.2
2012-04-24,63.5
2012-04-25,63.5
2012-04-26,64.0
2012-04-27,62.34
2012-04-30,62.4
2012-05-02,63.0
2012-05-03,64.0
2012-05-04,64.5
2012-05-07,65.0
2012-05-08,65.1
2012-05-09,64.48
2012-05-10,63.5
2012-05-11,64.8
2012-05-14,63.1
2012-05-15,63.9
2012-05-16,63.0
2012-05-17,62.0
2012-05-18,63.0
2012-05-21,62.2
2012-05-22,62.2
2012-05-23,65.0
2012-05-24,64.98
2012-05-25,65.42
2012-05-28,65.96
2012-05-29,67.02
2012-05-30,66.96
2012-05-31,68.98
2012-06-01,67.0
2012-06-04,64.86
2012-06-05,64.1
2012-06-06,64.5
2012-06-07,65.5
2012-06-08,66.5
2012-06-11,66.64
2012-06-12,69.0
2012-06-13,67.5
2012-06-14,68.9
2012-06-15,67.2
2012-06-18,68.88
2012-06-19,68.0
2012-06-20,68.48
2012-06-21,68.8
2012-06-22,68.48
2012-06-25,66.5
2012-06-26,63.74
2012-06-27,66.7
2012-06-28,68.5
2012-06-29,67.0
2012-07-02,67.9
2012-07-03,68.5
2012-07-04,67.0
2012-07-05,68.0
2012-07-06,68.5
2012-07-09,67.0
2012-07-10,68.0
2012-07-11,68.14
2012-07-12,68.0
2012-07-13,66.8
2012-07-16,68.0
2012-07-17,68.6
2012-07-18,68.6
2012-07-19,68.5
2012-07-20,68.7
2012-07-23,68.5
2012-07-24,68.0
2012-07-25,68.0
2012-07-26,68.0
2012-07-27,68.12
2012-07-31,69.0
2012-08-01,69.0
2012-08-02,69.4
2012-08-03,69.0
2012-08-06,69.48
2012-08-07,69.34
2012-08-08,69.5
2012-08-09,69.0
2012-08-10,69.5
2012-08-13,68.5
2012-08-15,68.5
2012-08-16,68.48
2012-08-17,68.5
2012-08-22,68.5
2012-08-23,68.88
2012-08-24,70.0
2012-08-27,70.0
2012-08-28,70.42
2012-08-29,70.46
2012-08-30,71.0
2012-08-31,71.98
2012-09-03,72.92
2012-09-04,72.9
2012-09-05,72.0
2012-09-06,72.0
2012-09-07,71.1
2012-09-10,70.0
2012-09-11,69.5
2012-09-12,70.0
2012-09-13,69.9
2012-09-14,70.8
2012-09-17,68.0
2012-09-18,68.2
2012-09-19,68.3
2012-09-20,67.48
2012-09-21,65.04
2012-09-24,65.5
2012-09-25,65.02
2012-09-26,65.98
2012-09-27,66.1
2012-09-28,64.0
2012-10-01,64.0
2012-10-02,62.04
2012-10-03,63.0
2012-10-04,63.48
2012-10-05,60.0
2012-10-08,61.96
2012-10-09,61.2
2012-10-10,61.0
2012-10-11,60.1
2012-10-12,60.0
2012-10-15,59.0
2012-10-16,59.1
2012-10-17,59.0
2012-10-18,59.0
2012-10-19,59.0
2012-10-22,60.0
2012-10-23,60.14
2012-10-24,61.0
2012-10-25,62.0
2012-10-29,61.5
2012-10-30,61.3
2012-10-31,62.0
2012-11-01,62.0
2012-11-02,63.0
2012-11-05,63.7
2012-11-07,64.9
2012-11-08,64.9
2012-11-09,64.8
2012-11-12,64.98
2012-11-13,65.0
2012-11-14,65.0
2012-11-15,66.0
2012-11-19,66.5
2012-11-20,64.92
2012-11-21,65.0
2012-11-22,64.6
2012-11-23,66.5
2012-11-26,65.5
2012-11-27,65.7
2012-11-28,66.0
2012-11-29,64.32
2012-11-30,64.94
2012-12-03,64.0
2012-12-04,65.0
2012-12-05,65.92
2012-12-06,66.0
2012-12-07,65.9
2012-12-10,66.0
2012-12-11,66.0
2012-12-12,64.1
2012-12-13,63.0
2012-12-14,63.0
2012-12-17,65.0
2012-12-18,65.0
2012-12-19,65.4
2012-12-20,65.64
2012-12-21,65.0
2012-12-24,64.0
2012-12-25,64.5
2012-12-26,62.3
2012-12-27,64.0
2012-12-28,63.9
2012-12-31,63.0
2013-01-02,62.5
2013-01-03,61.0
2013-01-04,60.0
2013-01-07,59.5
2013-01-08,61.5
2013-01-09,62.0
2013-01-10,60.9
2013-01-14,60.04
2013-01-15,59.96
2013-01-16,58.8
2013-01-17,59.22
2013-01-18,60.0
2013-01-21,60.0
2013-01-22,59.5
2013-01-23,59.0
2013-01-28,60.0
2013-01-29,62.0
2013-01-30,62.0
2013-01-31,61.0
2013-02-01,59.0
2013-02-04,60.0
2013-02-05,61.3
2013-02-06,61.4
2013-02-07,61.3
2013-02-08,61.44
2013-02-11,61.44
2013-02-12,61.0
2013-02-13,61.0
2013-02-14,60.5
2013-02-15,60.0
2013-02-18,60.0
2013-02-19,59.98
2013-02-20,60.0
2013-02-21,60.0
2013-02-22,60.12
2013-02-25,60.39
2013-02-26,59.02
2013-02-27,60.2
2013-02-28,60.5
2013-03-01,60.02
2013-03-04,60.5
2013-03-05,60.99
2013-03-06,61.49
2013-03-07,61.0
2013-03-08,61.0
2013-03-11,59.8
2013-03-12,60.0
2013-03-13,60.8
2013-03-14,59.1
2013-03-15,62.0
2013-03-18,59.93
2013-03-19,60.0
2013-03-20,59.98
2013-03-21,59.75
2013-03-22,59.98
2013-03-25,59.98
2013-03-26,59.72
2013-03-27,59.0
2013-03-28,59.1
2013-03-29,59.18
2013-04-01,59.0
2013-04-02,59.3
2013-04-03,59.0
2013-04-04,58.61
2013-04-05,59.0
2013-04-08,59.8
2013-04-09,60.0
2013-04-10,60.49
2013-04-11,60.47
2013-04-12,60.0
2013-04-15,59.42
2013-04-16,59.16
2013-04-17,59.22
2013-04-18,59.0
2013-04-19,58.5
2013-04-22,59.69
2013-04-23,58.0
2013-04-24,58.9
2013-04-25,58.95
2013-04-26,57.2
2013-04-29,56.0
2013-04-30,55.04
2013-05-02,56.0
2013-05-03,56.08
2013-05-06,57.2
2013-05-07,57.0
2013-05-08,56.96
2013-05-09,55.88
2013-05-10,54.8
2013-05-13,54.5
2013-05-14,53.5
2013-05-15,53.06
2013-05-16,53.9
2013-05-17,50.67
2013-05-20,52.0
2013-05-21,52.0
2013-05-22,50.0
2013-05-23,50.1
2013-05-24,49.2
2013-05-27,48.8
2013-05-28,48.81
2013-05-29,51.0
2013-05-30,50.32
2013-05-31,53.0
2013-06-03,50.34
2013-06-04,52.0
2013-06-05,52.8
2013-06-06,52.0
2013-06-07,52.0
2013-06-10,49.01
2013-06-11,48.48
2013-06-12,48.5
2013-06-13,49.2
2013-06-14,48.4
2013-06-17,48.1
2013-06-18,47.95
2013-06-19,48.0
2013-06-20,48.96
2013-06-21,47.5
2013-06-24,47.8
2013-06-25,47.2
2013-06-26,47.4
2013-06-27,47.5
2013-06-28,47.9
2013-07-01,47.51
2013-07-02,47.0
2013-07-03,46.8
2013-07-04,46.01
2013-07-05,45.55
2013-07-08,44.52
2013-07-09,44.8
2013-07-10,44.99
2013-07-11,45.02
2013-07-12,45.5
2013-07-15,45.5
2013-07-16,45.32
2013-07-17,45.45
2013-07-18,45.0
2013-07-19,45.0
2013-07-22,44.5
2013-07-23,43.6
2013-07-24,44.4
2013-07-25,43.65
2013-07-26,44.98
2013-07-29,42.8
2013-07-31,44.0
2013-08-01,43.6
2013-08-02,44.0
2013-08-05,44.2
2013-08-06,44.5
2013-08-07,44.5
2013-08-08,44.52
2013-08-12,43.8
2013-08-13,44.5
2013-08-15,45.0
2013-08-16,45.0
2013-08-19,44.0
2013-08-22,43.79
2013-08-23,42.8
2013-08-26,42.4
2013-08-27,42.0
2013-08-28,41.01
2013-08-29,41.5
2013-08-30,41.2
2013-09-02,41.5
2013-09-03,40.65
2013-09-04,40.65
2013-09-05,40.75
2013-09-06,41.5
2013-09-09,41.48
2013-09-10,41.48
2013-09-11,41.47
2013-09-12,40.97
2013-09-13,41.4
2013-09-16,41.39
2013-09-17,40.99
2013-09-18,40.0
2013-09-19,40.0
2013-09-20,40.5
2013-09-23,41.8
2013-09-24,42.63
2013-09-25,44.0
2013-09-26,46.64
2013-09-27,47.0
2013-09-30,47.0
2013-10-01,45.2
2013-10-02,44.7
2013-10-03,44.5
2013-10-04,45.5
2013-10-07,47.48
2013-10-08,51.7
2013-10-09,50.62
2013-10-10,49.98
2013-10-11,49.7
2013-10-14,50.0
2013-10-15,51.4
2013-10-21,51.0
2013-10-22,53.5
2013-10-23,54.07
2013-10-24,56.0
2013-10-25,56.0
2013-10-28,58.1
2013-10-29,58.3
2013-10-30,58.3
2013-10-31,58.8
2013-11-01,59.0
2013-11-04,59.0
2013-11-07,58.0
2013-11-08,56.6
2013-11-11,55.0
2013-11-12,53.71
2013-11-13,55.0
2013-11-14,55.1
2013-11-15,54.63
2013-11-19,54.62
2013-11-20,54.41
2013-11-21,54.21
2013-11-22,53.2
2013-11-25,56.39
2013-11-26,53.3
2013-11-27,55.83
2013-11-28,54.0
2013-11-29,54.11
2013-12-02,54.5
2013-12-03,57.7
2013-12-04,58.33
2013-12-05,59.0
2013-12-06,59.2
2013-12-09,58.0
2013-12-10,57.5
2013-12-11,56.71
2013-12-12,57.88
2013-12-13,58.02
2013-12-16,58.5
2013-12-17,58.8
2013-12-18,58.8
2013-12-19,59.2
2013-12-20,58.8
2013-12-23,58.5
2013-12-24,57.9
2013-12-25,57.8
2013-12-26,56.55
2013-12-27,57.79
2013-12-30,58.0
2013-12-31,55.9
2014-01-02,56.5
2014-01-03,56.5
2014-01-06,57.0
2014-01-07,58.3
2014-01-08,57.99
2014-01-09,57.9
2014-01-10,58.8
2014-01-13,57.52
2014-01-16,58.0
2014-01-17,58.0
2014-01-20,58.0
2014-01-21,58.0
2014-01-22,57.9
2014-01-23,57.85
2014-01-24,57.0
2014-01-27,58.0
2014-01-28,57.5
2014-01-29,57.0
2014-01-30,56.5
2014-01-31,57.0
2014-02-03,57.79
2014-02-04,57.5
2014-02-05,57.0
2014-02-06,56.5
2014-02-07,57.0
2014-02-10,57.5
2014-02-11,57.0
2014-02-12,57.39
2014-02-13,57.05
2014-02-14,56.92
2014-02-17,57.0
2014-02-18,57.0
2014-02-19,57.29
2014-02-20,57.18
2014-02-21,57.0
2014-02-24,56.9
2014-02-25,56.99
2014-02-26,57.0
2014-02-27,57.4
2014-02-28,59.0
2014-03-03,61.1
2014-03-04,61.1
2014-03-05,62.77
2014-03-06,63.3
2014-03-07,63.9
2014-03-10,64.0
2014-03-11,65.7
2014-03-12,66.0
2014-03-13,65.89
2014-03-14,66.0
2014-03-17,66.0
2014-03-18,65.51
2014-03-19,65.98
2014-03-20,65.63
2014-03-21,65.51
2014-03-24,65.61
2014-03-25,67.0
2014-03-26,67.0
2014-03-27,67.7
2014-03-28,66.0
2014-03-31,61.0
2014-04-01,63.0
2014-04-02,63.5
2014-04-03,64.8
2014-04-04,64.2
2014-04-07,63.0
2014-04-08,63.0
2014-04-09,63.0
2014-04-10,62.6
2014-04-11,62.89
2014-04-14,62.5
2014-04-15,61.05
2014-04-16,62.25
2014-04-17,61.5
2014-04-18,61.4
2014-04-21,60.99
2014-04-22,58.8
2014-04-23,58.41
2014-04-24,59.88
2014-04-25,58.5
2014-04-28,60.39
2014-04-29,60.0
2014-04-30,59.99
2014-05-02,60.0
2014-05-05,59.98
2014-05-06,59.97
2014-05-07,59.5
2014-05-08,59.1
2014-05-09,59.0
2014-05-12,59.95
2014-05-13,59.79
2014-05-14,59.3
2014-05-15,59.85
2014-05-16,60.3
2014-05-19,60.0
2014-05-20,59.99
2014-05-21,59.53
2014-05-22,59.69
2014-05-23,59.51
2014-05-26,59.7
2014-05-27,59.7
2014-05-28,59.97
2014-05-29,59.95
2014-05-30,59.95
2014-06-02,59.7
2014-06-03,59.2
2014-06-04,59.5
2014-06-05,59.2
2014-06-06,58.05
2014-06-09,58.05
2014-06-10,58.06
2014-06-11,58.85
2014-06-12,59.45
2014-06-13,59.4
2014-06-16,59.0
2014-06-17,57.4
2014-06-18,58.0
2014-06-19,57.5
2014-06-20,58.0
2014-06-23,58.0
2014-06-24,57.7
2014-06-25,56.5
2014-06-26,58.9
2014-06-27,57.7
2014-06-30,57.0
2014-07-01,57.6
2014-07-02,57.6
2014-07-03,56.8
2014-07-04,57.0
2014-07-07,58.3
2014-07-08,57.0
2014-07-09,56.65
2014-07-10,57.5
2014-07-11,57.9
2014-07-14,57.8
2014-07-15,57.8
2014-07-16,57.98
2014-07-17,57.4
2014-07-18,57.9
2014-07-21,57.94
2014-07-22,57.7
2014-07-23,57.7
2014-07-24,56.9
2014-07-25,56.6
2014-07-31,56.9
2014-08-01,57.0
2014-08-04,56.74
2014-08-05,56.0
2014-08-06,56.88
2014-08-07,56.8
2014-08-08,56.8
2014-08-11,56.0
2014-08-12,55.01
2014-08-13,54.0
2014-08-15,53.0
2014-08-18,52.99
2014-08-19,52.0
2014-08-22,51.97
2014-08-25,52.0
2014-08-26,52.0
2014-08-27,51.99
2014-08-28,51.97
2014-08-29,51.01
2014-09-01,52.25
2014-09-02,53.88
2014-09-03,53.66
2014-09-04,52.51
2014-09-05,53.0
2014-09-08,53.0
2014-09-09,53.4
2014-09-10,53.75
2014-09-11,54.15
2014-09-12,54.0
2014-09-15,53.9
2014-09-16,51.91
2014-09-17,52.9
2014-09-18,53.3
2014-09-19,53.8
2014-09-22,53.98
2014-09-23,53.21
2014-09-24,52.48
2014-09-25,51.98
2014-09-26,50.0
2014-09-29,51.0
2014-09-30,50.94
2014-10-01,50.06
2014-10-02,50.45
2014-10-03,50.45
2014-10-07,50.46
2014-10-08,50.4
2014-10-09,50.0
2014-10-10,49.95
2014-10-13,49.3
2014-10-14,49.3
2014-10-15,49.0
2014-10-16,47.01
2014-10-17,47.0
2014-10-20,46.7
2014-10-21,47.4
2014-10-22,48.8
2014-10-23,48.0
2014-10-24,47.65
2014-10-27,48.1
2014-10-28,48.0
2014-10-29,48.6
2014-10-30,49.65
2014-10-31,49.0
2014-11-03,48.8
2014-11-04,48.05
2014-11-05,47.0
2014-11-07,45.98
2014-11-10,46.0
2014-11-11,46.25
2014-11-12,46.12
2014-11-13,45.6
2014-11-14,46.4
2014-11-17,45.99
2014-11-19,45.0
2014-11-20,45.1
2014-11-21,45.0
2014-11-24,44.9
2014-11-25,44.1
2014-11-26,43.95
2014-11-27,43.7
2014-11-28,42.8
2014-12-01,42.2
2014-12-02,42.0
2014-12-03,42.0
2014-12-04,41.0
2014-12-05,40.5
2014-12-08,40.1
2014-12-09,41.1
2014-12-10,42.17
2014-12-11,40.6
2014-12-12,41.4
2014-12-15,42.0
2014-12-16,44.1
2014-12-17,42.5
2014-12-18,41.5
2014-12-19,40.03
2014-12-22,40.96
2014-12-23,39.9
2014-12-24,40.0
2014-12-25,39.5
2014-12-26,39.0
2014-12-29,38.85
2014-12-30,38.45
2014-12-31,37.6
2015-01-02,37.5
2015-01-06,38.0
2015-01-07,39.0
2015-01-08,40.0
2015-01-09,39.65
2015-01-12,39.05
2015-01-13,39.9
2015-01-14,35.91
2015-01-15,32.32
2015-01-16,31.3
2015-01-19,33.7
2015-01-20,33.4
2015-01-21,31.51
2015-01-22,30.26
2015-01-23,31.0
2015-01-26,31.75
2015-01-27,31.0
2015-01-28,31.4
2015-01-29,31.4
2015-01-30,31.4
2015-02-02,31.3
2015-02-03,31.3
2015-02-04,32.0
2015-02-05,32.32
2015-02-06,32.84
2015-02-09,32.5
2015-02-10,32.5
2015-02-11,30.9
2015-02-12,30.99
2015-02-13,30.99
2015-02-16,30.8
2015-02-17,30.4
2015-02-18,30.44
2015-02-19,30.89
2015-02-20,31.5
2015-02-23,31.7
2015-02-24,31.71
2015-02-25,32.05
2015-02-26,31.7
2015-02-27,31.56
2015-03-02,32.05
2015-03-03,32.05
2015-03-04,32.1
2015-03-05,32.25
2015-03-06,32.3
2015-03-09,33.03
2015-03-10,33.29
2015-03-11,34.0
2015-03-12,33.9
2015-03-13,34.0
2015-03-16,33.8
2015-03-17,33.78
2015-03-18,33.0
2015-03-19,32.8
2015-03-20,32.8
2015-03-23,32.74
2015-03-24,32.45
2015-03-25,31.98
2015-03-26,30.8
2015-03-27,31.5
2015-03-30,31.8
2015-03-31,31.8
2015-04-01,31.0
2015-04-02,30.21
2015-04-03,30.1
2015-04-06,30.3
2015-04-07,30.0
2015-04-08,30.0
2015-04-09,30.25
2015-04-10,30.0
2015-04-13,30.0
2015-04-14,29.99
2015-04-15,29.33
2015-04-16,29.51
2015-04-17,29.9
2015-04-20,30.1
2015-04-21,30.3
2015-04-22,30.2
2015-04-23,30.01
2015-04-24,30.3
2015-04-27,30.3
2015-04-28,30.3
2015-04-29,30.8
2015-04-30,31.0
2015-05-04,31.0
2015-05-05,31.39
2015-05-06,31.4
2015-05-07,31.3
2015-05-08,31.4
2015-05-11,31.5
2015-05-12,31.5
2015-05-13,31.39
2015-05-14,31.2
2015-05-15,31.3
2015-05-18,31.3
2015-05-19,31.1
2015-05-20,30.95
2015-05-21,29.92
2015-05-22,30.01
2015-05-25,30.48
2015-05-26,30.48
2015-05-27,30.4
2015-05-28,30.0
2015-05-29,30.0
2015-06-01,30.3
2015-06-02,30.2
2015-06-03,30.3
2015-06-04,30.3
2015-06-05,30.35
2015-06-08,30.15
2015-06-09,30.0
2015-06-10,30.0
2015-06-11,30.0
2015-06-12,29.8
2015-06-15,28.93
2015-06-16,28.97
2015-06-17,27.37
2015-06-18,28.0
2015-06-19,28.51
2015-06-22,28.95
2015-06-23,29.3
2015-06-24,29.5
2015-06-25,29.8
2015-06-26,29.7
2015-06-29,29.19
2015-06-30,28.45
2015-07-01,28.9
2015-07-02,29.1
2015-07-03,30.3
2015-07-06,30.0
2015-07-07,30.0
2015-07-08,29.75
2015-07-09,29.6
2015-07-10,29.0
2015-07-13,28.5
2015-07-14,28.11
2015-07-15,28.1
2015-07-16,28.9
2015-07-20,28.94
2015-07-21,29.0
2015-07-22,29.0
2015-07-23,29.0
2015-07-24,29.0
2015-07-27,28.71
2015-07-28,28.8
2015-07-29,29.0
2015-07-31,28.8
2015-08-03,29.0
2015-08-04,28.99
2015-08-05,29.0
2015-08-06,28.9
2015-08-07,28.9
2015-08-10,28.95
2015-08-11,28.8
2015-08-12,28.98
2015-08-13,29.0
2015-08-17,29.0
2015-08-18,28.66
2015-08-19,29.1
2015-08-24,28.1
2015-08-25,28.0
2015-08-26,28.0
2015-08-27,28.5
2015-08-28,28.0
2015-08-31,28.1
2015-09-01,27.32
2015-09-02,28.0
2015-09-03,28.0
2015-09-04,28.0
2015-09-07,28.0
2015-09-08,28.65
2015-09-09,29.0
2015-09-10,29.0
2015-09-11,29.25
2015-09-14,29.2
2015-09-15,29.0
2015-09-16,28.99
2015-09-17,26.5
2015-09-18,24.91
2015-09-21,25.2
2015-09-22,25.5
2015-09-23,26.15
2015-09-28,26.0
2015-09-29,25.1
2015-09-30,25.1
2015-10-01,25.29
2015-10-02,25.0
2015-10-05,24.7
2015-10-06,24.2
2015-10-07,23.5
2015-10-08,23.0
2015-10-09,24.0
2015-10-12,23.99
2015-10-13,24.6
2015-10-14,25.25
2015-10-16,25.03
2015-10-19,25.2
2015-10-20,25.65
2015-10-21,25.84
2015-10-22,25.83
2015-10-23,25.9
2015-10-26,26.5
2015-10-27,26.7
2015-10-28,26.9
2015-10-29,27.0
2015-10-30,27.0
2015-11-02,27.0
2015-11-03,27.0
2015-11-04,27.0
2015-11-05,28.01
2015-11-09,28.9
2015-11-10,29.16
2015-11-11,29.4
2015-11-12,28.65
2015-11-13,28.95
2015-11-16,28.75
2015-11-17,28.4
2015-11-19,28.49
2015-11-20,28.5
2015-11-23,28.5
2015-11-24,28.5
2015-11-25,28.5
2015-11-26,28.0
2015-11-27,28.0
2015-11-30,27.8
2015-12-01,27.5
2015-12-02,27.46
2015-12-03,27.67
2015-12-04,27.07
2015-12-07,26.9
2015-12-08,26.0
2015-12-09,25.03
2015-12-10,25.05
2015-12-11,25.5
2015-12-14,25.23
2015-12-15,25.25
2015-12-16,25.25
2015-12-17,25.0
2015-12-18,23.8
2015-12-21,24.0
2015-12-22,23.9
2015-12-23,23.84
2015-12-28,23.61
2015-12-29,24.0
2015-12-30,24.01
2015-12-31,23.72
2016-01-04,23.68
2016-01-05,23.5
2016-01-06,23.78
2016-01-07,23.7
2016-01-08,23.2
2016-01-12,23.27
2016-01-13,24.01
2016-01-14,25.15
2016-01-15,25.8
2016-01-18,28.0
2016-01-19,27.79
2016-01-20,27.45
2016-01-21,26.85
2016-01-22,26.95
2016-01-25,27.0
2016-01-26,26.1
2016-01-27,25.4
2016-01-28,26.0
2016-01-29,26.39
2016-02-01,25.95
2016-02-02,26.5
2016-02-03,27.5
2016-02-04,28.0
2016-02-05,29.0
2016-02-08,28.6
2016-02-09,29.0
2016-02-10,30.74
2016-02-11,32.1
2016-02-12,31.25
2016-02-15,31.31
2016-02-16,32.64
2016-02-17,32.64
2016-02-18,33.17
2016-02-19,33.25
2016-02-22,32.6
2016-02-23,32.3
2016-02-24,31.98
2016-02-25,31.45
2016-02-26,32.0
2016-02-29,30.8
2016-03-01,32.0
2016-03-02,33.0
2016-03-03,33.0
2016-03-04,32.94
2016-03-07,32.59
2016-03-08,32.49
2016-03-09,32.68
2016-03-10,34.3
2016-03-11,35.3
2016-03-14,35.98
2016-03-15,37.3
2016-03-16,37.8
2016-03-17,38.3
2016-03-18,40.0
2016-03-21,39.6
2016-03-22,39.52
2016-03-23,40.01
2016-03-24,39.5
2016-03-25,39.45
2016-03-28,38.5
2016-03-29,38.25
2016-03-30,36.87
2016-03-31,34.0
2016-04-01,34.48
2016-04-04,35.95
2016-04-05,36.9
2016-04-06,38.2
2016-04-07,37.5
2016-04-08,38.0
2016-04-11,37.95
2016-04-12,38.0
2016-04-13,37.9
2016-04-14,38.9
2016-04-15,38.5
2016-04-18,39.2
2016-04-19,39.2
2016-04-20,38.99
2016-04-21,37.81
2016-04-22,38.4
2016-04-25,38.0
2016-04-26,38.75
2016-04-27,38.75
2016-04-28,38.98
2016-04-29,39.0
2016-05-02,39.0
2016-05-03,38.95
2016-05-04,39.2
2016-05-05,39.98
2016-05-06,41.51
2016-05-09,42.5
2016-05-10,41.89
2016-05-11,41.25
2016-05-12,40.99
2016-05-13,40.9
2016-05-16,40.86
2016-05-17,39.1
2016-05-18,38.9
2016-05-19,40.0
2016-05-20,40.06
2016-05-23,40.06
2016-05-24,39.5
2016-05-25,39.15
2016-05-26,38.9
2016-05-27,39.2
2016-05-30,39.3
2016-05-31,38.6
2016-06-01,38.99
2016-06-02,39.1
2016-06-03,39.45
2016-06-06,39.0
2016-06-07,39.0
2016-06-08,38.5
2016-06-09,38.8
2016-06-10,38.6
2016-06-13,37.15
2016-06-14,37.5
2016-06-15,37.01
2016-06-16,37.02
2016-06-17,37.0
2016-06-20,37.0
2016-06-21,36.75
2016-06-22,37.01
2016-06-23,37.48
2016-06-24,37.5
2016-06-27,37.0
2016-06-28,37.69
2016-06-29,37.0
2016-06-30,36.35
2016-07-01,36.51
2016-07-04,37.5
2016-07-05,38.0
2016-07-11,37.0
2016-07-12,36.0
2016-07-13,37.89
2016-07-14,38.5
2016-07-15,38.18
2016-07-18,38.3
2016-07-19,38.0
2016-07-20,37.85
2016-07-21,37.49
2016-07-22,37.44
2016-07-25,37.6
2016-07-26,37.11
2016-07-27,37.0
2016-07-28,37.3
2016-07-29,36.8
2016-08-01,36.94
2016-08-02,36.5
2016-08-03,36.9
2016-08-04,36.65
2016-08-05,36.49
2016-08-08,36.4
2016-08-09,36.5
2016-08-10,36.45
2016-08-11,36.7
2016-08-12,37.0
2016-08-15,37.0
2016-08-16,37.5
2016-08-17,37.8
2016-08-18,37.5
2016-08-19,37.28
2016-08-22,36.2
2016-08-23,36.8
2016-08-24,36.8
2016-08-25,36.5
2016-08-26,36.8
2016-08-29,36.61
2016-08-30,36.5
2016-08-31,35.7
2016-09-01,36.0
2016-09-02,35.8
2016-09-05,35.9
2016-09-06,36.2
2016-09-07,36.0
2016-09-08,36.4
2016-09-09,36.4
2016-09-14,36.9
2016-09-15,36.98
2016-09-16,36.95
2016-09-19,35.35
2016-09-20,36.0
2016-09-21,35.96
2016-09-22,35.8
2016-09-23,35.9
2016-09-26,35.73
2016-09-27,35.2
2016-09-28,35.3
2016-09-29,35.0
2016-09-30,36.69
2016-10-04,36.9
2016-10-05,36.65
2016-10-06,37.1
2016-10-07,38.0
2016-10-10,38.95
2016-10-11,38.5
2016-10-12,38.4
2016-10-13,37.95
2016-10-14,37.8
2016-10-17,38.69
2016-10-18,38.8
2016-10-19,38.99
2016-10-20,38.68
2016-10-21,38.95
2016-10-24,38.69
2016-10-25,38.1
2016-10-26,38.0
2016-10-27,38.0
2016-10-28,37.98
2016-10-31,37.78
2016-11-01,37.3
2016-11-02,37.7
2016-11-03,37.6
2016-11-04,37.6
2016-11-07,37.5
2016-11-08,37.5
2016-11-09,37.32
2016-11-10,37.05
2016-11-11,36.0
2016-11-14,36.49
2016-11-15,36.78
2016-11-16,37.39
2016-11-17,37.34
2016-11-21,36.55
2016-11-22,36.3
2016-11-23,36.4
2016-11-24,36.3
2016-11-25,37.0
2016-11-28,36.89
2016-11-29,36.55
2016-11-30,36.0
2016-12-01,36.05
2016-12-02,36.0
2016-12-05,36.65
2016-12-06,36.83
2016-12-07,36.95
2016-12-08,36.95
2016-12-09,37.01
2016-12-14,38.35
2016-12-15,40.5
2016-12-16,42.0
2016-12-19,43.49
2016-12-20,42.5
2016-12-21,41.95
2016-12-22,43.2
2016-12-23,44.0
2016-12-26,43.9
2016-12-27,43.0
2016-12-28,42.89
2016-12-29,42.05
2016-12-30,42.98
2017-01-02,42.15
2017-01-03,43.05
2017-01-04,45.0
2017-01-05,49.49
2017-01-06,54.43
2017-01-09,53.38
2017-01-10,52.5
2017-01-12,55.0
2017-01-13,53.9
2017-01-16,54.87
2017-01-17,51.5
2017-01-18,52.0
2017-01-19,52.0
2017-01-20,53.0
2017-01-23,52.7
2017-01-24,51.1
2017-01-25,51.0
2017-01-26,50.5
2017-01-27,50.56
2017-01-30,49.0
2017-01-31,48.0
2017-02-01,46.06
2017-02-02,47.0
2017-02-03,48.0
2017-02-06,48.0
2017-02-07,49.0
2017-02-08,49.95
2017-02-09,49.7
2017-02-10,50.0
2017-02-13,51.65
2017-02-14,51.0
2017-02-15,51.15
2017-02-16,50.6
2017-02-17,50.0
2017-02-20,49.98
2017-02-21,49.95
2017-02-22,49.7
2017-02-23,47.89
2017-02-24,48.0
2017-02-27,48.5
2017-02-28,48.5
2017-03-01,48.5
2017-03-02,48.52
2017-03-03,49.0
2017-03-06,48.96
2017-03-07,49.5
2017-03-08,49.0
2017-03-09,49.0
2017-03-10,48.99
2017-03-13,48.98
2017-03-14,48.65
2017-03-15,48.5
2017-03-16,48.51
2017-03-17,48.8
2017-03-20,47.0
2017-03-21,47.99
2017-03-22,47.01
2017-03-23,45.0
2017-03-24,44.6
2017-03-27,44.7
2017-03-28,46.6
2017-03-29,46.0
2017-03-30,43.35
2017-03-31,43.0
2017-04-03,43.2
2017-04-04,43.01
2017-04-05,43.05
2017-04-06,43.35
2017-04-07,43.8
2017-04-10,44.51
2017-04-11,45.1
2017-04-12,45.5
2017-04-13,45.5
2017-04-14,45.49
2017-04-17,45.2
2017-04-18,44.1
2017-04-19,45.0
2017-04-20,44.5
2017-04-21,45.0
2017-04-24,45.0
2017-04-25,45.5
2017-04-26,46.0
2017-04-27,46.5
2017-04-28,47.3
2017-05-02,47.5
2017-05-03,48.4
2017-05-04,48.5
2017-05-05,48.7
2017-05-08,48.45
2017-05-09,48.05
2017-05-10,48.0
2017-05-11,48.0
2017-05-12,48.15
2017-05-15,47.9
2017-05-16,46.47
2017-05-17,46.47
2017-05-18,46.9
2017-05-19,46.85
2017-05-22,47.0
2017-05-23,47.0
2017-05-24,47.2
2017-05-25,47.3
2017-05-26,47.2
2017-05-29,47.1
2017-05-30,47.0
2017-05-31,47.2
2017-06-01,47.0
2017-06-02,47.4
2017-06-05,47.5
2017-06-06,47.5
2017-06-07,47.7
2017-06-08,47.5
2017-06-09,48.0
2017-06-12,47.57
2017-06-13,47.0
2017-06-14,47.8
2017-06-15,47.15
2017-06-16,47.5
2017-06-19,47.85
2017-06-20,47.71
2017-06-21,47.5
2017-06-22,47.8
2017-06-23,47.9
2017-06-28,48.0
2017-06-29,48.37
2017-06-30,48.7
2017-07-03,48.7
2017-07-04,48.5
2017-07-05,48.5
2017-07-06,48.51
2017-07-07,48.99
2017-07-10,48.5
2017-07-11,49.18
2017-07-12,49.0
2017-07-13,49.0
2017-07-14,48.55
2017-07-17,48.7
2017-07-18,48.79
2017-07-19,48.75
2017-07-20,48.5
2017-07-21,48.26
2017-07-24,48.88
2017-07-25,48.7
2017-07-26,48.36
2017-07-27,48.21
2017-07-28,48.2
2017-07-31,47.01
2017-08-01,47.45
2017-08-02,47.0
2017-08-03,47.04
2017-08-04,47.4
2017-08-07,47.4
2017-08-08,47.5
2017-08-09,47.88
2017-08-10,47.3
2017-08-11,47.06
2017-08-15,47.4
2017-08-16,47.11
2017-08-17,47.09
2017-08-18,47.22
2017-08-22,47.37
2017-08-23,47.5
2017-08-24,47.2
2017-08-25,48.0
2017-08-28,47.97
2017-08-29,47.71
2017-08-30,48.7
2017-08-31,49.15
2017-09-04,49.4
2017-09-05,49.54
2017-09-06,49.25
2017-09-07,49.35
2017-09-08,49.45
2017-09-11,49.5
2017-09-12,47.45
2017-09-13,48.0
2017-09-14,47.75
2017-09-15,47.8
2017-09-18,47.8
2017-09-19,47.0
2017-09-20,46.9
2017-09-21,46.9
2017-09-25,46.6
2017-09-26,46.0
2017-09-27,45.05
2017-09-28,44.5
2017-09-29,43.25
2017-10-02,44.4
2017-10-03,44.51
2017-10-04,45.6
2017-10-05,45.89
2017-10-06,45.55
2017-10-09,45.9
2017-10-10,45.85
2017-10-11,45.0
2017-10-12,45.0
2017-10-13,45.19
2017-10-16,44.26
2017-10-17,44.22
2017-10-18,43.05
2017-10-19,43.3
2017-10-20,42.9
2017-10-23,43.25
2017-10-24,43.48
2017-10-25,43.11
2017-10-26,43.01
2017-10-27,43.0
2017-10-30,43.5
2017-10-31,43.15
2017-11-01,43.15
2017-11-02,43.17
2017-11-03,43.11
2017-11-07,43.15
2017-11-08,43.09
2017-11-09,42.82
2017-11-10,42.95
2017-11-13,42.85
2017-11-14,42.0
2017-11-15,41.11
2017-11-16,39.5
2017-11-17,39.0
2017-11-20,39.11
2017-11-21,40.0
2017-11-22,39.3
2017-11-23,39.5
2017-11-24,39.5
2017-11-27,39.0
2017-11-28,39.0
2017-11-29,38.9
2017-11-30,37.72
2017-12-04,37.1
2017-12-05,36.6
2017-12-06,34.5
2017-12-07,35.3
2017-12-08,36.12
2017-12-11,36.0
2017-12-12,36.59
2017-12-13,36.21
2017-12-14,36.0
2017-12-15,35.92
2017-12-18,34.51
2017-12-19,34.4
2017-12-20,33.23
2017-12-21,31.69
2017-12-22,33.2
2017-12-25,34.5
2017-12-26,34.34
2017-12-27,33.7
2017-12-28,33.7
2017-12-29,33.0
2018-01-02,35.05
2018-01-03,37.05
2018-01-04,37.11
2018-01-05,36.5
2018-01-08,36.0
2018-01-09,35.61
2018-01-10,36.01
2018-01-12,35.61
2018-01-15,36.5
2018-01-16,36.8
2018-01-17,36.0
2018-01-18,36.0
2018-01-19,35.99
2018-01-22,35.95
2018-01-23,35.46
2018-01-24,34.9
2018-01-25,33.5
2018-01-26,32.9
2018-01-29,33.21
2018-01-30,33.0
2018-01-31,33.5
2018-02-01,34.31
2018-02-02,37.72
2018-02-05,36.5
2018-02-06,35.5
2018-02-07,35.8
2018-02-08,35.36
2018-02-09,35.99
2018-02-12,35.7
2018-02-13,35.0
2018-02-14,35.4
2018-02-15,35.4
2018-02-16,35.4
2018-02-19,35.6
2018-02-20,35.15
2018-02-21,35.2
2018-02-22,35.2
2018-02-23,34.25
2018-02-26,34.07
2018-02-27,33.0
2018-02-28,33.99
2018-03-01,34.5
2018-03-02,33.5
2018-03-05,33.94
2018-03-06,33.01
2018-03-07,33.15
2018-03-08,33.57
2018-03-09,34.0
2018-03-12,33.78
2018-03-13,33.6
2018-03-14,33.53
2018-03-15,33.88
2018-03-16,33.75
2018-03-19,33.5
2018-03-20,33.41
2018-03-21,33.1
2018-03-22,32.86
2018-03-23,32.9
2018-03-26,33.0
2018-03-27,32.95
2018-03-28,32.94
2018-03-29,34.15
2018-03-30,30.74
2018-04-02,27.67
2018-04-03,26.61
2018-04-04,26.6
2018-04-05,26.2
2018-04-06,25.98
2018-04-09,25.2
2018-04-10,25.14
2018-04-11,25.0
2018-04-12,23.7
2018-04-13,23.95
2018-04-16,23.75
2018-04-17,23.04
2018-04-18,24.0
2018-04-19,25.0
2018-04-20,25.29
2018-04-23,24.55
2018-04-24,24.56
2018-04-25,24.6
2018-04-26,24.64
2018-04-27,24.8
2018-04-30,24.85
2018-05-02,24.78
2018-05-03,24.0
2018-05-04,23.13
2018-05-07,23.6
2018-05-08,23.36
2018-05-09,23.56
2018-05-10,23.62
2018-05-11,23.78
2018-05-14,22.85
2018-05-15,22.41
2018-05-16,22.0
2018-05-17,22.4
2018-05-18,22.5
2018-05-21,22.1
2018-05-22,22.1
2018-05-23,22.0
2018-05-24,21.6
2018-05-25,21.0
2018-05-28,21.3
2018-05-29,21.26
2018-05-30,21.7
2018-05-31,21.5
2018-06-01,22.15
2018-06-04,21.5
2018-06-05,21.41
2018-06-06,21.3
2018-06-07,21.41
2018-06-08,21.7
2018-06-11,21.42
2018-06-12,21.4
2018-06-13,20.99
2018-06-14,20.11
2018-06-18,20.2
2018-06-19,20.01
2018-06-20,20.2
2018-06-21,20.6
2018-06-22,20.5
2018-06-25,20.3
2018-06-26,20.01
2018-06-27,19.01
2018-06-28,18.05
2018-06-29,17.71
2018-07-02,18.3
2018-07-03,17.89
2018-07-04,17.8
2018-07-05,18.5
2018-07-06,18.8
2018-07-09,18.12
2018-07-10,18.21
2018-07-11,17.8
2018-07-12,18.0
2018-07-13,17.85
2018-07-16,18.0
2018-07-17,17.98
2018-07-18,17.9
2018-07-19,17.88
2018-07-20,18.13
2018-07-23,18.29
2018-07-24,18.06
2018-07-25,18.29
2018-07-26,18.05
2018-07-27,18.02
2018-07-31,18.13
2018-08-01,18.46
2018-08-02,18.53
2018-08-03,18.25
2018-08-06,18.3
2018-08-07,18.16
2018-08-08,18.28
2018-08-09,18.25
2018-08-10,18.13
2018-08-13,18.04
2018-08-15,18.0
2018-08-16,17.7
2018-08-17,17.8
2018-08-24,17.8
2018-08-27,17.78
2018-08-28,17.76
2018-08-29,17.4
2018-08-30,17.0
2018-08-31,16.96
2018-09-03,16.1
2018-09-04,16.0
2018-09-05,15.79
2018-09-06,15.0
2018-09-07,14.01
2018-09-10,14.9
2018-09-12,15.32
2018-09-13,16.15
2018-09-14,16.35
2018-09-17,16.0
2018-09-18,16.18
2018-09-19,14.7
2018-09-20,14.6
2018-09-21,14.7
2018-09-24,14.85
2018-09-25,15.0
2018-09-26,15.0
2018-09-27,14.99
2018-09-28,14.75
2018-10-01,13.99
2018-10-02,14.63
2018-10-03,14.7
2018-10-04,14.7
2018-10-05,14.7
2018-10-08,14.3
2018-10-09,14.15
2018-10-10,14.26
2018-10-11,14.2
2018-10-12,14.0
2018-10-15,14.1
2018-10-16,14.26
2018-10-17,14.15
2018-10-18,13.96
2018-10-19,13.98
2018-10-22,13.7
2018-10-23,13.49
2018-10-24,13.5
2018-10-25,13.22
2018-10-26,13.2
2018-10-29,13.2
2018-10-30,13.07
2018-10-31,12.55
2018-11-01,12.53
2018-11-02,12.6
2018-11-05,13.0
2018-11-07,13.08
2018-11-08,13.28
2018-11-09,13.3
2018-11-12,13.62
2018-11-13,13.68
2018-11-14,13.7
2018-11-15,14.11
2018-11-16,14.86
2018-11-19,16.2
2018-11-22,14.59
2018-11-23,13.45
2018-11-26,14.02
2018-11-27,14.01
2018-11-28,14.8
2018-11-29,14.7
2018-11-30,15.14
2018-12-03,15.38
2018-12-04,15.22
2018-12-05,14.7
2018-12-06,14.64
2018-12-07,14.15
2018-12-10,14.29
2018-12-11,14.32
2018-12-12,14.5
2018-12-13,14.5
2018-12-14,14.24
2018-12-17,14.23
2018-12-18,14.51
2018-12-19,14.76
2018-12-20,14.55
2018-12-21,14.55
2018-12-24,14.8
2018-12-25,14.96
2018-12-26,14.9
2018-12-27,15.8
2018-12-28,16.2
2018-12-31,17.0
2019-01-02,16.7
2019-01-03,15.7
2019-01-04,14.14
2019-01-07,13.81
2019-01-08,14.34
2019-01-09,14.15
2019-01-10,14.0
2019-01-14,13.93
2019-01-15,13.8
2019-01-16,13.98
2019-01-17,14.0
2019-01-18,13.9
2019-01-21,14.0
2019-01-22,13.98
2019-01-23,13.85
2019-01-24,13.61
2019-01-25,13.6
2019-01-28,13.99
2019-01-29,14.1
2019-01-30,14.09
2019-01-31,14.0
2019-02-01,13.6
2019-02-04,13.65
2019-02-05,13.65
2019-02-06,13.65
2019-02-07,13.65
2019-02-08,13.66
2019-02-11,13.4
2019-02-12,13.48
2019-02-13,13.35
2019-02-14,13.0
2019-02-15,13.0
2019-02-18,13.25
2019-02-19,13.13
2019-02-20,13.19
2019-02-21,13.15
2019-02-22,13.1
2019-02-25,13.0
2019-02-26,12.8
2019-02-27,12.8
2019-02-28,12.8
2019-03-01,12.7
2019-03-04,12.91
2019-03-05,13.0
2019-03-06,12.8
2019-03-07,12.75
2019-03-08,12.7
2019-03-11,12.45
2019-03-12,12.5
2019-03-13,12.37
2019-03-14,12.28
2019-03-15,12.24
2019-03-18,12.12
2019-03-19,12.15
2019-03-20,12.18
2019-03-21,12.18
2019-03-22,12.2
2019-03-25,12.2
2019-03-26,12.3
2019-03-27,12.6
2019-03-28,12.9
2019-03-29,11.62
2019-04-01,10.76
2019-04-02,10.8
2019-04-03,10.59
2019-04-04,11.0
2019-04-05,11.12
2019-04-08,11.46
2019-04-09,11.7
2019-04-10,11.81
2019-04-11,12.39
2019-04-12,11.5
2019-04-15,11.8
2019-04-16,11.7
2019-04-17,11.7
2019-04-18,11.7
2019-04-19,11.7
2019-04-22,11.74
2019-04-23,11.79
2019-04-24,11.6
2019-04-25,11.35
2019-04-26,11.32
2019-04-29,11.54
2019-04-30,11.59
2019-05-02,11.65
2019-05-03,11.5
2019-05-06,11.55
2019-05-07,11.45
2019-05-08,11.5
2019-05-09,11.45
2019-05-10,11.38
2019-05-13,11.4
2019-05-14,11.29
2019-05-15,11.0
2019-05-16,10.9
2019-05-17,10.85
2019-05-20,10.85
2019-05-21,10.8
2019-05-22,10.65
2019-05-23,10.6
2019-05-24,10.49
2019-05-27,10.24
2019-05-28,10.4
2019-05-29,10.38
2019-05-30,10.39
2019-05-31,10.25
2019-06-03,10.29
2019-06-04,10.36
2019-06-10,10.45
2019-06-11,10.5
2019-06-12,10.55
2019-06-13,10.5
2019-06-14,10.4
2019-06-17,10.36
2019-06-18,10.1
2019-06-19,10.01
2019-06-20,10.15
2019-06-21,10.1
2019-06-24,10.0
2019-06-25,10.0
2019-06-26,9.9
2019-06-27,9.95
2019-06-28,9.85
2019-07-01,9.84
2019-07-02,9.21
2019-07-03,9.8
2019-07-04,10.2
2019-07-05,10.2
2019-07-08,10.2
2019-07-09,10.29
2019-07-10,10.4
2019-07-11,10.35
2019-07-12,10.1
2019-07-15,10.0
2019-07-16,10.0
2019-07-17,9.99
2019-07-18,10.0
2019-07-19,9.95
2019-07-22,9.94
2019-07-23,9.95
2019-07-24,9.95
2019-07-25,9.94
2019-07-26,9.93
2019-07-29,9.92
2019-07-31,9.5
2019-08-01,9.55
2019-08-02,9.7
2019-08-05,9.7
2019-08-06,9.7
2019-08-07,9.7
2019-08-08,9.7
2019-08-09,9.7
2019-08-15,9.9
2019-08-16,9.96
2019-08-19,10.08
2019-08-22,9.9
2019-08-23,9.95
2019-08-26,10.0
2019-08-27,10.0
2019-08-28,9.9
2019-08-29,10.0
2019-08-30,9.66
2019-09-02,9.67
2019-09-03,9.74
2019-09-04,9.7
2019-09-05,9.6
2019-09-06,9.4
2019-09-09,9.4
2019-09-10,9.56
2019-09-11,9.6
2019-09-12,9.6
2019-09-13,9.6
2019-09-16,9.43
2019-09-17,9.52
2019-09-18,9.48
2019-09-19,9.48
2019-09-20,9.48
2019-09-23,9.3
2019-09-24,9.15
2019-09-25,9.15
2019-09-26,9.1
2019-09-27,8.98
2019-09-30,9.5
2019-10-01,9.78
2019-10-02,9.49
2019-10-03,9.5
2019-10-04,9.5
2019-10-07,9.5
2019-10-08,9.5
2019-10-09,9.48
2019-10-10,9.45
2019-10-11,9.5
2019-10-14,9.29
2019-10-15,9.4
2019-10-16,9.27
2019-10-17,9.32
2019-10-18,9.0
2019-10-21,9.14
2019-10-22,9.15
2019-10-23,9.2
2019-10-24,9.1
2019-10-25,9.0
2019-10-28,9.0
2019-10-29,9.0
2019-10-30,8.98
2019-10-31,8.95
2019-11-01,9.0
2019-11-04,8.9
2019-11-05,8.76
2019-11-07,8.88
2019-11-08,8.8
2019-11-12,8.8
2019-11-13,8.8
2019-11-14,8.8
2019-11-15,8.82
2019-11-19,8.7
2019-11-20,8.45
2019-11-21,8.0
2019-11-22,8.1
2019-11-25,8.0
2019-11-26,7.5
2019-11-27,7.85
2019-11-28,8.0
2019-11-29,8.11
2019-12-02,8.05
2019-12-03,7.82
2019-12-04,7.85
2019-12-05,8.12
2019-12-06,8.92
2019-12-09,9.3
2019-12-10,9.55
2019-12-11,9.37
2019-12-12,9.3
2019-12-13,9.58
2019-12-16,10.53
2019-12-17,11.48
2019-12-18,10.7
2019-12-19,10.8
2019-12-20,11.5
2019-12-23,12.64
2019-12-24,13.9
2019-12-25,13.74
2019-12-26,12.37
2019-12-27,12.48
2019-12-30,12.59
2019-12-31,11.34
2020-01-02,10.38
2020-01-03,10.4
2020-01-06,10.5
2020-01-07,9.49
2020-01-08,9.24
2020-01-09,9.41
2020-01-10,9.23
2020-01-13,9.15
2020-01-14,9.18
2020-01-15,9.34
2020-01-16,9.55
2020-01-17,10.0
2020-01-20,10.18
2020-01-21,9.8
2020-01-22,9.8
2020-01-23,9.5
2020-01-24,9.08
2020-01-27,9.18
2020-01-28,9.15
2020-01-29,9.36
2020-01-30,9.27
2020-01-31,9.29
2020-02-03,9.31
2020-02-04,9.5
2020-02-05,9.5
2020-02-06,9.5
2020-02-07,9.5
2020-02-10,9.4
2020-02-11,9.3
2020-02-12,9.42
2020-02-13,9.4
2020-02-14,9.0
2020-02-17,8.99
2020-02-18,8.96
2020-02-19,9.0
2020-02-20,9.0
2020-02-21,9.02
2020-02-24,9.0
2020-02-25,8.99
2020-02-26,8.73
2020-02-27,8.77
2020-02-28,8.4
2020-03-02,8.5
2020-03-03,8.34
2020-03-04,8.24
2020-03-05,8.16
2020-03-06,8.1
2020-03-09,7.51
2020-03-10,8.26
2020-03-11,8.23
2020-03-12,7.7
2020-03-13,7.8
2020-03-16,7.03
2020-03-17,6.75
2020-03-18,6.49
2020-03-19,6.74
2020-03-20,7.0
2020-03-23,7.27
2020-03-24,7.3
2020-03-25,7.01
2020-03-26,6.77
2020-03-27,6.7
2020-03-30,6.76
2020-03-31,6.64
2020-04-01,6.45
2020-04-02,6.46
2020-04-03,6.55
2020-04-06,6.39
2020-04-07,6.44
2020-04-08,6.51
2020-04-09,6.62
2020-04-10,6.65
2020-04-13,6.7
2020-04-14,6.61
2020-04-15,6.51
2020-04-16,6.52
2020-04-17,6.64
2020-04-20,6.39
2020-04-21,6.14
2020-04-22,5.9
2020-04-23,5.67
2020-04-24,5.78
2020-04-27,5.7
2020-04-28,5.92
2020-04-29,5.93
2020-04-30,5.9
2020-05-04,5.9
2020-05-05,5.85
2020-05-06,6.08
2020-05-07,6.32
2020-05-08,6.57
2020-05-11,6.83
2020-05-12,6.7
2020-05-13,6.44
2020-05-14,6.34
2020-05-15,6.59
2020-05-18,6.85
2020-05-19,6.61
2020-05-20,6.7
2020-05-21,6.7
2020-05-22,6.68
2020-05-26,6.73
2020-05-27,6.89
2020-05-28,6.95
2020-05-29,7.22
2020-06-01,7.5
2020-06-02,7.79
2020-06-03,8.1
2020-06-04,7.78
2020-06-05,7.47
2020-06-08,7.6
2020-06-09,7.74
2020-06-10,7.8
2020-06-11,7.6
2020-06-12,7.6
2020-06-15,7.6
2020-06-16,7.73
2020-06-17,8.03
2020-06-18,7.93
2020-06-19,7.8
2020-06-22,7.8
2020-06-23,7.76
2020-06-24,7.5
2020-06-25,7.21
2020-06-26,7.2
2020-06-29,7.0
2020-06-30,7.0
2020-07-01,7.15
2020-07-02,7.16
2020-07-03,7.25
2020-07-06,7.22
2020-07-07,7.08
2020-07-08,7.0
2020-07-09,7.12
2020-07-10,7.16
2020-07-13,7.18
2020-07-14,7.1
2020-07-15,7.01
2020-07-16,6.9
2020-07-17,6.97
2020-07-20,7.11
2020-07-21,7.05
2020-07-22,7.06
2020-07-23,6.92
2020-07-24,6.74
2020-07-27,6.74
2020-07-28,6.8
2020-07-29,6.78
2020-08-03,6.87
2020-08-04,6.6
2020-08-05,6.66
2020-08-06,6.68
2020-08-07,6.68
2020-08-10,6.61
2020-08-11,6.68
2020-08-12,6.6
2020-08-13,6.62
2020-08-17,6.69
2020-08-18,6.86
2020-08-19,6.81
2020-08-24,6.6
2020-08-25,6.5
2020-08-26,6.5
2020-08-27,6.42
2020-08-28,6.43
2020-08-31,6.22
2020-09-01,6.4
2020-09-02,6.3
2020-09-03,6.3
2020-09-04,6.33
2020-09-07,6.26
2020-09-08,6.29
2020-09-09,6.16
2020-09-10,6.19
2020-09-11,6.2
2020-09-14,6.23
2020-09-15,6.25
2020-09-16,6.16
2020-09-17,6.13
2020-09-18,6.19
2020-09-21,6.11
2020-09-22,6.07
2020-09-23,5.94
2020-09-24,6.0
2020-09-25,5.98
2020-09-28,6.03
2020-09-29,5.95
2020-09-30,5.82
2020-10-01,5.8
2020-10-02,5.78
2020-10-05,5.8
2020-10-06,5.74
2020-10-07,5.74
2020-10-08,5.74
2020-10-09,5.75
2020-10-12,5.82
2020-10-13,6.0
2020-10-14,6.04
2020-10-15,6.1
2020-10-16,6.0
2020-10-19,5.86
2020-10-20,5.92
2020-10-21,5.78
2020-10-22,5.73
2020-10-23,5.79
2020-10-26,5.91
2020-10-27,5.88
2020-10-28,5.85
2020-11-02,5.73
2020-11-03,5.73
2020-11-04,5.67
2020-11-05,5.67
2020-11-09,5.89
2020-11-10,5.96
2020-11-11,5.95
2020-11-12,5.94
2020-11-13,5.89
2020-11-16,5.92
2020-11-17,6.15
2020-11-19,6.39
2020-11-20,6.64
2020-11-23,6.64
2020-11-24,6.63
2020-11-25,6.62
2020-11-26,6.5
2020-11-27,6.55
2020-11-30,6.3
2020-12-01,6.05
2020-12-02,6.15
2020-12-03,6.15
2020-12-04,6.01
2020-12-07,6.2
2020-12-08,6.3
2020-12-09,6.5
2020-12-10,6.68
2020-12-11,6.94
2020-12-14,6.88
2020-12-15,6.8
2020-12-16,6.8
2020-12-17,6.71
2020-12-18,6.7
2020-12-21,6.44
2020-12-22,6.69
2020-12-23,6.83
2020-12-24,6.85
2020-12-25,6.7
2020-12-28,6.68
2020-12-29,6.65
2020-12-30,6.48
2020-12-31,6.39
2021-01-04,6.45
2021-01-05,6.57
2021-01-06,6.72
2021-01-07,6.7
2021-01-08,6.65
2021-01-12,6.68
2021-01-13,6.6
2021-01-14,6.48
2021-01-15,6.69
2021-01-18,6.66
2021-01-19,6.62
2021-01-20,6.6
2021-01-21,6.62
2021-01-22,6.6
2021-01-25,6.86
2021-01-26,7.13
2021-01-27,7.41
2021-01-28,7.12
2021-01-29,7.08
2021-02-01,7.05
2021-02-02,6.9
2021-02-03,6.85
2021-02-04,6.88
2021-02-05,7.09
2021-02-08,7.05
2021-02-09,7.0
2021-02-10,6.84
2021-02-11,6.83
2021-02-12,6.85
2021-02-15,6.87
2021-02-16,6.88
2021-02-17,6.82
2021-02-18,6.79
2021-02-19,6.78
2021-02-22,6.74
2021-02-23,6.56
2021-02-24,6.56
2021-02-25,6.45
2021-02-26,6.4
2021-03-01,6.4
2021-03-02,6.4
2021-03-03,6.39
2021-03-04,6.37
2021-03-05,6.3
2021-03-08,6.3
2021-03-09,6.29
2021-03-10,6.17
2021-03-11,6.2
2021-03-12,6.28
2021-03-15,6.26
2021-03-16,6.24
2021-03-17,6.29
2021-03-18,6.22
2021-03-19,6.12
2021-03-22,6.08
2021-03-23,6.11
2021-03-24,6.12
2021-03-25,6.12
2021-03-26,6.15
2021-03-29,6.16
2021-03-30,6.13
2021-03-31,6.19
2021-04-01,6.43
2021-04-02,6.54
2021-04-05,6.46
2021-04-06,6.33
2021-04-07,6.34
2021-04-08,6.35
2021-04-09,6.45
2021-04-12,6.6
2021-04-13,6.58
2021-04-14,6.51
2021-04-15,6.57
2021-04-16,6.7
2021-04-19,6.67
2021-04-20,6.68
2021-04-21,6.66
2021-04-22,6.65
2021-04-23,6.57
2021-04-26,6.68
2021-04-27,6.76
2021-04-28,6.76
2021-04-29,6.74
2021-04-30,6.68
2021-05-03,6.71
2021-05-04,6.97
2021-05-05,6.85
2021-05-06,6.8
2021-05-07,6.86
2021-05-10,6.95
2021-05-11,6.88
2021-05-12,6.9
2021-05-17,6.9
2021-05-18,6.86
2021-05-19,6.71
2021-05-20,6.79
2021-05-21,7.06
2021-05-24,7.34
2021-05-25,7.63
2021-05-26,7.93
2021-05-27,8.04
2021-05-28,7.72
2021-05-31,8.02
2021-06-01,8.11
2021-06-02,8.43
2021-06-03,8.76
2021-06-04,8.95
2021-06-07,9.3
2021-06-08,9.67
2021-06-09,9.85
2021-06-10,9.82
2021-06-11,10.21
2021-06-14,10.61
2021-06-15,11.03
2021-06-16,10.59
2021-06-17,10.59
2021-06-18,11.01
2021-06-21,11.45
2021-06-22,11.29
2021-06-23,11.2
2021-06-24,11.15
2021-06-25,10.71
2021-06-28,10.29
2021-06-29,10.48
2021-06-30,10.48
2021-07-01,10.6
2021-07-02,10.18
2021-07-05,9.78
2021-07-06,9.39
2021-07-07,9.76
2021-07-08,10.15
2021-07-09,10.55
2021-07-12,10.37
2021-07-13,10.28
2021-07-14,10.17
2021-07-15,10.2
2021-07-16,10.2
2021-07-19,10.24
2021-07-20,10.3
2021-07-23,10.12
2021-07-26,9.99
2021-07-27,9.89
2021-07-28,9.72
2021-07-29,9.62
2021-08-02,9.57
2021-08-03,9.95
2021-08-04,10.34
2021-08-05,10.24
2021-08-06,10.1
2021-08-09,10.12
2021-08-11,10.03
2021-08-12,10.01
2021-08-13,10.41
2021-08-16,10.82
2021-08-17,10.9
2021-08-18,11.33
2021-08-19,11.6
2021-08-23,11.5
2021-08-24,11.45
2021-08-25,11.54
2021-08-26,11.55
2021-08-27,11.63
2021-08-30,12.09
2021-08-31,12.57
2021-09-01,12.07
2021-09-02,12.44
2021-09-03,12.5
2021-09-06,12.7
2021-09-07,13.0
2021-09-08,12.99
2021-09-09,13.5
2021-09-10,13.3
2021-09-13,12.77
2021-09-14,12.76
2021-09-15,12.7
2021-09-16,12.2
2021-09-17,12.2
2021-09-20,11.8
2021-09-21,11.98
2021-09-22,11.9
2021-09-23,11.97
2021-09-24,11.95
2021-09-27,11.6
2021-09-28,11.5
2021-09-29,11.95
2021-09-30,11.76
2021-10-01,11.29
2021-10-04,10.84
2021-10-05,10.6
2021-10-06,10.83
2021-10-07,11.26
2021-10-08,11.4
2021-10-11,11.31
2021-10-12,11.38
2021-10-13,11.15
2021-10-14,10.92
2021-10-15,11.24
2021-10-18,11.47
2021-10-21,11.4
2021-10-22,11.47
2021-10-25,11.4
2021-10-26,11.3
2021-10-27,11.34
2021-10-28,11.5
2021-10-29,11.21
2021-11-01,11.15
2021-11-02,11.19
2021-11-03,11.09
2021-11-04,10.53
2021-11-05,10.25
2021-11-08,10.27
2021-11-09,10.09
2021-11-10,10.0
2021-11-11,10.0
2021-11-12,10.35
2021-11-15,10.6
2021-11-16,10.5
2021-11-17,10.8
2021-11-19,10.98
2021-11-22,10.79
2021-11-23,10.7
2021-11-24,10.67
2021-11-25,10.68
2021-11-26,10.27
2021-11-29,10.0
2021-11-30,10.45
2021-12-01,10.7
2021-12-02,10.4
2021-12-03,10.36
2021-12-06,10.51
2021-12-07,10.8
2021-12-08,10.92
2021-12-09,11.2
2021-12-10,11.22
2021-12-13,11.2
2021-12-14,10.99
2021-12-15,10.73
2021-12-16,10.69
2021-12-17,10.7
2021-12-20,10.7
2021-12-21,10.55
2021-12-22,10.7
2021-12-23,10.72
2021-12-24,10.9
2021-12-27,11.0
2021-12-28,10.9
2021-12-29,10.85
2021-12-30,10.76
2021-12-31,10.61
2022-01-03,10.63
2022-01-04,10.75
2022-01-05,10.7
2022-01-06,10.96
2022-01-07,11.06
2022-01-10,11.01
2022-01-12,11.4
2022-01-13,11.58
2022-01-14,11.52
2022-01-17,11.51
2022-01-18,11.84
2022-01-19,11.87
2022-01-20,11.9
2022-01-21,11.75
2022-01-24,11.56
2022-01-25,11.49
2022-01-26,11.5
2022-01-27,11.62
2022-01-28,11.64
2022-01-31,11.65
2022-02-01,11.62
2022-02-02,11.6
2022-02-03,11.51
2022-02-04,11.5
2022-02-07,11.66
2022-02-08,11.6
2022-02-09,11.89
2022-02-10,12.0
2022-02-11,11.79
2022-02-14,11.5
2022-02-15,11.45
2022-02-16,11.44
2022-02-17,11.55
2022-02-18,11.9
2022-02-21,11.93
2022-02-22,11.31
2022-02-23,11.6
2022-02-24,10.91
2022-02-25,10.95
2022-02-28,11.4
2022-03-01,10.72
2022-03-02,10.08
2022-03-03,9.48
2022-03-04,8.92
2022-03-07,8.39
2022-03-08,8.4
2022-03-09,8.4
2022-03-10,8.4
2022-03-11,7.97
2022-03-14,7.97
2022-03-15,8.15
2022-03-16,8.45
2022-03-17,8.51
2022-03-18,8.0
2022-03-21,8.11
2022-03-22,7.77
2022-03-23,7.4
2022-03-24,7.14
2022-03-25,7.14
2022-03-28,7.3
2022-03-29,7.4
2022-03-30,7.51
2022-03-31,7.25
2022-04-01,7.68
2022-04-04,8.14
2022-04-05,8.62
2022-04-06,8.72
2022-04-07,8.7
2022-04-08,8.65
2022-04-11,8.92
2022-04-12,8.79
2022-04-13,8.85
2022-04-14,8.84
2022-04-15,8.87
2022-04-18,8.79
2022-04-19,8.78
2022-04-20,8.69
2022-04-21,8.63
2022-04-22,8.77
2022-04-25,8.65
2022-04-26,8.41
2022-04-27,8.41
2022-04-28,8.3
2022-04-29,8.1
2022-05-04,8.09
2022-05-05,8.23
2022-05-06,8.14
2022-05-09,8.05
2022-05-10,7.9
2022-05-11,7.96
2022-05-12,7.78
2022-05-13,7.75
2022-05-16,7.87
2022-05-17,7.84
2022-05-18,7.8
2022-05-19,7.8
2022-05-20,7.73
2022-05-23,7.51
2022-05-24,7.48
2022-05-25,7.4
2022-05-26,7.8
2022-05-27,7.95
2022-05-30,7.95
2022-05-31,7.8
2022-06-01,8.26
2022-06-02,8.25
2022-06-03,8.5
2022-06-06,8.85
2022-06-07,8.8
2022-06-08,8.65
2022-06-09,8.6
2022-06-10,8.49
2022-06-13,8.15
2022-06-14,7.67
2022-06-15,7.55
2022-06-16,7.6
2022-06-17,7.7
2022-06-20,8.0
2022-06-21,8.1
2022-06-22,7.7
2022-06-23,7.73
2022-06-24,7.65
2022-06-27,7.61
2022-06-28,7.79
2022-06-29,7.7
2022-06-30,7.7
2022-07-01,7.47
2022-07-04,7.46
2022-07-05,7.38
2022-07-06,7.45
2022-07-07,7.37
2022-07-08,7.3
2022-07-12,7.3
2022-07-13,7.4
2022-07-14,7.49
2022-07-15,7.45
2022-07-18,7.6
2022-07-19,7.6
2022-07-20,7.6
2022-07-21,7.35
2022-07-22,7.42
2022-07-25,7.52
2022-07-26,7.42
2022-07-27,7.45
2022-07-28,7.59
2022-07-29,7.6
2022-08-01,7.69
2022-08-02,7.63
2022-08-03,7.58
2022-08-04,7.6
2022-08-05,7.56
2022-08-08,7.63
2022-08-09,7.68
2022-08-10,7.74
2022-08-11,8.0
2022-08-12,8.2
2022-08-15,8.3
2022-08-16,8.15
2022-08-17,8.17
2022-08-18,8.2
2022-08-19,8.21
2022-08-22,8.16
2022-08-23,8.1
2022-08-24,8.12
2022-08-25,8.06
2022-08-26,8.17
2022-08-29,8.14
2022-08-30,8.07
2022-08-31,8.1
2022-09-01,8.29
2022-09-02,8.4
2022-09-05,8.5
2022-09-06,8.4
2022-09-07,8.32
2022-09-08,8.51
2022-09-09,8.55
2022-09-12,8.4
2022-09-13,8.36
2022-09-14,8.24
2022-09-15,8.25
2022-09-16,8.22
2022-09-19,8.25
2022-09-20,8.2
2022-09-21,8.15
2022-09-22,8.05
2022-09-23,8.01
2022-09-26,8.0
2022-09-27,7.86
2022-09-28,7.86
2022-09-29,7.75
2022-09-30,7.45
2022-10-03,7.69
2022-10-04,7.75
2022-10-05,7.8
2022-10-06,7.8
2022-10-07,7.61
2022-10-11,7.61
2022-10-12,7.67
2022-10-13,7.62
2022-10-14,7.48
2022-10-17,7.41
2022-10-18,7.36
2022-10-19,7.29
2022-10-20,6.86
2022-10-21,7.03
2022-10-24,6.92
2022-10-25,7.0
2022-10-26,6.98
2022-10-27,6.94
2022-10-28,7.0
2022-10-31,6.86
2022-11-01,6.88
2022-11-02,6.9
2022-11-03,6.88
2022-11-04,6.85
2022-11-07,6.75
2022-11-08,6.65
2022-11-09,6.49
2022-11-10,6.2
2022-11-11,6.5
2022-11-14,6.51
2022-11-15,6.55
2022-11-16,6.5
2022-11-17,6.49
2022-11-21,6.51
2022-11-22,6.59
2022-11-23,6.63
2022-11-24,6.67
2022-11-25,6.6
2022-11-28,6.79
2022-11-29,6.7
2022-11-30,6.61
2022-12-01,6.5
2022-12-02,6.46
2022-12-05,6.4
2022-12-06,6.4
2022-12-07,6.45
2022-12-08,6.41
2022-12-09,6.4
2022-12-12,6.41
2022-12-13,6.5
2022-12-14,6.46
2022-12-15,6.51
2022-12-16,6.5
2022-12-19,6.45
2022-12-20,6.5
2022-12-21,6.4
2022-12-22,6.27
2022-12-23,6.3
2022-12-26,6.32
2022-12-27,6.3
2022-12-28,6.3
2022-12-29,6.3
2022-12-30,6.28
2023-01-02,6.27
2023-01-03,6.08
2023-01-04,6.12
2023-01-05,5.76
2023-01-06,5.8
2023-01-09,5.75
2023-01-10,5.75
2023-01-12,5.83
2023-01-13,5.95
2023-01-16,6.02
2023-01-17,5.99
2023-01-18,5.99
2023-01-19,5.86
2023-01-20,5.9
2023-01-23,5.83
2023-01-24,5.79
2023-01-25,5.82
2023-01-26,6.0
2023-01-27,5.98
2023-01-30,6.09
2023-01-31,6.09
2023-02-01,6.05
2023-02-02,6.1
2023-02-03,6.02
2023-02-06,6.04
2023-02-07,6.08
2023-02-08,6.12
2023-02-09,6.27
2023-02-10,6.41
2023-02-13,6.6
2023-02-14,6.52
2023-02-15,6.4
2023-02-16,6.57
2023-02-17,6.49
2023-02-20,6.5
2023-02-21,6.35
2023-02-22,6.3
2023-02-23,6.33
2023-02-24,6.18
2023-02-27,6.1
2023-02-28,6.46
2023-03-01,6.52
2023-03-02,6.37
2023-03-03,6.35
2023-03-06,6.22
2023-03-07,6.02
2023-03-08,6.01
2023-03-09,6.01
2023-03-10,6.05
2023-03-13,5.99
2023-03-14,5.89
2023-03-15,5.98
2023-03-16,5.91
2023-03-17,5.7
2023-03-20,5.7
2023-03-21,5.6
2023-03-22,5.66
2023-03-23,5.67
2023-03-24,5.6
2023-03-27,5.5
2023-03-28,5.63
2023-03-29,5.66
2023-03-30,5.88
2023-03-31,5.8
2023-04-03,5.79
2023-04-04,5.83
2023-04-05,5.8
2023-04-06,5.75
2023-04-07,5.8
2023-04-10,5.85
2023-04-11,5.81
2023-04-12,5.76
2023-04-13,5.73
2023-04-14,5.7
2023-04-17,5.67
2023-04-18,5.75
2023-04-19,5.65
2023-04-20,5.75
2023-04-21,5.75
2023-04-25,5.82
2023-04-26,6.16
2023-04-27,6.52
2023-04-28,6.45
2023-05-02,6.55
2023-05-03,6.6
2023-05-04,6.99
2023-05-05,7.17
2023-05-08,7.29
2023-05-09,7.45
2023-05-10,7.58
2023-05-11,7.8
2023-05-12,7.79
2023-05-15,7.9
2023-05-16,7.95
2023-05-17,7.56
2023-05-18,7.5
2023-05-19,7.56
2023-05-22,7.29
2023-05-23,7.2
2023-05-24,7.2
2023-05-25,7.02
2023-05-26,7.32
2023-05-29,7.35
2023-05-30,7.28
2023-05-31,7.71
2023-06-01,8.17
2023-06-02,8.3
2023-06-05,8.7
2023-06-06,8.95
2023-06-07,8.74
2023-06-08,8.22
2023-06-09,8.71
2023-06-12,9.23
2023-06-13,9.78
2023-06-14,10.36
2023-06-15,10.98
2023-06-16,10.33
2023-06-19,9.72
2023-06-20,10.3
2023-06-21,10.3
2023-06-22,10.1
2023-06-23,9.99
2023-06-26,9.85
2023-06-27,9.9
2023-06-28,9.8
2023-07-03,9.86
2023-07-04,10.45
2023-07-05,10.86
2023-07-06,10.78
2023-07-07,10.61
2023-07-10,10.21
2023-07-11,10.1
2023-07-12,10.05
2023-07-13,10.07
2023-07-14,10.0
2023-07-17,10.06
2023-07-18,10.34
2023-07-20,10.29
2023-07-21,10.21
2023-07-24,10.1
2023-07-25,9.89
2023-07-26,9.95
2023-07-27,10.0
2023-07-28,10.0
2023-07-31,10.1
2023-08-01,10.25
2023-08-02,10.3
2023-08-03,10.22
2023-08-04,10.23
2023-08-07,10.22
2023-08-08,10.15
2023-08-09,10.06
2023-08-10,10.09
2023-08-11,10.45
2023-08-15,10.2
2023-08-16,10.4
2023-08-17,10.3
2023-08-18,10.13
2023-08-22,10.19
2023-08-23,10.21
2023-08-24,10.13
2023-08-25,10.13
2023-08-28,10.35
2023-08-29,10.21
2023-08-30,10.82
2023-08-31,11.46
2023-09-01,12.14
2023-09-04,12.86
2023-09-05,13.13
2023-09-06,12.95
2023-09-07,12.7
2023-09-08,12.7
2023-09-11,12.35
2023-09-12,12.71
2023-09-13,13.17
2023-09-14,13.96
2023-09-15,14.15
2023-09-18,14.99
2023-09-19,15.88
2023-09-20,16.83
2023-09-21,15.9
2023-09-22,16.3
2023-09-25,17.27
2023-09-26,16.65
2023-09-27,16.33
2023-10-02,15.36
2023-10-03,14.7
2023-10-04,14.05
2023-10-05,14.89
2023-10-06,14.5
2023-10-09,14.1
2023-10-10,14.6
2023-10-11,15.0
2023-10-12,14.72
2023-10-13,14.5
2023-10-16,14.3
2023-10-17,13.79
2023-10-18,15.16
2023-10-19,16.4
2023-10-20,15.98
2023-10-23,15.45
2023-10-24,15.45
2023-10-25,15.4
2023-10-26,14.85
2023-10-27,14.8
2023-10-30,15.24
2023-10-31,15.42
2023-11-01,15.2
2023-11-02,14.96
2023-11-03,15.0
2023-11-07,14.95
2023-11-08,15.18
2023-11-09,15.3
2023-11-10,15.39
2023-11-13,15.86
2023-11-14,16.15
2023-11-15,16.0
2023-11-16,16.21
2023-11-17,16.21
2023-11-20,16.4
2023-11-21,16.5
2023-11-22,16.23
2023-11-23,16.1
2023-11-24,16.01
2023-11-27,16.1
2023-11-28,16.1
2023-11-29,16.01
2023-11-30,16.5
2023-12-01,14.86
2023-12-04,14.78
2023-12-05,14.9
2023-12-06,15.0
2023-12-07,14.88
2023-12-08,14.87
2023-12-11,14.84
2023-12-12,14.78
2023-12-13,14.9
2023-12-14,15.1
2023-12-15,14.95
2023-12-18,14.9
2023-12-19,15.03
2023-12-20,14.93
2023-12-21,14.7
2023-12-22,14.6
2023-12-25,14.4
2023-12-26,14.3
2023-12-27,14.34
2023-12-28,14.3
2023-12-29,14.33
2024-01-02,14.83
2024-01-03,15.15
2024-01-04,15.1
2024-01-05,15.75
2024-01-08,16.49
2024-01-09,16.41
2024-01-10,16.2
2024-01-12,16.0
2024-01-15,15.75
2024-01-16,15.72
2024-01-17,16.3
2024-01-18,16.8
2024-01-19,16.89
2024-01-22,16.81
2024-01-23,16.61
2024-01-24,16.64
2024-01-25,16.4
2024-01-26,16.3
2024-01-29,16.01
2024-01-30,16.0
2024-01-31,16.08
2024-02-01,15.97
2024-02-02,15.94
2024-02-05,15.94
2024-02-06,16.0
2024-02-07,16.3
2024-02-08,16.45
2024-02-09,16.3
2024-02-12,16.13
2024-02-13,16.0
2024-02-14,15.92
2024-02-15,15.95
2024-02-16,16.75
2024-02-19,16.65
2024-02-20,16.28
2024-02-21,16.47
2024-02-22,16.5
2024-02-23,17.15
2024-02-26,17.6
2024-02-27,17.53
2024-02-28,17.2
2024-02-29,18.0
2024-03-01,18.4
2024-03-04,18.8
2024-03-05,19.5
2024-03-06,19.2
2024-03-07,18.81
2024-03-08,18.89
2024-03-11,18.9
2024-03-12,18.92
2024-03-13,19.0
2024-03-14,19.28
2024-03-15,20.0
2024-03-18,20.8
2024-03-19,21.8
2024-03-20,21.0
2024-03-21,21.23
2024-03-22,21.5
2024-03-25,22.25
2024-03-26,21.4
2024-03-27,21.15
2024-03-28,21.5
2024-03-29,20.6
2024-04-01,22.65
2024-04-02,23.78
2024-04-03,24.5
2024-04-04,24.0
2024-04-05,25.68
2024-04-08,28.24
2024-04-09,31.06
2024-04-15,34.16
2024-04-16,37.5
2024-04-17,35.15
2024-04-18,36.2
2024-04-19,35.5
2024-04-22,31.96
2024-04-23,32.48
2024-04-24,32.05
2024-04-25,33.0
2024-04-26,33.0
2024-04-29,33.49
2024-04-30,32.4
2024-05-02,32.3
2024-05-03,30.5
2024-05-06,30.0
2024-05-07,30.0
2024-05-08,29.73
2024-05-09,30.6
2024-05-10,31.1
2024-05-13,31.95
2024-05-14,32.61
2024-05-15,32.3
2024-05-16,31.15
2024-05-17,31.5
2024-05-20,31.75
2024-05-21,30.78
2024-05-22,29.8
2024-05-23,29.31
2024-05-24,29.49
2024-05-27,29.24
2024-05-28,30.1
2024-05-29,29.5
2024-05-30,29.92
2024-05-31,30.0
2024-06-03,31.5
2024-06-04,31.3
2024-06-05,29.0
2024-06-06,30.15
2024-06-07,29.7
2024-06-10,29.7
2024-06-11,29.9
2024-06-12,29.4
2024-06-13,29.7
2024-06-14,29.74
2024-06-19,29.75
2024-06-20,29.75
2024-06-21,29.61
2024-06-24,29.36
2024-06-25,30.0
2024-06-26,29.55
2024-06-27,30.01
2024-06-28,30.28
2024-07-01,29.21
2024-07-02,28.8
2024-07-03,28.69
2024-07-04,29.0
2024-07-05,29.7
2024-07-08,29.21
2024-07-09,29.25
2024-07-10,29.0
2024-07-11,28.67
2024-07-12,28.73
2024-07-15,28.73
2024-07-16,29.16
2024-07-17,29.32
2024-07-18,29.28
2024-07-19,28.99
2024-07-22,29.5
2024-07-23,30.15
2024-07-24,29.96
2024-07-25,29.59
2024-07-26,30.46
2024-07-29,31.59
2024-07-31,32.0
2024-08-01,31.31
2024-08-02,31.2
2024-08-05,28.52
2024-08-06,29.53
2024-08-07,30.05
2024-08-08,29.42
2024-08-09,29.9
2024-08-12,30.15
2024-08-13,30.16
2024-08-15,30.6
2024-08-16,30.29
2024-08-19,30.69
2024-08-22,30.72
2024-08-23,30.45
2024-08-26,30.38
2024-08-27,30.0
2024-08-28,30.01
2024-08-29,30.81
2024-08-30,31.0
2024-09-02,34.09
2024-09-03,34.22
2024-09-04,34.3
2024-09-05,35.2
2024-09-06,35.1
2024-09-09,37.5
2024-09-10,36.51
2024-09-11,36.0
2024-09-12,36.5
2024-09-13,36.5
2024-09-18,37.53
2024-09-19,37.99
2024-09-20,37.7
2024-09-23,37.6
2024-09-24,36.87
2024-09-25,37.85
2024-09-26,38.4
2024-09-27,39.3
2024-09-30,39.25
2024-10-01,37.8
2024-10-02,36.49
2024-10-03,36.12
2024-10-04,36.3
2024-10-07,36.0
2024-10-08,34.51
2024-10-09,35.48
2024-10-10,34.8
2024-10-11,33.3
2024-10-14,32.1
2024-10-15,32.5
2024-10-16,31.7
2024-10-17,34.86
2024-10-18,33.5
2024-10-21,33.49
2024-10-22,33.42
2024-10-23,34.5
2024-10-24,34.89
2024-10-25,35.0
2024-10-28,35.0
2024-10-29,34.5
2024-10-30,33.9
2024-10-31,34.0
2024-11-01,34.5
2024-11-04,34.5
2024-11-05,34.21
2024-11-07,34.85
2024-11-08,37.0
2024-11-11,36.75
2024-11-12,36.0
2024-11-13,35.35
2024-11-14,35.49
2024-11-15,36.2
2024-11-19,37.0
2024-11-20,38.0
2024-11-21,37.98
2024-11-22,37.6
2024-11-25,37.35
2024-11-26,38.4
2024-11-27,39.28
2024-11-28,40.21
2024-11-29,40.61
2024-12-02,38.0
2024-12-03,37.2
2024-12-04,37.8
2024-12-05,38.66
2024-12-06,39.0
2024-12-09,38.8
2024-12-10,38.5
2024-12-11,37.99
2024-12-12,38.05
2024-12-13,37.9
2024-12-16,37.86
2024-12-17,38.0
2024-12-18,37.58
2024-12-19,36.9
2024-12-20,36.7
2024-12-23,36.7
2024-12-24,36.0
2024-12-25,36.0
2024-12-26,38.0
2024-12-27,38.5
2024-12-30,38.95
2024-12-31,39.3
2025-01-02,42.5
2025-01-03,44.31
2025-01-06,43.9
2025-01-07,45.33
2025-01-08,46.25
2025-01-09,46.3
2025-01-10,45.51
2025-01-13,45.0
2025-01-15,45.99
2025-01-16,46.5
2025-01-17,46.56
2025-01-20,46.22
2025-01-21,45.0
2025-01-22,44.2
2025-01-23,45.9
2025-01-24,46.1
2025-01-27,45.0
2025-01-28,44.9
2025-01-29,45.98
2025-01-30,45.95
2025-01-31,44.8
2025-02-03,44.8
2025-02-04,45.0
2025-02-05,44.8
2025-02-06,44.5
2025-02-07,44.45
2025-02-10,44.6
2025-02-11,44.0
2025-02-12,44.0
2025-02-13,43.0
2025-02-14,44.0
2025-02-17,45.35
2025-02-18,44.99
2025-02-19,44.9
2025-02-20,44.99
2025-02-21,44.0
2025-02-24,43.47
2025-02-25,44.0
2025-02-26,44.3
2025-02-27,43.5
2025-02-28,41.77
2025-03-03,42.5
2025-03-04,41.8
2025-03-05,40.86
2025-03-06,41.0
2025-03-07,41.0
2025-03-10,41.0
2025-03-11,41.57
2025-03-12,40.0
2025-03-13,41.0
2025-03-14,41.0
2025-03-17,41.0
2025-03-18,40.9
2025-03-19,41.16
2025-03-20,45.27
2025-03-21,45.95
2025-03-24,46.51
2025-03-25,46.0
2025-03-26,46.56
2025-03-27,46.45
2025-03-28,45.58
2025-04-02,44.15
2025-04-03,42.9
2025-04-04,43.0
2025-04-07,39.3
2025-04-08,39.9
2025-04-09,37.71
2025-04-10,38.75
2025-04-11,37.81
2025-04-14,39.25
2025-04-15,41.84
2025-04-16,41.6
2025-04-17,41.21
2025-04-18,40.02
2025-04-21,40.0
2025-04-22,38.05
2025-04-23,38.95
2025-04-24,38.05
2025-04-25,38.1
2025-04-28,38.1
2025-04-29,38.1
2025-04-30,38.1
2025-05-02,38.48
2025-05-05,38.56
2025-05-06,40.15
2025-05-07,39.5
2025-05-08,39.02
2025-05-09,39.48
