date,ADI
2008-07-16,685.0
2008-07-17,753.0
2008-07-18,828.0
2008-07-21,910.0
2008-07-22,1001.0
2008-07-23,1101.0
2008-07-24,1167.0
2008-07-25,1237.0
2008-07-28,1242.0
2008-07-29,1168.0
2008-07-31,1112.0
2008-08-01,1178.0
2008-08-04,1248.0
2008-08-05,1235.0
2008-08-06,1200.0
2008-08-07,1190.0
2008-08-08,1175.0
2008-08-11,1160.0
2008-08-12,1160.0
2008-08-13,1152.0
2008-08-15,1152.0
2008-08-18,1151.0
2008-08-19,1151.0
2008-08-22,1189.0
2008-08-25,1200.0
2008-08-26,1201.0
2008-08-27,1205.0
2008-08-28,1205.0
2008-08-29,1205.0
2008-09-02,1220.0
2008-09-03,1187.0
2008-09-04,1160.0
2008-09-05,1136.0
2008-09-08,1080.0
2008-09-09,1065.0
2008-09-10,1025.0
2008-09-11,990.0
2008-09-12,960.0
2008-09-15,903.0
2008-09-16,849.0
2008-09-17,799.0
2008-09-18,800.0
2008-09-19,848.0
2008-09-22,898.0
2008-09-23,929.0
2008-09-24,905.0
2008-09-25,890.0
2008-09-26,898.0
2008-09-29,875.0
2008-09-30,823.0
2008-10-03,855.0
2008-10-06,825.0
2008-10-07,837.0
2008-10-08,811.0
2008-10-09,780.0
2008-10-10,780.0
2008-10-13,826.0
2008-10-14,835.0
2008-10-15,819.0
2008-10-16,800.0
2008-10-17,814.0
2008-10-20,800.0
2008-10-21,800.0
2008-10-22,760.0
2008-10-23,745.0
2008-10-24,718.0
2008-10-27,675.0
2008-10-28,710.0
2008-10-29,718.0
2008-10-30,718.0
2008-10-31,717.0
2008-11-03,725.0
2008-11-04,735.0
2008-11-05,712.0
2008-11-07,719.0
2008-11-10,714.0
2008-11-11,709.0
2008-11-12,709.0
2008-11-13,699.0
2008-11-14,694.0
2008-11-17,690.0
2008-11-19,670.0
2008-11-20,665.0
2008-11-21,645.0
2008-11-24,639.0
2008-11-25,635.0
2008-11-26,635.0
2008-11-27,635.0
2008-11-28,621.0
2008-12-01,618.0
2008-12-02,610.0
2008-12-03,595.0
2008-12-04,560.0
2008-12-05,559.0
2008-12-08,571.0
2008-12-11,605.0
2008-12-12,582.0
2008-12-15,598.0
2008-12-16,619.0
2008-12-17,616.0
2008-12-18,639.0
2008-12-19,650.0
2008-12-22,689.0
2008-12-23,697.0
2008-12-24,656.0
2008-12-25,695.0
2008-12-26,700.0
2008-12-30,695.0
2008-12-31,689.0
2009-01-02,648.0
2009-01-05,610.0
2009-01-06,574.0
2009-01-07,560.0
2009-01-08,589.0
2009-01-09,605.0
2009-01-12,600.0
2009-01-13,605.0
2009-01-14,590.0
2009-01-15,592.0
2009-01-16,595.0
2009-01-19,595.0
2009-01-20,609.0
2009-01-21,609.0
2009-01-22,595.0
2009-01-23,615.0
2009-01-26,608.0
2009-01-27,609.0
2009-01-28,601.0
2009-01-29,601.0
2009-01-30,610.0
2009-02-02,600.0
2009-02-03,617.0
2009-02-04,604.0
2009-02-05,590.0
2009-02-06,600.0
2009-02-09,600.0
2009-02-10,596.0
2009-02-11,604.0
2009-02-12,610.0
2009-02-13,604.0
2009-02-16,620.0
2009-02-17,639.0
2009-02-18,621.0
2009-02-19,632.0
2009-02-20,650.0
2009-02-23,689.0
2009-02-24,692.0
2009-02-25,690.0
2009-02-26,665.0
2009-02-27,665.0
2009-03-02,665.0
2009-03-03,666.0
2009-03-04,658.0
2009-03-05,632.0
2009-03-06,639.0
2009-03-09,643.0
2009-03-12,631.0
2009-03-13,630.0
2009-03-16,625.0
2009-03-17,625.0
2009-03-18,620.0
2009-03-19,592.0
2009-03-20,612.0
2009-03-23,591.0
2009-03-24,565.0
2009-03-25,590.0
2009-03-26,586.0
2009-03-27,561.0
2009-03-30,575.0
2009-03-31,595.0
2009-04-01,594.0
2009-04-02,591.0
2009-04-03,593.0
2009-04-06,587.0
2009-04-07,579.0
2009-04-08,585.0
2009-04-09,573.0
2009-04-10,560.0
2009-04-13,556.0
2009-04-14,575.0
2009-04-15,553.0
2009-04-16,559.0
2009-04-17,545.0
2009-04-20,550.0
2009-04-21,542.0
2009-04-22,540.0
2009-04-23,540.0
2009-04-24,540.0
2009-04-27,525.0
2009-04-28,530.0
2009-04-29,520.0
2009-04-30,525.0
2009-05-04,527.0
2009-05-05,525.0
2009-05-06,519.0
2009-05-07,519.0
2009-05-08,510.0
2009-05-11,540.0
2009-05-12,572.0
2009-05-13,606.0
2009-05-14,608.0
2009-05-15,599.0
2009-05-18,600.0
2009-05-19,600.0
2009-05-20,609.0
2009-05-21,638.0
2009-05-22,640.0
2009-05-25,640.0
2009-05-26,640.0
2009-05-27,640.0
2009-05-28,678.0
2009-05-29,651.0
2009-06-01,675.0
2009-06-02,703.0
2009-06-03,717.0
2009-06-04,708.0
2009-06-05,705.0
2009-06-08,717.0
2009-06-09,706.0
2009-06-10,700.0
2009-06-11,692.0
2009-06-12,709.0
2009-06-15,711.0
2009-06-16,711.0
2009-06-17,730.0
2009-06-18,733.0
2009-06-19,729.0
2009-06-22,719.0
2009-06-23,724.0
2009-06-24,727.0
2009-06-25,726.0
2009-06-26,718.0
2009-06-29,720.0
2009-06-30,721.0
2009-07-01,715.0
2009-07-02,696.0
2009-07-03,694.0
2009-07-06,694.0
2009-07-07,700.0
2009-07-08,693.0
2009-07-09,695.0
2009-07-10,690.0
2009-07-13,687.0
2009-07-14,687.0
2009-07-15,672.0
2009-07-16,690.0
2009-07-17,695.0
2009-07-20,694.0
2009-07-21,680.0
2009-07-22,690.0
2009-07-23,689.0
2009-07-24,690.0
2009-07-27,690.0
2009-07-28,690.0
2009-07-29,689.0
2009-07-31,688.0
2009-08-03,686.0
2009-08-04,688.0
2009-08-05,690.0
2009-08-06,695.0
2009-08-07,695.0
2009-08-10,687.0
2009-08-11,681.0
2009-08-12,692.0
2009-08-13,680.0
2009-08-17,690.0
2009-08-18,692.0
2009-08-19,695.0
2009-08-24,696.0
2009-08-25,698.0
2009-08-26,696.0
2009-08-27,695.0
2009-08-28,693.0
2009-08-31,693.0
2009-09-01,690.0
2009-09-02,689.0
2009-09-03,680.0
2009-09-04,685.0
2009-09-07,688.0
2009-09-08,684.0
2009-09-09,684.0
2009-09-10,689.0
2009-09-11,686.0
2009-09-14,688.0
2009-09-15,680.0
2009-09-16,679.0
2009-09-17,679.0
2009-09-18,686.0
2009-09-23,699.0
2009-09-24,707.0
2009-09-25,702.0
2009-09-28,698.0
2009-09-29,697.0
2009-09-30,690.0
2009-10-01,690.0
2009-10-02,690.0
2009-10-05,690.0
2009-10-06,694.0
2009-10-07,683.0
2009-10-08,691.0
2009-10-09,691.0
2009-10-12,690.0
2009-10-13,698.0
2009-10-14,693.0
2009-10-15,696.0
2009-10-16,700.0
2009-10-19,705.0
2009-10-20,715.0
2009-10-21,696.0
2009-10-22,700.0
2009-10-23,703.0
2009-10-26,700.0
2009-10-27,700.0
2009-10-28,699.0
2009-10-29,695.0
2009-10-30,698.0
2009-11-02,698.0
2009-11-03,695.0
2009-11-04,698.0
2009-11-05,695.0
2009-11-09,693.0
2009-11-10,699.0
2009-11-11,695.0
2009-11-12,697.0
2009-11-13,694.0
2009-11-16,692.0
2009-11-17,695.0
2009-11-19,697.0
2009-11-20,696.0
2009-11-23,694.0
2009-11-24,695.0
2009-11-25,695.0
2009-11-26,694.0
2009-11-27,695.0
2009-11-30,693.0
2009-12-01,693.0
2009-12-02,692.0
2009-12-03,683.0
2009-12-04,680.0
2009-12-07,676.0
2009-12-08,680.0
2009-12-09,690.0
2009-12-10,695.0
2009-12-11,700.0
2009-12-14,700.0
2009-12-15,699.0
2009-12-16,699.0
2009-12-17,682.0
2009-12-21,690.0
2009-12-22,675.0
2009-12-23,680.0
2009-12-24,680.0
2009-12-25,670.0
2009-12-28,660.0
2009-12-29,687.0
2009-12-30,689.0
2009-12-31,680.0
2010-01-04,683.0
2010-01-05,682.0
2010-01-06,690.0
2010-01-07,697.0
2010-01-08,690.0
2010-01-12,690.0
2010-01-13,694.0
2010-01-14,693.0
2010-01-15,694.0
2010-01-18,694.0
2010-01-19,690.0
2010-01-20,693.0
2010-01-21,693.0
2010-01-22,688.0
2010-01-25,687.0
2010-01-26,685.0
2010-01-27,685.0
2010-01-28,678.0
2010-01-29,685.0
2010-02-01,671.0
2010-02-02,680.0
2010-02-03,680.0
2010-02-04,680.0
2010-02-05,680.0
2010-02-08,678.0
2010-02-09,677.0
2010-02-10,678.0
2010-02-11,678.0
2010-02-12,677.0
2010-02-15,675.0
2010-02-16,675.0
2010-02-17,672.0
2010-02-18,673.0
2010-02-19,670.0
2010-02-22,670.0
2010-02-23,670.0
2010-02-24,669.0
2010-02-25,669.0
2010-02-26,670.0
2010-03-01,670.0
2010-03-02,670.0
2010-03-03,677.0
2010-03-04,675.0
2010-03-05,675.0
2010-03-08,670.0
2010-03-09,670.0
2010-03-10,669.0
2010-03-11,665.0
2010-03-12,665.0
2010-03-15,661.0
2010-03-16,645.0
2010-03-17,650.0
2010-03-18,653.0
2010-03-19,653.0
2010-03-22,653.0
2010-03-23,650.0
2010-03-24,663.0
2010-03-25,651.0
2010-03-26,670.0
2010-03-29,697.0
2010-03-30,695.0
2010-03-31,680.0
2010-04-01,685.0
2010-04-02,689.0
2010-04-05,699.0
2010-04-06,700.0
2010-04-07,698.0
2010-04-08,698.0
2010-04-09,699.0
2010-04-12,695.0
2010-04-13,706.0
2010-04-14,715.0
2010-04-15,754.0
2010-04-16,760.0
2010-04-19,756.0
2010-04-20,787.0
2010-04-21,785.0
2010-04-22,779.0
2010-04-23,780.0
2010-04-26,779.0
2010-04-27,766.0
2010-04-28,780.0
2010-04-29,769.0
2010-04-30,770.0
2010-05-03,770.0
2010-05-04,770.0
2010-05-05,760.0
2010-05-06,760.0
2010-05-07,758.0
2010-05-10,761.0
2010-05-11,759.0
2010-05-12,760.0
2010-05-13,763.0
2010-05-14,780.0
2010-05-17,790.0
2010-05-18,790.0
2010-05-19,780.0
2010-05-20,779.0
2010-05-21,769.0
2010-05-24,760.0
2010-05-25,759.0
2010-05-26,759.0
2010-05-27,763.0
2010-05-28,755.0
2010-05-31,759.0
2010-06-01,756.0
2010-06-02,759.0
2010-06-03,767.0
2010-06-04,770.0
2010-06-07,770.0
2010-06-08,770.0
2010-06-09,775.0
2010-06-10,779.0
2010-06-11,775.0
2010-06-14,767.0
2010-06-15,773.0
2010-06-16,762.0
2010-06-17,770.0
2010-06-18,760.0
2010-06-21,760.0
2010-06-22,769.0
2010-06-23,765.0
2010-06-24,768.0
2010-06-25,768.0
2010-06-28,760.0
2010-06-29,752.0
2010-06-30,752.0
2010-07-01,743.0
2010-07-02,755.0
2010-07-05,750.0
2010-07-06,745.0
2010-07-07,757.0
2010-07-08,760.0
2010-07-09,750.0
2010-07-12,758.0
2010-07-13,750.0
2010-07-14,747.0
2010-07-15,757.0
2010-07-16,744.0
2010-07-19,741.0
2010-07-20,755.0
2010-07-21,754.0
2010-07-22,750.0
2010-07-23,755.0
2010-07-26,755.0
2010-07-27,755.0
2010-07-28,755.0
2010-07-29,752.0
2010-08-02,758.0
2010-08-03,757.0
2010-08-04,749.0
2010-08-05,754.0
2010-08-06,749.0
2010-08-09,757.0
2010-08-10,751.0
2010-08-11,757.0
2010-08-12,751.0
2010-08-13,750.0
2010-08-16,750.0
2010-08-17,746.0
2010-08-18,746.0
2010-08-19,745.0
2010-08-23,744.0
2010-08-24,736.0
2010-08-25,738.0
2010-08-26,738.0
2010-08-27,743.0
2010-08-30,736.0
2010-08-31,740.0
2010-09-01,728.0
2010-09-02,738.0
2010-09-03,742.0
2010-09-06,740.0
2010-09-07,740.0
2010-09-08,739.0
2010-09-09,739.0
2010-09-13,739.0
2010-09-14,730.0
2010-09-15,730.0
2010-09-16,727.0
2010-09-17,739.0
2010-09-20,727.0
2010-09-21,736.0
2010-09-22,733.0
2010-09-23,732.0
2010-09-24,730.0
2010-09-27,727.0
2010-09-28,734.0
2010-09-29,728.0
2010-09-30,723.0
2010-10-01,730.0
2010-10-04,728.0
2010-10-05,713.0
2010-10-06,725.0
2010-10-07,744.0
2010-10-08,742.0
2010-10-11,745.0
2010-10-12,740.0
2010-10-13,748.0
2010-10-14,770.0
2010-10-15,771.0
2010-10-18,769.0
2010-10-19,771.0
2010-10-20,772.0
2010-10-21,785.0
2010-10-22,774.0
2010-10-25,778.0
2010-10-26,780.0
2010-10-27,779.0
2010-10-28,776.0
2010-10-29,778.0
2010-11-01,767.0
2010-11-02,772.0
2010-11-03,763.0
2010-11-04,764.0
2010-11-05,779.0
2010-11-08,775.0
2010-11-09,770.0
2010-11-10,768.0
2010-11-11,769.0
2010-11-12,770.0
2010-11-15,769.0
2010-11-16,768.0
2010-11-19,766.0
2010-11-22,757.0
2010-11-23,765.0
2010-11-24,768.0
2010-11-25,767.0
2010-11-26,755.0
2010-11-29,759.0
2010-11-30,760.0
2010-12-01,765.0
2010-12-02,760.0
2010-12-03,770.0
2010-12-06,770.0
2010-12-08,770.0
2010-12-09,767.0
2010-12-10,762.0
2010-12-13,761.0
2010-12-14,758.0
2010-12-15,758.0
2010-12-16,754.0
2010-12-17,752.0
2010-12-20,765.0
2010-12-21,763.0
2010-12-22,754.0
2010-12-23,754.0
2010-12-24,746.0
2010-12-27,740.0
2010-12-28,745.0
2010-12-29,750.0
2010-12-30,750.0
2010-12-31,757.0
2011-01-03,758.0
2011-01-04,749.0
2011-01-05,750.0
2011-01-06,751.0
2011-01-07,753.0
2011-01-10,755.0
2011-01-12,760.0
2011-01-13,756.0
2011-01-14,755.0
2011-01-17,751.0
2011-01-18,753.0
2011-01-19,743.0
2011-01-20,745.0
2011-01-21,754.0
2011-01-24,750.0
2011-01-25,746.0
2011-01-26,753.0
2011-01-27,747.0
2011-01-28,749.0
2011-01-31,730.0
2011-02-01,730.0
2011-02-02,738.0
2011-02-03,728.0
2011-02-04,730.0
2011-02-07,738.0
2011-02-08,747.0
2011-02-09,749.0
2011-02-10,746.0
2011-02-11,740.0
2011-02-14,740.0
2011-02-15,738.0
2011-02-18,730.0
2011-02-21,728.0
2011-02-22,700.0
2011-02-23,730.0
2011-02-24,728.0
2011-02-25,725.0
2011-02-28,729.0
2011-03-01,728.0
2011-03-02,721.0
2011-03-03,720.0
2011-03-04,715.0
2011-03-07,704.0
2011-03-08,719.0
2011-03-09,719.0
2011-03-10,719.0
2011-03-11,718.0
2011-03-14,717.0
2011-03-15,717.0
2011-03-16,715.0
2011-03-17,706.0
2011-03-18,715.0
2011-03-21,711.0
2011-03-22,710.0
2011-03-23,702.0
2011-03-24,720.0
2011-03-25,715.0
2011-03-28,710.0
2011-03-29,700.0
2011-03-30,691.0
2011-03-31,690.0
2011-04-01,680.0
2011-04-04,683.0
2011-04-05,677.0
2011-04-06,677.0
2011-04-07,677.0
2011-04-08,673.0
2011-04-11,670.0
2011-04-12,670.0
2011-04-13,666.0
2011-04-14,651.0
2011-04-15,675.0
2011-04-18,690.0
2011-04-19,688.0
2011-04-20,690.0
2011-04-21,687.0
2011-04-22,687.0
2011-04-25,700.0
2011-04-26,706.0
2011-04-27,707.0
2011-04-28,670.0
2011-04-29,686.0
2011-05-02,686.0
2011-05-03,688.0
2011-05-04,688.0
2011-05-05,686.0
2011-05-06,690.0
2011-05-09,682.0
2011-05-10,690.0
2011-05-11,689.0
2011-05-12,690.0
2011-05-13,692.0
2011-05-16,692.0
2011-05-17,697.0
2011-05-18,695.0
2011-05-19,695.0
2011-05-20,695.0
2011-05-23,697.0
2011-05-24,695.0
2011-05-25,695.0
2011-05-26,700.0
2011-05-27,698.0
2011-05-30,700.0
2011-05-31,699.0
2011-06-01,700.0
2011-06-02,698.0
2011-06-03,690.0
2011-06-06,690.0
2011-06-07,700.0
2011-06-08,699.0
2011-06-09,697.0
2011-06-10,686.0
2011-06-13,698.0
2011-06-14,686.0
2011-06-15,684.0
2011-06-16,670.0
2011-06-17,666.0
2011-06-20,685.0
2011-06-21,686.0
2011-06-22,682.0
2011-06-23,670.0
2011-06-24,675.0
2011-06-27,663.0
2011-06-28,686.0
2011-06-29,688.0
2011-06-30,666.0
2011-07-01,675.0
2011-07-04,700.0
2011-07-05,690.0
2011-07-06,696.0
2011-07-07,685.0
2011-07-08,689.0
2011-07-11,688.0
2011-07-12,688.0
2011-07-13,688.0
2011-07-14,688.0
2011-07-15,687.0
2011-07-18,685.0
2011-07-19,682.0
2011-07-20,680.0
2011-07-21,680.0
2011-07-22,675.0
2011-07-25,678.0
2011-07-26,677.0
2011-07-27,675.0
2011-07-28,673.0
2011-07-29,668.0
2011-08-01,665.0
2011-08-02,669.0
2011-08-03,667.0
2011-08-04,660.0
2011-08-05,670.0
2011-08-08,670.0
2011-08-09,658.0
2011-08-10,647.0
2011-08-11,656.0
2011-08-12,659.0
2011-08-15,668.0
2011-08-16,651.0
2011-08-17,652.0
2011-08-18,660.0
2011-08-19,659.0
2011-08-22,663.0
2011-08-23,659.0
2011-08-24,660.0
2011-08-25,660.0
2011-08-26,650.0
2011-08-29,660.0
2011-08-30,679.0
2011-09-02,686.0
2011-09-05,685.0
2011-09-06,685.0
2011-09-07,675.0
2011-09-08,679.0
2011-09-09,674.0
2011-09-12,675.0
2011-09-13,675.0
2011-09-14,675.0
2011-09-15,675.0
2011-09-16,675.0
2011-09-19,672.0
2011-09-20,672.0
2011-09-21,669.0
2011-09-22,660.0
2011-09-23,669.0
2011-09-26,665.0
2011-09-27,666.0
2011-09-28,659.0
2011-09-29,655.0
2011-09-30,669.0
2011-10-03,669.0
2011-10-04,651.0
2011-10-05,657.0
2011-10-06,658.0
2011-10-07,640.0
2011-10-10,647.0
2011-10-11,658.0
2011-10-12,668.0
2011-10-13,667.0
2011-10-14,667.0
2011-10-17,670.0
2011-10-18,675.0
2011-10-19,675.0
2011-10-20,670.0
2011-10-21,679.0
2011-10-24,675.0
2011-10-25,675.0
2011-10-26,678.0
2011-10-27,675.0
2011-10-28,675.0
2011-10-31,673.0
2011-11-01,673.0
2011-11-02,670.0
2011-11-03,665.0
2011-11-04,668.0
2011-11-09,670.0
2011-11-10,670.0
2011-11-11,670.0
2011-11-14,670.0
2011-11-15,670.0
2011-11-16,667.0
2011-11-17,669.0
2011-11-21,659.0
2011-11-22,658.0
2011-11-23,664.0
2011-11-24,660.0
2011-11-25,630.0
2011-11-28,645.0
2011-11-29,640.0
2011-11-30,640.0
2011-12-01,630.0
2011-12-02,625.0
2011-12-05,630.0
2011-12-06,638.0
2011-12-07,650.0
2011-12-08,654.0
2011-12-09,615.0
2011-12-12,641.0
2011-12-13,649.0
2011-12-14,649.0
2011-12-15,650.0
2011-12-16,649.0
2011-12-19,650.0
2011-12-20,660.0
2011-12-21,670.0
2011-12-22,674.0
2011-12-23,672.0
2011-12-26,670.0
2011-12-27,679.0
2011-12-28,679.0
2011-12-29,680.0
2011-12-30,680.0
2012-01-02,680.0
2012-01-03,680.0
2012-01-04,680.0
2012-01-05,679.0
2012-01-06,679.0
2012-01-09,680.0
2012-01-10,679.0
2012-01-12,680.0
2012-01-13,687.0
2012-01-16,688.0
2012-01-17,680.0
2012-01-18,690.0
2012-01-19,693.0
2012-01-20,697.0
2012-01-23,700.0
2012-01-24,705.0
2012-01-25,707.0
2012-01-26,707.0
2012-01-27,727.0
2012-01-30,726.0
2012-01-31,712.0
2012-02-01,720.0
2012-02-02,730.0
2012-02-03,733.0
2012-02-07,735.0
2012-02-08,736.0
2012-02-09,730.0
2012-02-10,729.0
2012-02-13,733.0
2012-02-14,730.0
2012-02-15,730.0
2012-02-16,730.0
2012-02-17,725.0
2012-02-20,723.0
2012-02-21,720.0
2012-02-22,725.0
2012-02-23,725.0
2012-02-24,725.0
2012-02-27,725.0
2012-02-28,725.0
2012-02-29,725.0
2012-03-01,724.0
2012-03-02,725.0
2012-03-05,725.0
2012-03-06,725.0
2012-03-07,730.0
2012-03-08,730.0
2012-03-09,725.0
2012-03-12,724.0
2012-03-13,723.0
2012-03-14,723.0
2012-03-15,723.0
2012-03-16,719.0
2012-03-19,720.0
2012-03-20,715.0
2012-03-21,715.0
2012-03-22,715.0
2012-03-23,713.0
2012-03-26,713.0
2012-03-27,715.0
2012-03-28,715.0
2012-03-29,700.0
2012-03-30,710.0
2012-04-02,719.0
2012-04-03,710.0
2012-04-04,709.0
2012-04-05,710.0
2012-04-06,707.0
2012-04-09,713.0
2012-04-10,718.0
2012-04-11,718.0
2012-04-12,715.0
2012-04-13,715.0
2012-04-16,720.0
2012-04-17,720.0
2012-04-18,724.0
2012-04-19,724.0
2012-04-20,724.0
2012-04-23,720.0
2012-04-24,715.0
2012-04-25,719.0
2012-04-26,714.0
2012-04-27,710.0
2012-04-30,717.0
2012-05-02,716.0
2012-05-03,715.0
2012-05-04,717.0
2012-05-07,716.0
2012-05-08,719.0
2012-05-09,716.0
2012-05-10,716.0
2012-05-11,715.0
2012-05-14,714.0
2012-05-15,714.0
2012-05-16,709.0
2012-05-17,699.0
2012-05-18,690.0
2012-05-21,688.0
2012-05-22,687.0
2012-05-23,687.0
2012-05-24,701.0
2012-05-25,704.0
2012-05-28,704.0
2012-05-29,700.0
2012-05-30,708.0
2012-05-31,709.0
2012-06-01,710.0
2012-06-04,709.0
2012-06-05,708.0
2012-06-06,705.0
2012-06-07,709.0
2012-06-08,708.0
2012-06-11,706.0
2012-06-12,705.0
2012-06-13,708.0
2012-06-14,709.0
2012-06-15,710.0
2012-06-18,712.0
2012-06-19,713.0
2012-06-20,714.0
2012-06-21,712.0
2012-06-22,710.0
2012-06-25,715.0
2012-06-26,719.0
2012-06-27,715.0
2012-06-28,715.0
2012-06-29,710.0
2012-07-02,714.0
2012-07-03,714.0
2012-07-04,712.0
2012-07-05,714.0
2012-07-06,714.0
2012-07-09,714.0
2012-07-10,714.0
2012-07-11,714.0
2012-07-12,712.0
2012-07-13,691.0
2012-07-16,708.0
2012-07-17,709.0
2012-07-18,713.0
2012-07-19,714.0
2012-07-20,714.0
2012-07-23,714.0
2012-07-24,712.0
2012-07-25,711.0
2012-07-26,711.0
2012-07-27,708.0
2012-07-31,707.0
2012-08-01,700.0
2012-08-02,705.0
2012-08-03,705.0
2012-08-06,705.0
2012-08-07,695.0
2012-08-08,696.0
2012-08-09,705.0
2012-08-10,705.0
2012-08-13,705.0
2012-08-15,700.0
2012-08-16,700.0
2012-08-17,702.0
2012-08-22,699.0
2012-08-23,686.0
2012-08-24,695.0
2012-08-27,686.0
2012-08-28,686.0
2012-08-29,690.0
2012-08-30,689.0
2012-08-31,689.0
2012-09-03,689.0
2012-09-04,686.0
2012-09-05,688.0
2012-09-06,678.0
2012-09-07,677.0
2012-09-10,677.0
2012-09-11,675.0
2012-09-12,675.0
2012-09-13,672.0
2012-09-14,675.0
2012-09-17,677.0
2012-09-18,677.0
2012-09-19,679.0
2012-09-20,667.0
2012-09-21,635.0
2012-09-24,620.0
2012-09-25,590.0
2012-09-26,625.0
2012-09-27,655.0
2012-09-28,630.0
2012-10-01,635.0
2012-10-02,635.0
2012-10-03,634.0
2012-10-04,630.0
2012-10-05,625.0
2012-10-08,620.0
2012-10-09,606.0
2012-10-10,600.0
2012-10-11,591.0
2012-10-12,585.0
2012-10-15,575.0
2012-10-16,575.0
2012-10-17,555.0
2012-10-18,560.0
2012-10-19,565.0
2012-10-22,565.0
2012-10-23,571.0
2012-10-24,572.0
2012-10-25,580.0
2012-10-29,578.0
2012-10-30,577.0
2012-10-31,577.0
2012-11-01,577.0
2012-11-02,577.0
2012-11-05,578.0
2012-11-07,583.0
2012-11-08,595.0
2012-11-09,595.0
2012-11-12,605.0
2012-11-13,588.0
2012-11-14,600.0
2012-11-15,594.0
2012-11-19,597.0
2012-11-20,580.0
2012-11-21,575.0
2012-11-22,572.0
2012-11-23,585.0
2012-11-26,572.0
2012-11-27,566.0
2012-11-28,551.0
2012-11-29,568.0
2012-11-30,567.0
2012-12-03,574.0
2012-12-04,574.0
2012-12-05,573.0
2012-12-06,563.0
2012-12-07,562.0
2012-12-10,568.0
2012-12-11,567.0
2012-12-12,570.0
2012-12-13,570.0
2012-12-14,569.0
2012-12-17,566.0
2012-12-18,566.0
2012-12-19,557.0
2012-12-20,541.0
2012-12-21,540.0
2012-12-24,550.0
2012-12-25,529.0
2012-12-26,558.0
2012-12-27,566.0
2012-12-28,547.0
2012-12-31,545.0
2013-01-02,548.0
2013-01-03,549.0
2013-01-04,545.0
2013-01-07,540.0
2013-01-08,540.0
2013-01-09,558.0
2013-01-10,525.0
2013-01-14,540.0
2013-01-15,520.0
2013-01-16,538.0
2013-01-17,536.0
2013-01-18,534.0
2013-01-21,512.0
2013-01-22,514.0
2013-01-23,505.0
2013-01-28,510.0
2013-01-29,518.0
2013-01-30,523.0
2013-01-31,522.0
2013-02-01,500.0
2013-02-04,518.0
2013-02-05,515.0
2013-02-06,514.0
2013-02-07,514.0
2013-02-08,500.0
2013-02-11,508.0
2013-02-12,499.0
2013-02-13,500.0
2013-02-14,500.0
2013-02-15,485.0
2013-02-18,489.85
2013-02-19,485.0
2013-02-20,485.0
2013-02-21,495.0
2013-02-22,490.0
2013-02-25,519.4
2013-02-26,525.0
2013-02-27,538.0
2013-02-28,538.0
2013-03-01,530.0
2013-03-04,520.0
2013-03-05,527.0
2013-03-06,527.3
2013-03-07,528.2
2013-03-08,500.0
2013-03-11,500.0
2013-03-12,505.0
2013-03-13,524.0
2013-03-14,524.0
2013-03-15,521.0
2013-03-18,524.0
2013-03-19,524.0
2013-03-20,523.8
2013-03-21,519.0
2013-03-22,519.0
2013-03-25,519.0
2013-03-26,519.0
2013-03-27,519.0
2013-03-28,513.0
2013-03-29,490.1
2013-04-01,500.0
2013-04-02,500.0
2013-04-03,498.0
2013-04-04,497.0
2013-04-05,490.0
2013-04-08,503.0
2013-04-09,500.0
2013-04-10,480.1
2013-04-11,490.0
2013-04-12,492.5
2013-04-15,492.0
2013-04-16,481.1
2013-04-17,479.9
2013-04-18,478.0
2013-04-19,479.85
2013-04-22,478.5
2013-04-23,485.0
2013-04-24,478.0
2013-04-25,485.0
2013-04-26,485.0
2013-04-29,487.0
2013-04-30,480.0
2013-05-02,480.0
2013-05-03,479.0
2013-05-06,486.35
2013-05-07,484.55
2013-05-08,483.9
2013-05-09,482.0
2013-05-10,484.0
2013-05-13,484.0
2013-05-14,479.9
2013-05-15,480.0
2013-05-16,474.0
2013-05-17,474.0
2013-05-20,474.0
2013-05-21,449.0
2013-05-22,423.0
2013-05-23,400.0
2013-05-24,396.0
2013-05-27,409.0
2013-05-28,400.0
2013-05-29,395.0
2013-05-30,385.0
2013-05-31,379.0
2013-06-03,385.0
2013-06-04,400.0
2013-06-05,403.85
2013-06-06,398.0
2013-06-07,390.0
2013-06-10,398.85
2013-06-11,397.5
2013-06-12,395.0
2013-06-13,397.0
2013-06-14,396.95
2013-06-17,398.8
2013-06-18,398.8
2013-06-19,397.0
2013-06-20,396.9
2013-06-21,400.0
2013-06-24,407.0
2013-06-25,431.0
2013-06-26,456.85
2013-06-27,430.0
2013-06-28,430.0
2013-07-01,446.0
2013-07-02,440.0
2013-07-03,445.0
2013-07-04,445.0
2013-07-05,420.0
2013-07-08,402.0
2013-07-09,420.0
2013-07-10,430.0
2013-07-11,429.0
2013-07-12,429.0
2013-07-15,429.0
2013-07-16,429.0
2013-07-17,426.9
2013-07-18,427.0
2013-07-19,427.0
2013-07-22,427.0
2013-07-23,424.5
2013-07-24,423.95
2013-07-25,423.9
2013-07-26,424.0
2013-07-29,411.0
2013-07-31,420.0
2013-08-01,420.0
2013-08-02,423.8
2013-08-05,423.9
2013-08-06,421.95
2013-08-07,421.9
2013-08-08,421.0
2013-08-12,420.0
2013-08-13,425.0
2013-08-15,425.0
2013-08-16,425.0
2013-08-19,424.0
2013-08-22,424.0
2013-08-23,420.0
2013-08-26,420.0
2013-08-27,420.0
2013-08-28,420.0
2013-08-29,420.0
2013-08-30,420.0
2013-09-02,420.0
2013-09-03,420.0
2013-09-04,420.0
2013-09-05,420.0
2013-09-06,420.0
2013-09-09,425.0
2013-09-10,425.0
2013-09-11,420.0
2013-09-12,424.9
2013-09-13,427.0
2013-09-16,424.9
2013-09-17,423.9
2013-09-18,422.9
2013-09-19,410.0
2013-09-20,410.0
2013-09-23,415.0
2013-09-24,410.0
2013-09-25,410.0
2013-09-26,410.0
2013-09-27,412.0
2013-09-30,412.0
2013-10-01,412.0
2013-10-02,414.0
2013-10-03,410.0
2013-10-04,410.0
2013-10-07,406.0
2013-10-08,420.0
2013-10-09,418.0
2013-10-10,424.9
2013-10-11,424.95
2013-10-14,425.0
2013-10-15,424.85
2013-10-21,425.0
2013-10-22,433.5
2013-10-23,455.0
2013-10-24,466.5
2013-10-25,470.0
2013-10-28,480.0
2013-10-29,480.0
2013-10-30,478.0
2013-10-31,479.0
2013-11-01,478.0
2013-11-04,479.0
2013-11-07,478.9
2013-11-08,479.0
2013-11-11,474.95
2013-11-12,475.0
2013-11-13,490.0
2013-11-14,499.0
2013-11-15,514.0
2013-11-19,520.0
2013-11-20,520.0
2013-11-21,525.0
2013-11-22,522.0
2013-11-25,534.9
2013-11-26,530.0
2013-11-27,530.0
2013-11-28,529.0
2013-11-29,529.0
2013-12-02,534.9
2013-12-03,520.0
2013-12-04,514.0
2013-12-05,520.0
2013-12-06,520.0
2013-12-09,524.0
2013-12-10,523.7
2013-12-11,519.0
2013-12-12,518.9
2013-12-13,514.0
2013-12-16,517.0
2013-12-17,517.4
2013-12-18,516.0
2013-12-19,513.0
2013-12-20,509.9
2013-12-23,510.0
2013-12-24,514.5
2013-12-25,504.9
2013-12-26,500.0
2013-12-27,499.0
2013-12-30,495.0
2013-12-31,490.0
2014-01-02,495.0
2014-01-03,493.9
2014-01-06,493.9
2014-01-07,495.0
2014-01-08,490.0
2014-01-09,490.0
2014-01-10,490.0
2014-01-13,494.3
2014-01-16,494.95
2014-01-17,495.0
2014-01-20,495.0
2014-01-21,495.0
2014-01-22,495.0
2014-01-23,492.75
2014-01-24,491.0
2014-01-27,491.0
2014-01-28,485.0
2014-01-29,485.0
2014-01-30,485.0
2014-01-31,484.0
2014-02-03,484.9
2014-02-04,489.85
2014-02-05,490.0
2014-02-06,488.0
2014-02-07,487.8
2014-02-10,487.5
2014-02-11,480.0
2014-02-12,484.9
2014-02-13,484.9
2014-02-14,484.85
2014-02-17,484.85
2014-02-18,484.85
2014-02-19,480.0
2014-02-20,484.4
2014-02-21,473.0
2014-02-24,479.95
2014-02-25,480.0
2014-02-26,483.5
2014-02-27,481.5
2014-02-28,484.0
2014-03-03,500.0
2014-03-04,500.0
2014-03-05,507.0
2014-03-06,514.0
2014-03-07,511.0
2014-03-10,513.0
2014-03-11,510.0
2014-03-12,511.9
2014-03-13,512.0
2014-03-14,509.5
2014-03-17,509.5
2014-03-18,500.0
2014-03-19,503.0
2014-03-20,499.9
2014-03-21,491.0
2014-03-24,494.0
2014-03-25,490.0
2014-03-26,490.0
2014-03-27,489.8
2014-03-28,487.2
2014-03-31,489.8
2014-04-01,491.0
2014-04-02,494.0
2014-04-03,495.0
2014-04-04,495.0
2014-04-07,497.0
2014-04-08,497.0
2014-04-09,482.0
2014-04-10,485.0
2014-04-11,483.0
2014-04-14,492.7
2014-04-15,490.0
2014-04-16,481.3
2014-04-17,480.0
2014-04-18,480.0
2014-04-21,480.0
2014-04-22,487.45
2014-04-23,487.0
2014-04-24,487.5
2014-04-25,487.5
2014-04-28,487.5
2014-04-29,486.0
2014-04-30,486.0
2014-05-02,482.0
2014-05-05,486.0
2014-05-06,486.85
2014-05-07,486.5
2014-05-08,486.5
2014-05-09,486.0
2014-05-12,485.85
2014-05-13,485.6
2014-05-14,485.5
2014-05-15,490.0
2014-05-16,489.0
2014-05-19,490.0
2014-05-20,489.0
2014-05-21,489.0
2014-05-22,485.0
2014-05-23,485.0
2014-05-26,485.0
2014-05-27,485.0
2014-05-28,484.95
2014-05-29,490.0
2014-05-30,489.0
2014-06-02,489.0
2014-06-03,488.0
2014-06-04,486.95
2014-06-05,486.95
2014-06-06,484.0
2014-06-09,485.0
2014-06-10,483.8
2014-06-11,485.0
2014-06-12,484.9
2014-06-13,482.95
2014-06-16,485.0
2014-06-17,484.95
2014-06-18,484.95
2014-06-19,484.95
2014-06-20,484.0
2014-06-23,483.95
2014-06-24,483.9
2014-06-25,480.0
2014-06-26,480.0
2014-06-27,479.85
2014-06-30,485.0
2014-07-01,482.9
2014-07-02,482.0
2014-07-03,479.8
2014-07-04,482.0
2014-07-07,482.0
2014-07-08,482.45
2014-07-09,480.0
2014-07-10,481.9
2014-07-11,471.0
2014-07-14,468.0
2014-07-15,479.95
2014-07-16,479.8
2014-07-17,468.0
2014-07-18,476.65
2014-07-21,472.0
2014-07-22,475.0
2014-07-23,465.0
2014-07-24,465.2
2014-07-25,450.0
2014-07-31,423.0
2014-08-01,435.0
2014-08-04,441.05
2014-08-05,440.0
2014-08-06,440.0
2014-08-07,440.0
2014-08-08,440.0
2014-08-11,435.0
2014-08-12,435.0
2014-08-13,438.0
2014-08-15,435.0
2014-08-18,434.95
2014-08-19,425.0
2014-08-22,433.25
2014-08-25,432.95
2014-08-26,433.0
2014-08-27,433.0
2014-08-28,434.7
2014-08-29,428.2
2014-09-01,420.0
2014-09-02,419.9
2014-09-03,416.8
2014-09-04,416.0
2014-09-05,415.9
2014-09-08,421.45
2014-09-09,415.0
2014-09-10,427.95
2014-09-11,420.0
2014-09-12,420.0
2014-09-15,417.0
2014-09-16,424.8
2014-09-17,426.0
2014-09-18,420.0
2014-09-19,410.0
2014-09-22,410.0
2014-09-23,410.0
2014-09-24,400.5
2014-09-25,405.0
2014-09-26,395.0
2014-09-29,379.0
2014-09-30,380.0
2014-10-01,389.95
2014-10-02,393.05
2014-10-03,395.0
2014-10-07,400.0
2014-10-08,399.5
2014-10-09,395.0
2014-10-10,399.75
2014-10-13,395.0
2014-10-14,395.0
2014-10-15,390.0
2014-10-16,389.95
2014-10-17,395.95
2014-10-20,389.0
2014-10-21,375.6
2014-10-22,368.0
2014-10-23,374.0
2014-10-24,360.0
2014-10-27,355.0
2014-10-28,358.0
2014-10-29,358.0
2014-10-30,358.0
2014-10-31,365.0
2014-11-03,386.9
2014-11-04,380.0
2014-11-05,380.0
2014-11-07,377.95
2014-11-10,366.05
2014-11-11,370.0
2014-11-12,370.0
2014-11-13,370.0
2014-11-14,368.0
2014-11-17,370.0
2014-11-19,369.5
2014-11-20,371.95
2014-11-21,375.7
2014-11-24,377.9
2014-11-25,377.85
2014-11-26,374.0
2014-11-27,365.9
2014-11-28,360.0
2014-12-01,359.95
2014-12-02,359.0
2014-12-03,358.7
2014-12-04,355.0
2014-12-05,350.0
2014-12-08,351.1
2014-12-09,349.9
2014-12-10,350.0
2014-12-11,349.95
2014-12-12,340.0
2014-12-15,342.0
2014-12-16,340.0
2014-12-17,332.0
2014-12-18,330.0
2014-12-19,310.2
2014-12-22,291.6
2014-12-23,280.1
2014-12-24,280.0
2014-12-25,280.0
2014-12-26,272.0
2014-12-29,280.0
2014-12-30,280.0
2014-12-31,277.9
2015-01-02,283.0
2015-01-06,275.0
2015-01-07,279.85
2015-01-08,279.0
2015-01-09,274.1
2015-01-12,259.0
2015-01-13,236.05
2015-01-14,235.2
2015-01-15,221.1
2015-01-16,207.85
2015-01-19,201.8
2015-01-20,208.0
2015-01-21,215.0
2015-01-22,214.0
2015-01-23,217.0
2015-01-26,224.5
2015-01-27,223.9
2015-01-28,226.0
2015-01-29,226.0
2015-01-30,218.0
2015-02-02,219.95
2015-02-03,218.0
2015-02-04,218.0
2015-02-05,217.95
2015-02-06,215.0
2015-02-09,210.0
2015-02-10,210.0
2015-02-11,197.4
2015-02-12,185.15
2015-02-13,166.65
2015-02-16,150.0
2015-02-17,146.9
2015-02-18,139.25
2015-02-19,125.35
2015-02-20,132.0
2015-02-23,130.0
2015-02-24,139.8
2015-02-25,149.5
2015-02-26,147.5
2015-02-27,141.0
2015-03-02,142.0
2015-03-03,136.0
2015-03-04,129.0
2015-03-05,126.1
2015-03-06,129.5
2015-03-09,132.6
2015-03-10,134.5
2015-03-11,134.9
2015-03-12,132.0
2015-03-13,130.0
2015-03-16,125.0
2015-03-17,126.95
2015-03-18,126.5
2015-03-19,123.5
2015-03-20,126.0
2015-03-23,129.0
2015-03-24,129.9
2015-03-25,128.9
2015-03-26,129.0
2015-03-27,125.0
2015-03-30,123.0
2015-03-31,110.7
2015-04-01,99.63
2015-04-02,89.67
2015-04-03,90.05
2015-04-06,99.05
2015-04-07,99.05
2015-04-08,99.05
2015-04-09,103.0
2015-04-10,100.0
2015-04-13,110.0
2015-04-14,110.0
2015-04-15,110.0
2015-04-16,110.0
2015-04-17,121.0
2015-04-20,133.1
2015-04-21,146.4
2015-04-22,160.0
2015-04-23,144.0
2015-04-24,134.0
2015-04-27,138.0
2015-04-28,138.0
2015-04-29,138.0
2015-04-30,124.2
2015-05-04,111.8
2015-05-05,111.95
2015-05-06,113.0
2015-05-07,113.0
2015-05-08,110.2
2015-05-11,111.2
2015-05-12,114.85
2015-05-13,113.85
2015-05-14,110.0
2015-05-15,112.0
2015-05-18,112.45
2015-05-19,111.9
2015-05-20,105.2
2015-05-21,94.68
2015-05-22,99.0
2015-05-25,100.7
2015-05-26,94.98
2015-05-27,97.0
2015-05-28,92.11
2015-05-29,94.9
2015-06-01,95.25
2015-06-02,98.0
2015-06-03,98.0
2015-06-04,97.0
2015-06-05,97.0
2015-06-08,96.0
2015-06-09,95.0
2015-06-10,96.0
2015-06-11,97.95
2015-06-12,96.95
2015-06-15,97.0
2015-06-16,95.06
2015-06-17,90.0
2015-06-18,89.0
2015-06-19,84.0
2015-06-22,86.1
2015-06-23,86.49
2015-06-24,84.0
2015-06-25,84.88
2015-06-26,79.79
2015-06-29,75.01
2015-06-30,70.5
2015-07-01,63.45
2015-07-02,57.11
2015-07-03,51.4
2015-07-06,46.26
2015-07-07,49.0
2015-07-08,53.9
2015-07-09,59.29
2015-07-10,65.21
2015-07-13,58.69
2015-07-14,52.83
2015-07-15,52.0
2015-07-16,52.0
2015-07-20,53.4
2015-07-21,56.0
2015-07-22,55.0
2015-07-23,58.3
2015-07-24,55.3
2015-07-27,56.85
2015-07-28,54.85
2015-07-29,54.9
2015-07-31,55.0
2015-08-03,54.99
2015-08-04,54.9
2015-08-05,52.64
2015-08-06,53.0
2015-08-07,53.6
2015-08-10,51.0
2015-08-11,51.0
2015-08-12,50.8
2015-08-13,53.0
2015-08-17,51.23
2015-08-18,50.0
2015-08-19,51.0
2015-08-24,52.4
2015-08-25,54.98
2015-08-26,52.6
2015-08-27,53.0
2015-08-28,53.89
2015-08-31,53.94
2015-09-01,51.9
2015-09-02,49.67
2015-09-03,49.9
2015-09-04,50.0
2015-09-07,50.0
2015-09-08,50.0
2015-09-09,50.15
2015-09-10,48.7
2015-09-11,49.0
2015-09-14,49.49
2015-09-15,48.14
2015-09-16,48.4
2015-09-17,48.35
2015-09-18,45.45
2015-09-21,47.0
2015-09-22,49.82
2015-09-23,49.6
2015-09-28,49.59
2015-09-29,49.0
2015-09-30,46.06
2015-10-01,42.9
2015-10-02,38.61
2015-10-05,36.3
2015-10-06,32.69
2015-10-07,29.98
2015-10-08,27.0
2015-10-09,29.7
2015-10-12,32.67
2015-10-13,30.21
2015-10-14,32.02
2015-10-16,31.51
2015-10-19,31.44
2015-10-20,32.38
2015-10-21,31.31
2015-10-22,31.94
2015-10-23,32.0
2015-10-26,31.98
2015-10-27,30.8
2015-10-28,31.03
2015-10-29,32.89
2015-10-30,35.59
2015-11-02,39.14
2015-11-03,43.05
2015-11-04,41.0
2015-11-05,44.0
2015-11-09,48.4
2015-11-10,49.18
2015-11-11,48.08
2015-11-12,45.2
2015-11-13,43.4
2015-11-16,42.98
2015-11-17,44.5
2015-11-19,46.0
2015-11-20,44.56
2015-11-23,44.8
2015-11-24,43.0
2015-11-25,44.38
2015-11-26,45.0
2015-11-27,45.0
2015-11-30,44.0
2015-12-01,44.0
2015-12-02,44.5
2015-12-03,43.25
2015-12-04,42.6
2015-12-07,42.4
2015-12-08,42.5
2015-12-09,40.0
2015-12-10,39.01
2015-12-11,39.0
2015-12-14,39.8
2015-12-15,37.42
2015-12-16,37.9
2015-12-17,36.5
2015-12-18,35.0
2015-12-21,36.18
2015-12-22,36.0
2015-12-23,35.0
2015-12-28,35.5
2015-12-29,36.8
2015-12-30,40.48
2015-12-31,41.0
2016-01-04,41.85
2016-01-05,43.8
2016-01-06,44.7
2016-01-07,42.77
2016-01-08,43.1
2016-01-12,46.2
2016-01-13,46.0
2016-01-14,46.49
2016-01-15,46.0
2016-01-18,47.0
2016-01-19,46.02
2016-01-20,44.3
2016-01-21,45.3
2016-01-22,45.0
2016-01-25,45.99
2016-01-26,41.4
2016-01-27,42.0
2016-01-28,42.6
2016-01-29,40.05
2016-02-01,40.65
2016-02-02,39.9
2016-02-03,43.89
2016-02-04,44.35
2016-02-05,46.74
2016-02-08,46.1
2016-02-09,45.9
2016-02-10,48.15
2016-02-11,48.3
2016-02-12,53.13
2016-02-15,58.44
2016-02-16,64.28
2016-02-17,70.7
2016-02-18,77.77
2016-02-19,77.95
2016-02-22,70.16
2016-02-23,73.2
2016-02-24,73.5
2016-02-25,66.7
2016-02-26,67.95
2016-02-29,70.0
2016-03-01,73.0
2016-03-02,75.0
2016-03-03,75.5
2016-03-04,75.0
2016-03-07,69.0
2016-03-08,67.0
2016-03-09,70.98
2016-03-10,71.72
2016-03-11,70.65
2016-03-14,68.2
2016-03-15,65.0
2016-03-16,58.5
2016-03-17,57.0
2016-03-18,60.25
2016-03-21,59.5
2016-03-22,59.9
2016-03-23,59.9
2016-03-24,58.98
2016-03-25,59.8
2016-03-28,58.5
2016-03-29,57.0
2016-03-30,53.99
2016-03-31,53.99
2016-04-01,53.99
2016-04-04,54.01
2016-04-05,48.61
2016-04-06,50.05
2016-04-07,51.2
2016-04-08,52.9
2016-04-11,58.19
2016-04-12,64.0
2016-04-13,65.3
2016-04-14,67.0
2016-04-15,68.75
2016-04-18,71.2
2016-04-19,68.5
2016-04-20,65.04
2016-04-21,65.0
2016-04-22,63.9
2016-04-25,65.0
2016-04-26,68.99
2016-04-27,67.84
2016-04-28,66.97
2016-04-29,67.99
2016-05-02,67.49
2016-05-03,67.15
2016-05-04,67.75
2016-05-05,67.25
2016-05-06,67.4
2016-05-09,66.01
2016-05-10,66.01
2016-05-11,59.41
2016-05-12,65.34
2016-05-13,66.0
2016-05-16,66.1
2016-05-17,63.5
2016-05-18,64.0
2016-05-19,65.95
2016-05-20,67.0
2016-05-23,66.5
2016-05-24,65.22
2016-05-25,65.0
2016-05-26,63.0
2016-05-27,64.97
2016-05-30,63.69
2016-05-31,64.99
2016-06-01,63.75
2016-06-02,63.0
2016-06-03,62.94
2016-06-06,62.0
2016-06-07,64.69
2016-06-08,61.6
2016-06-09,61.7
2016-06-10,61.79
2016-06-13,59.97
2016-06-14,60.0
2016-06-15,59.12
2016-06-16,60.0
2016-06-17,59.1
2016-06-20,59.19
2016-06-21,59.61
2016-06-22,61.0
2016-06-23,61.0
2016-06-24,61.18
2016-06-27,61.18
2016-06-28,61.3
2016-06-29,61.18
2016-06-30,62.0
2016-07-01,64.5
2016-07-04,65.29
2016-07-05,62.6
2016-07-11,62.5
2016-07-12,62.0
2016-07-13,62.9
2016-07-14,63.45
2016-07-15,63.5
2016-07-18,62.02
2016-07-19,63.98
2016-07-20,62.0
2016-07-21,62.97
2016-07-22,62.1
2016-07-25,62.75
2016-07-26,60.06
2016-07-27,61.99
2016-07-28,62.0
2016-07-29,62.0
2016-08-01,62.0
2016-08-02,62.0
2016-08-03,62.0
2016-08-04,62.84
2016-08-05,62.5
2016-08-08,64.0
2016-08-09,64.0
2016-08-10,64.5
2016-08-11,64.0
2016-08-12,64.0
2016-08-15,64.5
2016-08-16,66.99
2016-08-17,65.93
2016-08-18,64.3
2016-08-19,64.4
2016-08-22,64.5
2016-08-23,64.89
2016-08-24,64.4
2016-08-25,63.0
2016-08-26,64.5
2016-08-29,64.46
2016-08-30,64.4
2016-08-31,62.81
2016-09-01,63.0
2016-09-02,64.5
2016-09-05,63.02
2016-09-06,63.05
2016-09-07,63.2
2016-09-08,62.0
2016-09-09,63.0
2016-09-14,61.31
2016-09-15,61.0
2016-09-16,63.5
2016-09-19,60.8
2016-09-20,61.98
2016-09-21,61.01
2016-09-22,62.02
2016-09-23,65.9
2016-09-26,65.4
2016-09-27,64.5
2016-09-28,63.98
2016-09-29,65.2
2016-09-30,71.71
2016-10-04,71.55
2016-10-05,72.9
2016-10-06,73.8
2016-10-07,81.0
2016-10-10,89.09
2016-10-11,90.0
2016-10-12,88.0
2016-10-13,91.0
2016-10-14,91.0
2016-10-17,93.3
2016-10-18,93.3
2016-10-19,91.6
2016-10-20,89.9
2016-10-21,90.0
2016-10-24,90.0
2016-10-25,88.8
2016-10-26,86.5
2016-10-27,87.0
2016-10-28,85.0
2016-10-31,87.45
2016-11-01,90.0
2016-11-02,90.0
2016-11-03,88.0
2016-11-04,88.0
2016-11-07,90.0
2016-11-08,90.01
2016-11-09,90.5
2016-11-10,90.27
2016-11-11,90.0
2016-11-14,90.0
2016-11-15,89.1
2016-11-16,87.5
2016-11-17,87.5
2016-11-21,88.99
2016-11-22,88.22
2016-11-23,90.0
2016-11-24,89.9
2016-11-25,90.02
2016-11-28,89.5
2016-11-29,89.1
2016-11-30,90.75
2016-12-01,92.5
2016-12-02,96.5
2016-12-05,97.0
2016-12-06,95.1
2016-12-07,96.0
2016-12-08,95.0
2016-12-09,95.95
2016-12-14,96.0
2016-12-15,95.98
2016-12-16,95.99
2016-12-19,96.0
2016-12-20,95.0
2016-12-21,93.95
2016-12-22,93.85
2016-12-23,95.0
2016-12-26,94.5
2016-12-27,93.0
2016-12-28,92.0
2016-12-29,93.0
2016-12-30,92.4
2017-01-02,93.2
2017-01-03,96.0
2017-01-04,105.55
2017-01-05,116.1
2017-01-06,116.0
2017-01-09,119.0
2017-01-10,116.1
2017-01-12,127.7
2017-01-13,119.0
2017-01-16,128.0
2017-01-17,128.55
2017-01-18,130.0
2017-01-19,131.45
2017-01-20,131.0
2017-01-23,129.5
2017-01-24,128.0
2017-01-25,124.9
2017-01-26,119.15
2017-01-27,124.0
2017-01-30,121.0
2017-01-31,122.8
2017-02-01,115.0
2017-02-02,116.05
2017-02-03,116.0
2017-02-06,120.0
2017-02-07,128.0
2017-02-08,133.2
2017-02-09,140.0
2017-02-10,153.95
2017-02-13,163.5
2017-02-14,150.15
2017-02-15,165.15
2017-02-16,174.1
2017-02-17,179.0
2017-02-20,188.95
2017-02-21,185.7
2017-02-22,179.0
2017-02-23,162.0
2017-02-24,151.05
2017-02-27,166.15
2017-02-28,175.0
2017-03-01,171.0
2017-03-02,168.0
2017-03-03,165.8
2017-03-06,166.35
2017-03-07,162.0
2017-03-08,159.1
2017-03-09,150.0
2017-03-10,151.6
2017-03-13,152.5
2017-03-14,164.3
2017-03-15,163.0
2017-03-16,160.0
2017-03-17,159.0
2017-03-20,160.0
2017-03-21,160.0
2017-03-22,159.0
2017-03-23,146.5
2017-03-24,150.0
2017-03-27,156.1
2017-03-28,159.0
2017-03-29,166.2
2017-03-30,159.9
2017-03-31,154.0
2017-04-03,153.4
2017-04-04,157.75
2017-04-05,160.0
2017-04-06,155.4
2017-04-07,152.75
2017-04-10,155.0
2017-04-11,157.0
2017-04-12,155.0
2017-04-13,154.5
2017-04-14,154.9
2017-04-17,154.6
2017-04-18,155.0
2017-04-19,155.0
2017-04-20,154.0
2017-04-21,154.1
2017-04-24,155.0
2017-04-25,155.0
2017-04-26,159.95
2017-04-27,165.0
2017-04-28,165.2
2017-05-02,167.2
2017-05-03,169.0
2017-05-04,169.05
2017-05-05,167.0
2017-05-08,165.0
2017-05-09,166.0
2017-05-10,167.95
2017-05-11,168.0
2017-05-12,169.7
2017-05-15,167.2
2017-05-16,169.0
2017-05-17,166.4
2017-05-18,166.0
2017-05-19,165.6
2017-05-22,165.0
2017-05-23,164.0
2017-05-24,167.0
2017-05-25,167.0
2017-05-26,165.0
2017-05-29,163.0
2017-05-30,162.0
2017-05-31,160.0
2017-06-01,162.9
2017-06-02,164.0
2017-06-05,163.0
2017-06-06,163.0
2017-06-07,163.5
2017-06-08,165.1
2017-06-09,163.05
2017-06-12,163.2
2017-06-13,164.9
2017-06-14,166.0
2017-06-15,167.0
2017-06-16,168.85
2017-06-19,169.0
2017-06-20,166.95
2017-06-21,166.05
2017-06-22,168.95
2017-06-23,168.0
2017-06-28,172.0
2017-06-29,170.95
2017-06-30,171.0
2017-07-03,171.9
2017-07-04,183.5
2017-07-05,180.0
2017-07-06,179.5
2017-07-07,178.35
2017-07-10,178.9
2017-07-11,179.0
2017-07-12,180.9
2017-07-13,190.0
2017-07-14,208.95
2017-07-17,220.0
2017-07-18,218.0
2017-07-19,215.0
2017-07-20,217.9
2017-07-21,215.0
2017-07-24,230.15
2017-07-25,236.0
2017-07-26,239.9
2017-07-27,232.0
2017-07-28,229.0
2017-07-31,225.7
2017-08-01,229.0
2017-08-02,223.0
2017-08-03,224.5
2017-08-04,226.0
2017-08-07,232.6
2017-08-08,244.5
2017-08-09,247.0
2017-08-10,271.65
2017-08-11,277.0
2017-08-15,270.65
2017-08-16,292.2
2017-08-17,290.05
2017-08-18,284.05
2017-08-22,280.5
2017-08-23,285.0
2017-08-24,285.0
2017-08-25,285.0
2017-08-28,283.0
2017-08-29,280.0
2017-08-30,277.0
2017-08-31,272.1
2017-09-04,281.9
2017-09-05,280.1
2017-09-06,291.0
2017-09-07,294.0
2017-09-08,294.4
2017-09-11,305.0
2017-09-12,310.0
2017-09-13,305.0
2017-09-14,300.05
2017-09-15,301.8
2017-09-18,298.8
2017-09-19,291.8
2017-09-20,270.0
2017-09-21,275.0
2017-09-25,260.0
2017-09-26,246.0
2017-09-27,230.1
2017-09-28,207.1
2017-09-29,202.0
2017-10-02,222.15
2017-10-03,244.35
2017-10-04,268.75
2017-10-05,260.0
2017-10-06,247.0
2017-10-09,257.0
2017-10-10,263.0
2017-10-11,253.0
2017-10-12,250.0
2017-10-13,249.95
2017-10-16,255.0
2017-10-17,251.9
2017-10-18,245.0
2017-10-19,254.0
2017-10-20,254.0
2017-10-23,257.0
2017-10-24,253.0
2017-10-25,253.7
2017-10-26,258.0
2017-10-27,264.0
2017-10-30,261.0
2017-10-31,262.9
2017-11-01,269.0
2017-11-02,265.0
2017-11-03,260.0
2017-11-07,261.95
2017-11-08,259.2
2017-11-09,261.0
2017-11-10,263.2
2017-11-13,261.6
2017-11-14,270.0
2017-11-15,270.0
2017-11-16,263.0
2017-11-17,267.0
2017-11-20,260.0
2017-11-21,260.0
2017-11-22,258.6
2017-11-23,259.9
2017-11-24,259.9
2017-11-27,260.0
2017-11-28,260.0
2017-11-29,260.0
2017-11-30,257.1
2017-12-04,249.0
2017-12-05,245.0
2017-12-06,235.0
2017-12-07,240.9
2017-12-08,240.0
2017-12-11,244.05
2017-12-12,254.0
2017-12-13,251.1
2017-12-14,251.5
2017-12-15,252.4
2017-12-18,242.95
2017-12-19,241.85
2017-12-20,240.0
2017-12-21,219.95
2017-12-22,219.0
2017-12-25,239.0
2017-12-26,234.4
2017-12-27,229.0
2017-12-28,219.7
2017-12-29,204.0
2018-01-02,218.5
2018-01-03,230.0
2018-01-04,223.0
2018-01-05,219.0
2018-01-08,219.0
2018-01-09,214.95
2018-01-10,218.4
2018-01-12,217.0
2018-01-15,217.5
2018-01-16,216.15
2018-01-17,217.25
2018-01-18,213.0
2018-01-19,210.0
2018-01-22,208.0
2018-01-23,210.9
2018-01-24,208.0
2018-01-25,208.0
2018-01-26,207.6
2018-01-29,207.2
2018-01-30,208.0
2018-01-31,210.0
2018-02-01,211.0
2018-02-02,217.0
2018-02-05,215.0
2018-02-06,223.0
2018-02-07,217.5
2018-02-08,218.2
2018-02-09,222.0
2018-02-12,224.95
2018-02-13,231.4
2018-02-14,225.0
2018-02-15,227.0
2018-02-16,223.0
2018-02-19,223.0
2018-02-20,220.9
2018-02-21,224.85
2018-02-22,221.2
2018-02-23,216.3
2018-02-26,219.0
2018-02-27,215.0
2018-02-28,215.8
2018-03-01,216.8
2018-03-02,215.0
2018-03-05,216.0
2018-03-06,211.15
2018-03-07,212.0
2018-03-08,211.9
2018-03-09,233.05
2018-03-12,232.9
2018-03-13,228.1
2018-03-14,220.0
2018-03-15,208.2
2018-03-16,210.05
2018-03-19,211.4
2018-03-20,215.0
2018-03-21,213.1
2018-03-22,210.0
2018-03-23,209.0
2018-03-26,204.8
2018-03-27,203.25
2018-03-28,205.0
2018-03-29,204.0
2018-03-30,203.0
2018-04-02,190.6
2018-04-03,171.55
2018-04-04,154.4
2018-04-05,169.8
2018-04-06,174.0
2018-04-09,162.0
2018-04-10,165.0
2018-04-11,158.0
2018-04-12,157.0
2018-04-13,147.0
2018-04-16,145.05
2018-04-17,147.0
2018-04-18,152.0
2018-04-19,159.95
2018-04-20,167.6
2018-04-23,166.0
2018-04-24,160.4
2018-04-25,157.85
2018-04-26,156.0
2018-04-27,155.0
2018-04-30,160.0
2018-05-02,160.0
2018-05-03,150.0
2018-05-04,145.6
2018-05-07,148.95
2018-05-08,144.0
2018-05-09,144.0
2018-05-10,144.0
2018-05-11,144.0
2018-05-14,146.0
2018-05-15,143.95
2018-05-16,140.4
2018-05-17,139.0
2018-05-18,138.9
2018-05-21,138.4
2018-05-22,141.5
2018-05-23,141.0
2018-05-24,135.1
2018-05-25,131.1
2018-05-28,126.0
2018-05-29,117.0
2018-05-30,122.75
2018-05-31,123.0
2018-06-01,122.0
2018-06-04,116.0
2018-06-05,118.35
2018-06-06,115.35
2018-06-07,116.7
2018-06-08,118.4
2018-06-11,118.3
2018-06-12,118.0
2018-06-13,113.8
2018-06-14,105.0
2018-06-18,109.0
2018-06-19,113.1
2018-06-20,114.9
2018-06-21,114.0
2018-06-22,113.9
2018-06-25,108.0
2018-06-26,109.35
2018-06-27,105.0
2018-06-28,106.9
2018-06-29,115.0
2018-07-02,121.0
2018-07-03,108.95
2018-07-04,110.0
2018-07-05,114.95
2018-07-06,112.4
2018-07-09,109.25
2018-07-10,111.0
2018-07-11,109.05
2018-07-12,109.05
2018-07-13,109.05
2018-07-16,110.5
2018-07-17,110.0
2018-07-18,109.05
2018-07-19,107.0
2018-07-20,109.05
2018-07-23,104.0
2018-07-24,94.0
2018-07-25,100.9
2018-07-26,99.0
2018-07-27,100.0
2018-07-31,109.95
2018-08-01,111.45
2018-08-02,107.5
2018-08-03,101.05
2018-08-06,102.0
2018-08-07,101.0
2018-08-08,101.0
2018-08-09,102.5
2018-08-10,103.65
2018-08-13,104.7
2018-08-15,102.85
2018-08-16,98.55
2018-08-17,98.01
2018-08-24,98.11
2018-08-27,99.98
2018-08-28,100.5
2018-08-29,100.05
2018-08-30,94.02
2018-08-31,97.05
2018-09-03,92.1
2018-09-04,92.6
2018-09-05,92.8
2018-09-06,88.0
2018-09-07,89.5
2018-09-10,92.3
2018-09-12,95.0
2018-09-13,98.5
2018-09-14,98.84
2018-09-17,97.02
2018-09-18,93.0
2018-09-19,94.11
2018-09-20,94.5
2018-09-21,100.2
2018-09-24,100.2
2018-09-25,97.0
2018-09-26,101.95
2018-09-27,101.3
2018-09-28,102.0
2018-10-01,103.0
2018-10-02,100.0
2018-10-03,100.5
2018-10-04,98.51
2018-10-05,98.51
2018-10-08,98.64
2018-10-09,101.85
2018-10-10,100.0
2018-10-11,99.6
2018-10-12,100.0
2018-10-15,98.01
2018-10-16,98.0
2018-10-17,99.28
2018-10-18,97.1
2018-10-19,98.47
2018-10-22,98.0
2018-10-23,96.5
2018-10-24,97.0
2018-10-25,95.5
2018-10-26,95.1
2018-10-29,94.81
2018-10-30,91.02
2018-10-31,90.5
2018-11-01,88.99
2018-11-02,86.0
2018-11-05,88.24
2018-11-07,88.6
2018-11-08,87.0
2018-11-09,84.02
2018-11-12,85.0
2018-11-13,85.0
2018-11-14,87.5
2018-11-15,91.0
2018-11-16,91.95
2018-11-19,92.0
2018-11-22,91.0
2018-11-23,85.5
2018-11-26,87.5
2018-11-27,87.0
2018-11-28,87.96
2018-11-29,87.1
2018-11-30,86.01
2018-12-03,88.0
2018-12-04,79.21
2018-12-05,73.4
2018-12-06,78.8
2018-12-07,83.25
2018-12-10,80.49
2018-12-11,78.62
2018-12-12,76.0
2018-12-13,77.8
2018-12-14,76.26
2018-12-17,76.2
2018-12-18,78.01
2018-12-19,78.0
2018-12-20,74.5
2018-12-21,74.7
2018-12-24,75.01
2018-12-25,75.1
2018-12-26,75.51
2018-12-27,80.0
2018-12-28,85.0
2018-12-31,85.0
2019-01-02,86.5
2019-01-03,84.0
2019-01-04,76.51
2019-01-07,77.24
2019-01-08,78.1
2019-01-09,78.4
2019-01-10,77.5
2019-01-14,78.0
2019-01-15,79.49
2019-01-16,77.81
2019-01-17,78.0
2019-01-18,77.7
2019-01-21,77.1
2019-01-22,77.47
2019-01-23,75.5
2019-01-24,75.0
2019-01-25,74.55
2019-01-28,74.15
2019-01-29,78.44
2019-01-30,77.5
2019-01-31,76.97
2019-02-01,78.0
2019-02-04,78.0
2019-02-05,76.1
2019-02-06,76.0
2019-02-07,77.99
2019-02-08,77.95
2019-02-11,75.0
2019-02-12,75.01
2019-02-13,77.44
2019-02-14,76.95
2019-02-15,76.89
2019-02-18,75.81
2019-02-19,76.9
2019-02-20,77.0
2019-02-21,76.87
2019-02-22,75.16
2019-02-25,75.51
2019-02-26,75.15
2019-02-27,75.35
2019-02-28,76.8
2019-03-01,76.0
2019-03-04,77.5
2019-03-05,77.65
2019-03-06,80.0
2019-03-07,81.97
2019-03-08,81.0
2019-03-11,80.0
2019-03-12,79.7
2019-03-13,78.75
2019-03-14,76.23
2019-03-15,78.0
2019-03-18,81.0
2019-03-19,81.94
2019-03-20,79.53
2019-03-21,79.2
2019-03-22,80.5
2019-03-25,83.8
2019-03-26,82.62
2019-03-27,84.0
2019-03-28,88.45
2019-03-29,85.0
2019-04-01,85.0
2019-04-02,85.0
2019-04-03,82.02
2019-04-04,82.0
2019-04-05,82.0
2019-04-08,81.0
2019-04-09,83.8
2019-04-10,83.0
2019-04-11,86.99
2019-04-12,86.98
2019-04-15,86.0
2019-04-16,86.0
2019-04-17,86.0
2019-04-18,85.15
2019-04-19,86.0
2019-04-22,86.44
2019-04-23,85.9
2019-04-24,84.26
2019-04-25,83.5
2019-04-26,84.05
2019-04-29,84.0
2019-04-30,83.0
2019-05-02,82.2
2019-05-03,81.5
2019-05-06,82.0
2019-05-07,83.0
2019-05-08,81.5
2019-05-09,81.2
2019-05-10,83.5
2019-05-13,83.25
2019-05-14,81.7
2019-05-15,80.0
2019-05-16,81.97
2019-05-17,79.0
2019-05-20,79.0
2019-05-21,78.5
2019-05-22,81.75
2019-05-23,81.18
2019-05-24,77.7
2019-05-27,79.0
2019-05-28,80.0
2019-05-29,77.65
2019-05-30,78.88
2019-05-31,79.0
2019-06-03,76.0
2019-06-04,76.0
2019-06-10,76.5
2019-06-11,74.2
2019-06-12,76.7
2019-06-13,75.2
2019-06-14,76.46
2019-06-17,74.2
2019-06-18,76.4
2019-06-19,72.6
2019-06-20,74.39
2019-06-21,73.77
2019-06-24,73.39
2019-06-25,73.08
2019-06-26,70.02
2019-06-27,70.0
2019-06-28,69.0
2019-07-01,69.87
2019-07-02,66.6
2019-07-03,65.0
2019-07-04,65.59
2019-07-05,67.5
2019-07-08,63.5
2019-07-09,63.51
2019-07-10,65.05
2019-07-11,68.98
2019-07-12,68.5
2019-07-15,68.0
2019-07-16,70.0
2019-07-17,69.99
2019-07-18,68.1
2019-07-19,69.0
2019-07-22,67.56
2019-07-23,67.05
2019-07-24,67.38
2019-07-25,66.1
2019-07-26,67.0
2019-07-29,67.87
2019-07-31,67.0
2019-08-01,68.5
2019-08-02,67.0
2019-08-05,66.6
2019-08-06,67.78
2019-08-07,69.02
2019-08-08,69.8
2019-08-09,69.93
2019-08-15,69.0
2019-08-16,67.0
2019-08-19,70.97
2019-08-22,72.9
2019-08-23,76.35
2019-08-26,80.0
2019-08-27,79.0
2019-08-28,78.0
2019-08-29,77.4
2019-08-30,77.0
2019-09-02,77.0
2019-09-03,76.0
2019-09-04,75.0
2019-09-05,74.99
2019-09-06,76.3
2019-09-09,75.0
2019-09-10,75.0
2019-09-11,74.49
2019-09-12,72.6
2019-09-13,73.85
2019-09-16,73.02
2019-09-17,72.98
2019-09-18,74.72
2019-09-19,73.98
2019-09-20,66.61
2019-09-23,64.3
2019-09-24,63.0
2019-09-25,59.0
2019-09-26,59.01
2019-09-27,57.5
2019-09-30,59.99
2019-10-01,63.0
2019-10-02,62.0
2019-10-03,62.99
2019-10-04,61.8
2019-10-07,62.0
2019-10-08,61.0
2019-10-09,60.0
2019-10-10,60.01
2019-10-11,60.6
2019-10-14,59.01
2019-10-15,60.0
2019-10-16,59.0
2019-10-17,60.3
2019-10-18,60.94
2019-10-21,60.01
2019-10-22,61.0
2019-10-23,62.0
2019-10-24,61.89
2019-10-25,61.89
2019-10-28,59.99
2019-10-29,59.03
2019-10-30,59.05
2019-10-31,58.35
2019-11-01,59.6
2019-11-04,58.53
2019-11-05,59.94
2019-11-07,59.0
2019-11-08,58.9
2019-11-12,58.0
2019-11-13,57.11
2019-11-14,57.94
2019-11-15,58.0
2019-11-19,56.0
2019-11-20,55.35
2019-11-21,52.2
2019-11-22,52.96
2019-11-25,53.9
2019-11-26,51.98
2019-11-27,53.0
2019-11-28,53.7
2019-11-29,51.6
2019-12-02,51.7
2019-12-03,51.26
2019-12-04,52.23
2019-12-05,52.0
2019-12-06,56.5
2019-12-09,57.36
2019-12-10,63.09
2019-12-11,64.0
2019-12-12,63.0
2019-12-13,62.5
2019-12-16,63.0
2019-12-17,65.0
2019-12-18,63.55
2019-12-19,62.5
2019-12-20,64.0
2019-12-23,64.0
2019-12-24,65.0
2019-12-25,65.0
2019-12-26,63.0
2019-12-27,58.65
2019-12-30,55.6
2019-12-31,56.0
2020-01-02,56.0
2020-01-03,56.64
2020-01-06,56.85
2020-01-07,56.0
2020-01-08,53.49
2020-01-09,53.69
2020-01-10,53.8
2020-01-13,52.1
2020-01-14,52.0
2020-01-15,50.2
2020-01-16,48.52
2020-01-17,51.76
2020-01-20,53.0
2020-01-21,51.99
2020-01-22,49.11
2020-01-23,48.7
2020-01-24,48.63
2020-01-27,49.9
2020-01-28,47.65
2020-01-29,47.31
2020-01-30,47.9
2020-01-31,47.5
2020-02-03,49.13
2020-02-04,49.99
2020-02-05,49.9
2020-02-06,50.0
2020-02-07,50.5
2020-02-10,49.59
2020-02-11,48.66
2020-02-12,49.4
2020-02-13,48.8
2020-02-14,48.5
2020-02-17,49.92
2020-02-18,49.5
2020-02-19,49.39
2020-02-20,48.04
2020-02-21,47.2
2020-02-24,47.0
2020-02-25,48.68
2020-02-26,46.27
2020-02-27,46.35
2020-02-28,46.35
2020-03-02,46.0
2020-03-03,42.5
2020-03-04,42.0
2020-03-05,43.65
2020-03-06,43.0
2020-03-09,38.71
2020-03-10,42.48
2020-03-11,42.79
2020-03-12,39.45
2020-03-13,38.0
2020-03-16,34.21
2020-03-17,32.85
2020-03-18,31.54
2020-03-19,32.8
2020-03-20,34.11
2020-03-23,35.47
2020-03-24,36.88
2020-03-25,35.53
2020-03-26,34.5
2020-03-27,35.79
2020-03-30,34.8
2020-03-31,33.41
2020-04-01,32.08
2020-04-02,30.8
2020-04-03,29.57
2020-04-06,28.39
2020-04-07,29.48
2020-04-08,29.8
2020-04-09,29.0
2020-04-10,29.89
2020-04-13,29.88
2020-04-14,28.69
2020-04-15,29.0
2020-04-16,29.26
2020-04-17,28.3
2020-04-20,28.0
2020-04-21,28.0
2020-04-22,26.89
2020-04-23,26.5
2020-04-24,26.27
2020-04-27,27.0
2020-04-28,27.0
2020-04-29,28.07
2020-04-30,29.19
2020-05-04,30.35
2020-05-05,31.56
2020-05-06,32.82
2020-05-07,34.13
2020-05-08,35.49
2020-05-11,36.9
2020-05-12,35.43
2020-05-13,34.02
2020-05-14,33.1
2020-05-15,34.42
2020-05-18,35.79
2020-05-19,34.5
2020-05-20,35.49
2020-05-21,34.5
2020-05-22,35.74
2020-05-26,35.65
2020-05-27,35.0
2020-05-28,35.0
2020-05-29,36.39
2020-06-01,37.84
2020-06-02,39.35
2020-06-03,40.92
2020-06-04,42.3
2020-06-05,40.7
2020-06-08,41.8
2020-06-09,43.44
2020-06-10,44.01
2020-06-11,42.25
2020-06-12,41.95
2020-06-15,42.0
2020-06-16,42.9
2020-06-17,44.61
2020-06-18,43.49
2020-06-19,43.88
2020-06-22,42.31
2020-06-23,43.0
2020-06-24,41.5
2020-06-25,39.85
2020-06-26,39.9
2020-06-29,39.69
2020-06-30,41.26
2020-07-01,41.8
2020-07-02,41.5
2020-07-03,41.94
2020-07-06,41.0
2020-07-07,40.49
2020-07-08,39.5
2020-07-09,39.9
2020-07-10,39.5
2020-07-13,38.52
2020-07-14,36.98
2020-07-15,36.0
2020-07-16,35.55
2020-07-17,36.0
2020-07-20,37.42
2020-07-21,38.4
2020-07-22,38.43
2020-07-23,36.95
2020-07-24,36.0
2020-07-27,35.4
2020-07-28,35.4
2020-07-29,35.5
2020-08-03,34.1
2020-08-04,33.0
2020-08-05,32.6
2020-08-06,33.88
2020-08-07,34.67
2020-08-10,33.29
2020-08-11,32.01
2020-08-12,32.25
2020-08-13,32.67
2020-08-17,31.5
2020-08-18,32.38
2020-08-19,31.09
2020-08-24,29.85
2020-08-25,29.0
2020-08-26,29.0
2020-08-27,28.52
2020-08-28,29.0
2020-08-31,28.0
2020-09-01,29.11
2020-09-02,29.0
2020-09-03,30.0
2020-09-04,30.95
2020-09-07,30.35
2020-09-08,31.56
2020-09-09,32.69
2020-09-10,33.99
2020-09-11,34.52
2020-09-14,34.86
2020-09-15,33.66
2020-09-16,33.45
2020-09-17,32.12
2020-09-18,32.84
2020-09-21,31.9
2020-09-22,33.17
2020-09-23,33.8
2020-09-24,32.45
2020-09-25,33.6
2020-09-28,32.5
2020-09-29,31.21
2020-09-30,31.2
2020-10-01,31.95
2020-10-02,31.1
2020-10-05,31.4
2020-10-06,31.69
2020-10-07,31.9
2020-10-08,31.98
2020-10-09,31.98
2020-10-12,31.2
2020-10-13,32.18
2020-10-14,32.05
2020-10-15,32.16
2020-10-16,32.1
2020-10-19,32.09
2020-10-20,32.0
2020-10-21,32.2
2020-10-22,31.75
2020-10-23,32.0
2020-10-26,32.0
2020-10-27,32.31
2020-10-28,32.2
2020-11-02,31.5
2020-11-03,32.0
2020-11-04,32.0
2020-11-05,31.99
2020-11-09,32.99
2020-11-10,32.83
2020-11-11,33.0
2020-11-12,33.0
2020-11-13,33.58
2020-11-16,33.23
2020-11-17,34.55
2020-11-19,35.93
2020-11-20,37.36
2020-11-23,37.94
2020-11-24,37.2
2020-11-25,37.49
2020-11-26,37.7
2020-11-27,37.5
2020-11-30,36.49
2020-12-01,35.04
2020-12-02,36.43
2020-12-03,37.24
2020-12-04,37.48
2020-12-07,37.49
2020-12-08,38.5
2020-12-09,39.29
2020-12-10,39.31
2020-12-11,40.0
2020-12-14,39.82
2020-12-15,39.37
2020-12-16,37.8
2020-12-17,38.0
2020-12-18,37.31
2020-12-21,35.82
2020-12-22,36.78
2020-12-23,37.4
2020-12-24,37.0
2020-12-25,36.8
2020-12-28,36.8
2020-12-29,36.0
2020-12-30,36.0
2020-12-31,35.95
2021-01-04,37.18
2021-01-05,36.6
2021-01-06,37.47
2021-01-07,37.4
2021-01-08,36.04
2021-01-12,36.96
2021-01-13,36.8
2021-01-14,36.89
2021-01-15,37.0
2021-01-18,36.72
2021-01-19,36.95
2021-01-20,36.68
2021-01-21,36.7
2021-01-22,36.7
2021-01-25,38.16
2021-01-26,39.3
2021-01-27,39.6
2021-01-28,38.08
2021-01-29,36.75
2021-02-01,37.55
2021-02-02,36.98
2021-02-03,37.46
2021-02-04,37.19
2021-02-05,38.0
2021-02-08,37.21
2021-02-09,37.35
2021-02-10,37.0
2021-02-11,36.9
2021-02-12,37.29
2021-02-15,37.0
2021-02-16,36.99
2021-02-17,37.0
2021-02-18,36.47
2021-02-19,36.6
2021-02-22,36.88
2021-02-23,36.0
2021-02-24,35.0
2021-02-25,35.15
2021-02-26,34.1
2021-03-01,35.3
2021-03-02,35.3
2021-03-03,35.99
2021-03-04,35.95
2021-03-05,35.95
2021-03-08,35.5
2021-03-09,35.5
2021-03-10,34.99
2021-03-11,34.0
2021-03-12,34.0
2021-03-15,33.5
2021-03-16,33.99
2021-03-17,33.98
2021-03-18,33.3
2021-03-19,32.6
2021-03-22,32.49
2021-03-23,32.2
2021-03-24,32.2
2021-03-25,32.0
2021-03-26,31.93
2021-03-29,31.89
2021-03-30,30.62
2021-03-31,31.05
2021-04-01,32.28
2021-04-02,32.7
2021-04-05,31.5
2021-04-06,32.32
2021-04-07,32.1
2021-04-08,31.66
2021-04-09,31.0
2021-04-12,30.0
2021-04-13,30.0
2021-04-14,30.49
2021-04-15,30.0
2021-04-16,30.88
2021-04-19,30.0
2021-04-20,29.88
2021-04-21,30.0
2021-04-22,30.39
2021-04-23,30.1
2021-04-26,30.49
2021-04-27,31.0
2021-04-28,31.0
2021-04-29,31.33
2021-04-30,31.0
2021-05-03,31.28
2021-05-04,31.97
2021-05-05,31.5
2021-05-06,30.9
2021-05-07,30.72
2021-05-10,30.8
2021-05-11,30.69
2021-05-12,30.4
2021-05-17,30.0
2021-05-18,30.0
2021-05-19,29.97
2021-05-20,30.0
2021-05-21,30.58
2021-05-24,30.95
2021-05-25,30.46
2021-05-26,31.67
2021-05-27,32.93
2021-05-28,31.62
2021-05-31,31.89
2021-06-01,32.23
2021-06-02,33.51
2021-06-03,34.85
2021-06-04,35.12
2021-06-07,36.52
2021-06-08,37.98
2021-06-09,39.49
2021-06-10,39.09
2021-06-11,40.65
2021-06-14,42.27
2021-06-15,43.96
2021-06-16,42.21
2021-06-17,41.6
2021-06-18,43.26
2021-06-21,44.99
2021-06-22,45.5
2021-06-23,44.0
2021-06-24,42.9
2021-06-25,41.19
2021-06-28,40.1
2021-06-29,41.7
2021-06-30,42.33
2021-07-01,43.04
2021-07-02,42.39
2021-07-05,40.7
2021-07-06,39.08
2021-07-07,40.64
2021-07-08,42.26
2021-07-09,42.79
2021-07-12,41.1
2021-07-13,42.2
2021-07-14,41.4
2021-07-15,42.2
2021-07-16,41.7
2021-07-19,41.37
2021-07-20,41.33
2021-07-23,40.82
2021-07-26,39.99
2021-07-27,38.4
2021-07-28,39.1
2021-07-29,38.0
2021-08-02,37.02
2021-08-03,38.5
2021-08-04,40.03
2021-08-05,40.2
2021-08-06,38.6
2021-08-09,38.37
2021-08-11,38.3
2021-08-12,38.27
2021-08-13,38.98
2021-08-16,40.53
2021-08-17,41.45
2021-08-18,42.99
2021-08-19,42.5
2021-08-23,42.5
2021-08-24,42.88
2021-08-25,42.95
2021-08-26,43.0
2021-08-27,43.28
2021-08-30,45.01
2021-08-31,45.79
2021-09-01,43.96
2021-09-02,45.0
2021-09-03,44.95
2021-09-06,45.25
2021-09-07,46.25
2021-09-08,45.7
2021-09-09,47.52
2021-09-10,47.19
2021-09-13,45.31
2021-09-14,45.0
2021-09-15,44.7
2021-09-16,43.5
2021-09-17,43.46
2021-09-20,42.3
2021-09-21,43.1
2021-09-22,43.0
2021-09-23,42.76
2021-09-24,42.76
2021-09-27,41.76
2021-09-28,41.28
2021-09-29,42.93
2021-09-30,42.3
2021-10-01,40.9
2021-10-04,40.0
2021-10-05,40.83
2021-10-06,41.82
2021-10-07,42.6
2021-10-08,42.89
2021-10-11,42.85
2021-10-12,41.6
2021-10-13,41.5
2021-10-14,41.11
2021-10-15,41.5
2021-10-18,42.0
2021-10-21,42.2
2021-10-22,42.48
2021-10-25,42.0
2021-10-26,41.22
2021-10-27,41.0
2021-10-28,41.1
2021-10-29,41.0
2021-11-01,40.67
2021-11-02,40.75
2021-11-03,40.8
2021-11-04,39.17
2021-11-05,38.41
2021-11-08,39.5
2021-11-09,40.0
2021-11-10,40.38
2021-11-11,39.91
2021-11-12,40.37
2021-11-15,40.84
2021-11-16,40.95
2021-11-17,41.3
2021-11-19,41.29
2021-11-22,40.9
2021-11-23,41.0
2021-11-24,40.5
2021-11-25,40.7
2021-11-26,40.3
2021-11-29,39.39
2021-11-30,40.0
2021-12-01,39.51
2021-12-02,38.75
2021-12-03,38.8
2021-12-06,39.73
2021-12-07,39.74
2021-12-08,40.5
2021-12-09,40.2
2021-12-10,40.0
2021-12-13,40.0
2021-12-14,40.0
2021-12-15,39.8
2021-12-16,39.0
2021-12-17,39.0
2021-12-20,39.1
2021-12-21,39.0
2021-12-22,39.0
2021-12-23,39.35
2021-12-24,39.45
2021-12-27,39.45
2021-12-28,38.0
2021-12-29,38.8
2021-12-30,37.0
2021-12-31,36.97
2022-01-03,36.5
2022-01-04,37.19
2022-01-05,38.1
2022-01-06,38.0
2022-01-07,38.4
2022-01-10,38.99
2022-01-12,39.0
2022-01-13,39.0
2022-01-14,38.9
2022-01-17,38.38
2022-01-18,38.98
2022-01-19,41.2
2022-01-20,41.97
2022-01-21,41.0
2022-01-24,40.21
2022-01-25,38.85
2022-01-26,39.74
2022-01-27,39.0
2022-01-28,39.48
2022-01-31,39.79
2022-02-01,39.4
2022-02-02,39.0
2022-02-03,39.47
2022-02-04,39.2
2022-02-07,41.55
2022-02-08,41.0
2022-02-09,43.45
2022-02-10,46.05
2022-02-11,47.0
2022-02-14,45.7
2022-02-15,46.0
2022-02-16,47.0
2022-02-17,49.81
2022-02-18,52.79
2022-02-21,55.95
2022-02-22,59.3
2022-02-23,62.85
2022-02-24,59.08
2022-02-25,59.88
2022-02-28,56.29
2022-03-01,52.92
2022-03-02,53.0
2022-03-03,50.95
2022-03-04,47.9
2022-03-07,46.01
2022-03-08,48.77
2022-03-09,51.69
2022-03-10,54.79
2022-03-11,58.07
2022-03-14,61.55
2022-03-15,63.0
2022-03-16,63.15
2022-03-17,59.62
2022-03-18,59.51
2022-03-21,59.01
2022-03-22,56.0
2022-03-23,53.0
2022-03-24,52.06
2022-03-25,55.18
2022-03-28,58.49
2022-03-29,61.99
2022-03-30,61.5
2022-03-31,63.99
2022-04-01,63.25
2022-04-04,59.46
2022-04-05,63.02
2022-04-06,66.8
2022-04-07,70.0
2022-04-08,69.95
2022-04-11,74.14
2022-04-12,74.5
2022-04-13,73.0
2022-04-14,74.0
2022-04-15,74.23
2022-04-18,74.2
2022-04-19,72.0
2022-04-20,69.15
2022-04-21,71.09
2022-04-22,72.9
2022-04-25,69.0
2022-04-26,68.79
2022-04-27,72.91
2022-04-28,74.71
2022-04-29,74.95
2022-05-04,76.55
2022-05-05,76.0
2022-05-06,74.0
2022-05-09,72.63
2022-05-10,70.4
2022-05-11,71.5
2022-05-12,70.0
2022-05-13,71.15
2022-05-16,70.45
2022-05-17,68.5
2022-05-18,69.98
2022-05-19,70.4
2022-05-20,69.37
2022-05-23,68.1
2022-05-24,66.9
2022-05-25,69.5
2022-05-26,67.8
2022-05-27,68.45
2022-05-30,68.99
2022-05-31,68.85
2022-06-01,70.0
2022-06-02,69.5
2022-06-03,70.0
2022-06-06,69.55
2022-06-07,69.1
2022-06-08,69.0
2022-06-09,69.45
2022-06-10,69.0
2022-06-13,67.96
2022-06-14,63.89
2022-06-15,61.0
2022-06-16,60.0
2022-06-17,60.0
2022-06-20,61.0
2022-06-21,64.65
2022-06-22,60.78
2022-06-23,58.2
2022-06-24,58.0
2022-06-27,54.53
2022-06-28,53.8
2022-06-29,57.02
2022-06-30,59.0
2022-07-01,55.47
2022-07-04,53.0
2022-07-05,53.0
2022-07-06,53.99
2022-07-07,55.87
2022-07-08,54.1
2022-07-12,55.0
2022-07-13,55.5
2022-07-14,56.3
2022-07-15,55.23
2022-07-18,56.0
2022-07-19,57.5
2022-07-20,54.06
2022-07-21,54.51
2022-07-22,55.64
2022-07-25,54.5
2022-07-26,54.0
2022-07-27,54.0
2022-07-28,54.0
2022-07-29,54.47
2022-08-01,55.8
2022-08-02,55.06
2022-08-03,56.16
2022-08-04,55.2
2022-08-05,55.8
2022-08-08,55.51
2022-08-09,56.0
2022-08-10,57.99
2022-08-11,59.49
2022-08-12,61.21
2022-08-15,62.38
2022-08-16,62.09
2022-08-17,61.89
2022-08-18,63.79
2022-08-19,64.8
2022-08-22,62.84
2022-08-23,63.0
2022-08-24,63.8
2022-08-25,64.0
2022-08-26,65.0
2022-08-29,65.0
2022-08-30,63.3
2022-08-31,63.8
2022-09-01,64.83
2022-09-02,66.0
2022-09-05,67.55
2022-09-06,66.79
2022-09-07,66.5
2022-09-08,67.84
2022-09-09,68.0
2022-09-12,67.75
2022-09-13,66.7
2022-09-14,66.94
2022-09-15,66.5
2022-09-16,66.21
2022-09-19,65.02
2022-09-20,65.77
2022-09-21,63.4
2022-09-22,63.31
2022-09-23,62.0
2022-09-26,62.3
2022-09-27,60.3
2022-09-28,63.79
2022-09-29,63.0
2022-09-30,63.99
2022-10-03,67.07
2022-10-04,66.85
2022-10-05,65.99
2022-10-06,64.99
2022-10-07,64.95
2022-10-11,63.69
2022-10-12,63.0
2022-10-13,60.5
2022-10-14,60.02
2022-10-17,59.0
2022-10-18,59.88
2022-10-19,59.0
2022-10-20,55.47
2022-10-21,54.5
2022-10-24,54.3
2022-10-25,57.0
2022-10-26,58.0
2022-10-27,59.7
2022-10-28,57.33
2022-10-31,57.5
2022-11-01,57.8
2022-11-02,57.49
2022-11-03,57.9
2022-11-04,57.0
2022-11-07,56.5
2022-11-08,55.0
2022-11-09,55.0
2022-11-10,54.99
2022-11-11,54.0
2022-11-14,55.4
2022-11-15,55.4
2022-11-16,54.2
2022-11-17,55.0
2022-11-21,55.0
2022-11-22,56.5
2022-11-23,57.9
2022-11-24,58.0
2022-11-25,57.0
2022-11-28,57.0
2022-11-29,57.0
2022-11-30,57.0
2022-12-01,57.3
2022-12-02,57.5
2022-12-05,56.0
2022-12-06,56.0
2022-12-07,57.0
2022-12-08,57.44
2022-12-09,56.99
2022-12-12,55.68
2022-12-13,56.0
2022-12-14,56.0
2022-12-15,55.67
2022-12-16,52.33
2022-12-19,52.91
2022-12-20,52.5
2022-12-21,53.0
2022-12-22,53.73
2022-12-23,54.0
2022-12-26,54.0
2022-12-27,52.51
2022-12-28,52.0
2022-12-29,52.5
2022-12-30,52.0
2023-01-02,50.37
2023-01-03,48.98
2023-01-04,47.0
2023-01-05,44.19
2023-01-06,45.0
2023-01-09,44.0
2023-01-10,42.98
2023-01-12,45.5
2023-01-13,48.22
2023-01-16,51.1
2023-01-17,50.0
2023-01-18,49.1
2023-01-19,49.95
2023-01-20,48.9
2023-01-23,48.0
2023-01-24,47.21
2023-01-25,49.8
2023-01-26,51.0
2023-01-27,51.48
2023-01-30,51.83
2023-01-31,52.2
2023-02-01,52.0
2023-02-02,51.5
2023-02-03,51.5
2023-02-06,52.94
2023-02-07,52.8
2023-02-08,52.0
2023-02-09,52.99
2023-02-10,54.42
2023-02-13,54.0
2023-02-14,53.04
2023-02-15,52.8
2023-02-16,54.49
2023-02-17,54.87
2023-02-20,54.0
2023-02-21,53.0
2023-02-22,52.0
2023-02-23,51.99
2023-02-24,52.78
2023-02-27,53.0
2023-02-28,56.0
2023-03-01,55.0
2023-03-02,54.7
2023-03-03,52.65
2023-03-06,53.0
2023-03-07,54.99
2023-03-08,54.8
2023-03-09,54.0
2023-03-10,53.0
2023-03-13,52.1
2023-03-14,53.0
2023-03-15,52.0
2023-03-16,52.0
2023-03-17,51.0
2023-03-20,51.5
2023-03-21,52.0
2023-03-22,52.48
2023-03-23,53.95
2023-03-24,55.0
2023-03-27,54.82
2023-03-28,55.6
2023-03-29,57.48
2023-03-30,60.92
2023-03-31,62.12
2023-04-03,60.4
2023-04-04,61.4
2023-04-05,61.0
2023-04-06,61.37
2023-04-07,61.3
2023-04-10,61.0
2023-04-11,60.0
2023-04-12,59.5
2023-04-13,60.0
2023-04-14,59.26
2023-04-17,59.25
2023-04-18,59.0
2023-04-19,59.95
2023-04-20,60.4
2023-04-21,59.5
2023-04-25,59.97
2023-04-26,59.5
2023-04-27,61.5
2023-04-28,64.5
2023-05-02,64.0
2023-05-03,62.21
2023-05-04,63.87
2023-05-05,63.99
2023-05-08,63.5
2023-05-09,62.66
2023-05-10,64.34
2023-05-11,64.49
2023-05-12,64.9
2023-05-15,66.0
2023-05-16,67.0
2023-05-17,65.7
2023-05-18,64.51
2023-05-19,65.01
2023-05-22,64.6
2023-05-23,65.2
2023-05-24,64.5
2023-05-25,63.6
2023-05-26,65.5
2023-05-29,67.0
2023-05-30,66.6
2023-05-31,69.8
2023-06-01,69.5
2023-06-02,69.97
2023-06-05,72.2
2023-06-06,71.06
2023-06-07,69.5
2023-06-08,67.7
2023-06-09,68.5
2023-06-12,70.0
2023-06-13,73.0
2023-06-14,73.9
2023-06-15,78.0
2023-06-16,75.45
2023-06-19,75.2
2023-06-20,79.71
2023-06-21,79.98
2023-06-22,79.27
2023-06-23,80.3
2023-06-26,79.5
2023-06-27,80.8
2023-06-28,81.2
2023-07-03,81.31
2023-07-04,86.0
2023-07-05,87.5
2023-07-06,88.0
2023-07-07,88.6
2023-07-10,87.0
2023-07-11,86.0
2023-07-12,84.0
2023-07-13,86.0
2023-07-14,84.25
2023-07-17,84.9
2023-07-18,87.4
2023-07-20,85.6
2023-07-21,86.0
2023-07-24,84.0
2023-07-25,82.0
2023-07-26,82.01
2023-07-27,84.0
2023-07-28,85.98
2023-07-31,88.0
2023-08-01,87.0
2023-08-02,87.08
2023-08-03,85.7
2023-08-04,85.75
2023-08-07,85.8
2023-08-08,84.6
2023-08-09,84.5
2023-08-10,86.9
2023-08-11,86.0
2023-08-15,86.0
2023-08-16,85.5
2023-08-17,86.5
2023-08-18,85.0
2023-08-22,86.48
2023-08-23,86.99
2023-08-24,86.49
2023-08-25,86.45
2023-08-28,87.0
2023-08-29,86.9
2023-08-30,92.11
2023-08-31,96.0
2023-09-01,95.0
2023-09-04,98.5
2023-09-05,98.6
2023-09-06,97.8
2023-09-07,95.89
2023-09-08,97.5
2023-09-11,93.01
2023-09-12,94.0
2023-09-13,96.0
2023-09-14,101.75
2023-09-15,100.0
2023-09-18,105.6
2023-09-19,109.05
2023-09-20,115.55
2023-09-21,108.65
2023-09-22,114.0
2023-09-25,117.5
2023-09-26,112.95
2023-09-27,114.9
2023-10-02,110.0
2023-10-03,107.0
2023-10-04,104.0
2023-10-05,110.2
2023-10-06,110.7
2023-10-09,107.0
2023-10-10,108.5
2023-10-11,109.6
2023-10-12,110.5
2023-10-13,107.65
2023-10-16,107.0
2023-10-17,104.0
2023-10-18,114.35
2023-10-19,118.0
2023-10-20,114.3
2023-10-23,110.25
2023-10-24,111.7
2023-10-25,112.0
2023-10-26,109.0
2023-10-27,108.0
2023-10-30,109.5
2023-10-31,109.85
2023-11-01,109.0
2023-11-02,107.1
2023-11-03,107.35
2023-11-07,108.5
2023-11-08,107.9
2023-11-09,108.15
2023-11-10,108.95
2023-11-13,111.0
2023-11-14,112.0
2023-11-15,111.6
2023-11-16,111.0
2023-11-17,110.5
2023-11-20,113.0
2023-11-21,112.0
2023-11-22,109.1
2023-11-23,109.0
2023-11-24,109.9
2023-11-27,109.8
2023-11-28,108.05
2023-11-29,107.5
2023-11-30,109.55
2023-12-01,104.95
2023-12-04,105.5
2023-12-05,108.5
2023-12-06,106.5
2023-12-07,106.9
2023-12-08,108.7
2023-12-11,107.3
2023-12-12,107.6
2023-12-13,108.0
2023-12-14,112.95
2023-12-15,114.4
2023-12-18,114.4
2023-12-19,117.0
2023-12-20,116.0
2023-12-21,114.9
2023-12-22,115.0
2023-12-25,113.8
2023-12-26,113.6
2023-12-27,113.9
2023-12-28,115.0
2023-12-29,115.5
2024-01-02,123.5
2024-01-03,130.0
2024-01-04,139.25
2024-01-05,141.0
2024-01-08,143.65
2024-01-09,142.0
2024-01-10,141.0
2024-01-12,137.0
2024-01-15,135.25
2024-01-16,139.5
2024-01-17,147.0
2024-01-18,155.0
2024-01-19,152.9
2024-01-22,152.1
2024-01-23,156.0
2024-01-24,156.0
2024-01-25,155.0
2024-01-26,153.0
2024-01-29,150.6
2024-01-30,154.5
2024-01-31,160.25
2024-02-01,156.0
2024-02-02,153.8
2024-02-05,151.1
2024-02-06,154.0
2024-02-07,156.5
2024-02-08,158.0
2024-02-09,157.0
2024-02-12,156.0
2024-02-13,155.0
2024-02-14,155.0
2024-02-15,154.85
2024-02-16,160.0
2024-02-19,160.0
2024-02-20,157.0
2024-02-21,157.95
2024-02-22,158.0
2024-02-23,163.5
2024-02-26,166.7
2024-02-27,172.9
2024-02-28,170.0
2024-02-29,170.4
2024-03-01,169.65
2024-03-04,172.0
2024-03-05,177.5
2024-03-06,178.0
2024-03-07,175.05
2024-03-08,176.0
2024-03-11,176.95
2024-03-12,176.3
2024-03-13,176.45
2024-03-14,178.5
2024-03-15,184.0
2024-03-18,189.0
2024-03-19,191.0
2024-03-20,185.0
2024-03-21,189.0
2024-03-22,191.0
2024-03-25,191.0
2024-03-26,190.0
2024-03-27,190.0
2024-03-28,196.0
2024-03-29,202.0
2024-04-01,222.1
2024-04-02,234.95
2024-04-03,238.0
2024-04-04,231.0
2024-04-05,238.0
2024-04-08,261.75
2024-04-09,270.0
2024-04-15,280.0
2024-04-16,261.85
2024-04-17,245.0
2024-04-18,251.8
2024-04-19,240.0
2024-04-22,216.05
2024-04-23,236.0
2024-04-24,233.0
2024-04-25,235.0
2024-04-26,237.0
2024-04-29,235.35
2024-04-30,233.1
2024-05-02,236.1
2024-05-03,229.4
2024-05-06,224.95
2024-05-07,226.8
2024-05-08,229.5
2024-05-09,238.5
2024-05-10,249.0
2024-05-13,252.0
2024-05-14,252.0
2024-05-15,255.15
2024-05-16,247.05
2024-05-17,250.0
2024-05-20,247.1
2024-05-21,245.9
2024-05-22,242.0
2024-05-23,240.0
2024-05-24,240.5
2024-05-27,250.0
2024-05-28,255.7
2024-05-29,250.0
2024-05-30,249.95
2024-05-31,245.0
2024-06-03,246.1
2024-06-04,251.0
2024-06-05,239.5
2024-06-06,244.0
2024-06-07,240.0
2024-06-10,245.0
2024-06-11,243.0
2024-06-12,245.0
2024-06-13,247.0
2024-06-14,250.0
2024-06-19,252.0
2024-06-20,252.9
2024-06-21,248.0
2024-06-24,244.55
2024-06-25,250.0
2024-06-26,249.85
2024-06-27,246.15
2024-06-28,246.0
2024-07-01,244.9
2024-07-02,240.0
2024-07-03,236.0
2024-07-04,240.0
2024-07-05,245.0
2024-07-08,244.8
2024-07-09,242.2
2024-07-10,244.95
2024-07-11,240.3
2024-07-12,239.0
2024-07-15,240.0
2024-07-16,240.0
2024-07-17,246.7
2024-07-18,250.0
2024-07-19,251.0
2024-07-22,259.0
2024-07-23,259.0
2024-07-24,255.0
2024-07-25,253.9
2024-07-26,258.0
2024-07-29,263.0
2024-07-31,263.0
2024-08-01,259.5
2024-08-02,259.75
2024-08-05,239.0
2024-08-06,248.0
2024-08-07,249.0
2024-08-08,246.7
2024-08-09,248.4
2024-08-12,250.0
2024-08-13,245.1
2024-08-15,249.45
2024-08-16,248.5
2024-08-19,250.0
2024-08-22,253.0
2024-08-23,250.0
2024-08-26,250.1
2024-08-27,250.0
2024-08-28,253.0
2024-08-29,266.9
2024-08-30,266.5
2024-09-02,293.1
2024-09-03,283.0
2024-09-04,280.0
2024-09-05,287.0
2024-09-06,290.0
2024-09-09,310.0
2024-09-10,305.0
2024-09-11,302.0
2024-09-12,303.0
2024-09-13,302.5
2024-09-18,311.15
2024-09-19,317.0
2024-09-20,320.0
2024-09-23,322.0
2024-09-24,313.9
2024-09-25,318.0
2024-09-26,320.0
2024-09-27,325.0
2024-09-30,323.0
2024-10-01,306.0
2024-10-02,301.0
2024-10-03,300.0
2024-10-04,297.0
2024-10-07,296.0
2024-10-08,292.0
2024-10-09,300.0
2024-10-10,301.0
2024-10-11,300.0
2024-10-14,293.0
2024-10-15,291.05
2024-10-16,288.0
2024-10-17,310.0
2024-10-18,300.0
2024-10-21,300.0
2024-10-22,305.0
2024-10-23,325.0
2024-10-24,328.0
2024-10-25,323.0
2024-10-28,335.0
2024-10-29,333.1
2024-10-30,326.6
2024-10-31,325.0
2024-11-01,325.0
2024-11-04,324.15
2024-11-05,325.0
2024-11-07,335.0
2024-11-08,346.0
2024-11-11,350.0
2024-11-12,350.0
2024-11-13,348.1
2024-11-14,348.4
2024-11-15,366.0
2024-11-19,372.0
2024-11-20,383.9
2024-11-21,375.5
2024-11-22,380.0
2024-11-25,384.8
2024-11-26,392.5
2024-11-27,404.0
2024-11-28,406.0
2024-11-29,411.0
2024-12-02,412.0
2024-12-03,413.0
2024-12-04,422.9
2024-12-05,440.0
2024-12-06,454.0
2024-12-09,450.0
2024-12-10,443.85
2024-12-11,438.9
2024-12-12,439.0
2024-12-13,441.0
2024-12-16,441.7
2024-12-17,447.9
2024-12-18,449.15
2024-12-19,444.5
2024-12-20,443.0
2024-12-23,441.3
2024-12-24,438.0
2024-12-25,438.9
2024-12-26,441.0
2024-12-27,444.0
2024-12-30,460.0
2024-12-31,480.0
2025-01-02,520.0
2025-01-03,525.0
2025-01-06,520.5
2025-01-07,530.0
2025-01-08,545.0
2025-01-09,532.0
2025-01-10,518.0
2025-01-13,519.0
2025-01-15,520.0
2025-01-16,527.0
2025-01-17,527.0
2025-01-20,525.5
2025-01-21,506.0
2025-01-22,509.0
2025-01-23,515.0
2025-01-24,518.0
2025-01-27,514.0
2025-01-28,518.0
2025-01-29,529.5
2025-01-30,540.0
2025-01-31,542.0
2025-02-03,532.5
2025-02-04,538.7
2025-02-05,538.0
2025-02-06,534.3
2025-02-07,540.0
2025-02-10,532.3
2025-02-11,532.2
2025-02-12,541.0
2025-02-13,550.0
2025-02-14,569.4
2025-02-17,579.8
2025-02-18,589.0
2025-02-19,610.5
2025-02-20,600.0
2025-02-21,581.0
2025-02-24,575.0
2025-02-25,576.1
2025-02-26,605.0
2025-02-27,590.0
2025-02-28,570.0
2025-03-03,575.0
2025-03-04,567.0
2025-03-05,559.0
2025-03-06,550.0
2025-03-07,558.0
2025-03-10,560.0
2025-03-11,545.0
2025-03-12,534.1
2025-03-13,547.1
2025-03-14,546.2
2025-03-17,548.0
2025-03-18,550.0
2025-03-19,559.0
2025-03-20,551.0
2025-03-21,550.0
2025-03-24,550.0
2025-03-25,559.5
2025-03-26,550.0
2025-03-27,541.0
2025-03-28,555.0
2025-04-02,554.9
2025-04-03,530.0
2025-04-04,533.0
2025-04-07,479.75
2025-04-08,480.0
2025-04-09,454.0
2025-04-10,470.45
2025-04-11,458.0
2025-04-14,465.5
2025-04-15,510.0
2025-04-16,509.0
2025-04-17,507.1
2025-04-18,506.5
2025-04-21,506.5
2025-04-22,502.8
2025-04-23,493.9
2025-04-24,489.8
2025-04-25,483.0
2025-04-28,492.95
2025-04-29,485.1
2025-04-30,480.0
2025-05-02,488.0
2025-05-05,493.95
2025-05-06,514.0
2025-05-07,510.8
2025-05-08,506.0
2025-05-09,519.0
