date,ATH
2000-01-06,19.875
2000-01-07,21.0
2000-01-13,20.915
2000-01-19,19.7
2000-01-21,18.55
2000-01-24,18.55
2000-01-31,19.65
2000-02-02,19.5
2000-02-07,19.0
2000-02-29,17.5
2000-03-02,18.3
2000-03-08,18.6
2000-03-10,18.5
2000-03-13,18.3
2000-03-14,18.503
2000-03-16,18.5
2000-03-20,18.5
2000-03-21,18.5
2000-03-22,18.3
2000-03-27,18.95
2000-03-30,17.825
2000-03-31,18.45
2000-04-18,17.625
2000-04-21,17.1
2000-04-26,17.1
2000-04-27,17.05
2000-05-05,17.35
2000-05-15,19.45
2000-05-16,18.3
2000-05-23,18.3
2000-05-26,17.25
2000-06-07,17.3
2000-06-22,18.0
2000-06-26,18.0
2000-06-27,17.75
2000-06-28,17.3
2000-06-29,17.5
2000-07-13,17.5
2000-07-17,17.25
2000-07-21,16.75
2000-07-26,15.75
2000-07-28,15.5
2000-08-01,15.0
2000-08-16,17.2
2000-08-28,16.0
2000-09-05,15.75
2000-09-07,15.75
2000-09-11,15.65
2000-09-13,15.75
2000-09-14,15.747
2000-09-19,15.55
2000-09-20,15.55
2000-10-02,15.55
2000-10-03,16.45
2000-10-19,15.465
2000-11-13,15.255
2000-11-21,15.05
2000-11-22,14.25
2000-12-07,14.945
2000-12-08,14.25
2000-12-15,15.105
2000-12-21,15.0
2000-12-22,15.0
2001-01-05,14.25
2001-01-10,15.0
2001-01-16,15.0
2001-01-17,15.0
2001-01-18,15.0
2001-01-19,14.1
2001-01-22,14.1
2001-01-23,14.1
2001-01-24,14.1
2001-01-25,14.1
2001-01-26,14.1
2001-01-29,14.1
2001-01-30,14.1
2001-01-31,14.1
2001-02-01,14.1
2001-02-02,14.1
2001-02-05,14.1
2001-02-06,13.75
2001-02-07,13.75
2001-02-08,13.75
2001-02-09,14.997
2001-02-12,14.997
2001-02-13,15.0
2001-02-15,15.0
2001-02-16,15.0
2001-02-19,15.0
2001-02-20,15.0
2001-02-21,15.0
2001-02-22,14.997
2001-02-23,14.95
2001-02-26,14.1
2001-02-28,14.1
2001-03-01,14.1
2001-03-02,14.85
2001-03-05,14.85
2001-03-08,14.85
2001-03-09,14.85
2001-03-12,13.85
2001-03-13,13.85
2001-03-14,13.75
2001-03-15,13.75
2001-03-16,13.75
2001-03-19,13.75
2001-03-20,13.75
2001-03-21,13.75
2001-03-22,13.75
2001-03-23,13.75
2001-03-26,13.85
2001-03-28,13.85
2001-03-29,13.85
2001-03-30,13.85
2001-04-02,13.85
2001-04-03,13.85
2001-04-04,13.85
2001-04-05,13.85
2001-04-06,13.85
2001-04-09,13.85
2001-04-10,13.85
2001-04-11,13.85
2001-04-12,13.85
2001-04-13,13.85
2001-04-16,13.85
2001-04-17,13.8
2001-04-18,13.8
2001-04-19,13.8
2001-04-20,13.8
2001-04-23,13.8
2001-04-24,13.8
2001-04-25,13.8
2001-04-26,13.8
2001-04-27,13.8
2001-04-30,13.8
2001-05-02,13.813
2001-05-03,13.813
2001-05-04,13.8
2001-05-07,13.8
2001-05-08,13.8
2001-05-09,13.8
2001-05-10,13.85
2001-05-11,13.85
2001-05-14,13.8
2001-05-15,13.8
2001-05-16,13.8
2001-05-17,13.8
2001-05-18,13.8
2001-05-21,13.8
2001-05-22,13.8
2001-05-23,13.8
2001-05-24,13.8
2001-05-25,13.8
2001-05-28,13.8
2001-05-29,13.8
2001-05-30,13.8
2001-05-31,13.8
2001-06-01,13.8
2001-06-04,13.8
2001-06-07,13.8
2001-06-08,13.8
2001-06-11,13.8
2001-06-12,14.6
2001-06-13,13.75
2001-06-14,13.75
2001-06-15,13.75
2001-06-18,13.75
2001-06-19,13.75
2001-06-20,13.75
2001-06-21,13.75
2001-06-22,13.75
2001-06-25,13.75
2001-06-26,13.75
2001-06-27,13.85
2001-06-28,13.85
2001-06-29,14.5
2001-07-02,13.75
2001-07-03,13.45
2001-07-04,13.45
2001-07-05,13.45
2001-07-06,13.45
2001-07-09,13.45
2001-07-10,14.25
2001-07-11,14.25
2001-07-12,14.403
2001-07-13,14.403
2001-07-16,14.403
2001-07-17,14.403
2001-07-18,14.403
2001-07-19,14.403
2001-07-20,14.403
2001-07-23,14.403
2001-07-24,14.403
2001-07-25,14.403
2001-07-26,13.55
2001-07-27,13.55
2001-07-31,13.55
2001-08-01,13.55
2001-08-02,13.55
2001-08-03,13.55
2001-08-06,13.55
2001-08-07,13.55
2001-08-08,13.55
2001-08-09,13.55
2001-08-10,13.55
2001-08-13,13.55
2001-08-15,13.55
2001-08-16,13.55
2001-08-17,13.55
2001-08-22,13.55
2001-08-23,13.55
2001-08-24,13.553
2001-08-27,13.553
2001-08-28,13.553
2001-08-29,13.553
2001-08-30,13.913
2001-08-31,13.913
2001-09-03,13.913
2001-09-04,13.9
2001-09-05,13.9
2001-09-06,13.9
2001-09-07,13.9
2001-09-10,13.9
2001-09-11,14.25
2001-09-12,14.25
2001-09-13,14.25
2001-09-14,14.25
2001-09-17,14.25
2001-09-18,14.25
2001-09-19,14.25
2001-09-20,14.25
2001-09-21,14.26
2001-09-24,14.263
2001-09-25,14.263
2001-09-26,14.263
2001-09-27,14.263
2001-09-28,14.265
2001-10-01,14.265
2001-10-02,14.3
2001-10-03,14.3
2001-10-04,14.3
2001-10-05,14.3
2001-10-08,14.3
2001-10-09,14.3
2001-10-10,14.325
2001-10-11,14.9
2001-10-12,14.9
2001-10-15,14.45
2001-10-16,14.45
2001-10-17,14.45
2001-10-18,14.45
2001-10-19,14.45
2001-10-22,13.75
2001-10-23,13.75
2001-10-24,13.75
2001-10-25,13.75
2001-10-26,13.75
2001-10-29,13.75
2001-10-30,13.75
2001-10-31,13.75
2001-11-01,13.75
2001-11-05,13.75
2001-11-07,13.75
2001-11-08,13.75
2001-11-09,13.75
2001-11-12,13.75
2001-11-13,13.75
2001-11-14,13.75
2001-11-15,13.75
2001-11-16,13.75
2001-11-19,13.75
2001-11-20,13.75
2001-11-21,13.747
2001-11-22,13.747
2001-11-23,13.747
2001-11-26,13.747
2001-11-27,13.747
2001-11-28,13.747
2001-11-29,13.747
2001-12-03,13.747
2001-12-04,13.747
2001-12-05,13.747
2001-12-06,13.747
2001-12-07,13.747
2001-12-10,13.747
2001-12-11,13.747
2001-12-12,13.747
2001-12-13,13.747
2001-12-14,13.747
2001-12-19,13.747
2001-12-20,13.747
2001-12-21,13.747
2001-12-24,13.747
2001-12-25,13.747
2001-12-26,13.747
2001-12-27,13.747
2001-12-28,12.925
2001-12-31,12.925
2002-01-04,12.925
2002-01-09,12.925
2002-01-10,12.925
2002-01-14,12.925
2002-01-15,12.925
2002-01-16,12.925
2002-01-17,12.925
2002-01-18,12.925
2002-01-21,12.925
2002-01-22,12.925
2002-01-23,12.925
2002-01-24,12.925
2002-01-25,12.15
2002-01-28,11.55
2002-01-29,11.55
2002-01-30,11.55
2002-01-31,11.55
2002-02-01,11.6
2002-02-04,11.6
2002-02-05,11.6
2002-02-06,11.6
2002-02-07,11.6
2002-02-08,11.25
2002-02-11,11.25
2002-02-12,11.453
2002-02-13,11.453
2002-02-14,11.453
2002-02-15,11.25
2002-02-18,11.25
2002-02-19,11.25
2002-02-20,11.25
2002-02-21,11.25
2002-02-22,11.25
2002-02-26,11.25
2002-02-27,11.25
2002-02-28,11.25
2002-03-01,11.25
2002-03-04,11.25
2002-03-05,11.25
2002-03-06,11.25
2002-03-07,11.25
2002-03-08,10.85
2002-03-11,10.85
2002-03-12,10.85
2002-03-13,10.85
2002-03-14,10.85
2002-03-18,10.85
2002-03-19,10.85
2002-03-20,10.85
2002-03-21,10.85
2002-03-22,10.85
2002-03-25,10.85
2002-03-26,10.85
2002-03-27,10.85
2002-03-28,10.85
2002-03-29,10.85
2002-04-01,10.85
2002-04-02,10.85
2002-04-03,10.85
2002-04-05,10.85
2002-04-08,10.85
2002-04-09,10.255
2002-04-10,10.255
2002-04-11,10.35
2002-04-12,10.35
2002-04-15,10.5
2002-04-16,10.45
2002-04-17,10.75
2002-04-22,11.1
2002-05-02,11.0
2002-05-03,11.0
2002-05-06,11.0
2002-05-07,11.0
2002-05-10,10.35
2002-05-13,10.5
2002-05-14,10.25
2002-05-21,10.35
2002-05-23,10.35
2002-06-12,10.95
2002-06-13,10.55
2002-06-14,10.55
2002-06-18,11.15
2002-06-19,10.55
2002-06-21,10.55
2002-06-25,10.5
2002-07-25,10.0
2002-07-26,9.9
2002-08-02,9.9
2002-08-05,9.9
2002-08-07,9.25
2002-08-08,9.25
2002-08-19,10.0
2002-08-28,9.3
2002-08-30,9.35
2002-09-05,9.325
2002-09-24,9.325
2002-09-25,9.5
2002-09-26,9.6
2002-10-01,9.7
2002-10-04,9.5
2002-10-10,9.7
2002-10-11,9.7
2002-10-15,9.95
2002-10-16,9.7
2002-10-17,9.7
2002-10-18,9.925
2002-10-22,9.71
2002-10-23,9.7
2002-10-24,9.7
2002-10-25,9.7
2002-10-29,9.7
2002-11-05,9.5
2002-11-21,9.5
2002-12-09,9.7
2002-12-24,9.7
2002-12-27,9.7
2003-01-02,9.85
2003-01-03,9.7
2003-01-14,9.85
2003-01-20,9.85
2003-01-28,9.948
2003-01-31,10.0
2003-02-03,10.0
2003-02-04,10.0
2003-02-05,10.0
2003-02-06,10.0
2003-02-10,10.0
2003-02-18,11.0
2003-03-04,11.0
2003-03-13,10.35
2003-03-17,10.35
2003-03-18,10.35
2003-03-19,10.25
2003-03-20,10.25
2003-03-21,10.25
2003-03-24,10.25
2003-03-25,10.25
2003-03-26,10.25
2003-03-31,10.25
2003-04-02,10.5
2003-04-16,10.5
2003-04-17,10.5
2003-04-18,11.0
2003-04-23,11.25
2003-05-12,11.25
2003-05-13,11.25
2003-05-16,10.825
2003-05-19,11.25
2003-05-20,11.25
2003-05-26,11.15
2003-05-30,10.6
2003-06-10,10.6
2003-06-11,10.6
2003-06-12,10.8
2003-06-13,10.9
2003-06-18,10.8
2003-06-24,10.805
2003-06-25,10.85
2003-07-04,10.1
2003-07-07,10.25
2003-07-14,10.15
2003-07-15,10.15
2003-07-23,10.0
2003-07-28,10.25
2003-08-05,10.25
2003-08-11,10.25
2003-08-12,10.3
2003-08-22,10.4
2003-08-26,10.51
2003-08-28,10.9
2003-09-01,10.7
2003-09-02,10.7
2003-09-04,10.7
2003-09-08,11.0
2003-09-09,10.75
2003-09-10,10.5
2003-09-11,10.55
2003-09-12,10.575
2003-09-16,10.55
2003-09-19,10.548
2003-09-22,10.55
2003-09-26,10.5
2003-09-29,10.8
2003-10-02,10.525
2003-10-03,10.8
2003-10-17,11.0
2003-10-20,11.25
2003-10-27,11.353
2003-10-28,12.033
2003-10-29,12.65
2003-11-05,11.3
2003-11-10,11.553
2003-11-12,11.55
2003-11-13,12.2
2003-11-14,12.203
2003-11-20,12.25
2003-12-01,12.4
2003-12-02,12.4
2003-12-04,12.403
2003-12-05,12.403
2003-12-08,12.45
2003-12-09,12.6
2003-12-12,12.6
2003-12-15,12.75
2003-12-17,12.75
2003-12-18,12.8
2003-12-19,12.8
2003-12-23,13.3
2003-12-24,12.805
2003-12-26,12.75
2004-01-02,12.75
2004-01-09,12.5
2004-01-16,12.5
2004-01-19,12.75
2004-01-27,12.75
2004-01-28,13.0
2004-01-29,12.65
2004-01-30,13.0
2004-02-03,13.25
2004-02-10,13.75
2004-02-12,14.0
2004-02-13,14.2
2004-02-16,15.05
2004-02-25,15.005
2004-03-03,15.055
2004-03-05,15.253
2004-03-10,16.5
2004-03-12,18.495
2004-03-15,19.55
2004-03-16,19.75
2004-03-17,18.6
2004-03-18,19.25
2004-03-19,19.0
2004-03-22,19.2
2004-03-24,18.05
2004-03-31,18.75
2004-04-01,19.25
2004-04-02,20.0
2004-04-05,20.0
2004-04-08,19.9
2004-04-09,19.75
2004-04-13,20.05
2004-04-16,20.15
2004-04-22,20.0
2004-04-23,20.5
2004-04-26,20.75
2004-04-27,20.75
2004-04-28,20.9
2004-04-29,21.2
2004-05-04,21.197
2004-05-06,20.0
2004-05-07,20.0
2004-05-11,20.5
2004-05-17,20.5
2004-05-18,20.0
2004-05-19,20.45
2004-05-25,20.5
2004-05-26,20.5
2004-05-27,20.05
2004-06-10,20.5
2004-07-09,18.5
2004-07-12,19.605
2004-07-19,20.5
2004-07-20,20.498
2004-07-28,20.35
2004-08-11,19.75
2004-08-17,20.5
2004-08-18,20.498
2004-08-19,20.5
2004-08-23,20.5
2004-08-27,20.5
2004-09-01,20.5
2004-09-06,20.5
2004-09-13,20.25
2004-09-21,20.055
2004-09-22,20.153
2004-09-24,20.15
2004-09-28,20.25
2004-09-30,20.25
2004-10-04,20.2
2004-10-08,20.2
2004-10-11,20.2
2004-10-12,20.2
2004-10-14,20.2
2004-10-19,20.2
2004-10-20,19.0
2004-10-21,19.0
2004-10-22,19.0
2004-10-25,19.01
2004-10-26,19.05
2004-10-28,18.95
2004-11-02,20.05
2004-11-16,18.85
2004-11-23,18.5
2004-11-24,18.503
2004-11-29,18.5
2004-11-30,18.5
2004-12-06,18.1
2004-12-10,18.103
2004-12-16,18.5
2004-12-17,18.503
2004-12-21,18.85
2004-12-27,19.055
2004-12-28,19.15
2004-12-29,19.25
2005-01-03,19.503
2005-01-10,20.673
2005-01-12,20.5
2005-01-14,20.5
2005-01-17,19.75
2005-01-20,20.25
2005-01-27,20.75
2005-01-28,21.25
2005-01-31,21.5
2005-02-01,21.5
2005-02-02,21.51
2005-02-08,22.0
2005-02-09,22.5
2005-02-11,22.5
2005-02-14,22.5
2005-02-16,22.5
2005-02-21,22.5
2005-02-22,23.85
2005-02-25,22.5
2005-03-02,22.0
2005-03-03,21.975
2005-03-04,22.25
2005-03-07,21.95
2005-03-08,21.95
2005-03-09,22.5
2005-03-10,23.0
2005-03-11,23.0
2005-03-14,22.5
2005-03-16,22.5
2005-03-22,22.35
2005-03-24,22.5
2005-03-28,22.5
2005-04-04,21.25
2005-04-06,21.25
2005-04-07,21.25
2005-04-08,21.25
2005-04-12,21.25
2005-04-15,21.25
2005-04-19,21.3
2005-04-26,21.45
2005-04-27,21.45
2005-04-29,21.6
2005-05-03,21.8
2005-05-04,21.9
2005-05-05,22.85
2005-05-06,22.85
2005-05-10,22.95
2005-05-11,23.0
2005-05-12,23.0
2005-05-16,23.3
2005-05-19,23.5
2005-05-23,23.503
2005-05-24,23.5
2005-05-25,23.5
2005-05-26,23.5
2005-05-30,23.5
2005-05-31,23.5
2005-06-01,23.5
2005-06-02,23.505
2005-06-06,23.5
2005-06-08,23.5
2005-06-09,23.5
2005-06-10,23.75
2005-06-16,24.7
2005-06-17,24.0
2005-06-20,24.0
2005-06-24,23.85
2005-07-12,22.5
2005-07-13,22.95
2005-07-14,23.2
2005-07-15,23.2
2005-07-18,22.25
2005-07-19,22.553
2005-07-20,23.0
2005-07-22,23.0
2005-07-25,23.0
2005-07-29,23.0
2005-08-01,22.9
2005-08-02,22.5
2005-08-03,22.55
2005-08-04,22.55
2005-08-05,23.0
2005-08-08,23.0
2005-08-09,23.0
2005-08-10,23.1
2005-08-11,23.25
2005-08-12,23.25
2005-08-15,23.25
2005-08-16,23.25
2005-08-17,23.25
2005-08-18,23.3
2005-08-19,24.25
2005-08-22,24.25
2005-08-23,24.5
2005-08-24,24.248
2005-08-25,23.998
2005-08-26,23.998
2005-09-02,23.938
2005-09-05,23.748
2005-09-07,23.0
2005-09-13,23.0
2005-09-14,23.055
2005-09-15,23.25
2005-09-19,23.5
2005-09-21,24.1
2005-09-22,24.0
2005-09-23,23.75
2005-09-27,23.75
2005-09-28,23.75
2005-09-29,23.75
2005-09-30,23.75
2005-10-03,23.75
2005-10-04,23.75
2005-10-07,24.0
2005-10-10,24.0
2005-10-12,24.05
2005-10-13,24.25
2005-10-14,24.1
2005-10-17,24.5
2005-10-18,24.5
2005-10-19,24.5
2005-10-21,24.25
2005-10-24,24.5
2005-10-26,24.45
2005-10-27,24.3
2005-10-31,24.35
2005-11-01,25.25
2005-11-02,25.25
2005-11-03,25.25
2005-11-07,26.7
2005-11-08,26.3
2005-11-09,26.5
2005-11-10,26.5
2005-11-11,26.7
2005-11-14,25.5
2005-11-15,27.0
2005-11-21,28.25
2005-11-23,28.0
2005-11-24,28.75
2005-11-25,30.45
2005-11-28,32.25
2005-11-29,32.0
2005-12-01,30.1
2005-12-02,28.85
2005-12-05,28.5
2005-12-06,28.55
2005-12-07,28.55
2005-12-08,27.7
2005-12-13,30.0
2005-12-14,30.5
2005-12-15,30.3
2005-12-16,30.5
2005-12-19,30.4
2005-12-20,30.45
2005-12-21,30.25
2005-12-22,30.25
2005-12-23,30.0
2005-12-26,29.25
2005-12-27,29.3
2005-12-28,29.4
2005-12-29,29.4
2005-12-30,29.5
2006-01-03,29.5
2006-01-04,30.75
2006-01-05,30.05
2006-01-06,30.45
2006-01-10,31.2
2006-01-13,31.25
2006-01-16,31.0
2006-01-17,30.4
2006-01-18,30.5
2006-01-19,30.55
2006-01-20,32.0
2006-01-23,31.95
2006-01-24,31.8
2006-01-25,32.0
2006-01-26,32.0
2006-01-27,32.5
2006-01-30,34.0
2006-02-01,34.0
2006-02-02,35.5
2006-02-03,35.5
2006-02-06,37.0
2006-02-07,37.0
2006-02-08,36.55
2006-02-09,36.4
2006-02-10,35.5
2006-02-13,35.8
2006-02-14,34.8
2006-02-15,35.5
2006-02-16,35.55
2006-02-20,35.15
2006-02-21,35.5
2006-02-22,35.0
2006-02-23,35.0
2006-02-24,34.95
2006-02-27,34.8
2006-03-01,35.25
2006-03-03,34.15
2006-03-06,34.9
2006-03-07,34.95
2006-03-08,34.5
2006-03-09,34.05
2006-03-13,33.75
2006-03-14,33.5
2006-03-15,33.25
2006-03-20,33.75
2006-03-21,33.75
2006-03-23,34.55
2006-03-24,35.2
2006-03-27,35.75
2006-03-28,35.55
2006-03-29,35.75
2006-03-30,35.2
2006-03-31,35.75
2006-04-03,36.0
2006-04-04,36.0
2006-04-05,36.5
2006-04-06,36.2
2006-04-07,36.25
2006-04-13,36.3
2006-04-17,36.0
2006-04-18,36.0
2006-04-19,36.5
2006-04-21,36.8
2006-04-25,37.2
2006-04-26,36.1
2006-04-27,36.4
2006-04-28,36.75
2006-05-02,36.3
2006-05-04,37.0
2006-05-05,37.0
2006-05-08,38.0
2006-05-09,38.0
2006-05-10,37.0
2006-05-11,36.5
2006-05-12,37.0
2006-05-15,36.5
2006-05-16,36.75
2006-05-17,37.0
2006-05-18,37.75
2006-05-19,37.75
2006-05-22,36.5
2006-05-23,38.25
2006-05-24,36.1
2006-05-25,36.1
2006-05-26,36.0
2006-05-29,35.0
2006-05-30,35.0
2006-05-31,36.0
2006-06-01,37.5
2006-06-02,37.5
2006-06-05,35.25
2006-06-07,33.15
2006-06-08,32.5
2006-06-09,33.3
2006-06-12,33.75
2006-06-13,33.75
2006-06-14,34.0
2006-06-16,36.0
2006-06-19,35.25
2006-06-22,36.0
2006-06-27,37.95
2006-06-28,38.0
2006-06-29,38.0
2006-06-30,38.5
2006-07-03,38.75
2006-07-04,37.25
2006-07-06,37.75
2006-07-07,38.0
2006-07-10,38.0
2006-07-11,38.5
2006-07-13,38.1
2006-07-14,38.45
2006-07-17,38.5
2006-07-18,38.75
2006-07-19,38.75
2006-07-20,38.5
2006-07-21,38.5
2006-07-25,38.3
2006-07-26,38.3
2006-07-28,38.35
2006-08-01,38.4
2006-08-02,38.65
2006-08-04,40.25
2006-08-07,40.75
2006-08-09,41.5
2006-08-10,40.75
2006-08-16,40.5
2006-08-17,41.25
2006-08-18,41.0
2006-08-23,42.0
2006-08-24,42.0
2006-08-25,42.0
2006-08-28,42.0
2006-08-29,41.9
2006-08-30,42.0
2006-08-31,43.4
2006-09-01,43.75
2006-09-04,43.75
2006-09-05,43.5
2006-09-11,44.55
2006-09-13,44.5
2006-09-15,45.0
2006-09-18,45.25
2006-09-20,45.75
2006-09-21,45.25
2006-09-22,45.25
2006-09-26,45.2
2006-09-28,45.2
2006-09-29,45.0
2006-10-03,44.75
2006-10-04,45.0
2006-10-05,44.25
2006-10-06,44.3
2006-10-09,44.25
2006-10-12,44.25
2006-10-13,44.25
2006-10-16,44.25
2006-10-18,44.5
2006-10-19,44.5
2006-10-23,45.95
2006-10-26,48.7
2006-10-27,50.0
2006-10-30,50.0
2006-10-31,50.0
2006-11-01,50.0
2006-11-08,53.0
2006-11-09,51.5
2006-11-14,51.5
2006-11-23,51.0
2006-12-05,55.0
2006-12-07,56.5
2006-12-08,56.5
2006-12-11,57.5
2006-12-12,59.25
2006-12-13,59.9
2006-12-14,62.0
2006-12-15,62.5
2006-12-18,62.25
2006-12-20,60.0
2006-12-26,61.2
2006-12-28,57.6
2006-12-29,61.0
2007-01-03,64.0
2007-01-04,66.0
2007-01-05,68.75
2007-01-08,68.75
2007-01-10,70.0
2007-01-12,73.25
2007-01-15,76.0
2007-01-16,78.5
2007-01-17,78.45
2007-01-19,78.0
2007-01-22,77.35
2007-01-23,74.05
2007-01-24,75.0
2007-01-26,75.0
2007-01-29,74.5
2007-01-30,76.95
2007-01-31,74.95
2007-02-02,76.85
2007-02-05,74.0
2007-02-06,74.05
2007-02-08,74.05
2007-02-09,76.5
2007-02-12,77.0
2007-02-13,78.5
2007-02-15,78.5
2007-02-16,79.0
2007-02-19,79.25
2007-02-20,77.0
2007-02-21,77.0
2007-02-22,78.5
2007-02-23,78.5
2007-02-26,78.5
2007-02-27,74.5
2007-03-01,71.1
2007-03-02,73.05
2007-03-05,77.5
2007-03-06,77.5
2007-03-07,77.45
2007-03-08,77.75
2007-03-09,75.75
2007-03-12,78.95
2007-03-13,79.5
2007-03-14,79.5
2007-03-15,79.25
2007-03-19,77.1
2007-03-21,78.0
2007-03-22,78.5
2007-03-23,77.8
2007-03-26,77.6
2007-03-27,78.5
2007-03-28,78.5
2007-04-03,78.5
2007-04-05,78.5
2007-04-06,79.0
2007-04-10,79.5
2007-04-11,81.25
2007-04-12,81.25
2007-04-13,82.25
2007-04-16,84.75
2007-04-17,83.0
2007-04-18,83.5
2007-04-19,83.5
2007-04-20,84.25
2007-04-23,84.0
2007-04-24,84.5
2007-04-25,85.0
2007-04-26,85.0
2007-04-27,85.0
2007-04-30,88.0
2007-05-02,89.45
2007-05-03,85.0
2007-05-04,87.5
2007-05-07,88.9
2007-05-09,85.0
2007-05-10,82.5
2007-05-11,82.55
2007-05-14,77.6
2007-05-15,77.6
2007-05-16,82.25
2007-05-17,87.15
2007-05-18,87.1
2007-05-22,88.75
2007-05-23,88.75
2007-05-25,88.75
2007-05-28,88.75
2007-06-06,89.4
2007-06-07,88.75
2007-06-08,89.7
2007-06-11,89.75
2007-06-12,86.75
2007-06-13,89.75
2007-06-14,89.75
2007-06-18,90.0
2007-06-19,89.5
2007-06-21,89.5
2007-06-22,89.75
2007-06-25,89.7
2007-06-29,89.7
2007-07-05,88.9
2007-07-09,89.0
2007-07-12,85.8
2007-07-13,88.95
2007-07-17,88.5
2007-07-18,88.45
2007-07-24,85.5
2007-07-25,85.5
2007-07-31,88.0
2007-08-01,90.0
2007-08-02,89.5
2007-08-03,89.5
2007-08-06,90.0
2007-08-10,91.0
2007-08-15,91.5
2007-08-16,92.5
2007-08-24,95.0
2007-08-29,95.5
2007-08-31,92.75
2007-09-04,92.5
2007-09-05,91.0
2007-09-06,92.0
2007-09-07,94.9
2007-09-11,97.0
2007-09-12,102.8
2007-09-17,102.8
2007-09-19,91.3
2007-09-25,102.55
2007-09-26,102.5
2007-09-27,102.8
2007-10-03,103.0
2007-10-04,109.15
2007-10-05,115.0
2007-10-08,121.5
2007-10-10,128.65
2007-10-17,120.95
2007-10-19,121.5
2007-10-22,124.5
2007-10-23,122.45
2007-10-26,121.9
2007-10-29,121.25
2007-10-30,120.0
2007-10-31,120.0
2007-11-01,117.5
2007-11-05,115.5
2007-11-16,121.75
2007-11-20,115.5
2007-11-21,121.5
2007-11-22,119.95
2007-11-23,119.7
2007-11-26,116.0
2007-11-27,116.0
2007-11-29,115.0
2007-11-30,119.95
2007-12-03,116.0
2007-12-05,115.05
2007-12-06,121.4
2007-12-07,119.95
2007-12-10,121.4
2007-12-11,121.4
2007-12-12,121.5
2007-12-13,121.45
2007-12-14,120.0
2007-12-17,120.0
2007-12-18,121.5
2007-12-19,121.0
2007-12-20,121.5
2007-12-24,121.5
2007-12-25,122.5
2007-12-26,116.35
2007-12-27,120.05
2007-12-28,120.3
2007-12-31,120.45
2008-01-02,125.75
2008-01-03,133.25
2008-01-04,125.3
2008-01-07,132.8
2008-01-14,125.5
2008-01-15,132.5
2008-01-16,129.95
2008-01-17,130.0
2008-01-18,130.0
2008-01-21,127.6
2008-01-22,134.5
2008-01-23,139.05
2008-01-24,139.05
2008-01-25,135.0
2008-01-29,130.0
2008-02-01,137.45
2008-02-04,132.5
2008-02-05,133.75
2008-02-06,135.0
2008-02-07,135.3
2008-02-08,135.0
2008-02-11,135.0
2008-02-12,135.0
2008-02-14,134.5
2008-02-18,127.55
2008-02-19,131.0
2008-02-20,135.0
2008-02-21,137.0
2008-02-22,135.0
2008-02-25,135.0
2008-02-26,137.2
2008-02-27,137.0
2008-02-28,137.0
2008-02-29,135.05
2008-03-03,137.0
2008-03-06,137.0
2008-03-07,139.0
2008-03-10,137.1
2008-03-11,137.0
2008-03-12,137.0
2008-03-13,137.0
2008-03-14,148.0
2008-03-17,148.1
2008-03-18,148.1
2008-03-19,156.9
2008-03-24,166.0
2008-03-25,166.0
2008-03-26,166.0
2008-03-27,164.7
2008-03-28,160.5
2008-03-31,160.5
2008-04-01,160.0
2008-04-02,160.0
2008-04-03,160.0
2008-04-04,160.0
2008-04-07,160.0
2008-04-08,160.0
2008-04-09,159.8
2008-04-10,159.0
2008-04-11,160.0
2008-04-14,150.5
2008-04-15,150.5
2008-04-16,145.0
2008-04-17,145.0
2008-04-18,150.0
2008-04-21,153.0
2008-04-22,153.0
2008-04-23,153.0
2008-04-24,151.0
2008-04-25,145.6
2008-04-28,151.5
2008-04-29,150.0
2008-04-30,151.5
2008-05-02,151.7
2008-05-05,151.8
2008-05-06,151.8
2008-05-07,151.3
2008-05-08,151.2
2008-05-09,153.0
2008-05-12,153.0
2008-05-13,151.4
2008-05-14,151.4
2008-05-15,151.3
2008-05-16,151.5
2008-05-19,153.9
2008-05-20,154.5
2008-05-21,151.4
2008-05-22,154.5
2008-05-23,154.5
2008-05-26,154.9
2008-05-27,154.9
2008-05-28,155.0
2008-05-29,155.0
2008-05-30,155.0
2008-06-02,160.0
2008-06-03,160.2
2008-06-04,167.9
2008-06-05,160.5
2008-06-06,154.5
2008-06-09,155.5
2008-06-10,155.5
2008-06-11,155.5
2008-06-12,155.3
2008-06-13,154.5
2008-06-16,154.3
2008-06-17,154.2
2008-06-18,150.1
2008-06-19,150.1
2008-06-20,154.2
2008-06-23,151.0
2008-06-24,150.5
2008-06-25,150.5
2008-06-26,148.5
2008-06-27,154.2
2008-06-30,154.2
2008-07-01,151.0
2008-07-02,151.0
2008-07-03,151.0
2008-07-04,152.0
2008-07-07,152.0
2008-07-08,147.4
2008-07-09,147.4
2008-07-10,152.4
2008-07-11,152.0
2008-07-14,151.9
2008-07-15,152.0
2008-07-16,152.0
2008-07-17,152.0
2008-07-18,152.0
2008-07-21,152.9
2008-07-22,154.5
2008-07-23,154.5
2008-07-24,154.4
2008-07-25,154.5
2008-07-28,153.8
2008-07-29,153.8
2008-07-31,154.4
2008-08-01,153.0
2008-08-04,156.1
2008-08-05,154.0
2008-08-06,154.6
2008-08-07,154.5
2008-08-08,156.0
2008-08-11,156.1
2008-08-12,156.1
2008-08-13,156.1
2008-08-15,156.1
2008-08-18,156.1
2008-08-19,155.0
2008-08-22,156.0
2008-08-25,155.0
2008-08-26,155.0
2008-08-27,155.1
2008-08-28,156.3
2008-08-29,157.0
2008-09-01,152.0
2008-09-02,157.0
2008-09-03,156.0
2008-09-04,157.0
2008-09-05,155.5
2008-09-08,153.5
2008-09-09,154.5
2008-09-10,157.0
2008-09-11,157.0
2008-09-12,157.0
2008-09-15,157.0
2008-09-16,147.6
2008-09-17,151.0
2008-09-18,141.95
2008-09-19,150.45
2008-09-22,151.0
2008-09-23,150.0
2008-09-24,148.55
2008-09-25,151.85
2008-09-26,147.0
2008-09-29,145.0
2008-09-30,143.9
2008-10-03,141.0
2008-10-06,140.0
2008-10-07,135.0
2008-10-08,141.95
2008-10-09,137.0
2008-10-10,135.0
2008-10-13,143.0
2008-10-14,148.0
2008-10-15,146.95
2008-10-16,142.0
2008-10-17,150.5
2008-10-20,148.0
2008-10-21,143.0
2008-10-22,141.5
2008-10-23,140.0
2008-10-24,143.0
2008-10-27,135.0
2008-10-28,138.0
2008-10-29,134.95
2008-10-30,138.0
2008-10-31,140.0
2008-11-03,139.9
2008-11-04,140.5
2008-11-05,139.0
2008-11-07,135.0
2008-11-10,130.0
2008-11-11,131.9
2008-11-12,128.95
2008-11-13,130.0
2008-11-14,128.95
2008-11-17,125.0
2008-11-19,124.5
2008-11-20,124.35
2008-11-21,118.0
2008-11-24,110.95
2008-11-25,104.3
2008-11-26,107.0
2008-11-27,107.1
2008-11-28,107.0
2008-12-01,107.2
2008-12-02,107.0
2008-12-03,106.0
2008-12-04,100.1
2008-12-05,102.9
2008-12-08,102.9
2008-12-11,109.0
2008-12-12,112.0
2008-12-15,114.85
2008-12-16,114.9
2008-12-17,114.0
2008-12-18,114.0
2008-12-19,107.2
2008-12-22,107.0
2008-12-23,100.6
2008-12-24,106.6
2008-12-25,106.0
2008-12-26,99.64
2008-12-30,93.68
2008-12-31,88.06
2009-01-02,88.06
2009-01-05,87.98
2009-01-06,85.0
2009-01-07,80.0
2009-01-08,75.34
2009-01-09,78.0
2009-01-12,80.0
2009-01-13,80.9
2009-01-14,82.0
2009-01-15,84.98
2009-01-16,90.0
2009-01-19,93.0
2009-01-20,98.0
2009-01-21,99.0
2009-01-22,98.0
2009-01-23,95.0
2009-01-26,99.3
2009-01-27,95.0
2009-01-28,97.0
2009-01-29,97.5
2009-01-30,97.5
2009-02-02,97.8
2009-02-03,96.0
2009-02-04,97.48
2009-02-05,95.22
2009-02-06,96.0
2009-02-09,96.0
2009-02-10,96.8
2009-02-11,95.84
2009-02-12,97.0
2009-02-13,98.5
2009-02-16,103.0
2009-02-17,106.0
2009-02-18,103.0
2009-02-19,104.0
2009-02-20,103.0
2009-02-23,100.0
2009-02-24,102.0
2009-02-25,100.0
2009-02-26,100.0
2009-02-27,100.0
2009-03-02,98.14
2009-03-03,97.0
2009-03-04,100.0
2009-03-05,106.0
2009-03-06,105.6
2009-03-09,104.0
2009-03-12,97.76
2009-03-13,92.04
2009-03-16,92.1
2009-03-17,94.0
2009-03-18,88.36
2009-03-19,90.0
2009-03-20,88.0
2009-03-23,88.0
2009-03-24,83.0
2009-03-25,87.98
2009-03-26,84.7
2009-03-27,80.1
2009-03-30,80.0
2009-03-31,81.92
2009-04-01,80.9
2009-04-02,79.1
2009-04-03,82.5
2009-04-06,84.48
2009-04-07,84.3
2009-04-08,83.0
2009-04-09,83.5
2009-04-10,83.5
2009-04-13,82.0
2009-04-14,82.0
2009-04-15,83.5
2009-04-16,86.9
2009-04-17,88.3
2009-04-20,89.94
2009-04-21,89.94
2009-04-22,85.66
2009-04-23,86.0
2009-04-24,86.9
2009-04-27,85.2
2009-04-28,86.0
2009-04-29,85.0
2009-04-30,86.5
2009-05-04,86.5
2009-05-05,86.0
2009-05-06,86.0
2009-05-07,85.0
2009-05-08,85.02
2009-05-11,87.0
2009-05-12,88.0
2009-05-13,93.28
2009-05-14,90.04
2009-05-15,90.0
2009-05-18,89.0
2009-05-19,90.98
2009-05-20,91.0
2009-05-21,91.2
2009-05-22,91.0
2009-05-25,91.4
2009-05-26,94.9
2009-05-27,95.0
2009-05-28,98.0
2009-05-29,98.0
2009-06-01,98.0
2009-06-02,99.2
2009-06-03,100.0
2009-06-04,95.1
2009-06-05,99.0
2009-06-08,99.5
2009-06-09,97.5
2009-06-10,97.0
2009-06-11,95.6
2009-06-12,98.0
2009-06-15,99.4
2009-06-16,99.0
2009-06-17,97.7
2009-06-18,100.2
2009-06-19,100.0
2009-06-22,100.0
2009-06-23,98.0
2009-06-24,99.0
2009-06-25,98.0
2009-06-26,96.0
2009-06-29,96.0
2009-06-30,97.0
2009-07-01,97.0
2009-07-02,97.84
2009-07-03,93.0
2009-07-06,93.0
2009-07-07,95.0
2009-07-08,95.0
2009-07-09,94.98
2009-07-10,96.0
2009-07-13,94.0
2009-07-14,94.0
2009-07-15,94.0
2009-07-16,94.0
2009-07-17,94.0
2009-07-20,94.84
2009-07-21,93.1
2009-07-22,93.1
2009-07-23,93.0
2009-07-24,92.5
2009-07-27,92.6
2009-07-28,91.5
2009-07-29,92.0
2009-07-31,92.0
2009-08-03,91.0
2009-08-04,92.0
2009-08-05,90.6
2009-08-06,91.0
2009-08-07,90.4
2009-08-10,91.28
2009-08-11,91.5
2009-08-12,91.0
2009-08-13,91.7
2009-08-17,91.7
2009-08-18,91.0
2009-08-19,90.0
2009-08-24,90.0
2009-08-25,90.0
2009-08-26,91.5
2009-08-27,91.7
2009-08-28,91.7
2009-08-31,91.7
2009-09-01,90.0
2009-09-02,91.7
2009-09-03,88.0
2009-09-04,90.0
2009-09-07,88.0
2009-09-08,90.98
2009-09-09,89.0
2009-09-10,89.0
2009-09-11,89.12
2009-09-14,88.02
2009-09-15,88.02
2009-09-16,88.02
2009-09-17,88.14
2009-09-18,89.0
2009-09-23,88.06
2009-09-24,88.08
2009-09-25,88.0
2009-09-28,89.0
2009-09-29,89.8
2009-09-30,89.64
2009-10-01,88.94
2009-10-02,88.94
2009-10-05,87.98
2009-10-06,87.96
2009-10-07,87.96
2009-10-08,87.96
2009-10-09,87.76
2009-10-12,87.9
2009-10-13,87.9
2009-10-14,86.6
2009-10-15,86.5
2009-10-16,86.5
2009-10-19,86.7
2009-10-20,86.94
2009-10-21,86.94
2009-10-22,86.0
2009-10-23,86.86
2009-10-26,87.98
2009-10-27,85.04
2009-10-28,85.04
2009-10-29,84.0
2009-10-30,85.0
2009-11-02,85.0
2009-11-03,85.0
2009-11-04,84.0
2009-11-05,83.5
2009-11-09,82.0
2009-11-10,83.0
2009-11-11,82.0
2009-11-12,85.0
2009-11-13,82.22
2009-11-16,83.02
2009-11-17,84.9
2009-11-19,82.0
2009-11-20,84.0
2009-11-23,81.0
2009-11-24,83.9
2009-11-25,83.84
2009-11-26,82.98
2009-11-27,81.5
2009-11-30,82.88
2009-12-01,82.88
2009-12-02,82.4
2009-12-03,82.0
2009-12-04,80.0
2009-12-07,81.5
2009-12-08,81.28
2009-12-09,78.5
2009-12-10,80.0
2009-12-11,79.0
2009-12-14,80.0
2009-12-15,77.0
2009-12-16,74.12
2009-12-17,74.52
2009-12-21,77.72
2009-12-22,78.0
2009-12-23,77.9
2009-12-24,76.5
2009-12-25,76.0
2009-12-28,76.78
2009-12-29,74.3
2009-12-30,76.14
2009-12-31,74.1
2010-01-04,75.9
2010-01-05,74.0
2010-01-06,76.0
2010-01-07,76.48
2010-01-08,76.02
2010-01-12,75.5
2010-01-13,77.7
2010-01-14,76.94
2010-01-15,76.9
2010-01-18,77.3
2010-01-19,76.4
2010-01-20,76.88
2010-01-21,81.48
2010-01-22,85.32
2010-01-25,84.94
2010-01-26,82.94
2010-01-27,81.96
2010-01-28,83.9
2010-01-29,79.02
2010-02-01,80.02
2010-02-02,82.9
2010-02-03,82.7
2010-02-04,82.0
2010-02-05,80.3
2010-02-08,80.0
2010-02-09,81.0
2010-02-10,80.0
2010-02-11,81.56
2010-02-12,82.0
2010-02-15,80.16
2010-02-16,81.12
2010-02-17,80.44
2010-02-18,82.16
2010-02-19,81.5
2010-02-22,80.0
2010-02-23,81.0
2010-02-24,82.4
2010-02-25,82.4
2010-02-26,82.4
2010-03-01,82.1
2010-03-02,81.64
2010-03-03,82.4
2010-03-04,81.8
2010-03-05,82.4
2010-03-08,80.26
2010-03-09,80.32
2010-03-10,80.12
2010-03-11,81.0
2010-03-12,81.48
2010-03-15,81.0
2010-03-16,81.0
2010-03-17,81.0
2010-03-18,80.86
2010-03-19,79.0
2010-03-22,79.54
2010-03-23,80.98
2010-03-24,79.8
2010-03-25,79.0
2010-03-26,79.5
2010-03-29,78.5
2010-03-30,79.0
2010-03-31,78.6
2010-04-01,76.0
2010-04-02,78.9
2010-04-05,78.0
2010-04-06,82.68
2010-04-07,80.0
2010-04-08,80.0
2010-04-09,80.0
2010-04-12,80.0
2010-04-13,80.0
2010-04-14,79.8
2010-04-15,79.8
2010-04-16,80.0
2010-04-19,80.0
2010-04-20,80.8
2010-04-21,81.46
2010-04-22,84.0
2010-04-23,85.4
2010-04-26,90.52
2010-04-27,92.0
2010-04-28,94.5
2010-04-29,95.0
2010-04-30,95.0
2010-05-03,95.0
2010-05-04,95.0
2010-05-05,93.1
2010-05-06,92.04
2010-05-07,91.2
2010-05-10,95.04
2010-05-11,94.0
2010-05-12,98.6
2010-05-13,100.0
2010-05-14,101.6
2010-05-17,107.65
2010-05-18,107.0
2010-05-19,106.25
2010-05-20,105.0
2010-05-21,103.7
2010-05-24,103.7
2010-05-25,102.5
2010-05-26,102.4
2010-05-27,101.9
2010-05-28,102.6
2010-05-31,102.7
2010-06-01,102.7
2010-06-02,102.8
2010-06-03,104.6
2010-06-04,104.5
2010-06-07,103.7
2010-06-08,104.5
2010-06-09,104.0
2010-06-10,104.5
2010-06-11,104.5
2010-06-14,103.85
2010-06-15,103.85
2010-06-16,103.6
2010-06-17,102.5
2010-06-18,100.0
2010-06-21,99.98
2010-06-22,99.98
2010-06-23,99.0
2010-06-24,101.9
2010-06-25,102.35
2010-06-28,102.5
2010-06-29,101.2
2010-06-30,101.0
2010-07-01,100.0
2010-07-02,96.1
2010-07-05,98.0
2010-07-06,97.0
2010-07-07,93.0
2010-07-08,96.98
2010-07-09,96.7
2010-07-12,98.0
2010-07-13,102.7
2010-07-14,101.3
2010-07-15,100.0
2010-07-16,100.0
2010-07-19,97.8
2010-07-20,98.0
2010-07-21,97.96
2010-07-22,96.42
2010-07-23,100.0
2010-07-26,99.9
2010-07-27,99.5
2010-07-28,99.9
2010-07-29,99.8
2010-08-02,99.7
2010-08-03,98.0
2010-08-04,99.0
2010-08-05,98.0
2010-08-06,99.0
2010-08-09,98.96
2010-08-11,98.9
2010-08-12,96.0
2010-08-13,96.0
2010-08-16,96.5
2010-08-17,93.7
2010-08-18,93.4
2010-08-19,93.0
2010-08-23,94.0
2010-08-24,91.0
2010-08-25,92.5
2010-08-26,89.0
2010-08-27,91.44
2010-08-30,90.06
2010-08-31,92.4
2010-09-01,92.46
2010-09-02,91.3
2010-09-03,92.14
2010-09-06,91.0
2010-09-07,90.16
2010-09-08,92.3
2010-09-09,91.6
2010-09-13,90.5
2010-09-14,89.16
2010-09-15,89.16
2010-09-16,88.0
2010-09-17,88.0
2010-09-20,88.12
2010-09-21,88.1
2010-09-22,88.06
2010-09-23,88.5
2010-09-24,86.5
2010-09-27,88.0
2010-09-28,88.98
2010-09-29,93.0
2010-09-30,94.1
2010-10-01,92.5
2010-10-04,92.98
2010-10-05,90.84
2010-10-06,93.0
2010-10-07,94.98
2010-10-08,95.0
2010-10-11,95.46
2010-10-12,95.0
2010-10-13,93.48
2010-10-14,94.0
2010-10-15,93.5
2010-10-18,92.7
2010-10-19,94.5
2010-10-20,95.88
2010-10-21,97.1
2010-10-22,97.0
2010-10-25,96.96
2010-10-26,95.02
2010-10-27,94.8
2010-10-28,93.1
2010-10-29,92.6
2010-11-01,94.2
2010-11-02,92.6
2010-11-03,92.6
2010-11-04,92.6
2010-11-05,93.5
2010-11-08,94.96
2010-11-09,95.34
2010-11-10,94.0
2010-11-11,95.98
2010-11-12,93.6
2010-11-15,94.0
2010-11-16,95.48
2010-11-19,95.98
2010-11-22,95.96
2010-11-23,93.8
2010-11-24,93.54
2010-11-25,93.0
2010-11-26,92.5
2010-11-29,91.5
2010-11-30,93.0
2010-12-01,93.4
2010-12-02,93.1
2010-12-03,92.5
2010-12-06,92.0
2010-12-08,93.0
2010-12-09,91.58
2010-12-10,92.48
2010-12-13,92.0
2010-12-14,92.0
2010-12-15,91.98
2010-12-16,91.0
2010-12-17,90.5
2010-12-20,90.5
2010-12-21,90.64
2010-12-22,91.0
2010-12-23,91.28
2010-12-24,91.0
2010-12-27,90.9
2010-12-28,90.0
2010-12-29,90.0
2010-12-30,90.0
2010-12-31,90.5
2011-01-03,90.8
2011-01-04,91.38
2011-01-05,91.3
2011-01-06,90.5
2011-01-07,95.92
2011-01-10,94.8
2011-01-12,93.46
2011-01-13,92.48
2011-01-14,92.5
2011-01-17,92.44
2011-01-18,90.3
2011-01-19,90.3
2011-01-20,92.44
2011-01-21,92.0
2011-01-24,92.0
2011-01-25,90.52
2011-01-26,91.86
2011-01-27,90.0
2011-01-28,88.52
2011-01-31,88.06
2011-02-01,85.6
2011-02-02,88.5
2011-02-03,85.0
2011-02-04,84.5
2011-02-07,86.2
2011-02-08,86.0
2011-02-09,85.02
2011-02-10,85.06
2011-02-11,85.1
2011-02-14,86.5
2011-02-15,86.88
2011-02-18,85.0
2011-02-21,80.0
2011-02-22,82.3
2011-02-23,83.0
2011-02-24,82.0
2011-02-25,81.0
2011-02-28,82.8
2011-03-01,84.7
2011-03-02,84.0
2011-03-03,85.0
2011-03-04,84.0
2011-03-07,83.0
2011-03-08,84.0
2011-03-09,84.0
2011-03-10,86.04
2011-03-11,85.9
2011-03-14,85.6
2011-03-15,84.02
2011-03-16,85.54
2011-03-17,85.2
2011-03-18,85.4
2011-03-21,85.0
2011-03-22,85.0
2011-03-23,85.0
2011-03-24,84.0
2011-03-25,80.02
2011-03-28,80.0
2011-03-29,81.0
2011-03-30,80.0
2011-03-31,80.0
2011-04-01,79.5
2011-04-04,79.5
2011-04-05,78.0
2011-04-06,79.98
2011-04-07,78.02
2011-04-08,79.0
2011-04-11,79.0
2011-04-12,79.0
2011-04-13,79.1
2011-04-14,80.0
2011-04-15,79.98
2011-04-18,79.98
2011-04-19,79.0
2011-04-20,79.5
2011-04-21,80.0
2011-04-22,80.0
2011-04-25,80.0
2011-04-26,83.58
2011-04-27,84.98
2011-04-28,83.0
2011-04-29,79.0
2011-05-02,80.96
2011-05-03,82.82
2011-05-04,83.0
2011-05-05,83.48
2011-05-06,83.4
2011-05-09,85.76
2011-05-10,88.1
2011-05-11,86.98
2011-05-12,86.0
2011-05-13,87.58
2011-05-16,88.0
2011-05-17,88.0
2011-05-18,87.0
2011-05-19,87.8
2011-05-20,87.88
2011-05-23,87.9
2011-05-24,87.0
2011-05-25,87.1
2011-05-26,88.5
2011-05-27,88.4
2011-05-30,88.4
2011-05-31,88.3
2011-06-01,89.0
2011-06-02,89.0
2011-06-03,88.9
2011-06-06,88.8
2011-06-07,88.0
2011-06-08,87.0
2011-06-09,89.0
2011-06-10,88.0
2011-06-13,88.92
2011-06-14,89.8
2011-06-15,88.5
2011-06-16,89.0
2011-06-17,91.0
2011-06-20,91.0
2011-06-21,91.0
2011-06-22,91.0
2011-06-23,90.3
2011-06-24,81.6
2011-06-27,85.98
2011-06-28,86.9
2011-06-29,83.2
2011-06-30,84.9
2011-07-01,85.88
2011-07-04,85.88
2011-07-05,85.88
2011-07-06,84.96
2011-07-07,84.96
2011-07-08,84.96
2011-07-11,83.0
2011-07-12,84.5
2011-07-13,84.5
2011-07-14,84.48
2011-07-15,84.86
2011-07-18,84.86
2011-07-19,83.98
2011-07-20,83.98
2011-07-21,83.0
2011-07-22,82.0
2011-07-25,83.0
2011-07-26,81.8
2011-07-27,82.78
2011-07-28,82.4
2011-07-29,82.0
2011-08-01,82.0
2011-08-02,81.0
2011-08-03,81.0
2011-08-04,81.8
2011-08-05,77.0
2011-08-08,80.0
2011-08-09,79.74
2011-08-10,79.0
2011-08-11,80.0
2011-08-12,81.8
2011-08-15,80.0
2011-08-16,80.98
2011-08-17,80.0
2011-08-18,80.0
2011-08-19,79.98
2011-08-22,80.0
2011-08-23,79.98
2011-08-24,79.96
2011-08-25,79.88
2011-08-26,78.6
2011-08-29,78.0
2011-08-30,79.9
2011-09-02,80.02
2011-09-05,80.9
2011-09-06,82.26
2011-09-07,83.9
2011-09-08,83.98
2011-09-09,80.52
2011-09-12,83.5
2011-09-13,83.4
2011-09-14,83.4
2011-09-15,83.4
2011-09-16,83.4
2011-09-19,83.4
2011-09-20,78.42
2011-09-21,80.0
2011-09-22,77.0
2011-09-23,79.0
2011-09-26,78.8
2011-09-27,75.9
2011-09-28,78.0
2011-09-29,77.7
2011-09-30,77.0
2011-10-03,76.0
2011-10-04,76.5
2011-10-05,76.5
2011-10-06,77.88
2011-10-07,78.0
2011-10-10,78.0
2011-10-11,77.48
2011-10-12,77.48
2011-10-13,77.98
2011-10-14,77.0
2011-10-17,76.5
2011-10-18,76.0
2011-10-19,76.44
2011-10-20,76.0
2011-10-21,76.3
2011-10-24,75.1
2011-10-25,75.02
2011-10-26,76.42
2011-10-27,76.42
2011-10-28,75.06
2011-10-31,76.2
2011-11-01,75.14
2011-11-02,75.12
2011-11-03,75.12
2011-11-04,75.12
2011-11-09,75.0
2011-11-10,76.0
2011-11-11,76.0
2011-11-14,76.92
2011-11-15,76.92
2011-11-16,74.42
2011-11-17,74.42
2011-11-21,75.92
2011-11-22,72.34
2011-11-23,72.0
2011-11-24,73.78
2011-11-25,75.92
2011-11-28,75.92
2011-11-29,73.5
2011-11-30,75.5
2011-12-01,76.0
2011-12-02,75.9
2011-12-05,75.9
2011-12-06,75.0
2011-12-07,75.0
2011-12-08,74.9
2011-12-09,74.5
2011-12-12,74.5
2011-12-13,73.1
2011-12-14,74.8
2011-12-15,72.0
2011-12-16,71.02
2011-12-19,73.4
2011-12-20,72.98
2011-12-21,73.0
2011-12-22,72.5
2011-12-23,69.52
2011-12-26,71.94
2011-12-27,71.88
2011-12-28,71.0
2011-12-29,71.52
2011-12-30,70.0
2012-01-02,70.0
2012-01-03,70.9
2012-01-04,71.42
2012-01-05,71.42
2012-01-06,71.4
2012-01-09,69.9
2012-01-10,71.5
2012-01-12,71.5
2012-01-13,71.5
2012-01-16,70.42
2012-01-17,70.42
2012-01-18,71.5
2012-01-19,71.3
2012-01-20,72.0
2012-01-23,72.0
2012-01-24,71.58
2012-01-25,73.38
2012-01-26,73.0
2012-01-27,74.2
2012-01-30,74.9
2012-01-31,74.98
2012-02-01,73.9
2012-02-02,75.58
2012-02-03,74.0
2012-02-07,74.0
2012-02-08,73.0
2012-02-09,73.0
2012-02-10,69.0
2012-02-13,72.44
2012-02-14,72.84
2012-02-15,72.98
2012-02-16,72.98
2012-02-17,72.98
2012-02-20,72.96
2012-02-21,72.62
2012-02-22,72.72
2012-02-23,72.0
2012-02-24,71.54
2012-02-27,72.48
2012-02-28,71.0
2012-02-29,70.7
2012-03-01,70.7
2012-03-02,71.0
2012-03-05,71.96
2012-03-06,71.96
2012-03-07,70.0
2012-03-08,71.5
2012-03-09,71.9
2012-03-12,71.9
2012-03-13,71.86
2012-03-14,70.0
2012-03-15,70.0
2012-03-16,69.28
2012-03-19,69.0
2012-03-20,69.0
2012-03-21,69.0
2012-03-22,69.0
2012-03-23,69.0
2012-03-26,68.32
2012-03-27,68.42
2012-03-28,68.42
2012-03-29,68.2
2012-03-30,68.0
2012-04-02,68.02
2012-04-03,68.0
2012-04-04,66.52
2012-04-05,65.0
2012-04-06,65.0
2012-04-09,64.0
2012-04-10,64.0
2012-04-11,64.0
2012-04-12,63.5
2012-04-13,60.5
2012-04-16,62.9
2012-04-17,63.38
2012-04-18,63.0
2012-04-19,64.48
2012-04-20,64.0
2012-04-23,63.9
2012-04-24,62.02
2012-04-25,62.02
2012-04-26,62.02
2012-04-27,58.42
2012-04-30,60.0
2012-05-02,58.5
2012-05-03,60.86
2012-05-04,59.0
2012-05-07,59.8
2012-05-08,58.6
2012-05-09,58.0
2012-05-10,57.5
2012-05-11,57.52
2012-05-14,57.52
2012-05-15,58.0
2012-05-16,56.22
2012-05-17,55.72
2012-05-18,56.0
2012-05-21,56.0
2012-05-22,56.5
2012-05-23,56.5
2012-05-24,57.98
2012-05-25,57.88
2012-05-28,57.86
2012-05-29,56.5
2012-05-30,56.6
2012-05-31,56.9
2012-06-01,56.2
2012-06-04,57.0
2012-06-05,57.0
2012-06-06,57.5
2012-06-07,56.5
2012-06-08,56.94
2012-06-11,56.94
2012-06-12,56.24
2012-06-13,57.92
2012-06-14,56.36
2012-06-15,56.5
2012-06-18,56.5
2012-06-19,57.88
2012-06-20,57.0
2012-06-21,58.0
2012-06-22,57.5
2012-06-25,58.0
2012-06-26,59.18
2012-06-27,58.2
2012-06-28,58.2
2012-06-29,58.1
2012-07-02,59.0
2012-07-03,58.5
2012-07-04,59.2
2012-07-05,60.42
2012-07-06,59.2
2012-07-09,58.5
2012-07-10,59.7
2012-07-11,59.0
2012-07-12,57.5
2012-07-13,56.98
2012-07-16,56.0
2012-07-17,55.98
2012-07-18,56.0
2012-07-19,57.5
2012-07-20,55.22
2012-07-23,57.0
2012-07-24,57.82
2012-07-25,58.92
2012-07-26,58.92
2012-07-27,58.86
2012-07-31,57.88
2012-08-01,58.0
2012-08-02,58.0
2012-08-03,58.0
2012-08-06,58.0
2012-08-07,56.5
2012-08-08,56.5
2012-08-09,59.38
2012-08-10,59.38
2012-08-13,58.38
2012-08-15,58.38
2012-08-16,57.58
2012-08-17,57.58
2012-08-22,57.58
2012-08-23,57.58
2012-08-24,57.58
2012-08-27,57.58
2012-08-28,57.58
2012-08-29,57.58
2012-08-30,57.58
2012-08-31,56.04
2012-09-03,56.02
2012-09-04,56.02
2012-09-05,56.0
2012-09-06,56.98
2012-09-07,53.58
2012-09-10,55.96
2012-09-11,55.0
2012-09-12,54.0
2012-09-13,54.0
2012-09-14,53.0
2012-09-17,53.0
2012-09-18,55.5
2012-09-19,53.0
2012-09-20,55.0
2012-09-21,53.12
2012-09-24,53.06
2012-09-25,54.74
2012-09-26,53.04
2012-09-27,54.5
2012-09-28,54.5
2012-10-01,54.5
2012-10-02,54.0
2012-10-03,54.7
2012-10-04,53.12
2012-10-05,53.02
2012-10-08,52.5
2012-10-09,52.5
2012-10-10,53.0
2012-10-11,54.0
2012-10-12,53.3
2012-10-15,53.3
2012-10-16,53.3
2012-10-17,53.0
2012-10-18,53.0
2012-10-19,54.0
2012-10-22,54.66
2012-10-23,54.66
2012-10-24,53.2
2012-10-25,53.0
2012-10-29,54.5
2012-10-30,53.1
2012-10-31,54.48
2012-11-01,54.5
2012-11-02,54.62
2012-11-05,55.0
2012-11-07,55.1
2012-11-08,57.0
2012-11-09,56.02
2012-11-12,56.02
2012-11-13,56.9
2012-11-14,56.9
2012-11-15,56.9
2012-11-19,60.3
2012-11-20,60.34
2012-11-21,60.0
2012-11-22,60.6
2012-11-23,60.48
2012-11-26,60.8
2012-11-27,60.8
2012-11-28,60.96
2012-11-29,60.7
2012-11-30,60.0
2012-12-03,62.9
2012-12-04,61.4
2012-12-05,61.9
2012-12-06,62.3
2012-12-07,60.36
2012-12-10,61.38
2012-12-11,60.6
2012-12-12,60.4
2012-12-13,60.4
2012-12-14,61.3
2012-12-17,61.3
2012-12-18,60.0
2012-12-19,58.4
2012-12-20,60.0
2012-12-21,58.52
2012-12-24,60.5
2012-12-25,60.5
2012-12-26,58.34
2012-12-27,60.0
2012-12-28,57.5
2012-12-31,58.8
2013-01-02,59.98
2013-01-03,59.88
2013-01-04,57.32
2013-01-07,59.88
2013-01-08,58.98
2013-01-09,58.0
2013-01-10,59.4
2013-01-14,56.12
2013-01-15,58.0
2013-01-16,58.0
2013-01-17,58.5
2013-01-18,58.4
2013-01-21,58.0
2013-01-22,58.0
2013-01-23,57.1
2013-01-28,59.98
2013-01-29,58.0
2013-01-30,61.0
2013-01-31,58.02
2013-02-01,58.02
2013-02-04,59.0
2013-02-05,59.0
2013-02-06,57.9
2013-02-07,58.8
2013-02-08,59.5
2013-02-11,59.0
2013-02-12,59.0
2013-02-13,59.0
2013-02-14,60.0
2013-02-15,59.5
2013-02-18,60.0
2013-02-19,60.0
2013-02-20,60.0
2013-02-21,60.0
2013-02-22,60.0
2013-02-25,61.48
2013-02-26,62.0
2013-02-27,62.0
2013-02-28,60.0
2013-03-01,57.15
2013-03-04,60.57
2013-03-05,60.57
2013-03-06,61.0
2013-03-07,62.0
2013-03-08,62.0
2013-03-11,62.0
2013-03-12,62.0
2013-03-13,59.0
2013-03-14,61.5
2013-03-15,57.81
2013-03-18,60.0
2013-03-19,60.0
2013-03-20,60.0
2013-03-21,61.15
2013-03-22,61.5
2013-03-25,58.5
2013-03-26,60.5
2013-03-27,58.36
2013-03-28,58.4
2013-03-29,60.4
2013-04-01,59.02
2013-04-02,60.0
2013-04-03,60.0
2013-04-04,60.0
2013-04-05,60.0
2013-04-08,60.0
2013-04-09,60.1
2013-04-10,60.5
2013-04-11,60.1
2013-04-12,60.1
2013-04-15,61.4
2013-04-16,61.4
2013-04-17,61.7
2013-04-18,60.1
2013-04-19,60.1
2013-04-22,61.0
2013-04-23,61.5
2013-04-24,61.0
2013-04-25,62.0
2013-04-26,61.01
2013-04-29,62.5
2013-04-30,61.21
2013-05-02,61.21
2013-05-03,62.0
2013-05-06,62.0
2013-05-07,62.0
2013-05-08,62.4
2013-05-09,62.0
2013-05-10,62.1
2013-05-13,63.84
2013-05-14,65.2
2013-05-15,65.0
2013-05-16,65.0
2013-05-17,65.0
2013-05-20,65.0
2013-05-21,64.1
2013-05-22,64.2
2013-05-23,64.54
2013-05-24,65.02
2013-05-27,66.0
2013-05-28,64.6
2013-05-29,65.85
2013-05-30,65.51
2013-05-31,67.0
2013-06-03,67.0
2013-06-04,69.5
2013-06-05,68.1
2013-06-06,70.0
2013-06-07,65.14
2013-06-10,65.0
2013-06-11,65.1
2013-06-12,67.5
2013-06-13,67.5
2013-06-14,65.1
2013-06-17,65.1
2013-06-18,65.1
2013-06-19,67.35
2013-06-20,67.35
2013-06-21,65.1
2013-06-24,65.1
2013-06-25,65.1
2013-06-26,64.2
2013-06-27,64.2
2013-06-28,63.52
2013-07-01,63.5
2013-07-02,63.5
2013-07-03,63.5
2013-07-04,63.5
2013-07-05,62.61
2013-07-08,66.0
2013-07-09,66.4
2013-07-10,65.5
2013-07-11,64.0
2013-07-12,63.12
2013-07-15,65.98
2013-07-16,69.49
2013-07-17,69.0
2013-07-18,73.14
2013-07-19,70.52
2013-07-22,67.12
2013-07-23,71.14
2013-07-24,75.0
2013-07-25,75.0
2013-07-26,75.0
2013-07-29,75.0
2013-07-31,75.2
2013-08-01,73.5
2013-08-02,71.0
2013-08-05,75.26
2013-08-06,75.4
2013-08-08,75.4
2013-08-12,73.0
2013-08-13,75.0
2013-08-15,75.0
2013-08-16,75.0
2013-08-19,75.0
2013-08-22,75.0
2013-08-23,75.0
2013-08-26,75.5
2013-08-27,75.5
2013-08-28,75.0
2013-08-29,75.0
2013-08-30,75.0
2013-09-02,75.0
2013-09-03,75.0
2013-09-04,75.0
2013-09-05,75.0
2013-09-06,75.0
2013-09-09,75.0
2013-09-10,75.0
2013-09-11,74.44
2013-09-12,74.44
2013-09-13,72.2
2013-09-16,73.9
2013-09-17,73.9
2013-09-18,73.9
2013-09-19,76.0
2013-09-20,75.0
2013-09-23,75.0
2013-09-24,75.0
2013-09-25,74.5
2013-09-26,74.15
2013-09-27,75.5
2013-09-30,74.0
2013-10-01,74.5
2013-10-02,75.0
2013-10-03,75.0
2013-10-04,75.0
2013-10-07,74.5
2013-10-08,75.0
2013-10-09,74.0
2013-10-10,77.0
2013-10-11,75.0
2013-10-14,75.0
2013-10-15,74.22
2013-10-21,76.8
2013-10-22,75.5
2013-10-23,76.5
2013-10-24,76.5
2013-10-25,78.0
2013-10-28,77.9
2013-10-29,77.9
2013-10-30,80.0
2013-10-31,83.0
2013-11-01,84.0
2013-11-04,83.0
2013-11-07,83.0
2013-11-08,79.0
2013-11-11,79.0
2013-11-12,81.15
2013-11-13,81.05
2013-11-14,81.0
2013-11-15,80.05
2013-11-19,80.05
2013-11-20,82.0
2013-11-21,82.0
2013-11-22,82.0
2013-11-25,82.01
2013-11-26,82.0
2013-11-27,82.0
2013-11-28,80.01
2013-11-29,81.0
2013-12-02,81.0
2013-12-03,81.0
2013-12-04,82.0
2013-12-05,80.02
2013-12-06,79.0
2013-12-09,80.75
2013-12-10,81.0
2013-12-11,81.0
2013-12-12,81.9
2013-12-13,82.68
2013-12-16,82.4
2013-12-17,82.3
2013-12-18,81.8
2013-12-19,81.7
2013-12-20,79.6
2013-12-23,79.6
2013-12-24,80.0
2013-12-25,80.0
2013-12-26,80.4
2013-12-27,79.0
2013-12-30,80.5
2013-12-31,79.1
2014-01-02,79.0
2014-01-03,76.32
2014-01-06,76.32
2014-01-07,80.38
2014-01-08,80.88
2014-01-09,80.0
2014-01-10,79.0
2014-01-13,79.0
2014-01-16,79.0
2014-01-17,79.0
2014-01-20,80.0
2014-01-21,80.0
2014-01-22,80.0
2014-01-23,82.0
2014-01-24,82.0
2014-01-27,82.55
2014-01-28,82.0
2014-01-29,82.0
2014-01-30,83.0
2014-01-31,80.16
2014-02-03,80.16
2014-02-04,82.95
2014-02-05,83.0
2014-02-06,83.0
2014-02-07,83.75
2014-02-10,83.96
2014-02-11,83.96
2014-02-12,83.95
2014-02-13,83.95
2014-02-14,83.95
2014-02-17,82.2
2014-02-18,83.97
2014-02-19,83.97
2014-02-20,83.97
2014-02-21,84.0
2014-02-24,84.9
2014-02-25,84.9
2014-02-26,86.0
2014-02-27,85.85
2014-02-28,86.0
2014-03-03,90.0
2014-03-04,90.0
2014-03-05,89.95
2014-03-06,87.0
2014-03-07,86.01
2014-03-10,86.0
2014-03-11,86.0
2014-03-12,85.2
2014-03-13,85.2
2014-03-14,85.0
2014-03-17,84.5
2014-03-18,86.0
2014-03-19,86.5
2014-03-20,87.77
2014-03-21,85.8
2014-03-24,86.0
2014-03-25,85.0
2014-03-26,87.64
2014-03-27,87.64
2014-03-28,85.0
2014-03-31,87.4
2014-04-01,87.4
2014-04-02,86.5
2014-04-03,84.0
2014-04-04,87.0
2014-04-07,85.0
2014-04-08,85.0
2014-04-09,84.0
2014-04-10,84.0
2014-04-11,84.0
2014-04-14,82.56
2014-04-15,85.65
2014-04-16,85.65
2014-04-17,84.0
2014-04-18,84.0
2014-04-21,84.0
2014-04-22,84.0
2014-04-23,87.0
2014-04-24,87.0
2014-04-25,87.0
2014-04-28,87.0
2014-04-29,85.0
2014-04-30,86.9
2014-05-02,86.9
2014-05-05,86.9
2014-05-06,86.89
2014-05-07,86.89
2014-05-08,86.89
2014-05-09,85.0
2014-05-12,86.5
2014-05-13,86.87
2014-05-14,85.0
2014-05-15,86.48
2014-05-16,87.0
2014-05-19,89.98
2014-05-20,89.88
2014-05-21,90.0
2014-05-22,90.0
2014-05-23,90.0
2014-05-26,90.0
2014-05-27,86.5
2014-05-28,89.9
2014-05-29,89.0
2014-05-30,89.0
2014-06-02,89.88
2014-06-03,89.0
2014-06-04,89.88
2014-06-05,88.0
2014-06-06,88.0
2014-06-09,89.88
2014-06-10,90.0
2014-06-11,86.5
2014-06-12,88.88
2014-06-13,86.5
2014-06-16,86.5
2014-06-17,83.1
2014-06-18,84.0
2014-06-19,84.0
2014-06-20,84.05
2014-06-23,84.05
2014-06-24,84.0
2014-06-25,84.0
2014-06-26,84.0
2014-06-27,84.0
2014-06-30,84.0
2014-07-01,84.0
2014-07-02,84.0
2014-07-03,84.0
2014-07-04,84.0
2014-07-07,85.0
2014-07-08,85.01
2014-07-09,88.0
2014-07-10,87.98
2014-07-11,87.98
2014-07-14,87.98
2014-07-15,87.98
2014-07-16,88.47
2014-07-17,87.96
2014-07-18,87.95
2014-07-21,87.95
2014-07-22,87.25
2014-07-23,88.36
2014-07-24,88.36
2014-07-25,87.84
2014-07-31,87.48
2014-08-01,87.6
2014-08-04,87.4
2014-08-05,84.5
2014-08-06,86.9
2014-08-07,86.9
2014-08-08,86.78
2014-08-11,84.25
2014-08-12,84.25
2014-08-13,84.25
2014-08-15,85.3
2014-08-18,87.0
2014-08-19,87.0
2014-08-22,87.0
2014-08-25,87.0
2014-08-26,87.0
2014-08-27,87.0
2014-08-28,90.0
2014-08-29,90.0
2014-09-01,86.0
2014-09-02,86.5
2014-09-03,88.0
2014-09-04,86.5
2014-09-05,86.5
2014-09-08,89.0
2014-09-09,90.0
2014-09-10,90.0
2014-09-11,90.0
2014-09-12,91.0
2014-09-15,90.1
2014-09-16,90.0
2014-09-17,90.25
2014-09-18,90.75
2014-09-19,91.0
2014-09-22,91.75
2014-09-23,90.1
2014-09-24,91.9
2014-09-25,90.0
2014-09-26,90.2
2014-09-29,90.2
2014-09-30,92.0
2014-10-01,92.0
2014-10-02,92.0
2014-10-03,92.0
2014-10-07,92.0
2014-10-08,91.9
2014-10-09,91.8
2014-10-10,91.8
2014-10-13,91.8
2014-10-14,90.0
2014-10-15,90.0
2014-10-16,90.9
2014-10-17,90.0
2014-10-20,91.9
2014-10-21,90.0
2014-10-22,91.07
2014-10-23,90.0
2014-10-24,88.95
2014-10-27,87.0
2014-10-28,88.45
2014-10-29,88.45
2014-10-30,88.95
2014-10-31,89.0
2014-11-03,91.0
2014-11-04,90.0
2014-11-05,88.97
2014-11-07,85.1
2014-11-10,89.0
2014-11-11,89.0
2014-11-12,88.9
2014-11-13,88.9
2014-11-14,88.85
2014-11-17,87.0
2014-11-19,86.0
2014-11-20,85.0
2014-11-21,86.95
2014-11-24,85.0
2014-11-25,86.9
2014-11-26,86.9
2014-11-27,86.9
2014-11-28,86.5
2014-12-01,86.5
2014-12-02,86.5
2014-12-03,86.5
2014-12-04,86.0
2014-12-05,81.0
2014-12-08,85.0
2014-12-09,83.0
2014-12-10,83.0
2014-12-11,85.98
2014-12-12,82.55
2014-12-15,82.6
2014-12-16,84.4
2014-12-17,84.4
2014-12-18,84.4
2014-12-19,79.34
2014-12-22,84.0
2014-12-23,84.0
2014-12-24,84.0
2014-12-25,84.0
2014-12-26,86.9
2014-12-29,86.9
2014-12-30,86.9
2014-12-31,81.69
2015-01-02,85.0
2015-01-06,85.0
2015-01-07,84.95
2015-01-08,84.95
2015-01-09,86.04
2015-01-12,86.29
2015-01-13,84.0
2015-01-14,84.0
2015-01-15,81.0
2015-01-16,85.0
2015-01-19,86.0
2015-01-20,86.0
2015-01-21,86.0
2015-01-22,85.0
2015-01-23,83.7
2015-01-26,86.0
2015-01-27,86.0
2015-01-28,83.15
2015-01-29,84.0
2015-01-30,86.0
2015-02-02,86.0
2015-02-03,83.12
2015-02-04,86.2
2015-02-05,86.2
2015-02-06,88.8
2015-02-09,88.8
2015-02-10,88.8
2015-02-11,85.2
2015-02-12,84.0
2015-02-13,84.2
2015-02-16,87.48
2015-02-17,87.48
2015-02-18,87.48
2015-02-19,90.0
2015-02-20,95.0
2015-02-23,91.0
2015-02-24,93.0
2015-02-25,94.5
2015-02-26,94.7
2015-02-27,94.0
2015-03-02,93.9
2015-03-03,94.0
2015-03-04,94.0
2015-03-05,94.0
2015-03-06,92.5
2015-03-09,93.92
2015-03-10,93.5
2015-03-11,93.5
2015-03-12,91.16
2015-03-13,91.6
2015-03-16,93.92
2015-03-17,92.0
2015-03-18,92.0
2015-03-19,93.0
2015-03-20,93.0
2015-03-23,93.0
2015-03-24,93.0
2015-03-25,93.0
2015-03-26,91.8
2015-03-27,91.8
2015-03-30,91.85
2015-03-31,93.0
2015-04-01,93.0
2015-04-02,93.0
2015-04-03,92.0
2015-04-06,92.05
2015-04-07,91.0
2015-04-08,90.0
2015-04-09,90.0
2015-04-10,88.5
2015-04-13,88.49
2015-04-14,88.5
2015-04-15,92.49
2015-04-16,92.49
2015-04-17,88.5
2015-04-20,88.5
2015-04-21,88.5
2015-04-22,88.5
2015-04-23,88.5
2015-04-24,88.5
2015-04-27,88.5
2015-04-28,90.0
2015-04-29,90.0
2015-04-30,90.0
2015-05-04,90.0
2015-05-05,93.0
2015-05-06,92.75
2015-05-07,92.75
2015-05-08,92.75
2015-05-11,90.0
2015-05-12,89.0
2015-05-13,89.0
2015-05-14,89.0
2015-05-15,92.68
2015-05-18,92.68
2015-05-19,92.68
2015-05-20,89.0
2015-05-21,89.0
2015-05-22,89.1
2015-05-25,89.1
2015-05-26,92.65
2015-05-27,90.0
2015-05-28,90.3
2015-05-29,90.0
2015-06-01,90.0
2015-06-02,90.0
2015-06-03,90.2
2015-06-04,90.2
2015-06-05,90.2
2015-06-08,90.5
2015-06-09,90.5
2015-06-10,87.0
2015-06-11,87.0
2015-06-12,87.0
2015-06-15,89.5
2015-06-16,89.5
2015-06-17,89.5
2015-06-18,89.5
2015-06-19,89.5
2015-06-22,89.5
2015-06-23,89.5
2015-06-24,91.5
2015-06-25,91.5
2015-06-26,96.0
2015-06-29,91.7
2015-06-30,91.7
2015-07-01,91.7
2015-07-02,91.7
2015-07-03,91.7
2015-07-06,91.7
2015-07-07,91.7
2015-07-08,91.7
2015-07-09,91.01
2015-07-10,92.96
2015-07-13,92.96
2015-07-14,92.2
2015-07-15,92.05
2015-07-16,92.11
2015-07-20,95.25
2015-07-21,95.0
2015-07-22,95.0
2015-07-23,92.1
2015-07-24,93.27
2015-07-27,97.0
2015-07-28,98.88
2015-07-29,96.0
2015-07-31,96.0
2015-08-03,95.99
2015-08-04,95.8
2015-08-05,95.8
2015-08-06,96.0
2015-08-07,96.0
2015-08-10,96.0
2015-08-11,94.1
2015-08-12,96.5
2015-08-13,96.5
2015-08-17,96.0
2015-08-18,95.7
2015-08-19,98.0
2015-08-24,97.7
2015-08-25,97.7
2015-08-26,97.7
2015-08-27,99.0
2015-08-28,99.0
2015-08-31,99.0
2015-09-01,99.0
2015-09-02,99.0
2015-09-03,98.8
2015-09-04,98.8
2015-09-07,99.5
2015-09-08,99.0
2015-09-09,98.0
2015-09-10,98.0
2015-09-11,97.1
2015-09-14,100.0
2015-09-15,100.0
2015-09-16,105.7
2015-09-17,105.65
2015-09-18,105.0
2015-09-21,104.95
2015-09-22,105.0
2015-09-23,100.0
2015-09-28,105.0
2015-09-29,98.7
2015-09-30,102.45
2015-10-01,104.5
2015-10-02,104.5
2015-10-05,104.5
2015-10-06,102.5
2015-10-07,102.5
2015-10-08,100.05
2015-10-09,102.0
2015-10-12,102.0
2015-10-13,100.0
2015-10-14,102.0
2015-10-16,102.0
2015-10-19,95.88
2015-10-20,97.0
2015-10-21,98.0
2015-10-22,96.5
2015-10-23,102.0
2015-10-26,102.0
2015-10-27,102.0
2015-10-28,102.0
2015-10-29,102.0
2015-10-30,102.0
2015-11-02,102.0
2015-11-03,96.2
2015-11-04,99.95
2015-11-05,94.2
2015-11-09,99.85
2015-11-10,94.63
2015-11-11,96.5
2015-11-12,98.0
2015-11-13,97.05
2015-11-16,97.05
2015-11-17,97.05
2015-11-19,94.5
2015-11-20,98.0
2015-11-23,98.0
2015-11-24,97.5
2015-11-25,97.5
2015-11-26,97.5
2015-11-27,98.0
2015-11-30,98.0
2015-12-01,95.5
2015-12-02,98.0
2015-12-03,98.0
2015-12-04,98.0
2015-12-07,99.9
2015-12-08,99.9
2015-12-09,96.0
2015-12-10,96.5
2015-12-11,96.0
2015-12-14,96.05
2015-12-15,96.05
2015-12-16,96.05
2015-12-17,96.05
2015-12-18,96.05
2015-12-21,96.0
2015-12-22,96.0
2015-12-23,96.0
2015-12-28,95.9
2015-12-29,95.8
2015-12-30,95.9
2015-12-31,95.9
2016-01-04,90.5
2016-01-05,90.5
2016-01-06,95.0
2016-01-07,95.0
2016-01-08,96.0
2016-01-12,96.5
2016-01-13,96.0
2016-01-14,96.5
2016-01-15,96.5
2016-01-18,95.15
2016-01-19,97.0
2016-01-20,97.0
2016-01-21,97.0
2016-01-22,99.0
2016-01-25,97.5
2016-01-26,98.5
2016-01-27,98.2
2016-01-28,98.2
2016-01-29,99.9
2016-02-01,99.9
2016-02-02,100.0
2016-02-03,101.0
2016-02-04,100.0
2016-02-05,102.0
2016-02-08,101.9
2016-02-09,101.9
2016-02-10,102.0
2016-02-11,102.0
2016-02-12,100.1
2016-02-15,99.0
2016-02-16,100.0
2016-02-17,102.5
2016-02-18,102.5
2016-02-19,100.05
2016-02-22,102.5
2016-02-23,102.5
2016-02-24,102.45
2016-02-25,102.45
2016-02-26,101.0
2016-02-29,98.0
2016-03-01,98.0
2016-03-02,99.6
2016-03-03,97.0
2016-03-04,97.5
2016-03-07,97.5
2016-03-08,101.9
2016-03-09,102.0
2016-03-10,100.0
2016-03-11,100.0
2016-03-14,100.0
2016-03-15,100.0
2016-03-16,99.75
2016-03-17,98.7
2016-03-18,102.0
2016-03-21,102.0
2016-03-22,100.0
2016-03-23,100.0
2016-03-24,102.0
2016-03-25,101.95
2016-03-28,101.95
2016-03-29,101.9
2016-03-30,98.55
2016-03-31,102.0
2016-04-01,97.1
2016-04-04,97.17
2016-04-05,97.2
2016-04-06,98.0
2016-04-07,98.0
2016-04-08,102.0
2016-04-11,102.0
2016-04-12,99.0
2016-04-13,102.0
2016-04-14,102.0
2016-04-15,98.0
2016-04-18,98.0
2016-04-19,98.0
2016-04-20,98.0
2016-04-21,98.0
2016-04-22,98.0
2016-04-25,98.0
2016-04-26,98.0
2016-04-27,98.0
2016-04-28,98.0
2016-04-29,102.9
2016-05-02,102.0
2016-05-03,100.55
2016-05-04,102.85
2016-05-05,103.0
2016-05-06,104.0
2016-05-09,104.0
2016-05-10,105.0
2016-05-11,105.0
2016-05-12,107.5
2016-05-13,107.5
2016-05-16,107.5
2016-05-17,105.0
2016-05-18,105.0
2016-05-19,103.3
2016-05-20,104.0
2016-05-23,104.0
2016-05-24,104.0
2016-05-25,105.0
2016-05-26,105.5
2016-05-27,104.2
2016-05-30,104.2
2016-05-31,104.2
2016-06-01,104.2
2016-06-02,104.2
2016-06-03,104.2
2016-06-06,102.5
2016-06-07,102.7
2016-06-08,102.7
2016-06-09,105.3
2016-06-10,105.3
2016-06-13,105.3
2016-06-14,105.3
2016-06-15,101.8
2016-06-16,101.8
2016-06-17,101.8
2016-06-20,101.85
2016-06-21,100.05
2016-06-22,101.45
2016-06-23,99.2
2016-06-24,104.9
2016-06-27,104.9
2016-06-28,104.9
2016-06-29,104.9
2016-06-30,104.9
2016-07-01,104.9
2016-07-04,104.9
2016-07-05,104.0
2016-07-11,104.0
2016-07-12,105.0
2016-07-13,105.0
2016-07-14,105.0
2016-07-15,105.0
2016-07-18,105.0
2016-07-19,106.0
2016-07-20,107.9
2016-07-21,106.0
2016-07-22,106.0
2016-07-25,107.9
2016-07-26,107.9
2016-07-27,106.0
2016-07-28,107.5
2016-07-29,108.0
2016-08-01,108.0
2016-08-02,108.0
2016-08-03,108.0
2016-08-04,108.0
2016-08-05,110.0
2016-08-08,111.0
2016-08-09,111.0
2016-08-10,111.0
2016-08-11,110.0
2016-08-12,110.0
2016-08-15,107.5
2016-08-16,109.95
2016-08-17,109.95
2016-08-18,109.95
2016-08-19,109.0
2016-08-22,108.5
2016-08-23,108.0
2016-08-24,110.0
2016-08-25,110.0
2016-08-26,110.0
2016-08-29,110.0
2016-08-30,110.0
2016-08-31,110.0
2016-09-01,109.25
2016-09-02,109.4
2016-09-05,110.0
2016-09-06,110.0
2016-09-07,111.0
2016-09-08,112.0
2016-09-09,111.9
2016-09-14,111.9
2016-09-15,111.0
2016-09-16,111.0
2016-09-19,111.0
2016-09-20,111.0
2016-09-21,112.0
2016-09-22,114.95
2016-09-23,115.0
2016-09-26,115.0
2016-09-27,115.0
2016-09-28,119.75
2016-09-29,119.0
2016-09-30,115.0
2016-10-04,115.0
2016-10-05,113.0
2016-10-06,113.0
2016-10-07,110.0
2016-10-10,110.0
2016-10-11,110.0
2016-10-12,110.0
2016-10-13,109.0
2016-10-14,109.0
2016-10-17,109.0
2016-10-18,109.5
2016-10-19,109.95
2016-10-20,109.95
2016-10-21,109.0
2016-10-24,109.0
2016-10-25,106.0
2016-10-26,104.25
2016-10-27,103.0
2016-10-28,109.7
2016-10-31,109.7
2016-11-01,109.7
2016-11-02,109.7
2016-11-03,106.0
2016-11-04,109.0
2016-11-07,109.0
2016-11-08,109.0
2016-11-09,106.1
2016-11-10,108.9
2016-11-11,104.0
2016-11-14,109.0
2016-11-15,106.1
2016-11-16,106.05
2016-11-17,106.05
2016-11-21,106.0
2016-11-22,106.1
2016-11-23,108.9
2016-11-24,108.9
2016-11-25,107.0
2016-11-28,111.7
2016-11-29,111.5
2016-11-30,108.2
2016-12-01,108.2
2016-12-02,108.0
2016-12-05,106.0
2016-12-06,106.0
2016-12-07,107.0
2016-12-08,110.0
2016-12-09,113.0
2016-12-14,113.0
2016-12-15,113.0
2016-12-16,115.0
2016-12-19,113.0
2016-12-20,116.5
2016-12-21,113.55
2016-12-22,118.5
2016-12-23,118.0
2016-12-26,115.0
2016-12-27,115.0
2016-12-28,115.0
2016-12-29,110.2
2016-12-30,110.0
2017-01-02,116.55
2017-01-03,116.55
2017-01-04,116.55
2017-01-05,117.0
2017-01-06,118.0
2017-01-09,118.0
2017-01-10,116.0
2017-01-12,118.65
2017-01-13,117.9
2017-01-16,115.15
2017-01-17,115.0
2017-01-18,115.0
2017-01-19,115.0
2017-01-20,115.9
2017-01-23,115.9
2017-01-24,116.0
2017-01-25,116.0
2017-01-26,114.0
2017-01-27,116.0
2017-01-30,116.0
2017-01-31,116.0
2017-02-01,114.9
2017-02-02,114.9
2017-02-03,114.9
2017-02-06,114.9
2017-02-07,112.0
2017-02-08,115.5
2017-02-09,115.5
2017-02-10,115.0
2017-02-13,115.0
2017-02-14,114.8
2017-02-15,114.8
2017-02-16,114.8
2017-02-17,115.0
2017-02-20,115.0
2017-02-21,114.9
2017-02-22,110.0
2017-02-23,110.0
2017-02-24,106.0
2017-02-27,106.0
2017-02-28,114.0
2017-03-01,109.0
2017-03-02,113.4
2017-03-03,109.8
2017-03-06,109.0
2017-03-07,109.0
2017-03-08,109.0
2017-03-09,109.1
2017-03-10,109.9
2017-03-13,109.9
2017-03-14,109.9
2017-03-15,112.0
2017-03-16,113.95
2017-03-17,112.35
2017-03-20,108.1
2017-03-21,110.0
2017-03-22,110.0
2017-03-23,113.0
2017-03-24,113.0
2017-03-27,110.0
2017-03-28,110.0
2017-03-29,111.95
2017-03-30,109.0
2017-03-31,108.0
2017-04-03,108.0
2017-04-04,108.0
2017-04-05,107.25
2017-04-06,113.9
2017-04-07,112.65
2017-04-10,108.0
2017-04-11,112.0
2017-04-12,114.0
2017-04-13,115.0
2017-04-14,108.5
2017-04-17,112.5
2017-04-18,112.5
2017-04-19,109.1
2017-04-20,109.5
2017-04-21,111.0
2017-04-24,113.5
2017-04-25,113.0
2017-04-26,113.0
2017-04-27,110.35
2017-04-28,112.95
2017-05-02,113.9
2017-05-03,111.15
2017-05-04,112.0
2017-05-05,112.0
2017-05-08,111.25
2017-05-09,114.0
2017-05-10,113.5
2017-05-11,114.45
2017-05-12,114.25
2017-05-15,114.25
2017-05-16,112.55
2017-05-17,112.55
2017-05-18,112.55
2017-05-19,112.0
2017-05-22,112.0
2017-05-23,111.15
2017-05-24,113.9
2017-05-25,113.95
2017-05-26,111.1
2017-05-29,111.5
2017-05-30,111.2
2017-05-31,111.9
2017-06-01,112.55
2017-06-02,113.0
2017-06-05,113.7
2017-06-06,114.5
2017-06-07,112.4
2017-06-08,112.8
2017-06-09,112.8
2017-06-12,112.6
2017-06-13,112.55
2017-06-14,112.55
2017-06-15,112.5
2017-06-16,111.0
2017-06-19,111.0
2017-06-20,111.0
2017-06-21,112.0
2017-06-22,111.0
2017-06-23,110.6
2017-06-28,110.2
2017-06-29,109.1
2017-06-30,109.0
2017-07-03,110.95
2017-07-04,111.95
2017-07-05,111.9
2017-07-06,111.9
2017-07-07,111.9
2017-07-10,111.5
2017-07-11,111.6
2017-07-12,111.6
2017-07-13,111.0
2017-07-14,107.6
2017-07-17,107.6
2017-07-18,110.0
2017-07-19,109.0
2017-07-20,109.0
2017-07-21,108.0
2017-07-24,108.0
2017-07-25,108.0
2017-07-26,108.0
2017-07-27,107.5
2017-07-28,107.0
2017-07-31,107.0
2017-08-01,107.0
2017-08-02,107.5
2017-08-03,106.55
2017-08-04,107.0
2017-08-07,109.95
2017-08-08,106.65
2017-08-09,106.7
2017-08-10,106.15
2017-08-11,109.95
2017-08-15,109.8
2017-08-16,109.8
2017-08-17,106.6
2017-08-18,108.95
2017-08-22,108.95
2017-08-23,108.95
2017-08-24,108.0
2017-08-25,106.6
2017-08-28,108.0
2017-08-29,108.0
2017-08-30,106.7
2017-08-31,107.5
2017-09-04,109.0
2017-09-05,109.0
2017-09-06,109.0
2017-09-07,108.85
2017-09-08,106.65
2017-09-11,107.5
2017-09-12,107.0
2017-09-13,107.0
2017-09-14,105.0
2017-09-15,100.2
2017-09-18,103.0
2017-09-19,100.35
2017-09-20,100.0
2017-09-21,100.0
2017-09-25,103.0
2017-09-26,99.93
2017-09-27,98.5
2017-09-28,100.0
2017-09-29,100.0
2017-10-02,100.0
2017-10-03,100.0
2017-10-04,101.0
2017-10-05,99.65
2017-10-06,96.65
2017-10-09,98.9
2017-10-10,96.7
2017-10-11,97.51
2017-10-12,98.0
2017-10-13,97.9
2017-10-16,98.4
2017-10-17,98.0
2017-10-18,98.4
2017-10-19,98.4
2017-10-20,95.0
2017-10-23,96.6
2017-10-24,97.0
2017-10-25,95.85
2017-10-26,96.3
2017-10-27,96.0
2017-10-30,97.0
2017-10-31,98.0
2017-11-01,98.4
2017-11-02,96.1
2017-11-03,96.0
2017-11-07,96.0
2017-11-08,96.0
2017-11-09,96.1
2017-11-10,98.0
2017-11-13,98.0
2017-11-14,98.0
2017-11-15,98.0
2017-11-16,98.0
2017-11-17,97.0
2017-11-20,97.5
2017-11-21,98.0
2017-11-22,98.0
2017-11-23,95.77
2017-11-24,95.77
2017-11-27,97.99
2017-11-28,97.99
2017-11-29,97.0
2017-11-30,96.2
2017-12-04,92.0
2017-12-05,92.0
2017-12-06,92.0
2017-12-07,95.0
2017-12-08,95.0
2017-12-11,96.0
2017-12-12,95.5
2017-12-13,96.0
2017-12-14,95.9
2017-12-15,90.1
2017-12-18,94.0
2017-12-19,92.11
2017-12-20,93.7
2017-12-21,92.0
2017-12-22,84.0
2017-12-25,91.8
2017-12-26,91.0
2017-12-27,91.0
2017-12-28,90.0
2017-12-29,90.0
2018-01-02,91.0
2018-01-03,90.0
2018-01-04,92.0
2018-01-05,91.9
2018-01-08,92.5
2018-01-09,92.4
2018-01-10,92.4
2018-01-12,92.0
2018-01-15,98.0
2018-01-16,98.0
2018-01-17,97.0
2018-01-18,95.5
2018-01-19,96.0
2018-01-22,94.6
2018-01-23,96.89
2018-01-24,96.0
2018-01-25,94.52
2018-01-26,94.8
2018-01-29,95.29
2018-01-30,94.12
2018-01-31,94.5
2018-02-01,94.1
2018-02-02,94.9
2018-02-05,94.5
2018-02-06,94.99
2018-02-07,94.0
2018-02-08,94.0
2018-02-09,93.99
2018-02-12,94.5
2018-02-13,94.0
2018-02-14,94.0
2018-02-15,94.5
2018-02-16,95.9
2018-02-19,95.1
2018-02-20,97.75
2018-02-21,96.0
2018-02-22,98.8
2018-02-23,98.7
2018-02-26,98.7
2018-02-27,96.1
2018-02-28,96.25
2018-03-01,97.0
2018-03-02,98.8
2018-03-05,97.0
2018-03-06,96.3
2018-03-07,96.0
2018-03-08,96.0
2018-03-09,96.0
2018-03-12,97.0
2018-03-13,97.0
2018-03-14,96.0
2018-03-15,95.5
2018-03-16,95.4
2018-03-19,95.0
2018-03-20,95.0
2018-03-21,92.0
2018-03-22,92.0
2018-03-23,97.0
2018-03-26,97.0
2018-03-27,93.0
2018-03-28,93.0
2018-03-29,95.0
2018-03-30,96.9
2018-04-02,96.0
2018-04-03,93.05
2018-04-04,93.05
2018-04-05,94.5
2018-04-06,96.0
2018-04-09,95.0
2018-04-10,96.55
2018-04-11,94.0
2018-04-12,94.1
2018-04-13,96.56
2018-04-16,96.56
2018-04-17,94.5
2018-04-18,94.5
2018-04-19,94.0
2018-04-20,94.0
2018-04-23,95.0
2018-04-24,95.0
2018-04-25,95.0
2018-04-26,93.5
2018-04-27,93.5
2018-04-30,95.0
2018-05-02,95.0
2018-05-03,95.0
2018-05-04,93.54
2018-05-07,93.54
2018-05-08,93.54
2018-05-09,93.0
2018-05-10,94.5
2018-05-11,94.48
2018-05-14,93.0
2018-05-15,93.0
2018-05-16,93.0
2018-05-17,93.0
2018-05-18,96.0
2018-05-21,93.05
2018-05-22,93.05
2018-05-23,93.05
2018-05-24,93.1
2018-05-25,95.5
2018-05-28,95.5
2018-05-29,93.13
2018-05-30,95.5
2018-05-31,95.5
2018-06-01,93.0
2018-06-04,93.0
2018-06-05,89.5
2018-06-06,89.5
2018-06-07,89.25
2018-06-08,89.0
2018-06-11,90.0
2018-06-12,89.5
2018-06-13,90.0
2018-06-14,90.0
2018-06-18,92.9
2018-06-19,93.0
2018-06-20,93.0
2018-06-21,89.6
2018-06-22,89.75
2018-06-25,88.2
2018-06-26,88.2
2018-06-27,88.2
2018-06-28,88.2
2018-06-29,90.0
2018-07-02,90.0
2018-07-03,88.1
2018-07-04,88.1
2018-07-05,88.1
2018-07-06,88.0
2018-07-09,90.0
2018-07-10,91.98
2018-07-11,91.98
2018-07-12,91.95
2018-07-13,88.05
2018-07-16,90.0
2018-07-17,88.15
2018-07-18,91.8
2018-07-19,91.8
2018-07-20,91.93
2018-07-23,91.93
2018-07-24,88.62
2018-07-25,91.8
2018-07-26,91.8
2018-07-27,91.8
2018-07-31,91.8
2018-08-01,90.0
2018-08-02,88.3
2018-08-03,88.0
2018-08-06,91.8
2018-08-07,91.8
2018-08-08,91.8
2018-08-09,91.5
2018-08-10,91.5
2018-08-13,91.8
2018-08-15,91.8
2018-08-16,91.8
2018-08-17,91.78
2018-08-24,91.78
2018-08-27,91.78
2018-08-28,88.01
2018-08-29,88.01
2018-08-30,89.0
2018-08-31,91.0
2018-09-03,91.0
2018-09-04,91.0
2018-09-05,90.5
2018-09-06,89.0
2018-09-07,83.95
2018-09-10,83.95
2018-09-12,83.95
2018-09-13,85.0
2018-09-14,84.0
2018-09-17,82.5
2018-09-18,80.0
2018-09-19,76.0
2018-09-20,75.9
2018-09-21,72.0
2018-09-24,70.0
2018-09-25,71.0
2018-09-26,70.15
2018-09-27,71.3
2018-09-28,76.0
2018-10-01,76.0
2018-10-02,80.0
2018-10-03,78.51
2018-10-04,82.99
2018-10-05,76.0
2018-10-08,76.0
2018-10-09,80.0
2018-10-10,82.0
2018-10-11,82.0
2018-10-12,81.2
2018-10-15,81.2
2018-10-16,81.2
2018-10-17,81.2
2018-10-18,81.2
2018-10-19,77.0
2018-10-22,80.0
2018-10-23,80.0
2018-10-24,80.0
2018-10-25,81.0
2018-10-26,81.1
2018-10-29,81.5
2018-10-30,81.95
2018-10-31,81.95
2018-11-01,80.0
2018-11-02,82.5
2018-11-05,82.5
2018-11-07,81.0
2018-11-08,81.0
2018-11-09,82.0
2018-11-12,82.0
2018-11-13,80.0
2018-11-14,80.0
2018-11-15,80.0
2018-11-16,80.0
2018-11-19,82.0
2018-11-22,83.4
2018-11-23,83.4
2018-11-26,78.0
2018-11-27,83.95
2018-11-28,83.95
2018-11-29,83.95
2018-11-30,78.0
2018-12-03,78.0
2018-12-04,78.0
2018-12-05,82.5
2018-12-06,81.0
2018-12-07,80.0
2018-12-10,81.0
2018-12-11,77.62
2018-12-12,80.0
2018-12-13,80.0
2018-12-14,74.5
2018-12-17,76.73
2018-12-18,75.0
2018-12-19,78.95
2018-12-20,75.0
2018-12-21,70.5
2018-12-24,76.0
2018-12-25,76.0
2018-12-26,75.0
2018-12-27,76.0
2018-12-28,73.0
2018-12-31,80.29
2019-01-02,80.2
2019-01-03,79.7
2019-01-04,75.0
2019-01-07,75.0
2019-01-08,78.0
2019-01-09,78.0
2019-01-10,75.0
2019-01-14,75.0
2019-01-15,75.0
2019-01-16,75.0
2019-01-17,75.0
2019-01-18,73.2
2019-01-21,75.99
2019-01-22,73.2
2019-01-23,73.2
2019-01-24,75.99
2019-01-25,72.0
2019-01-28,70.5
2019-01-29,71.0
2019-01-30,71.0
2019-01-31,71.0
2019-02-01,71.0
2019-02-04,70.05
2019-02-05,70.1
2019-02-06,73.89
2019-02-07,73.89
2019-02-08,73.5
2019-02-11,73.5
2019-02-12,72.99
2019-02-13,72.95
2019-02-14,72.9
2019-02-15,70.0
2019-02-18,72.46
2019-02-19,72.8
2019-02-20,72.0
2019-02-21,72.8
2019-02-22,70.0
2019-02-25,72.0
2019-02-26,72.7
2019-02-27,72.7
2019-02-28,72.7
2019-03-01,72.0
2019-03-04,71.0
2019-03-05,71.0
2019-03-06,71.0
2019-03-07,71.0
2019-03-08,71.0
2019-03-11,71.0
2019-03-12,71.02
2019-03-13,71.0
2019-03-14,71.0
2019-03-15,72.69
2019-03-18,71.0
2019-03-19,71.0
2019-03-20,73.69
2019-03-21,68.8
2019-03-22,66.0
2019-03-25,67.65
2019-03-26,65.71
2019-03-27,68.0
2019-03-28,66.5
2019-03-29,66.0
2019-04-01,66.0
2019-04-02,66.0
2019-04-03,66.0
2019-04-04,66.9
2019-04-05,66.1
2019-04-08,66.1
2019-04-09,66.1
2019-04-10,68.0
2019-04-11,67.08
2019-04-12,67.0
2019-04-15,67.0
2019-04-16,68.0
2019-04-17,68.0
2019-04-18,67.2
2019-04-19,67.2
2019-04-22,67.0
2019-04-23,67.0
2019-04-24,68.0
2019-04-25,68.0
2019-04-26,68.0
2019-04-29,68.0
2019-04-30,65.24
2019-05-02,65.35
2019-05-03,67.99
2019-05-06,67.0
2019-05-07,67.0
2019-05-08,68.95
2019-05-09,68.95
2019-05-10,68.0
2019-05-13,68.9
2019-05-14,68.9
2019-05-15,68.03
2019-05-16,68.52
2019-05-17,68.1
2019-05-20,68.0
2019-05-21,69.0
2019-05-22,69.0
2019-05-23,68.1
2019-05-24,68.1
2019-05-27,67.65
2019-05-28,67.65
2019-05-29,68.99
2019-05-30,68.99
2019-05-31,68.0
2019-06-03,68.9
2019-06-04,68.9
2019-06-10,68.9
2019-06-11,68.9
2019-06-12,68.9
2019-06-13,68.9
2019-06-14,68.99
2019-06-17,70.4
2019-06-18,70.4
2019-06-19,71.0
2019-06-20,71.52
2019-06-21,72.0
2019-06-24,73.0
2019-06-25,72.0
2019-06-26,74.0
2019-06-27,71.99
2019-06-28,64.8
2019-07-01,67.5
2019-07-02,70.99
2019-07-03,70.99
2019-07-04,70.99
2019-07-05,70.99
2019-07-08,70.0
2019-07-09,70.0
2019-07-10,71.99
2019-07-11,71.9
2019-07-12,71.8
2019-07-15,68.05
2019-07-16,71.45
2019-07-17,69.99
2019-07-18,70.95
2019-07-19,70.95
2019-07-22,70.95
2019-07-23,70.95
2019-07-24,70.9
2019-07-25,70.0
2019-07-26,70.0
2019-07-29,70.9
2019-07-31,69.06
2019-08-01,70.5
2019-08-02,70.79
2019-08-05,70.69
2019-08-06,70.69
2019-08-07,64.92
2019-08-08,64.65
2019-08-09,65.25
2019-08-15,65.25
2019-08-16,66.0
2019-08-19,65.99
2019-08-22,65.99
2019-08-23,66.0
2019-08-26,65.6
2019-08-27,65.8
2019-08-28,65.7
2019-08-29,66.0
2019-08-30,66.0
2019-09-02,67.0
2019-09-03,67.0
2019-09-04,66.0
2019-09-05,67.0
2019-09-06,65.4
2019-09-09,65.4
2019-09-10,66.0
2019-09-11,66.0
2019-09-12,65.9
2019-09-13,65.9
2019-09-16,65.7
2019-09-17,65.6
2019-09-18,65.5
2019-09-19,67.0
2019-09-20,66.0
2019-09-23,65.3
2019-09-24,67.5
2019-09-25,66.9
2019-09-26,65.6
2019-09-27,65.5
2019-09-30,65.5
2019-10-01,65.85
2019-10-02,65.85
2019-10-03,66.85
2019-10-04,66.79
2019-10-07,66.85
2019-10-08,65.85
2019-10-09,65.85
2019-10-10,66.8
2019-10-11,67.1
2019-10-14,70.0
2019-10-15,70.0
2019-10-16,68.25
2019-10-17,70.0
2019-10-18,70.0
2019-10-21,70.0
2019-10-22,70.0
2019-10-23,71.0
2019-10-24,71.0
2019-10-25,71.0
2019-10-28,72.0
2019-10-29,71.99
2019-10-30,71.99
2019-10-31,71.2
2019-11-01,71.0
2019-11-04,72.0
2019-11-05,71.0
2019-11-07,73.0
2019-11-08,73.3
2019-11-12,72.0
2019-11-13,71.9
2019-11-14,71.0
2019-11-15,72.0
2019-11-19,73.0
2019-11-20,71.0
2019-11-21,72.0
2019-11-22,72.1
2019-11-25,72.0
2019-11-26,72.0
2019-11-27,72.8
2019-11-28,72.76
2019-11-29,72.76
2019-12-02,71.0
2019-12-03,71.0
2019-12-04,72.0
2019-12-05,72.55
2019-12-06,72.1
2019-12-09,72.1
2019-12-10,72.44
2019-12-11,74.25
2019-12-12,76.19
2019-12-13,76.1
2019-12-16,78.48
2019-12-17,79.0
2019-12-18,79.0
2019-12-19,79.0
2019-12-20,78.5
2019-12-23,79.0
2019-12-24,80.0
2019-12-25,81.0
2019-12-26,81.0
2019-12-27,80.0
2019-12-30,80.0
2019-12-31,80.0
2020-01-02,80.0
2020-01-03,80.0
2020-01-06,80.0
2020-01-07,80.0
2020-01-08,80.0
2020-01-09,81.0
2020-01-10,81.0
2020-01-13,81.05
2020-01-14,81.05
2020-01-15,81.5
2020-01-16,81.0
2020-01-17,82.0
2020-01-20,82.75
2020-01-21,82.75
2020-01-22,82.75
2020-01-23,82.65
2020-01-24,82.65
2020-01-27,82.65
2020-01-28,82.65
2020-01-29,82.65
2020-01-30,81.0
2020-01-31,83.0
2020-02-03,83.0
2020-02-04,83.0
2020-02-05,83.88
2020-02-06,83.88
2020-02-07,83.88
2020-02-10,77.6
2020-02-11,81.99
2020-02-12,81.94
2020-02-13,82.0
2020-02-14,83.0
2020-02-17,82.8
2020-02-18,82.8
2020-02-19,82.8
2020-02-20,81.0
2020-02-21,87.0
2020-02-24,87.0
2020-02-25,87.0
2020-02-26,87.0
2020-02-27,87.0
2020-02-28,79.0
2020-03-02,79.1
2020-03-03,80.0
2020-03-04,83.5
2020-03-05,83.5
2020-03-06,76.1
2020-03-09,74.0
2020-03-10,74.01
2020-03-11,80.0
2020-03-12,72.01
2020-03-13,70.0
2020-03-16,66.0
2020-03-17,66.0
2020-03-18,66.0
2020-03-19,64.99
2020-03-20,65.1
2020-03-23,67.7
2020-03-24,67.7
2020-03-25,65.0
2020-03-26,62.41
2020-03-27,60.0
2020-03-30,60.02
2020-03-31,61.0
2020-04-01,63.4
2020-04-02,63.4
2020-04-03,62.0
2020-04-06,61.0
2020-04-07,60.51
2020-04-08,60.51
2020-04-09,62.0
2020-04-10,60.51
2020-04-13,61.0
2020-04-14,60.51
2020-04-15,61.65
2020-04-16,62.0
2020-04-17,61.0
2020-04-20,61.0
2020-04-21,60.01
2020-04-22,60.01
2020-04-23,61.0
2020-04-24,61.0
2020-04-27,61.0
2020-04-28,62.0
2020-04-29,62.0
2020-04-30,62.0
2020-05-04,62.0
2020-05-05,62.02
2020-05-06,62.02
2020-05-07,62.0
2020-05-08,63.0
2020-05-11,65.0
2020-05-12,63.01
2020-05-13,63.0
2020-05-14,63.0
2020-05-15,61.5
2020-05-18,61.5
2020-05-19,61.5
2020-05-20,61.5
2020-05-21,61.5
2020-05-22,63.75
2020-05-26,63.75
2020-05-27,63.75
2020-05-28,64.9
2020-05-29,64.97
2020-06-01,64.97
2020-06-02,65.9
2020-06-03,68.53
2020-06-04,71.27
2020-06-05,71.0
2020-06-08,70.5
2020-06-09,70.5
2020-06-10,70.95
2020-06-11,71.2
2020-06-12,70.1
2020-06-15,71.9
2020-06-16,71.99
2020-06-17,69.12
2020-06-18,69.0
2020-06-19,68.98
2020-06-22,66.5
2020-06-23,66.55
2020-06-24,65.5
2020-06-25,65.5
2020-06-26,62.89
2020-06-29,64.9
2020-06-30,63.0
2020-07-01,63.0
2020-07-02,63.0
2020-07-03,64.0
2020-07-06,66.55
2020-07-07,66.55
2020-07-08,66.55
2020-07-09,67.5
2020-07-10,66.85
2020-07-13,66.85
2020-07-14,64.18
2020-07-15,64.18
2020-07-16,64.8
2020-07-17,63.0
2020-07-20,62.0
2020-07-21,62.0
2020-07-22,62.0
2020-07-23,62.2
2020-07-24,62.0
2020-07-27,62.0
2020-07-28,62.0
2020-07-29,64.47
2020-08-03,64.47
2020-08-04,64.47
2020-08-05,64.47
2020-08-06,65.69
2020-08-07,64.9
2020-08-10,64.9
2020-08-11,63.5
2020-08-12,63.99
2020-08-13,63.99
2020-08-17,63.9
2020-08-18,63.9
2020-08-19,62.0
2020-08-24,61.15
2020-08-25,62.0
2020-08-26,62.0
2020-08-27,62.0
2020-08-28,62.0
2020-08-31,62.0
2020-09-01,62.0
2020-09-02,63.0
2020-09-03,62.0
2020-09-04,62.0
2020-09-07,64.0
2020-09-08,66.0
2020-09-09,67.9
2020-09-10,67.0
2020-09-11,67.0
2020-09-14,68.0
2020-09-15,67.49
2020-09-16,66.0
2020-09-17,67.95
2020-09-18,67.3
2020-09-21,67.5
2020-09-22,67.5
2020-09-23,67.48
2020-09-24,66.9
2020-09-25,66.75
2020-09-28,66.75
2020-09-29,66.75
2020-09-30,66.7
2020-10-01,66.75
2020-10-02,66.48
2020-10-05,66.49
2020-10-06,66.49
2020-10-07,66.49
2020-10-08,66.49
2020-10-09,65.0
2020-10-12,66.4
2020-10-13,65.0
2020-10-14,65.0
2020-10-15,65.0
2020-10-16,64.7
2020-10-19,65.99
2020-10-20,65.99
2020-10-21,65.0
2020-10-22,65.0
2020-10-23,66.47
2020-10-26,65.1
2020-10-27,65.0
2020-10-28,65.0
2020-11-02,66.5
2020-11-03,66.0
2020-11-04,64.0
2020-11-05,64.0
2020-11-09,66.54
2020-11-10,66.54
2020-11-11,66.54
2020-11-12,68.0
2020-11-13,68.0
2020-11-16,69.0
2020-11-17,71.0
2020-11-19,71.0
2020-11-20,71.0
2020-11-23,71.2
2020-11-24,70.9
2020-11-25,70.9
2020-11-26,71.0
2020-11-27,68.2
2020-11-30,68.2
2020-12-01,70.64
2020-12-02,70.0
2020-12-03,70.65
2020-12-04,70.0
2020-12-07,70.75
2020-12-08,70.45
2020-12-09,70.45
2020-12-10,70.6
2020-12-11,71.9
2020-12-14,69.5
2020-12-15,69.5
2020-12-16,69.2
2020-12-17,68.88
2020-12-18,70.2
2020-12-21,68.5
2020-12-22,70.5
2020-12-23,70.5
2020-12-24,71.9
2020-12-25,70.0
2020-12-28,70.0
2020-12-29,71.3
2020-12-30,70.5
2020-12-31,70.5
2021-01-04,70.5
2021-01-05,69.51
2021-01-06,70.5
2021-01-07,71.4
2021-01-08,71.05
2021-01-12,70.1
2021-01-13,70.1
2021-01-14,70.05
2021-01-15,70.05
2021-01-18,71.8
2021-01-19,72.49
2021-01-20,72.49
2021-01-21,72.89
2021-01-22,72.0
2021-01-25,72.0
2021-01-26,74.0
2021-01-27,72.0
2021-01-28,74.0
2021-01-29,74.0
2021-02-01,73.99
2021-02-02,74.13
2021-02-03,77.09
2021-02-04,80.0
2021-02-05,78.05
2021-02-08,79.9
2021-02-09,79.0
2021-02-10,78.95
2021-02-11,78.5
2021-02-12,78.5
2021-02-15,77.1
2021-02-16,77.01
2021-02-17,76.3
2021-02-18,76.0
2021-02-19,77.95
2021-02-22,77.95
2021-02-23,77.95
2021-02-24,77.95
2021-02-25,77.95
2021-02-26,77.5
2021-03-01,77.5
2021-03-02,77.45
2021-03-03,77.45
2021-03-04,77.4
2021-03-05,77.4
2021-03-08,77.8
2021-03-09,78.0
2021-03-10,78.4
2021-03-11,78.4
2021-03-12,78.19
2021-03-15,78.49
2021-03-16,80.0
2021-03-17,80.5
2021-03-18,80.05
2021-03-19,82.99
2021-03-22,82.9
2021-03-23,82.95
2021-03-24,83.0
2021-03-25,81.0
2021-03-26,81.0
2021-03-29,82.0
2021-03-30,81.0
2021-03-31,80.6
2021-04-01,80.1
2021-04-02,83.25
2021-04-05,83.0
2021-04-06,84.9
2021-04-07,84.0
2021-04-08,82.65
2021-04-09,84.95
2021-04-12,84.95
2021-04-13,82.1
2021-04-14,82.1
2021-04-15,82.1
2021-04-16,82.1
2021-04-19,82.4
2021-04-20,82.41
2021-04-21,84.78
2021-04-22,84.5
2021-04-23,84.0
2021-04-26,84.8
2021-04-27,84.7
2021-04-28,88.0
2021-04-29,87.5
2021-04-30,89.9
2021-05-03,87.0
2021-05-04,88.01
2021-05-05,90.0
2021-05-06,91.0
2021-05-07,91.0
2021-05-10,91.0
2021-05-11,90.1
2021-05-12,91.25
2021-05-17,89.5
2021-05-18,91.0
2021-05-19,92.0
2021-05-20,90.0
2021-05-21,89.1
2021-05-24,89.1
2021-05-25,90.0
2021-05-26,93.59
2021-05-27,94.9
2021-05-28,94.15
2021-05-31,94.15
2021-06-01,94.0
2021-06-02,94.8
2021-06-03,94.9
2021-06-04,95.0
2021-06-07,93.65
2021-06-08,93.6
2021-06-09,93.1
2021-06-10,94.0
2021-06-11,94.3
2021-06-14,92.42
2021-06-15,94.0
2021-06-16,93.06
2021-06-17,92.9
2021-06-18,94.0
2021-06-21,92.5
2021-06-22,92.0
2021-06-23,93.99
2021-06-24,93.9
2021-06-25,90.2
2021-06-28,90.2
2021-06-29,93.3
2021-06-30,90.65
2021-07-01,90.99
2021-07-02,90.9
2021-07-05,90.9
2021-07-06,90.9
2021-07-07,90.0
2021-07-08,89.99
2021-07-09,89.9
2021-07-12,88.22
2021-07-13,86.9
2021-07-14,86.9
2021-07-15,86.0
2021-07-16,88.69
2021-07-19,86.55
2021-07-20,88.9
2021-07-23,88.01
2021-07-26,88.01
2021-07-27,89.88
2021-07-28,90.8
2021-07-29,90.9
2021-08-02,90.0
2021-08-03,89.2
2021-08-04,90.89
2021-08-05,90.9
2021-08-06,93.62
2021-08-09,94.0
2021-08-11,95.0
2021-08-12,95.0
2021-08-13,94.5
2021-08-16,94.5
2021-08-17,94.8
2021-08-18,94.8
2021-08-19,94.0
2021-08-23,94.98
2021-08-24,94.98
2021-08-25,94.1
2021-08-26,94.9
2021-08-27,94.9
2021-08-30,94.5
2021-08-31,94.7
2021-09-01,95.0
2021-09-02,95.3
2021-09-03,95.0
2021-09-06,94.7
2021-09-07,94.56
2021-09-08,94.5
2021-09-09,95.5
2021-09-10,95.0
2021-09-13,95.6
2021-09-14,96.04
2021-09-15,96.0
2021-09-16,96.5
2021-09-17,100.0
2021-09-20,101.0
2021-09-21,101.0
2021-09-22,98.5
2021-09-23,102.4
2021-09-24,104.6
2021-09-27,103.5
2021-09-28,102.3
2021-09-29,102.25
2021-09-30,100.15
2021-10-01,100.5
2021-10-04,100.8
2021-10-05,100.3
2021-10-06,100.3
2021-10-07,102.95
2021-10-08,101.6
2021-10-11,103.5
2021-10-12,104.0
2021-10-13,104.0
2021-10-14,103.55
2021-10-15,105.0
2021-10-18,105.5
2021-10-21,106.0
2021-10-22,106.1
2021-10-25,109.0
2021-10-26,109.6
2021-10-27,109.3
2021-10-28,109.5
2021-10-29,111.0
2021-11-01,112.0
2021-11-02,112.0
2021-11-03,110.15
2021-11-04,108.5
2021-11-05,107.0
2021-11-08,105.0
2021-11-09,106.8
2021-11-10,105.0
2021-11-11,105.0
2021-11-12,103.5
2021-11-15,105.9
2021-11-16,106.0
2021-11-17,107.0
2021-11-19,111.9
2021-11-22,109.9
2021-11-23,109.9
2021-11-24,109.45
2021-11-25,106.05
2021-11-26,105.0
2021-11-29,104.0
2021-11-30,105.0
2021-12-01,105.0
2021-12-02,107.8
2021-12-03,106.9
2021-12-06,105.0
2021-12-07,105.0
2021-12-08,105.0
2021-12-09,105.5
2021-12-10,105.0
2021-12-13,105.7
2021-12-14,105.8
2021-12-15,105.0
2021-12-16,105.8
2021-12-17,105.0
2021-12-20,105.5
2021-12-21,105.0
2021-12-22,105.0
2021-12-23,105.0
2021-12-24,105.8
2021-12-27,105.0
2021-12-28,105.0
2021-12-29,105.0
2021-12-30,105.0
2021-12-31,103.0
2022-01-03,103.0
2022-01-04,105.0
2022-01-05,105.5
2022-01-06,105.0
2022-01-07,109.0
2022-01-10,110.55
2022-01-12,112.0
2022-01-13,114.0
2022-01-14,113.0
2022-01-17,112.9
2022-01-18,113.9
2022-01-19,112.3
2022-01-20,111.9
2022-01-21,112.0
2022-01-24,110.0
2022-01-25,109.1
2022-01-26,109.95
2022-01-27,111.0
2022-01-28,110.9
2022-01-31,110.9
2022-02-01,110.0
2022-02-02,110.0
2022-02-03,109.95
2022-02-04,110.0
2022-02-07,109.95
2022-02-08,109.55
2022-02-09,110.35
2022-02-10,111.95
2022-02-11,111.8
2022-02-14,111.0
2022-02-15,111.0
2022-02-16,111.0
2022-02-17,110.0
2022-02-18,110.0
2022-02-21,111.5
2022-02-22,109.0
2022-02-23,110.0
2022-02-24,103.6
2022-02-25,100.0
2022-02-28,103.0
2022-03-01,102.0
2022-03-02,102.0
2022-03-03,100.0
2022-03-04,94.5
2022-03-07,90.05
2022-03-08,95.0
2022-03-09,99.98
2022-03-10,97.0
2022-03-11,96.1
2022-03-14,96.0
2022-03-15,99.98
2022-03-16,96.1
2022-03-17,97.0
2022-03-18,97.0
2022-03-21,96.45
2022-03-22,94.5
2022-03-23,93.5
2022-03-24,92.5
2022-03-25,90.0
2022-03-28,93.99
2022-03-29,94.9
2022-03-30,92.1
2022-03-31,90.03
2022-04-01,94.54
2022-04-04,93.5
2022-04-05,93.1
2022-04-06,92.5
2022-04-07,91.1
2022-04-08,91.1
2022-04-11,92.0
2022-04-12,91.5
2022-04-13,91.5
2022-04-14,92.6
2022-04-15,92.6
2022-04-18,91.5
2022-04-19,91.5
2022-04-20,92.5
2022-04-21,92.99
2022-04-22,92.99
2022-04-25,92.8
2022-04-26,91.5
2022-04-27,91.0
2022-04-28,87.5
2022-04-29,89.0
2022-05-04,93.3
2022-05-05,89.0
2022-05-06,87.99
2022-05-09,87.0
2022-05-10,81.8
2022-05-11,86.65
2022-05-12,87.99
2022-05-13,85.0
2022-05-16,84.1
2022-05-17,84.1
2022-05-18,84.15
2022-05-19,84.1
2022-05-20,83.4
2022-05-23,83.4
2022-05-24,83.4
2022-05-25,82.2
2022-05-26,82.3
2022-05-27,82.3
2022-05-30,82.11
2022-05-31,84.0
2022-06-01,83.0
2022-06-02,87.45
2022-06-03,87.5
2022-06-06,86.1
2022-06-07,86.25
2022-06-08,89.0
2022-06-09,85.15
2022-06-10,81.8
2022-06-13,82.94
2022-06-14,81.85
2022-06-15,81.8
2022-06-16,85.97
2022-06-17,81.0
2022-06-20,84.7
2022-06-21,84.7
2022-06-22,82.0
2022-06-23,79.2
2022-06-24,82.0
2022-06-27,79.15
2022-06-28,79.16
2022-06-29,81.5
2022-06-30,82.0
2022-07-01,77.1
2022-07-04,79.0
2022-07-05,77.0
2022-07-06,77.5
2022-07-07,77.0
2022-07-08,77.0
2022-07-12,79.5
2022-07-13,79.49
2022-07-14,79.48
2022-07-15,77.5
2022-07-18,79.1
2022-07-19,80.97
2022-07-20,79.5
2022-07-21,79.1
2022-07-22,79.1
2022-07-25,82.99
2022-07-26,83.2
2022-07-27,79.6
2022-07-28,79.6
2022-07-29,79.1
2022-08-01,80.0
2022-08-02,80.0
2022-08-03,79.0
2022-08-04,79.0
2022-08-05,80.0
2022-08-08,80.0
2022-08-09,80.0
2022-08-10,80.0
2022-08-11,80.0
2022-08-12,80.0
2022-08-15,80.01
2022-08-16,81.0
2022-08-17,81.0
2022-08-18,81.0
2022-08-19,82.0
2022-08-22,80.12
2022-08-23,80.0
2022-08-24,80.0
2022-08-25,81.0
2022-08-26,80.03
2022-08-29,81.0
2022-08-30,79.12
2022-08-31,81.9
2022-09-01,81.9
2022-09-02,81.89
2022-09-05,80.0
2022-09-06,80.0
2022-09-07,80.03
2022-09-08,80.04
2022-09-09,81.0
2022-09-12,80.13
2022-09-13,80.51
2022-09-14,82.09
2022-09-15,80.48
2022-09-16,80.04
2022-09-19,80.05
2022-09-20,81.99
2022-09-21,82.0
2022-09-22,81.98
2022-09-23,80.0
2022-09-26,76.0
2022-09-27,78.0
2022-09-28,77.0
2022-09-29,76.0
2022-09-30,73.5
2022-10-03,75.0
2022-10-04,77.5
2022-10-05,75.5
2022-10-06,75.0
2022-10-07,75.0
2022-10-11,77.7
2022-10-12,74.1
2022-10-13,76.4
2022-10-14,76.94
2022-10-17,75.0
2022-10-18,74.1
2022-10-19,74.0
2022-10-20,73.0
2022-10-21,70.02
2022-10-24,74.0
2022-10-25,75.0
2022-10-26,79.0
2022-10-27,74.27
2022-10-28,70.0
2022-10-31,73.98
2022-11-01,73.99
2022-11-02,73.99
2022-11-03,70.02
2022-11-04,71.0
2022-11-07,73.97
2022-11-08,73.96
2022-11-09,72.99
2022-11-10,70.0
2022-11-11,72.08
2022-11-14,70.1
2022-11-15,73.2
2022-11-16,70.1
2022-11-17,71.5
2022-11-21,71.0
2022-11-22,70.4
2022-11-23,72.0
2022-11-24,71.2
2022-11-25,71.0
2022-11-28,73.0
2022-11-29,73.25
2022-11-30,70.3
2022-12-01,73.45
2022-12-02,70.6
2022-12-05,72.0
2022-12-06,71.1
2022-12-07,71.2
2022-12-08,71.2
2022-12-09,72.0
2022-12-12,72.1
2022-12-13,73.49
2022-12-14,73.96
2022-12-15,74.5
2022-12-16,73.05
2022-12-19,74.6
2022-12-20,74.0
2022-12-21,73.72
2022-12-22,72.02
2022-12-23,71.5
2022-12-26,71.5
2022-12-27,72.0
2022-12-28,70.0
2022-12-29,68.5
2022-12-30,65.0
2023-01-02,66.01
2023-01-03,67.0
2023-01-04,66.1
2023-01-05,66.8
2023-01-06,63.0
2023-01-09,65.94
2023-01-10,65.0
2023-01-12,66.0
2023-01-13,65.0
2023-01-16,67.5
2023-01-17,67.5
2023-01-18,67.5
2023-01-19,67.0
2023-01-20,66.0
2023-01-23,65.65
2023-01-24,66.98
2023-01-25,66.98
2023-01-26,66.5
2023-01-27,65.62
2023-01-30,66.0
2023-01-31,68.0
2023-02-01,68.0
2023-02-02,66.2
2023-02-03,66.55
2023-02-06,66.6
2023-02-07,66.6
2023-02-08,67.1
2023-02-09,68.78
2023-02-10,70.0
2023-02-13,70.0
2023-02-14,69.0
2023-02-15,71.0
2023-02-16,72.0
2023-02-17,72.5
2023-02-20,72.45
2023-02-21,71.0
2023-02-22,71.85
2023-02-23,73.0
2023-02-24,75.1
2023-02-27,74.0
2023-02-28,74.84
2023-03-01,74.5
2023-03-02,74.0
2023-03-03,72.0
2023-03-06,72.0
2023-03-07,72.0
2023-03-08,72.0
2023-03-09,72.0
2023-03-10,71.5
2023-03-13,72.0
2023-03-14,72.9
2023-03-15,71.0
2023-03-16,70.03
2023-03-17,70.02
2023-03-20,70.02
2023-03-21,71.89
2023-03-22,71.89
2023-03-23,73.0
2023-03-24,70.0
2023-03-27,73.37
2023-03-28,71.9
2023-03-29,72.0
2023-03-30,70.0
2023-03-31,68.0
2023-04-03,69.0
2023-04-04,71.49
2023-04-05,70.0
2023-04-06,70.11
2023-04-07,70.2
2023-04-10,71.0
2023-04-11,70.3
2023-04-12,72.5
2023-04-13,72.0
2023-04-14,72.0
2023-04-17,71.02
2023-04-18,72.3
2023-04-19,72.01
2023-04-20,70.5
2023-04-21,72.5
2023-04-25,72.25
2023-04-26,72.25
2023-04-27,72.5
2023-04-28,70.1
2023-05-02,70.51
2023-05-03,73.5
2023-05-04,70.7
2023-05-05,70.6
2023-05-08,73.0
2023-05-09,72.0
2023-05-10,72.0
2023-05-11,73.6
2023-05-12,73.6
2023-05-15,73.11
2023-05-16,74.9
2023-05-17,74.69
2023-05-18,74.1
2023-05-19,73.2
2023-05-22,74.94
2023-05-23,74.98
2023-05-24,76.74
2023-05-25,76.0
2023-05-26,76.7
2023-05-29,80.0
2023-05-30,79.99
2023-05-31,75.25
2023-06-01,75.49
2023-06-02,75.5
2023-06-05,75.2
2023-06-06,76.0
2023-06-07,76.0
2023-06-08,76.0
2023-06-09,75.6
2023-06-12,75.65
2023-06-13,76.95
2023-06-14,76.0
2023-06-15,78.0
2023-06-16,77.5
2023-06-19,76.0
2023-06-20,74.99
2023-06-21,76.8
2023-06-22,76.8
2023-06-23,72.2
2023-06-26,75.4
2023-06-27,75.5
2023-06-28,75.4
2023-07-03,75.4
2023-07-04,76.0
2023-07-05,75.0
2023-07-06,75.0
2023-07-07,75.1
2023-07-10,75.13
2023-07-11,77.0
2023-07-12,75.33
2023-07-13,76.0
2023-07-14,78.0
2023-07-17,78.0
2023-07-18,78.8
2023-07-20,80.0
2023-07-21,82.5
2023-07-24,81.95
2023-07-25,80.2
2023-07-26,80.0
2023-07-27,80.0
2023-07-28,80.0
2023-07-31,79.55
2023-08-01,79.0
2023-08-02,78.17
2023-08-03,79.0
2023-08-04,80.35
2023-08-07,80.0
2023-08-08,79.49
2023-08-09,79.89
2023-08-10,79.01
2023-08-11,79.79
2023-08-15,79.0
2023-08-16,79.5
2023-08-17,79.65
2023-08-18,79.7
2023-08-22,79.5
2023-08-23,79.0
2023-08-24,79.0
2023-08-25,79.5
2023-08-28,79.89
2023-08-29,79.67
2023-08-30,79.0
2023-08-31,75.0
2023-09-01,73.01
2023-09-04,73.0
2023-09-05,76.5
2023-09-06,72.5
2023-09-07,74.99
2023-09-08,73.0
2023-09-11,72.23
2023-09-12,73.0
2023-09-13,73.0
2023-09-14,74.98
2023-09-15,73.0
2023-09-18,72.5
2023-09-19,73.99
2023-09-20,72.0
2023-09-21,67.69
2023-09-22,68.0
2023-09-25,68.0
2023-09-26,68.0
2023-09-27,68.97
2023-10-02,69.0
2023-10-03,67.1
2023-10-04,67.85
2023-10-05,70.4
2023-10-06,68.5
2023-10-09,69.75
2023-10-10,68.75
2023-10-11,69.84
2023-10-12,69.6
2023-10-13,68.55
2023-10-16,69.49
2023-10-17,69.0
2023-10-18,69.35
2023-10-19,67.0
2023-10-20,67.0
2023-10-23,68.24
2023-10-24,68.5
2023-10-25,69.79
2023-10-26,69.45
2023-10-27,67.0
2023-10-30,68.0
2023-10-31,68.5
2023-11-01,69.0
2023-11-02,69.0
2023-11-03,68.0
2023-11-07,67.5
2023-11-08,67.3
2023-11-09,68.99
2023-11-10,68.99
2023-11-13,68.0
2023-11-14,68.0
2023-11-15,66.5
2023-11-16,67.0
2023-11-17,68.49
2023-11-20,68.49
2023-11-21,68.5
2023-11-22,68.3
2023-11-23,68.45
2023-11-24,68.55
2023-11-27,67.2
2023-11-28,67.7
2023-11-29,67.15
2023-11-30,67.0
2023-12-01,67.2
2023-12-04,68.0
2023-12-05,67.0
2023-12-06,67.05
2023-12-07,67.86
2023-12-08,67.0
2023-12-11,66.73
2023-12-12,67.5
2023-12-13,67.0
2023-12-14,68.0
2023-12-15,67.0
2023-12-18,67.0
2023-12-19,67.1
2023-12-20,67.0
2023-12-21,67.0
2023-12-22,66.84
2023-12-25,67.0
2023-12-26,67.2
2023-12-27,67.0
2023-12-28,67.0
2023-12-29,67.75
2024-01-02,67.0
2024-01-03,66.93
2024-01-04,67.01
2024-01-05,67.0
2024-01-08,67.1
2024-01-09,67.3
2024-01-10,68.45
2024-01-12,68.49
2024-01-15,68.51
2024-01-16,68.9
2024-01-17,68.9
2024-01-18,68.0
2024-01-19,68.2
2024-01-22,68.49
2024-01-23,67.5
2024-01-24,67.5
2024-01-25,68.0
2024-01-26,67.25
2024-01-29,68.0
2024-01-30,67.12
2024-01-31,67.55
2024-02-01,68.0
2024-02-02,68.0
2024-02-05,68.0
2024-02-06,68.0
2024-02-07,68.0
2024-02-08,68.0
2024-02-09,67.65
2024-02-12,68.0
2024-02-13,68.2
2024-02-14,68.2
2024-02-15,67.5
2024-02-16,67.85
2024-02-19,67.5
2024-02-20,67.15
2024-02-21,67.0
2024-02-22,67.4
2024-02-23,67.3
2024-02-26,67.3
2024-02-27,67.25
2024-02-28,67.0
2024-02-29,67.0
2024-03-01,67.0
2024-03-04,66.67
2024-03-05,67.0
2024-03-06,67.0
2024-03-07,67.2
2024-03-08,68.0
2024-03-11,65.0
2024-03-12,65.0
2024-03-13,64.7
2024-03-14,64.5
2024-03-15,65.99
2024-03-18,65.89
2024-03-19,64.0
2024-03-20,63.5
2024-03-21,63.6
2024-03-22,63.0
2024-03-25,63.15
2024-03-26,64.94
2024-03-27,64.94
2024-03-28,64.91
2024-03-29,64.0
2024-04-01,63.0
2024-04-02,63.4
2024-04-03,63.7
2024-04-04,65.0
2024-04-05,66.6
2024-04-08,66.52
2024-04-09,71.0
2024-04-15,78.0
2024-04-16,81.5
2024-04-17,80.0
2024-04-18,78.0
2024-04-19,78.0
2024-04-22,74.9
2024-04-23,73.5
2024-04-24,73.0
2024-04-25,78.0
2024-04-26,77.0
2024-04-29,75.51
2024-04-30,76.1
2024-05-02,77.0
2024-05-03,76.94
2024-05-06,76.0
2024-05-07,75.98
2024-05-08,75.98
2024-05-09,78.0
2024-05-10,77.0
2024-05-13,77.0
2024-05-14,78.99
2024-05-15,78.7
2024-05-16,78.5
2024-05-17,78.5
2024-05-20,78.0
2024-05-21,77.99
2024-05-22,74.5
2024-05-23,76.0
2024-05-24,75.3
2024-05-27,75.0
2024-05-28,74.98
2024-05-29,74.0
2024-05-30,74.0
2024-05-31,73.0
2024-06-03,75.99
2024-06-04,73.0
2024-06-05,73.0
2024-06-06,71.3
2024-06-07,71.28
2024-06-10,72.0
2024-06-11,74.38
2024-06-12,72.99
2024-06-13,73.0
2024-06-14,72.6
2024-06-19,72.6
2024-06-20,73.5
2024-06-21,73.5
2024-06-24,74.9
2024-06-25,72.99
2024-06-26,74.7
2024-06-27,73.0
2024-06-28,73.0
2024-07-01,74.0
2024-07-02,73.0
2024-07-03,72.0
2024-07-04,71.51
2024-07-05,72.89
2024-07-08,72.3
2024-07-09,71.04
2024-07-10,72.0
2024-07-11,71.96
2024-07-12,71.0
2024-07-15,70.0
2024-07-16,69.85
2024-07-17,69.0
2024-07-18,68.5
2024-07-19,68.0
2024-07-22,70.7
2024-07-23,68.5
2024-07-24,68.0
2024-07-25,68.0
2024-07-26,67.99
2024-07-29,67.97
2024-07-31,68.0
2024-08-01,68.0
2024-08-02,67.95
2024-08-05,69.8
2024-08-06,68.5
2024-08-07,68.6
2024-08-08,67.75
2024-08-09,67.0
2024-08-12,67.0
2024-08-13,67.51
2024-08-15,67.0
2024-08-16,67.5
2024-08-19,67.1
2024-08-22,67.6
2024-08-23,71.0
2024-08-26,70.8
2024-08-27,69.99
2024-08-28,68.7
2024-08-29,69.0
2024-08-30,68.98
2024-09-02,68.95
2024-09-03,68.0
2024-09-04,68.0
2024-09-05,68.0
2024-09-06,67.95
2024-09-09,68.7
2024-09-10,75.0
2024-09-11,76.01
2024-09-12,77.14
2024-09-13,76.01
2024-09-18,75.99
2024-09-19,73.5
2024-09-20,75.0
2024-09-23,74.0
2024-09-24,74.0
2024-09-25,74.0
2024-09-26,74.0
2024-09-27,73.0
2024-09-30,72.5
2024-10-01,72.99
2024-10-02,71.45
2024-10-03,72.1
2024-10-04,70.01
2024-10-07,70.71
2024-10-08,70.7
2024-10-09,70.7
2024-10-10,70.2
2024-10-11,68.03
2024-10-14,70.99
2024-10-15,70.0
2024-10-16,68.0
2024-10-17,68.5
2024-10-18,68.0
2024-10-21,70.5
2024-10-22,70.5
2024-10-23,70.5
2024-10-24,69.9
2024-10-25,68.0
2024-10-28,68.01
2024-10-29,68.0
2024-10-30,68.0
2024-10-31,67.5
2024-11-01,67.99
2024-11-04,67.95
2024-11-05,68.0
2024-11-07,69.5
2024-11-08,68.0
2024-11-11,67.65
2024-11-12,67.49
2024-11-13,67.0
2024-11-14,67.0
2024-11-15,67.4
2024-11-19,67.22
2024-11-20,67.21
2024-11-21,67.03
2024-11-22,66.86
2024-11-25,65.9
2024-11-26,65.0
2024-11-27,64.5
2024-11-28,65.02
2024-11-29,62.0
2024-12-02,62.11
2024-12-03,64.0
2024-12-04,65.99
2024-12-05,64.5
2024-12-06,65.75
2024-12-09,65.0
2024-12-10,65.0
2024-12-11,66.2
2024-12-12,66.15
2024-12-13,65.98
2024-12-16,65.5
2024-12-17,66.0
2024-12-18,66.0
2024-12-19,64.74
2024-12-20,66.25
2024-12-23,64.25
2024-12-24,65.98
2024-12-25,64.35
2024-12-26,65.8
2024-12-27,64.0
2024-12-30,65.5
2024-12-31,66.0
2025-01-02,64.21
2025-01-03,64.99
2025-01-06,64.99
2025-01-07,64.2
2025-01-08,64.9
2025-01-09,68.0
2025-01-10,67.0
2025-01-13,67.0
2025-01-15,67.0
2025-01-16,67.0
2025-01-17,66.8
2025-01-20,67.0
2025-01-21,67.0
2025-01-22,66.51
2025-01-23,67.39
2025-01-24,67.0
2025-01-27,67.55
2025-01-28,66.99
2025-01-29,67.0
2025-01-30,69.99
2025-01-31,67.9
2025-02-03,67.7
2025-02-04,73.01
2025-02-05,73.5
2025-02-06,79.0
2025-02-07,76.99
2025-02-10,76.2
2025-02-11,73.5
2025-02-12,75.0
2025-02-13,75.25
2025-02-14,75.0
2025-02-17,75.0
2025-02-18,73.52
2025-02-19,73.92
2025-02-20,72.9
2025-02-21,72.0
2025-02-24,72.4
2025-02-25,74.0
2025-02-26,73.0
2025-02-27,73.69
2025-02-28,73.88
2025-03-03,73.55
2025-03-04,72.9
2025-03-05,75.0
2025-03-06,77.8
2025-03-07,75.1
2025-03-10,76.33
2025-03-11,75.5
2025-03-12,74.0
2025-03-13,74.0
2025-03-14,74.84
2025-03-17,73.1
2025-03-18,74.0
2025-03-19,76.06
2025-03-20,76.4
2025-03-21,76.0
2025-03-24,76.38
2025-03-25,74.3
2025-03-26,75.0
2025-03-27,74.5
2025-03-28,75.0
2025-04-02,74.89
2025-04-03,74.44
2025-04-04,77.0
2025-04-07,73.99
2025-04-08,74.35
2025-04-09,74.99
2025-04-10,75.78
2025-04-11,74.5
2025-04-14,76.9
2025-04-15,77.0
2025-04-16,77.0
2025-04-17,76.95
2025-04-18,77.0
2025-04-21,77.0
2025-04-22,77.39
2025-04-23,76.5
2025-04-24,77.48
2025-04-25,77.0
2025-04-28,77.0
2025-04-29,76.95
2025-04-30,76.5
2025-05-02,77.0
2025-05-05,80.0
2025-05-06,79.5
2025-05-07,81.0
2025-05-08,82.0
2025-05-09,81.99
