date,ATL
2007-10-18,159.7
2007-10-22,193.1
2007-10-24,216.8
2007-10-25,204.0
2007-10-26,207.8
2007-10-29,209.5
2007-10-30,204.1
2007-10-31,198.0
2007-11-01,197.0
2007-11-02,201.0
2007-11-05,196.5
2007-11-07,200.0
2007-11-08,193.1
2007-11-09,192.5
2007-11-12,194.5
2007-11-13,185.3
2007-11-14,184.5
2007-11-15,189.0
2007-11-16,191.0
2007-11-19,188.0
2007-11-20,183.5
2007-11-21,180.0
2007-11-22,181.9
2007-11-23,180.0
2007-11-26,173.6
2007-11-27,182.2
2007-11-28,189.0
2007-11-29,186.0
2007-11-30,186.9
2007-12-03,180.8
2007-12-04,177.8
2007-12-05,176.0
2007-12-06,175.0
2007-12-07,173.5
2007-12-10,170.8
2007-12-11,180.0
2007-12-12,180.9
2007-12-13,182.0
2007-12-14,179.3
2007-12-17,174.5
2007-12-18,173.0
2007-12-19,170.0
2007-12-20,170.1
2007-12-24,170.0
2007-12-25,167.6
2007-12-26,165.1
2007-12-27,165.1
2007-12-28,166.7
2007-12-31,166.1
2008-01-02,167.4
2008-01-03,170.3
2008-01-04,171.9
2008-01-07,171.5
2008-01-08,169.9
2008-01-09,169.0
2008-01-14,165.1
2008-01-15,165.7
2008-01-16,167.5
2008-01-17,165.2
2008-01-18,164.0
2008-01-21,162.8
2008-01-22,164.9
2008-01-23,163.0
2008-01-24,161.5
2008-01-25,163.0
2008-01-28,160.0
2008-01-29,158.5
2008-01-30,158.0
2008-01-31,154.5
2008-02-01,153.8
2008-02-04,156.0
2008-02-05,159.5
2008-02-06,159.0
2008-02-07,157.3
2008-02-08,156.6
2008-02-11,155.0
2008-02-12,156.0
2008-02-13,154.0
2008-02-14,153.0
2008-02-15,152.0
2008-02-18,150.5
2008-02-19,150.0
2008-02-20,148.0
2008-02-21,140.0
2008-02-22,133.3
2008-02-25,138.0
2008-02-26,146.2
2008-02-27,147.9
2008-02-28,147.9
2008-02-29,146.3
2008-03-03,139.0
2008-03-04,138.0
2008-03-05,137.9
2008-03-06,137.0
2008-03-07,137.7
2008-03-10,139.5
2008-03-11,139.2
2008-03-12,139.8
2008-03-13,138.0
2008-03-14,136.0
2008-03-17,134.3
2008-03-18,132.0
2008-03-19,135.0
2008-03-24,132.0
2008-03-25,132.0
2008-03-26,134.9
2008-03-27,135.0
2008-03-28,135.1
2008-03-31,135.5
2008-04-01,135.5
2008-04-02,132.0
2008-04-03,135.0
2008-04-04,134.0
2008-04-07,133.5
2008-04-08,134.9
2008-04-09,135.0
2008-04-10,135.0
2008-04-11,134.9
2008-04-14,133.1
2008-04-15,133.9
2008-04-16,133.5
2008-04-17,132.0
2008-04-18,132.8
2008-04-21,131.6
2008-04-22,131.5
2008-04-23,131.4
2008-04-24,131.3
2008-04-25,131.3
2008-04-28,131.2
2008-04-29,131.3
2008-04-30,131.5
2008-05-02,131.5
2008-05-05,131.5
2008-05-06,131.5
2008-05-07,131.2
2008-05-08,131.9
2008-05-09,129.5
2008-05-12,131.6
2008-05-13,130.5
2008-05-14,130.5
2008-05-15,130.1
2008-05-16,132.0
2008-05-19,129.5
2008-05-20,130.2
2008-05-21,130.3
2008-05-22,130.1
2008-05-23,130.6
2008-05-26,130.0
2008-05-27,129.4
2008-05-28,130.0
2008-05-29,131.0
2008-05-30,130.0
2008-06-02,134.0
2008-06-03,133.7
2008-06-04,133.0
2008-06-05,131.1
2008-06-06,131.1
2008-06-09,131.1
2008-06-10,132.2
2008-06-11,131.0
2008-06-12,131.5
2008-06-13,130.7
2008-06-16,131.8
2008-06-17,129.3
2008-06-18,129.5
2008-06-19,127.5
2008-06-20,127.7
2008-06-23,128.8
2008-06-24,126.2
2008-06-25,125.5
2008-06-26,125.4
2008-06-27,122.2
2008-06-30,120.0
2008-07-01,117.6
2008-07-02,119.0
2008-07-03,118.0
2008-07-04,117.0
2008-07-07,114.0
2008-07-08,117.5
2008-07-09,120.0
2008-07-10,120.6
2008-07-11,121.2
2008-07-14,121.0
2008-07-15,122.0
2008-07-16,120.1
2008-07-17,121.6
2008-07-18,121.2
2008-07-21,120.2
2008-07-22,118.6
2008-07-23,119.6
2008-07-24,125.1
2008-07-25,124.2
2008-07-28,124.3
2008-07-29,125.0
2008-07-31,122.1
2008-08-01,124.0
2008-08-04,121.0
2008-08-05,121.3
2008-08-06,118.0
2008-08-07,116.6
2008-08-08,116.6
2008-08-11,116.3
2008-08-12,117.0
2008-08-13,119.1
2008-08-15,121.0
2008-08-18,122.6
2008-08-19,122.7
2008-08-22,122.0
2008-08-25,122.4
2008-08-26,123.5
2008-08-27,123.8
2008-08-28,123.6
2008-08-29,125.0
2008-09-01,127.1
2008-09-02,126.7
2008-09-03,129.8
2008-09-04,130.0
2008-09-05,126.1
2008-09-08,125.6
2008-09-09,124.2
2008-09-10,125.0
2008-09-11,131.0
2008-09-12,132.0
2008-09-15,125.0
2008-09-16,125.0
2008-09-17,126.0
2008-09-18,130.5
2008-09-19,136.0
2008-09-22,138.0
2008-09-23,142.0
2008-09-24,140.0
2008-09-25,139.0
2008-09-26,139.0
2008-09-29,139.9
2008-09-30,140.0
2008-10-03,140.0
2008-10-06,139.0
2008-10-07,139.0
2008-10-08,139.0
2008-10-09,133.0
2008-10-10,133.0
2008-10-13,135.0
2008-10-14,135.0
2008-10-15,135.0
2008-10-16,135.0
2008-10-17,133.9
2008-10-20,134.0
2008-10-21,134.0
2008-10-22,135.0
2008-10-23,135.0
2008-10-24,131.7
2008-10-27,126.5
2008-10-28,129.9
2008-10-29,129.8
2008-10-30,130.0
2008-10-31,130.0
2008-11-03,129.9
2008-11-04,129.8
2008-11-05,128.8
2008-11-07,129.5
2008-11-10,129.0
2008-11-11,129.5
2008-11-12,129.5
2008-11-13,129.0
2008-11-14,126.65
2008-11-17,128.0
2008-11-19,128.7
2008-11-20,128.7
2008-11-21,127.0
2008-11-24,126.0
2008-11-25,125.0
2008-11-26,125.0
2008-11-27,126.9
2008-11-28,125.5
2008-12-01,127.35
2008-12-02,127.4
2008-12-03,125.0
2008-12-04,125.0
2008-12-05,123.9
2008-12-08,124.0
2008-12-11,127.0
2008-12-12,125.0
2008-12-15,123.0
2008-12-16,121.0
2008-12-17,122.0
2008-12-18,121.0
2008-12-19,119.1
2008-12-22,122.0
2008-12-23,121.9
2008-12-24,120.5
2008-12-25,125.0
2008-12-26,118.5
2008-12-30,117.0
2008-12-31,118.0
2009-01-02,110.95
2009-01-05,104.3
2009-01-06,98.06
2009-01-07,98.0
2009-01-08,98.0
2009-01-09,99.1
2009-01-12,99.0
2009-01-13,96.0
2009-01-14,98.9
2009-01-15,98.0
2009-01-16,96.5
2009-01-19,100.0
2009-01-20,98.3
2009-01-21,100.0
2009-01-22,100.0
2009-01-23,100.0
2009-01-26,98.0
2009-01-27,97.0
2009-01-28,97.98
2009-01-29,96.5
2009-01-30,95.7
2009-02-02,96.0
2009-02-03,94.0
2009-02-04,98.0
2009-02-05,98.98
2009-02-06,98.0
2009-02-09,97.0
2009-02-10,96.4
2009-02-11,96.68
2009-02-12,100.0
2009-02-13,99.0
2009-02-16,98.98
2009-02-17,99.0
2009-02-18,104.0
2009-02-19,102.9
2009-02-20,109.0
2009-02-23,105.1
2009-02-24,110.0
2009-02-25,116.6
2009-02-26,121.5
2009-02-27,116.4
2009-03-02,117.0
2009-03-03,115.8
2009-03-04,113.8
2009-03-05,112.0
2009-03-06,118.0
2009-03-09,118.75
2009-03-12,117.0
2009-03-13,112.0
2009-03-16,114.0
2009-03-17,112.5
2009-03-18,105.75
2009-03-19,104.8
2009-03-20,103.95
2009-03-23,100.2
2009-03-24,98.0
2009-03-25,100.0
2009-03-26,100.0
2009-03-27,99.9
2009-03-30,98.0
2009-03-31,98.0
2009-04-01,98.02
2009-04-02,98.0
2009-04-03,99.0
2009-04-06,99.0
2009-04-07,97.9
2009-04-08,96.02
2009-04-09,96.02
2009-04-10,98.0
2009-04-13,97.0
2009-04-14,95.1
2009-04-15,92.5
2009-04-16,97.0
2009-04-17,97.0
2009-04-20,97.0
2009-04-21,97.0
2009-04-22,97.0
2009-04-23,96.98
2009-04-24,98.0
2009-04-27,98.3
2009-04-28,97.9
2009-04-29,97.8
2009-04-30,97.52
2009-05-04,97.56
2009-05-05,97.0
2009-05-06,97.0
2009-05-07,97.0
2009-05-08,97.72
2009-05-11,97.48
2009-05-12,96.0
2009-05-13,96.0
2009-05-14,101.75
2009-05-15,100.35
2009-05-18,98.6
2009-05-19,98.6
2009-05-20,99.5
2009-05-21,98.8
2009-05-22,97.1
2009-05-25,97.2
2009-05-26,98.1
2009-05-27,98.32
2009-05-28,98.94
2009-05-29,101.25
2009-06-01,103.0
2009-06-02,109.15
2009-06-03,109.35
2009-06-04,107.65
2009-06-05,108.1
2009-06-08,113.5
2009-06-09,113.0
2009-06-10,113.0
2009-06-11,110.0
2009-06-12,110.0
2009-06-15,111.95
2009-06-16,109.0
2009-06-17,109.0
2009-06-18,113.0
2009-06-19,113.0
2009-06-22,113.0
2009-06-23,113.7
2009-06-24,114.0
2009-06-25,112.15
2009-06-26,113.9
2009-06-29,113.9
2009-06-30,112.95
2009-07-01,110.15
2009-07-02,107.9
2009-07-03,106.85
2009-07-06,107.0
2009-07-07,106.8
2009-07-08,106.7
2009-07-09,104.9
2009-07-10,104.5
2009-07-13,105.0
2009-07-14,105.25
2009-07-15,104.0
2009-07-16,105.0
2009-07-17,104.95
2009-07-20,104.5
2009-07-21,104.5
2009-07-22,104.0
2009-07-23,102.1
2009-07-24,104.0
2009-07-27,104.0
2009-07-28,104.0
2009-07-29,103.95
2009-07-31,104.0
2009-08-03,103.85
2009-08-04,103.0
2009-08-05,103.0
2009-08-06,103.0
2009-08-07,103.75
2009-08-10,103.75
2009-08-11,103.75
2009-08-12,103.0
2009-08-13,103.0
2009-08-17,103.0
2009-08-18,104.5
2009-08-19,104.3
2009-08-24,104.4
2009-08-25,104.0
2009-08-26,103.9
2009-08-27,103.75
2009-08-28,103.85
2009-08-31,100.0
2009-09-01,101.95
2009-09-02,100.8
2009-09-03,99.0
2009-09-04,100.0
2009-09-07,98.88
2009-09-08,98.96
2009-09-09,98.0
2009-09-10,99.5
2009-09-11,98.98
2009-09-14,94.02
2009-09-15,96.9
2009-09-16,97.0
2009-09-17,98.5
2009-09-18,96.2
2009-09-23,98.0
2009-09-24,98.0
2009-09-25,98.0
2009-09-28,97.0
2009-09-29,97.5
2009-09-30,95.0
2009-10-01,97.2
2009-10-02,98.0
2009-10-05,97.0
2009-10-06,97.0
2009-10-07,95.92
2009-10-08,93.6
2009-10-09,94.98
2009-10-12,94.8
2009-10-13,92.2
2009-10-14,92.06
2009-10-15,93.5
2009-10-16,93.5
2009-10-19,93.0
2009-10-20,92.5
2009-10-21,92.4
2009-10-22,90.2
2009-10-23,91.48
2009-10-26,92.5
2009-10-27,91.0
2009-10-28,92.0
2009-10-29,91.0
2009-10-30,91.96
2009-11-02,91.78
2009-11-03,89.0
2009-11-04,88.2
2009-11-05,84.3
2009-11-09,85.08
2009-11-10,84.52
2009-11-11,87.8
2009-11-12,87.92
2009-11-13,87.86
2009-11-16,87.0
2009-11-17,87.98
2009-11-19,87.78
2009-11-20,87.6
2009-11-23,92.22
2009-11-24,91.9
2009-11-25,91.0
2009-11-26,90.94
2009-11-27,90.22
2009-11-30,90.34
2009-12-01,89.98
2009-12-02,90.0
2009-12-03,89.0
2009-12-04,93.0
2009-12-07,91.96
2009-12-08,92.0
2009-12-09,93.0
2009-12-10,94.0
2009-12-11,93.0
2009-12-14,95.98
2009-12-15,96.2
2009-12-16,98.7
2009-12-17,99.92
2009-12-21,97.1
2009-12-22,99.1
2009-12-23,99.48
2009-12-24,98.5
2009-12-25,98.0
2009-12-28,96.0
2009-12-29,93.3
2009-12-30,91.6
2009-12-31,86.12
2010-01-04,82.02
2010-01-05,83.46
2010-01-06,85.98
2010-01-07,88.5
2010-01-08,87.0
2010-01-12,85.2
2010-01-13,86.0
2010-01-14,88.38
2010-01-15,88.4
2010-01-18,88.0
2010-01-19,88.78
2010-01-20,87.4
2010-01-21,87.5
2010-01-22,88.3
2010-01-25,88.28
2010-01-26,87.5
2010-01-27,87.5
2010-01-28,87.78
2010-01-29,87.0
2010-02-01,86.7
2010-02-02,87.02
2010-02-03,89.0
2010-02-04,87.4
2010-02-05,88.9
2010-02-08,87.02
2010-02-09,88.38
2010-02-10,88.5
2010-02-11,88.5
2010-02-12,88.16
2010-02-15,91.0
2010-02-16,93.48
2010-02-17,93.5
2010-02-18,95.0
2010-02-19,94.5
2010-02-22,93.78
2010-02-23,93.88
2010-02-24,95.0
2010-02-25,95.0
2010-02-26,97.0
2010-03-01,95.0
2010-03-02,94.02
2010-03-03,94.44
2010-03-04,92.34
2010-03-05,93.5
2010-03-08,92.0
2010-03-09,92.0
2010-03-10,92.96
2010-03-11,90.0
2010-03-12,90.0
2010-03-15,91.82
2010-03-16,89.1
2010-03-17,90.0
2010-03-18,90.98
2010-03-19,88.8
2010-03-22,90.0
2010-03-23,89.9
2010-03-24,89.7
2010-03-25,89.7
2010-03-26,91.0
2010-03-29,90.98
2010-03-30,89.5
2010-03-31,87.6
2010-04-01,89.68
2010-04-02,89.5
2010-04-05,87.0
2010-04-06,84.24
2010-04-07,85.0
2010-04-08,85.0
2010-04-09,84.0
2010-04-12,84.0
2010-04-13,84.0
2010-04-14,83.8
2010-04-15,80.0
2010-04-16,81.5
2010-04-19,81.8
2010-04-20,81.5
2010-04-21,81.9
2010-04-22,83.0
2010-04-23,87.5
2010-04-26,90.0
2010-04-27,88.1
2010-04-28,87.0
2010-04-29,90.98
2010-04-30,90.46
2010-05-03,90.0
2010-05-04,88.86
2010-05-05,88.52
2010-05-06,87.5
2010-05-07,87.5
2010-05-10,86.5
2010-05-11,87.9
2010-05-12,86.02
2010-05-13,86.12
2010-05-14,89.5
2010-05-17,88.98
2010-05-18,89.48
2010-05-19,91.5
2010-05-20,90.5
2010-05-21,91.4
2010-05-24,90.4
2010-05-25,88.5
2010-05-26,87.2
2010-05-27,87.8
2010-05-28,87.5
2010-05-31,87.8
2010-06-01,88.46
2010-06-02,87.9
2010-06-03,88.46
2010-06-04,89.96
2010-06-07,87.56
2010-06-08,86.72
2010-06-09,88.76
2010-06-10,87.6
2010-06-11,88.38
2010-06-14,87.98
2010-06-15,87.98
2010-06-16,87.0
2010-06-17,86.64
2010-06-18,87.0
2010-06-21,88.0
2010-06-22,88.0
2010-06-23,86.9
2010-06-24,87.5
2010-06-25,87.94
2010-06-28,87.5
2010-06-29,87.46
2010-06-30,86.2
2010-07-01,85.76
2010-07-02,87.0
2010-07-05,85.14
2010-07-06,85.5
2010-07-07,86.0
2010-07-08,86.5
2010-07-09,86.5
2010-07-12,87.0
2010-07-13,87.44
2010-07-14,86.98
2010-07-15,86.0
2010-07-16,86.8
2010-07-19,85.0
2010-07-20,85.2
2010-07-21,85.0
2010-07-22,84.46
2010-07-23,84.98
2010-07-26,84.5
2010-07-27,85.0
2010-07-28,84.5
2010-07-29,84.9
2010-08-02,84.9
2010-08-03,84.86
2010-08-04,86.76
2010-08-05,86.0
2010-08-06,86.28
2010-08-09,86.9
2010-08-10,87.48
2010-08-11,86.96
2010-08-12,86.8
2010-08-13,86.48
2010-08-16,85.0
2010-08-17,85.2
2010-08-18,85.0
2010-08-19,85.1
2010-08-23,84.92
2010-08-24,83.0
2010-08-25,84.0
2010-08-26,84.9
2010-08-27,85.8
2010-08-30,84.98
2010-08-31,86.0
2010-09-01,85.0
2010-09-02,86.4
2010-09-03,86.0
2010-09-06,86.8
2010-09-07,91.88
2010-09-08,91.8
2010-09-09,89.24
2010-09-13,88.52
2010-09-14,88.76
2010-09-15,86.5
2010-09-16,87.8
2010-09-17,86.5
2010-09-20,87.5
2010-09-21,87.5
2010-09-22,87.5
2010-09-23,86.5
2010-09-24,86.5
2010-09-27,86.98
2010-09-28,86.9
2010-09-29,86.9
2010-09-30,87.0
2010-10-01,86.5
2010-10-04,87.0
2010-10-05,84.5
2010-10-06,87.0
2010-10-07,87.0
2010-10-08,86.0
2010-10-11,85.5
2010-10-12,85.0
2010-10-13,86.8
2010-10-14,86.8
2010-10-15,85.96
2010-10-18,85.9
2010-10-19,86.7
2010-10-20,87.98
2010-10-21,88.5
2010-10-22,88.0
2010-10-25,88.0
2010-10-26,86.6
2010-10-27,86.0
2010-10-28,86.04
2010-10-29,86.98
2010-11-01,86.04
2010-11-02,85.0
2010-11-03,85.06
2010-11-04,85.16
2010-11-05,86.5
2010-11-08,86.0
2010-11-09,86.0
2010-11-10,86.0
2010-11-11,85.94
2010-11-12,84.1
2010-11-15,85.1
2010-11-16,85.0
2010-11-19,85.0
2010-11-22,85.84
2010-11-23,85.0
2010-11-24,84.5
2010-11-25,83.5
2010-11-26,83.58
2010-11-29,78.58
2010-11-30,77.0
2010-12-01,77.9
2010-12-02,79.84
2010-12-03,79.86
2010-12-06,79.3
2010-12-08,78.36
2010-12-09,78.5
2010-12-10,77.68
2010-12-13,78.0
2010-12-14,77.68
2010-12-15,75.4
2010-12-16,75.54
2010-12-17,75.0
2010-12-20,76.0
2010-12-21,77.0
2010-12-22,76.0
2010-12-23,76.48
2010-12-24,74.68
2010-12-27,75.7
2010-12-28,75.56
2010-12-29,74.0
2010-12-30,74.52
2010-12-31,74.0
2011-01-03,74.38
2011-01-04,74.98
2011-01-05,75.38
2011-01-06,75.0
2011-01-07,75.0
2011-01-10,75.48
2011-01-12,74.0
2011-01-13,75.0
2011-01-14,74.9
2011-01-17,73.0
2011-01-18,73.0
2011-01-19,72.0
2011-01-20,70.0
2011-01-21,68.0
2011-01-24,68.0
2011-01-25,70.0
2011-01-26,70.0
2011-01-27,69.06
2011-01-28,69.96
2011-01-31,68.0
2011-02-01,66.96
2011-02-02,66.8
2011-02-03,66.98
2011-02-04,65.7
2011-02-07,65.02
2011-02-08,66.14
2011-02-09,66.1
2011-02-10,65.34
2011-02-11,69.26
2011-02-14,68.98
2011-02-15,70.98
2011-02-18,70.48
2011-02-21,66.26
2011-02-22,67.5
2011-02-23,68.0
2011-02-24,67.96
2011-02-25,70.0
2011-02-28,71.46
2011-03-01,72.0
2011-03-02,71.9
2011-03-03,71.0
2011-03-04,70.9
2011-03-07,70.0
2011-03-08,69.06
2011-03-09,70.0
2011-03-10,70.98
2011-03-11,70.0
2011-03-14,69.2
2011-03-15,68.52
2011-03-16,69.0
2011-03-17,70.38
2011-03-18,70.34
2011-03-21,70.0
2011-03-22,70.9
2011-03-23,70.7
2011-03-24,70.5
2011-03-25,70.4
2011-03-28,70.0
2011-03-29,69.14
2011-03-30,69.0
2011-03-31,67.0
2011-04-01,65.0
2011-04-04,63.0
2011-04-05,65.0
2011-04-06,66.8
2011-04-07,67.8
2011-04-08,67.0
2011-04-11,66.92
2011-04-12,66.0
2011-04-13,64.5
2011-04-14,65.5
2011-04-15,64.5
2011-04-18,67.88
2011-04-19,67.5
2011-04-20,67.1
2011-04-21,67.5
2011-04-22,66.0
2011-04-25,67.68
2011-04-26,68.0
2011-04-27,68.0
2011-04-28,65.6
2011-04-29,64.0
2011-05-02,66.48
2011-05-03,66.46
2011-05-04,66.5
2011-05-05,68.0
2011-05-06,68.0
2011-05-09,68.0
2011-05-10,68.0
2011-05-11,68.5
2011-05-12,68.7
2011-05-13,69.0
2011-05-16,69.02
2011-05-17,69.0
2011-05-18,69.5
2011-05-19,70.0
2011-05-20,70.0
2011-05-23,69.02
2011-05-24,69.7
2011-05-25,69.22
2011-05-26,70.7
2011-05-27,71.0
2011-05-30,71.0
2011-05-31,71.06
2011-06-01,71.38
2011-06-02,70.12
2011-06-03,70.5
2011-06-06,70.26
2011-06-07,70.96
2011-06-08,70.3
2011-06-09,69.96
2011-06-10,69.94
2011-06-13,69.96
2011-06-14,68.64
2011-06-15,68.9
2011-06-16,68.3
2011-06-17,69.96
2011-06-20,69.78
2011-06-21,69.0
2011-06-22,69.36
2011-06-23,68.98
2011-06-24,67.22
2011-06-27,68.94
2011-06-28,68.84
2011-06-29,68.0
2011-06-30,69.0
2011-07-01,68.88
2011-07-04,67.02
2011-07-05,68.4
2011-07-06,68.32
2011-07-07,67.98
2011-07-08,67.0
2011-07-11,67.5
2011-07-12,66.6
2011-07-13,66.46
2011-07-14,66.0
2011-07-15,66.48
2011-07-18,66.48
2011-07-19,66.8
2011-07-20,65.86
2011-07-21,64.0
2011-07-22,64.92
2011-07-25,64.2
2011-07-26,63.28
2011-07-27,64.0
2011-07-28,63.0
2011-07-29,62.0
2011-08-01,60.0
2011-08-02,59.98
2011-08-03,60.94
2011-08-04,59.5
2011-08-05,59.48
2011-08-08,58.98
2011-08-09,58.0
2011-08-10,60.0
2011-08-11,58.5
2011-08-12,59.02
2011-08-15,58.5
2011-08-16,59.5
2011-08-17,59.24
2011-08-18,59.2
2011-08-19,59.8
2011-08-22,59.98
2011-08-23,60.0
2011-08-24,59.98
2011-08-25,59.5
2011-08-26,59.0
2011-08-29,59.1
2011-08-30,60.98
2011-09-02,61.48
2011-09-05,61.4
2011-09-06,62.88
2011-09-07,66.0
2011-09-08,69.94
2011-09-09,69.0
2011-09-12,68.6
2011-09-13,68.7
2011-09-14,68.0
2011-09-15,68.5
2011-09-16,67.8
2011-09-19,65.1
2011-09-20,67.5
2011-09-21,66.0
2011-09-22,66.2
2011-09-23,66.0
2011-09-26,65.98
2011-09-27,65.98
2011-09-28,65.0
2011-09-29,64.0
2011-09-30,64.92
2011-10-03,63.12
2011-10-04,64.8
2011-10-05,63.66
2011-10-06,62.9
2011-10-07,63.0
2011-10-10,64.0
2011-10-11,63.94
2011-10-12,63.5
2011-10-13,63.46
2011-10-14,63.44
2011-10-17,63.3
2011-10-18,62.78
2011-10-19,62.12
2011-10-20,62.9
2011-10-21,62.74
2011-10-24,62.96
2011-10-25,62.84
2011-10-26,62.0
2011-10-27,61.5
2011-10-28,62.28
2011-10-31,62.42
2011-11-01,62.28
2011-11-02,62.5
2011-11-03,61.02
2011-11-04,62.0
2011-11-09,62.0
2011-11-10,61.1
2011-11-11,63.0
2011-11-14,62.5
2011-11-15,62.94
2011-11-16,62.88
2011-11-17,65.0
2011-11-21,63.7
2011-11-22,61.5
2011-11-23,63.38
2011-11-24,63.0
2011-11-25,63.38
2011-11-28,61.94
2011-11-29,64.5
2011-11-30,65.9
2011-12-01,66.0
2011-12-02,66.9
2011-12-05,66.78
2011-12-06,66.78
2011-12-07,65.0
2011-12-08,66.6
2011-12-09,66.0
2011-12-12,66.94
2011-12-13,66.46
2011-12-14,64.82
2011-12-15,65.76
2011-12-16,65.5
2011-12-19,65.5
2011-12-20,68.48
2011-12-21,68.0
2011-12-22,69.48
2011-12-23,69.5
2011-12-26,69.5
2011-12-27,68.0
2011-12-28,69.48
2011-12-29,69.48
2011-12-30,70.0
2012-01-02,69.5
2012-01-03,66.2
2012-01-04,65.8
2012-01-05,66.52
2012-01-06,67.46
2012-01-09,65.26
2012-01-10,67.0
2012-01-12,65.5
2012-01-13,66.96
2012-01-16,66.9
2012-01-17,65.5
2012-01-18,65.32
2012-01-19,65.36
2012-01-20,65.42
2012-01-23,66.36
2012-01-24,65.18
2012-01-25,65.5
2012-01-26,66.92
2012-01-27,66.02
2012-01-30,66.5
2012-01-31,66.8
2012-02-01,66.8
2012-02-02,66.6
2012-02-03,67.42
2012-02-07,67.0
2012-02-08,67.6
2012-02-09,67.02
2012-02-10,67.48
2012-02-13,67.0
2012-02-14,66.24
2012-02-15,67.24
2012-02-16,67.0
2012-02-17,67.0
2012-02-20,67.5
2012-02-21,69.0
2012-02-22,69.28
2012-02-23,68.0
2012-02-24,69.0
2012-02-27,68.02
2012-02-28,68.86
2012-02-29,68.5
2012-03-01,68.04
2012-03-02,68.04
2012-03-05,68.0
2012-03-06,67.6
2012-03-07,68.94
2012-03-08,67.04
2012-03-09,68.0
2012-03-12,68.0
2012-03-13,66.72
2012-03-14,67.68
2012-03-15,65.62
2012-03-16,65.14
2012-03-19,65.2
2012-03-20,65.0
2012-03-21,62.52
2012-03-22,63.8
2012-03-23,63.48
2012-03-26,63.78
2012-03-27,62.5
2012-03-28,62.5
2012-03-29,62.0
2012-03-30,61.1
2012-04-02,62.0
2012-04-03,61.06
2012-04-04,60.2
2012-04-05,61.8
2012-04-06,60.0
2012-04-09,60.0
2012-04-10,59.04
2012-04-11,60.5
2012-04-12,59.34
2012-04-13,60.0
2012-04-16,60.0
2012-04-17,61.0
2012-04-18,61.0
2012-04-19,60.98
2012-04-20,61.84
2012-04-23,61.4
2012-04-24,61.6
2012-04-25,60.9
2012-04-26,59.4
2012-04-27,59.0
2012-04-30,59.96
2012-05-02,58.16
2012-05-03,56.5
2012-05-04,58.06
2012-05-07,57.7
2012-05-08,55.42
2012-05-09,57.0
2012-05-10,57.68
2012-05-11,54.3
2012-05-14,54.9
2012-05-15,54.3
2012-05-16,54.0
2012-05-17,52.26
2012-05-18,52.78
2012-05-21,53.68
2012-05-22,53.6
2012-05-23,53.52
2012-05-24,51.58
2012-05-25,53.6
2012-05-28,55.8
2012-05-29,55.6
2012-05-30,55.0
2012-05-31,56.7
2012-06-01,56.96
2012-06-04,56.92
2012-06-05,57.5
2012-06-06,55.32
2012-06-07,55.3
2012-06-08,57.12
2012-06-11,56.0
2012-06-12,55.96
2012-06-13,55.6
2012-06-14,54.64
2012-06-15,55.9
2012-06-18,55.88
2012-06-19,55.0
2012-06-20,55.88
2012-06-21,54.7
2012-06-22,55.66
2012-06-25,54.72
2012-06-26,57.5
2012-06-27,60.94
2012-06-28,64.0
2012-06-29,66.0
2012-07-02,63.0
2012-07-03,59.22
2012-07-04,57.12
2012-07-05,56.2
2012-07-06,58.98
2012-07-09,58.48
2012-07-10,58.98
2012-07-11,58.0
2012-07-12,58.0
2012-07-13,56.8
2012-07-16,57.9
2012-07-17,58.0
2012-07-18,56.98
2012-07-19,57.0
2012-07-20,57.0
2012-07-23,56.06
2012-07-24,56.2
2012-07-25,56.0
2012-07-26,56.0
2012-07-27,57.5
2012-07-31,56.5
2012-08-01,58.0
2012-08-02,58.0
2012-08-03,58.0
2012-08-06,58.0
2012-08-07,58.0
2012-08-08,57.12
2012-08-09,57.22
2012-08-10,58.0
2012-08-13,56.1
2012-08-15,58.0
2012-08-16,56.54
2012-08-17,58.0
2012-08-22,57.0
2012-08-23,57.0
2012-08-24,57.5
2012-08-27,56.7
2012-08-28,58.5
2012-08-29,58.5
2012-08-30,59.5
2012-08-31,60.0
2012-09-03,59.5
2012-09-04,59.1
2012-09-05,59.08
2012-09-06,60.0
2012-09-07,59.1
2012-09-10,58.0
2012-09-11,57.22
2012-09-12,57.1
2012-09-13,58.0
2012-09-14,57.1
2012-09-17,57.0
2012-09-18,57.0
2012-09-19,56.0
2012-09-20,57.98
2012-09-21,56.98
2012-09-24,56.48
2012-09-25,54.6
2012-09-26,53.22
2012-09-27,54.1
2012-09-28,55.0
2012-10-01,54.96
2012-10-02,53.52
2012-10-03,54.4
2012-10-04,54.4
2012-10-05,54.5
2012-10-08,53.2
2012-10-09,53.1
2012-10-10,53.5
2012-10-11,53.5
2012-10-12,53.0
2012-10-15,53.04
2012-10-16,54.0
2012-10-17,53.0
2012-10-18,53.0
2012-10-19,52.5
2012-10-22,55.0
2012-10-23,55.76
2012-10-24,55.64
2012-10-25,56.0
2012-10-29,56.0
2012-10-30,56.0
2012-10-31,56.5
2012-11-01,56.5
2012-11-02,57.36
2012-11-05,57.0
2012-11-07,60.42
2012-11-08,60.4
2012-11-09,60.3
2012-11-12,60.0
2012-11-13,58.6
2012-11-14,60.0
2012-11-15,60.0
2012-11-19,58.94
2012-11-20,59.5
2012-11-21,60.0
2012-11-22,59.5
2012-11-23,59.5
2012-11-26,58.62
2012-11-27,58.76
2012-11-28,57.34
2012-11-29,59.64
2012-11-30,60.0
2012-12-03,60.0
2012-12-04,58.6
2012-12-05,58.04
2012-12-06,59.0
2012-12-07,58.5
2012-12-10,61.5
2012-12-11,61.5
2012-12-12,60.72
2012-12-13,59.76
2012-12-14,59.84
2012-12-17,59.82
2012-12-18,60.16
2012-12-19,60.9
2012-12-20,60.02
2012-12-21,58.44
2012-12-24,59.6
2012-12-25,56.04
2012-12-26,59.0
2012-12-27,62.54
2012-12-28,66.28
2012-12-31,69.94
2013-01-02,68.0
2013-01-03,63.92
2013-01-04,66.48
2013-01-07,66.5
2013-01-08,63.12
2013-01-09,63.12
2013-01-10,63.12
2013-01-14,63.0
2013-01-15,62.0
2013-01-16,60.0
2013-01-17,60.0
2013-01-18,57.54
2013-01-21,57.54
2013-01-22,57.12
2013-01-23,56.0
2013-01-28,55.1
2013-01-29,58.4
2013-01-30,56.0
2013-01-31,56.04
2013-02-01,57.0
2013-02-04,53.58
2013-02-05,54.0
2013-02-06,54.11
2013-02-07,54.1
2013-02-08,54.0
2013-02-11,53.51
2013-02-12,54.0
2013-02-13,55.41
2013-02-14,54.01
2013-02-15,54.02
2013-02-18,55.4
2013-02-19,54.6
2013-02-20,54.7
2013-02-21,55.41
2013-02-22,55.0
2013-02-25,54.72
2013-02-26,55.4
2013-02-27,54.74
2013-02-28,55.78
2013-03-01,55.03
2013-03-04,56.5
2013-03-05,55.04
2013-03-06,55.56
2013-03-07,56.3
2013-03-08,55.5
2013-03-11,55.5
2013-03-12,56.0
2013-03-13,56.44
2013-03-14,55.55
2013-03-15,55.5
2013-03-18,55.54
2013-03-19,55.52
2013-03-20,56.2
2013-03-21,55.6
2013-03-22,56.0
2013-03-25,55.6
2013-03-26,56.0
2013-03-27,56.5
2013-03-28,56.0
2013-03-29,56.0
2013-04-01,57.0
2013-04-02,57.0
2013-04-03,57.5
2013-04-04,58.0
2013-04-05,57.02
2013-04-08,59.0
2013-04-09,58.0
2013-04-10,59.9
2013-04-11,59.6
2013-04-12,61.9
2013-04-15,61.86
2013-04-16,61.8
2013-04-17,60.03
2013-04-18,62.0
2013-04-19,62.0
2013-04-22,60.26
2013-04-23,61.9
2013-04-24,61.0
2013-04-25,62.4
2013-04-26,62.4
2013-04-29,62.02
2013-04-30,62.0
2013-05-02,62.5
2013-05-03,62.98
2013-05-06,62.01
2013-05-07,62.0
2013-05-08,62.1
2013-05-09,62.1
2013-05-10,62.1
2013-05-13,64.0
2013-05-14,62.5
2013-05-15,63.1
2013-05-16,62.52
2013-05-17,63.52
2013-05-20,62.73
2013-05-21,63.03
2013-05-22,64.0
2013-05-23,63.36
2013-05-24,63.31
2013-05-27,62.09
2013-05-28,64.5
2013-05-29,63.21
2013-05-30,64.0
2013-05-31,64.7
2013-06-03,62.57
2013-06-04,63.06
2013-06-05,63.73
2013-06-06,64.0
2013-06-07,64.01
2013-06-10,64.0
2013-06-11,64.0
2013-06-12,64.01
2013-06-13,64.02
2013-06-14,65.0
2013-06-17,64.51
2013-06-18,64.01
2013-06-19,65.3
2013-06-20,67.45
2013-06-21,67.0
2013-06-24,67.0
2013-06-25,69.0
2013-06-26,67.0
2013-06-27,67.0
2013-06-28,66.5
2013-07-01,63.02
2013-07-02,61.98
2013-07-03,59.92
2013-07-04,61.98
2013-07-05,60.1
2013-07-08,61.94
2013-07-09,61.94
2013-07-10,61.94
2013-07-11,60.0
2013-07-12,61.92
2013-07-15,61.92
2013-07-16,59.0
2013-07-17,61.5
2013-07-18,58.1
2013-07-19,60.89
2013-07-22,58.1
2013-07-23,55.7
2013-07-24,56.9
2013-07-25,54.0
2013-07-26,54.02
2013-07-29,54.4
2013-07-31,54.9
2013-08-01,56.9
2013-08-02,55.15
2013-08-05,55.17
2013-08-06,55.17
2013-08-07,55.18
2013-08-08,55.52
2013-08-12,55.73
2013-08-13,55.77
2013-08-15,55.75
2013-08-16,57.6
2013-08-19,55.82
2013-08-22,56.5
2013-08-23,56.51
2013-08-26,56.51
2013-08-27,58.0
2013-08-28,59.5
2013-08-29,59.4
2013-08-30,59.4
2013-09-02,56.63
2013-09-03,58.8
2013-09-04,56.67
2013-09-05,56.7
2013-09-06,57.1
2013-09-09,56.8
2013-09-10,56.83
2013-09-11,57.0
2013-09-12,57.04
2013-09-13,57.09
2013-09-16,57.0
2013-09-17,57.2
2013-09-18,57.06
2013-09-19,57.01
2013-09-20,57.0
2013-09-23,57.02
2013-09-24,57.01
2013-09-25,57.02
2013-09-26,59.0
2013-09-27,57.6
2013-09-30,58.0
2013-10-01,57.25
2013-10-02,57.25
2013-10-03,57.01
2013-10-04,58.0
2013-10-07,59.0
2013-10-08,60.0
2013-10-09,59.0
2013-10-10,59.12
2013-10-11,59.13
2013-10-14,59.13
2013-10-15,59.2
2013-10-21,59.35
2013-10-22,62.0
2013-10-23,60.0
2013-10-24,62.8
2013-10-25,65.0
2013-10-28,66.85
2013-10-29,68.0
2013-10-30,66.79
2013-10-31,67.0
2013-11-01,65.55
2013-11-04,65.0
2013-11-07,65.1
2013-11-08,64.0
2013-11-11,64.01
2013-11-12,63.5
2013-11-13,63.92
2013-11-14,63.92
2013-11-15,63.5
2013-11-19,64.4
2013-11-20,63.66
2013-11-21,63.56
2013-11-22,65.0
2013-11-25,63.3
2013-11-26,66.0
2013-11-27,66.0
2013-11-28,64.2
2013-11-29,63.6
2013-12-02,63.6
2013-12-03,63.55
2013-12-04,64.0
2013-12-05,64.02
2013-12-06,64.01
2013-12-09,65.0
2013-12-10,63.85
2013-12-11,65.0
2013-12-12,64.0
2013-12-13,64.5
2013-12-16,65.88
2013-12-17,66.9
2013-12-18,66.88
2013-12-19,66.9
2013-12-20,66.0
2013-12-23,64.53
2013-12-24,64.0
2013-12-25,62.5
2013-12-26,62.94
2013-12-27,64.9
2013-12-30,65.0
2013-12-31,68.9
2014-01-02,64.0
2014-01-03,63.1
2014-01-06,63.06
2014-01-07,65.89
2014-01-08,63.2
2014-01-09,63.26
2014-01-10,61.61
2014-01-13,61.5
2014-01-16,63.6
2014-01-17,62.84
2014-01-20,61.48
2014-01-21,61.0
2014-01-22,61.54
2014-01-23,60.94
2014-01-24,61.2
2014-01-27,60.94
2014-01-28,60.96
2014-01-29,61.0
2014-01-30,61.01
2014-01-31,61.0
2014-02-03,60.92
2014-02-04,60.95
2014-02-05,61.0
2014-02-06,60.92
2014-02-07,61.0
2014-02-10,60.05
2014-02-11,60.12
2014-02-12,61.0
2014-02-13,60.8
2014-02-14,61.68
2014-02-17,61.1
2014-02-18,61.02
2014-02-19,62.0
2014-02-20,62.25
2014-02-21,61.1
2014-02-24,61.15
2014-02-25,62.3
2014-02-26,62.02
2014-02-27,62.0
2014-02-28,62.04
2014-03-03,63.9
2014-03-04,62.3
2014-03-05,64.96
2014-03-06,65.28
2014-03-07,64.6
2014-03-10,64.5
2014-03-11,64.5
2014-03-12,65.7
2014-03-13,64.15
2014-03-14,64.07
2014-03-17,65.58
2014-03-18,65.2
2014-03-19,65.1
2014-03-20,65.96
2014-03-21,66.0
2014-03-24,65.94
2014-03-25,64.64
2014-03-26,65.96
2014-03-27,64.8
2014-03-28,64.75
2014-03-31,64.7
2014-04-01,66.32
2014-04-02,66.28
2014-04-03,65.88
2014-04-04,64.3
2014-04-07,65.0
2014-04-08,65.98
2014-04-09,65.95
2014-04-10,63.02
2014-04-11,65.6
2014-04-14,65.6
2014-04-15,63.3
2014-04-16,64.98
2014-04-17,63.5
2014-04-18,63.7
2014-04-21,63.62
2014-04-22,63.5
2014-04-23,63.5
2014-04-24,64.0
2014-04-25,63.5
2014-04-28,63.01
2014-04-29,63.1
2014-04-30,64.7
2014-05-02,62.08
2014-05-05,62.4
2014-05-06,64.3
2014-05-07,63.97
2014-05-08,63.96
2014-05-09,62.38
2014-05-12,63.5
2014-05-13,63.58
2014-05-14,62.42
2014-05-15,62.6
2014-05-16,63.69
2014-05-19,62.4
2014-05-20,62.45
2014-05-21,60.1
2014-05-22,61.0
2014-05-23,61.35
2014-05-26,62.86
2014-05-27,62.85
2014-05-28,61.05
2014-05-29,61.16
2014-05-30,62.73
2014-06-02,62.75
2014-06-03,60.68
2014-06-04,62.45
2014-06-05,61.0
2014-06-06,60.9
2014-06-09,61.02
2014-06-10,61.74
2014-06-11,60.7
2014-06-12,61.65
2014-06-13,60.75
2014-06-16,62.0
2014-06-17,63.24
2014-06-18,63.4
2014-06-19,63.48
2014-06-20,62.1
2014-06-23,62.0
2014-06-24,62.97
2014-06-25,61.6
2014-06-26,62.97
2014-06-27,62.98
2014-06-30,62.9
2014-07-01,60.5
2014-07-02,62.3
2014-07-03,62.3
2014-07-04,62.18
2014-07-07,60.0
2014-07-08,60.96
2014-07-09,58.0
2014-07-10,57.4
2014-07-11,60.0
2014-07-14,63.0
2014-07-15,63.0
2014-07-16,62.65
2014-07-17,61.9
2014-07-18,61.8
2014-07-21,60.5
2014-07-22,62.0
2014-07-23,61.9
2014-07-24,61.99
2014-07-25,60.75
2014-07-31,64.39
2014-08-01,64.18
2014-08-04,63.32
2014-08-05,61.99
2014-08-06,61.88
2014-08-07,61.99
2014-08-08,61.26
2014-08-11,63.15
2014-08-12,61.51
2014-08-13,62.98
2014-08-15,61.6
2014-08-18,60.85
2014-08-19,61.9
2014-08-22,61.0
2014-08-25,61.0
2014-08-26,61.1
2014-08-27,62.9
2014-08-28,62.98
2014-08-29,62.1
2014-09-01,62.97
2014-09-02,62.88
2014-09-03,62.98
2014-09-04,62.15
2014-09-05,62.06
2014-09-08,62.96
2014-09-09,62.96
2014-09-10,63.0
2014-09-11,64.66
2014-09-12,63.0
2014-09-15,62.55
2014-09-16,63.0
2014-09-17,63.11
2014-09-18,63.0
2014-09-19,64.48
2014-09-22,64.85
2014-09-23,66.0
2014-09-24,65.6
2014-09-25,65.11
2014-09-26,65.1
2014-09-29,65.78
2014-09-30,65.1
2014-10-01,65.6
2014-10-02,65.9
2014-10-03,66.0
2014-10-07,65.21
2014-10-08,66.8
2014-10-09,66.73
2014-10-10,66.55
2014-10-13,66.48
2014-10-14,66.2
2014-10-15,65.75
2014-10-16,66.2
2014-10-17,66.1
2014-10-20,66.1
2014-10-21,65.75
2014-10-22,66.0
2014-10-23,66.5
2014-10-24,68.25
2014-10-27,70.0
2014-10-28,74.2
2014-10-29,75.0
2014-10-30,76.96
2014-10-31,75.5
2014-11-03,75.6
2014-11-04,74.5
2014-11-05,74.0
2014-11-07,71.6
2014-11-10,72.0
2014-11-11,72.9
2014-11-12,71.0
2014-11-13,73.2
2014-11-14,70.52
2014-11-17,73.05
2014-11-19,71.1
2014-11-20,70.0
2014-11-21,68.45
2014-11-24,68.5
2014-11-25,71.0
2014-11-26,68.11
2014-11-27,68.25
2014-11-28,68.5
2014-12-01,68.1
2014-12-02,69.8
2014-12-03,68.19
2014-12-04,69.0
2014-12-05,68.2
2014-12-08,68.12
2014-12-09,68.17
2014-12-10,69.7
2014-12-11,68.95
2014-12-12,68.01
2014-12-15,68.95
2014-12-16,66.05
2014-12-17,66.15
2014-12-18,66.15
2014-12-19,66.1
2014-12-22,65.5
2014-12-23,65.5
2014-12-24,65.51
2014-12-25,65.5
2014-12-26,66.5
2014-12-29,69.4
2014-12-30,67.0
2014-12-31,65.3
2015-01-02,68.8
2015-01-06,65.16
2015-01-07,68.6
2015-01-08,64.5
2015-01-09,64.6
2015-01-12,64.85
2015-01-13,67.3
2015-01-14,70.0
2015-01-15,72.4
2015-01-16,70.7
2015-01-19,67.15
2015-01-20,67.7
2015-01-21,67.75
2015-01-22,68.0
2015-01-23,68.1
2015-01-26,68.1
2015-01-27,68.0
2015-01-28,67.01
2015-01-29,67.01
2015-01-30,68.0
2015-02-02,65.51
2015-02-03,67.0
2015-02-04,68.0
2015-02-05,68.0
2015-02-06,66.16
2015-02-09,67.99
2015-02-10,68.0
2015-02-11,68.0
2015-02-12,69.59
2015-02-13,69.59
2015-02-16,68.0
2015-02-17,68.0
2015-02-18,70.0
2015-02-19,70.0
2015-02-20,71.0
2015-02-23,71.9
2015-02-24,72.2
2015-02-25,76.01
2015-02-26,76.0
2015-02-27,73.0
2015-03-02,74.95
2015-03-03,74.15
2015-03-04,72.9
2015-03-05,72.87
2015-03-06,73.0
2015-03-09,73.0
2015-03-10,71.5
2015-03-11,72.0
2015-03-12,70.75
2015-03-13,71.97
2015-03-16,72.0
2015-03-17,72.0
2015-03-18,71.45
2015-03-19,71.0
2015-03-20,70.9
2015-03-23,69.06
2015-03-24,68.05
2015-03-25,68.06
2015-03-26,71.0
2015-03-27,70.65
2015-03-30,70.48
2015-03-31,68.12
2015-04-01,70.0
2015-04-02,69.0
2015-04-03,68.1
2015-04-06,69.9
2015-04-07,66.02
2015-04-08,64.3
2015-04-09,64.0
2015-04-10,64.02
2015-04-13,64.02
2015-04-14,66.0
2015-04-15,66.0
2015-04-16,64.3
2015-04-17,64.5
2015-04-20,66.0
2015-04-21,66.0
2015-04-22,66.0
2015-04-23,66.9
2015-04-24,65.9
2015-04-27,67.9
2015-04-28,65.89
2015-04-29,64.52
2015-04-30,66.0
2015-05-04,65.99
2015-05-05,64.54
2015-05-06,65.99
2015-05-07,66.7
2015-05-08,63.5
2015-05-11,65.98
2015-05-12,65.93
2015-05-13,63.21
2015-05-14,63.02
2015-05-15,64.89
2015-05-18,64.89
2015-05-19,65.0
2015-05-20,64.89
2015-05-21,64.49
2015-05-22,63.54
2015-05-25,64.93
2015-05-26,64.89
2015-05-27,64.79
2015-05-28,63.1
2015-05-29,64.99
2015-06-01,64.89
2015-06-02,64.99
2015-06-03,64.8
2015-06-04,64.97
2015-06-05,64.69
2015-06-08,64.65
2015-06-09,64.39
2015-06-10,64.0
2015-06-11,64.0
2015-06-12,62.0
2015-06-15,63.69
2015-06-16,62.2
2015-06-17,62.2
2015-06-18,64.0
2015-06-19,63.45
2015-06-22,63.4
2015-06-23,63.4
2015-06-24,63.33
2015-06-25,63.35
2015-06-26,63.07
2015-06-29,62.6
2015-06-30,63.0
2015-07-01,62.4
2015-07-02,63.0
2015-07-03,62.88
2015-07-06,62.82
2015-07-07,62.69
2015-07-08,61.45
2015-07-09,60.1
2015-07-10,60.0
2015-07-13,62.28
2015-07-14,61.98
2015-07-15,59.8
2015-07-16,61.0
2015-07-20,61.9
2015-07-21,61.55
2015-07-22,61.79
2015-07-23,61.85
2015-07-24,61.78
2015-07-27,61.67
2015-07-28,61.53
2015-07-29,61.5
2015-07-31,61.5
2015-08-03,61.0
2015-08-04,61.0
2015-08-05,61.0
2015-08-06,61.0
2015-08-07,59.2
2015-08-10,60.99
2015-08-11,60.99
2015-08-12,60.95
2015-08-13,60.99
2015-08-17,60.99
2015-08-18,60.99
2015-08-19,60.99
2015-08-24,61.0
2015-08-25,61.49
2015-08-26,61.0
2015-08-27,60.84
2015-08-28,60.99
2015-08-31,61.0
2015-09-01,60.84
2015-09-02,60.84
2015-09-03,60.5
2015-09-04,57.5
2015-09-07,60.89
2015-09-08,60.09
2015-09-09,60.0
2015-09-10,59.0
2015-09-11,59.5
2015-09-14,59.4
2015-09-15,60.0
2015-09-16,60.0
2015-09-17,58.0
2015-09-18,58.0
2015-09-21,58.0
2015-09-22,57.25
2015-09-23,58.0
2015-09-28,58.0
2015-09-29,58.0
2015-09-30,57.28
2015-10-01,58.0
2015-10-02,55.12
2015-10-05,58.17
2015-10-06,57.8
2015-10-07,58.0
2015-10-08,58.0
2015-10-09,57.98
2015-10-12,57.97
2015-10-13,57.0
2015-10-14,57.95
2015-10-16,57.9
2015-10-19,57.94
2015-10-20,57.92
2015-10-21,56.97
2015-10-22,56.97
2015-10-23,57.0
2015-10-26,56.9
2015-10-27,56.95
2015-10-28,57.0
2015-10-29,56.97
2015-10-30,57.0
2015-11-02,57.0
2015-11-03,56.95
2015-11-04,56.9
2015-11-05,56.99
2015-11-09,57.0
2015-11-10,57.0
2015-11-11,57.0
2015-11-12,57.0
2015-11-13,57.0
2015-11-16,56.99
2015-11-17,57.0
2015-11-19,56.99
2015-11-20,56.99
2015-11-23,56.9
2015-11-24,56.9
2015-11-25,55.0
2015-11-26,56.8
2015-11-27,56.7
2015-11-30,54.38
2015-12-01,55.0
2015-12-02,56.0
2015-12-03,55.48
2015-12-04,55.49
2015-12-07,55.8
2015-12-08,53.5
2015-12-09,53.5
2015-12-10,50.29
2015-12-11,53.3
2015-12-14,50.11
2015-12-15,49.83
2015-12-16,49.96
2015-12-17,51.98
2015-12-18,48.87
2015-12-21,51.0
2015-12-22,51.39
2015-12-23,51.39
2015-12-28,50.0
2015-12-29,50.0
2015-12-30,51.29
2015-12-31,50.5
2016-01-04,51.0
2016-01-05,51.0
2016-01-06,51.19
2016-01-07,50.98
2016-01-08,50.5
2016-01-12,50.3
2016-01-13,50.0
2016-01-14,48.3
2016-01-15,50.0
2016-01-18,51.89
2016-01-19,51.88
2016-01-20,51.66
2016-01-21,51.49
2016-01-22,51.7
2016-01-25,51.8
2016-01-26,48.7
2016-01-27,48.47
2016-01-28,48.43
2016-01-29,49.89
2016-02-01,49.75
2016-02-02,49.53
2016-02-03,49.0
2016-02-04,49.5
2016-02-05,48.0
2016-02-08,47.7
2016-02-09,49.69
2016-02-10,50.88
2016-02-11,50.0
2016-02-12,50.0
2016-02-15,50.27
2016-02-16,50.0
2016-02-17,50.0
2016-02-18,50.0
2016-02-19,50.0
2016-02-22,50.0
2016-02-23,49.9
2016-02-24,50.47
2016-02-25,50.0
2016-02-26,47.0
2016-02-29,46.5
2016-03-01,46.35
2016-03-02,46.35
2016-03-03,46.0
2016-03-04,46.0
2016-03-07,45.0
2016-03-08,46.0
2016-03-09,46.0
2016-03-10,46.0
2016-03-11,46.0
2016-03-14,46.99
2016-03-15,48.5
2016-03-16,50.44
2016-03-17,50.5
2016-03-18,50.5
2016-03-21,51.4
2016-03-22,50.9
2016-03-23,50.0
2016-03-24,49.98
2016-03-25,50.0
2016-03-28,49.95
2016-03-29,49.95
2016-03-30,49.8
2016-03-31,49.5
2016-04-01,49.9
2016-04-04,49.9
2016-04-05,49.89
2016-04-06,49.4
2016-04-07,49.93
2016-04-08,49.86
2016-04-11,48.5
2016-04-12,48.5
2016-04-13,47.84
2016-04-14,48.5
2016-04-15,48.5
2016-04-18,48.5
2016-04-19,48.0
2016-04-20,48.5
2016-04-21,48.49
2016-04-22,48.45
2016-04-25,48.42
2016-04-26,48.0
2016-04-27,47.8
2016-04-28,48.15
2016-04-29,48.8
2016-05-02,48.77
2016-05-03,48.4
2016-05-04,48.4
2016-05-05,49.9
2016-05-06,50.0
2016-05-09,49.48
2016-05-10,49.74
2016-05-11,49.78
2016-05-12,51.0
2016-05-13,50.16
2016-05-16,51.45
2016-05-17,50.0
2016-05-18,49.99
2016-05-19,49.99
2016-05-20,49.79
2016-05-23,49.0
2016-05-24,49.8
2016-05-25,49.4
2016-05-26,48.5
2016-05-27,48.38
2016-05-30,48.37
2016-05-31,48.43
2016-06-01,48.99
2016-06-02,49.0
2016-06-03,49.0
2016-06-06,49.0
2016-06-07,48.99
2016-06-08,48.48
2016-06-09,46.12
2016-06-10,46.3
2016-06-13,47.95
2016-06-14,47.3
2016-06-15,47.46
2016-06-16,47.4
2016-06-17,47.0
2016-06-20,47.0
2016-06-21,47.0
2016-06-22,47.0
2016-06-23,47.69
2016-06-24,47.47
2016-06-27,47.5
2016-06-28,49.0
2016-06-29,48.9
2016-06-30,48.5
2016-07-01,48.39
2016-07-04,48.79
2016-07-05,48.1
2016-07-11,47.0
2016-07-12,48.23
2016-07-13,48.99
2016-07-14,48.97
2016-07-15,48.75
2016-07-18,48.6
2016-07-19,48.48
2016-07-20,48.15
2016-07-21,47.4
2016-07-22,47.35
2016-07-25,47.97
2016-07-26,48.2
2016-07-27,47.99
2016-07-28,47.0
2016-07-29,46.6
2016-08-01,47.7
2016-08-02,48.0
2016-08-03,48.45
2016-08-04,48.0
2016-08-05,48.2
2016-08-08,48.0
2016-08-09,47.9
2016-08-10,47.9
2016-08-11,47.9
2016-08-12,46.72
2016-08-15,47.79
2016-08-16,47.5
2016-08-17,47.4
2016-08-18,47.35
2016-08-19,48.0
2016-08-22,48.0
2016-08-23,47.77
2016-08-24,47.7
2016-08-25,46.11
2016-08-26,47.48
2016-08-29,47.46
2016-08-30,46.66
2016-08-31,46.5
2016-09-01,46.75
2016-09-02,47.2
2016-09-05,47.2
2016-09-06,47.2
2016-09-07,47.19
2016-09-08,47.38
2016-09-09,47.38
2016-09-14,47.4
2016-09-15,47.4
2016-09-16,47.4
2016-09-19,47.39
2016-09-20,47.38
2016-09-21,47.0
2016-09-22,47.28
2016-09-23,48.54
2016-09-26,49.0
2016-09-27,48.89
2016-09-28,48.8
2016-09-29,48.48
2016-09-30,48.8
2016-10-04,48.0
2016-10-05,48.25
2016-10-06,48.5
2016-10-07,48.0
2016-10-10,49.25
2016-10-11,48.2
2016-10-12,49.0
2016-10-13,49.17
2016-10-14,49.8
2016-10-17,49.8
2016-10-18,49.7
2016-10-19,49.65
2016-10-20,49.5
2016-10-21,49.4
2016-10-24,48.22
2016-10-25,49.0
2016-10-26,48.6
2016-10-27,47.8
2016-10-28,48.99
2016-10-31,48.9
2016-11-01,48.89
2016-11-02,48.88
2016-11-03,48.87
2016-11-04,48.89
2016-11-07,47.9
2016-11-08,48.82
2016-11-09,48.7
2016-11-10,48.78
2016-11-11,48.69
2016-11-14,48.4
2016-11-15,48.0
2016-11-16,48.19
2016-11-17,47.3
2016-11-21,48.0
2016-11-22,47.32
2016-11-23,48.0
2016-11-24,48.3
2016-11-25,47.8
2016-11-28,48.3
2016-11-29,48.2
2016-11-30,48.2
2016-12-01,48.3
2016-12-02,47.24
2016-12-05,48.0
2016-12-06,47.55
2016-12-07,48.0
2016-12-08,48.0
2016-12-09,48.0
2016-12-14,49.9
2016-12-15,52.0
2016-12-16,52.0
2016-12-19,52.0
2016-12-20,50.0
2016-12-21,51.0
2016-12-22,51.6
2016-12-23,50.0
2016-12-26,49.79
2016-12-27,49.79
2016-12-28,49.0
2016-12-29,50.0
2016-12-30,48.99
2017-01-02,49.9
2017-01-03,50.35
2017-01-04,50.3
2017-01-05,50.99
2017-01-06,51.34
2017-01-09,50.0
2017-01-10,50.0
2017-01-12,50.0
2017-01-13,49.5
2017-01-16,49.0
2017-01-17,49.4
2017-01-18,47.86
2017-01-19,49.9
2017-01-20,49.0
2017-01-23,49.05
2017-01-24,49.44
2017-01-25,48.99
2017-01-26,48.0
2017-01-27,48.6
2017-01-30,48.11
2017-01-31,48.74
2017-02-01,47.15
2017-02-02,48.1
2017-02-03,49.37
2017-02-06,49.18
2017-02-07,49.15
2017-02-08,49.28
2017-02-09,47.98
2017-02-10,48.47
2017-02-13,48.45
2017-02-14,48.7
2017-02-15,48.5
2017-02-16,48.01
2017-02-17,48.1
2017-02-20,52.9
2017-02-21,53.0
2017-02-22,53.0
2017-02-23,52.0
2017-02-24,50.0
2017-02-27,50.8
2017-02-28,52.7
2017-03-01,52.9
2017-03-02,52.0
2017-03-03,52.4
2017-03-06,52.5
2017-03-07,51.99
2017-03-08,51.78
2017-03-09,51.4
2017-03-10,51.4
2017-03-13,50.36
2017-03-14,50.65
2017-03-15,51.0
2017-03-16,51.0
2017-03-17,51.51
2017-03-20,51.1
2017-03-21,52.0
2017-03-22,52.0
2017-03-23,52.0
2017-03-24,52.45
2017-03-27,52.0
2017-03-28,52.0
2017-03-29,51.8
2017-03-30,50.61
2017-03-31,51.0
2017-04-03,51.0
2017-04-04,51.0
2017-04-05,51.0
2017-04-06,51.0
2017-04-07,52.0
2017-04-10,52.43
2017-04-11,51.0
2017-04-12,51.05
2017-04-13,51.05
2017-04-14,51.1
2017-04-17,51.0
2017-04-18,52.0
2017-04-19,52.2
2017-04-20,50.62
2017-04-21,51.78
2017-04-24,51.0
2017-04-25,51.0
2017-04-26,50.62
2017-04-27,52.0
2017-04-28,52.3
2017-05-02,51.0
2017-05-03,52.5
2017-05-04,53.48
2017-05-05,53.5
2017-05-08,53.2
2017-05-09,53.25
2017-05-10,53.2
2017-05-11,53.5
2017-05-12,54.0
2017-05-15,54.0
2017-05-16,53.1
2017-05-17,53.9
2017-05-18,54.0
2017-05-19,54.3
2017-05-22,53.0
2017-05-23,52.3
2017-05-24,52.5
2017-05-25,53.2
2017-05-26,51.2
2017-05-29,51.0
2017-05-30,51.0
2017-05-31,52.19
2017-06-01,52.0
2017-06-02,52.0
2017-06-05,51.0
2017-06-06,51.0
2017-06-07,51.0
2017-06-08,51.0
2017-06-09,51.8
2017-06-12,51.0
2017-06-13,51.0
2017-06-14,51.4
2017-06-15,50.98
2017-06-16,50.71
2017-06-19,51.88
2017-06-20,51.0
2017-06-21,51.0
2017-06-22,50.7
2017-06-23,51.5
2017-06-28,50.5
2017-06-29,50.2
2017-06-30,49.9
2017-07-03,50.2
2017-07-04,49.8
2017-07-05,49.8
2017-07-06,49.73
2017-07-07,49.5
2017-07-10,49.51
2017-07-11,50.45
2017-07-12,50.47
2017-07-13,50.92
2017-07-14,50.2
2017-07-17,50.0
2017-07-18,51.01
2017-07-19,50.15
2017-07-20,50.1
2017-07-21,50.11
2017-07-24,50.14
2017-07-25,50.05
2017-07-26,50.35
2017-07-27,51.45
2017-07-28,51.35
2017-07-31,51.6
2017-08-01,51.02
2017-08-02,51.0
2017-08-03,51.8
2017-08-04,52.5
2017-08-07,51.5
2017-08-08,53.25
2017-08-09,54.0
2017-08-10,54.0
2017-08-11,53.0
2017-08-15,52.5
2017-08-16,52.5
2017-08-17,52.0
2017-08-18,52.7
2017-08-22,52.3
2017-08-23,51.5
2017-08-24,52.0
2017-08-25,52.3
2017-08-28,52.9
2017-08-29,51.0
2017-08-30,51.05
2017-08-31,51.2
2017-09-04,52.5
2017-09-05,51.1
2017-09-06,51.1
2017-09-07,51.0
2017-09-08,52.5
2017-09-11,52.5
2017-09-12,53.99
2017-09-13,58.9
2017-09-14,57.0
2017-09-15,57.13
2017-09-18,58.5
2017-09-19,57.0
2017-09-20,55.5
2017-09-21,55.75
2017-09-25,55.8
2017-09-26,55.7
2017-09-27,56.0
2017-09-28,55.72
2017-09-29,57.0
2017-10-02,57.45
2017-10-03,56.9
2017-10-04,55.3
2017-10-05,55.3
2017-10-06,54.9
2017-10-09,54.7
2017-10-10,55.8
2017-10-11,54.9
2017-10-12,60.38
2017-10-13,61.8
2017-10-16,63.0
2017-10-17,62.5
2017-10-18,63.3
2017-10-19,65.0
2017-10-20,64.6
2017-10-23,64.98
2017-10-24,63.0
2017-10-25,64.0
2017-10-26,64.55
2017-10-27,65.5
2017-10-30,65.55
2017-10-31,65.04
2017-11-01,65.0
2017-11-02,65.3
2017-11-03,65.1
2017-11-07,65.65
2017-11-08,65.36
2017-11-09,66.0
2017-11-10,66.0
2017-11-13,65.0
2017-11-14,65.3
2017-11-15,65.0
2017-11-16,64.85
2017-11-17,64.84
2017-11-20,65.0
2017-11-21,65.0
2017-11-22,64.0
2017-11-23,64.84
2017-11-24,64.0
2017-11-27,64.7
2017-11-28,64.7
2017-11-29,63.6
2017-11-30,63.6
2017-12-04,64.0
2017-12-05,63.9
2017-12-06,60.5
2017-12-07,62.0
2017-12-08,63.0
2017-12-11,63.9
2017-12-12,63.5
2017-12-13,62.6
2017-12-14,62.01
2017-12-15,62.0
2017-12-18,61.61
2017-12-19,60.8
2017-12-20,61.0
2017-12-21,61.16
2017-12-22,61.1
2017-12-25,62.99
2017-12-26,62.8
2017-12-27,62.8
2017-12-28,64.85
2017-12-29,64.0
2018-01-02,64.8
2018-01-03,65.3
2018-01-04,64.0
2018-01-05,64.0
2018-01-08,64.95
2018-01-09,63.5
2018-01-10,63.5
2018-01-12,63.7
2018-01-15,69.0
2018-01-16,68.4
2018-01-17,67.5
2018-01-18,68.0
2018-01-19,68.0
2018-01-22,68.0
2018-01-23,67.25
2018-01-24,68.21
2018-01-25,69.98
2018-01-26,69.05
2018-01-29,70.0
2018-01-30,71.0
2018-01-31,72.2
2018-02-01,73.05
2018-02-02,73.0
2018-02-05,70.14
2018-02-06,72.0
2018-02-07,71.5
2018-02-08,71.51
2018-02-09,72.01
2018-02-12,74.47
2018-02-13,76.0
2018-02-14,77.0
2018-02-15,76.01
2018-02-16,75.01
2018-02-19,76.0
2018-02-20,80.0
2018-02-21,80.9
2018-02-22,78.15
2018-02-23,79.5
2018-02-26,78.6
2018-02-27,79.78
2018-02-28,78.4
2018-03-01,80.0
2018-03-02,79.22
2018-03-05,78.33
2018-03-06,80.4
2018-03-07,79.2
2018-03-08,79.2
2018-03-09,80.0
2018-03-12,78.4
2018-03-13,79.0
2018-03-14,78.7
2018-03-15,80.01
2018-03-16,80.0
2018-03-19,80.0
2018-03-20,80.0
2018-03-21,78.85
2018-03-22,78.9
2018-03-23,80.0
2018-03-26,78.7
2018-03-27,78.7
2018-03-28,79.0
2018-03-29,78.2
2018-03-30,80.0
2018-04-02,79.0
2018-04-03,78.0
2018-04-04,78.0
2018-04-05,78.0
2018-04-06,79.8
2018-04-09,77.1
2018-04-10,78.0
2018-04-11,80.0
2018-04-12,80.0
2018-04-13,80.0
2018-04-16,78.1
2018-04-17,80.0
2018-04-18,78.5
2018-04-19,77.7
2018-04-20,78.34
2018-04-23,78.0
2018-04-24,78.0
2018-04-25,77.5
2018-04-26,77.66
2018-04-27,79.5
2018-04-30,78.05
2018-05-02,78.96
2018-05-03,76.62
2018-05-04,78.0
2018-05-07,78.0
2018-05-08,76.8
2018-05-09,77.0
2018-05-10,76.52
2018-05-11,77.0
2018-05-14,76.53
2018-05-15,76.6
2018-05-16,78.0
2018-05-17,77.8
2018-05-18,76.62
2018-05-21,79.0
2018-05-22,79.0
2018-05-23,77.5
2018-05-24,79.0
2018-05-25,77.0
2018-05-28,77.0
2018-05-29,76.4
2018-05-30,79.0
2018-05-31,79.0
2018-06-01,77.1
2018-06-04,75.0
2018-06-05,77.0
2018-06-06,74.2
2018-06-07,76.0
2018-06-08,76.0
2018-06-11,75.0
2018-06-12,75.5
2018-06-13,74.99
2018-06-14,74.98
2018-06-18,74.98
2018-06-19,75.0
2018-06-20,76.0
2018-06-21,75.9
2018-06-22,70.0
2018-06-25,70.0
2018-06-26,71.2
2018-06-27,70.0
2018-06-28,70.0
2018-06-29,68.5
2018-07-02,68.0
2018-07-03,70.0
2018-07-04,71.5
2018-07-05,72.0
2018-07-06,72.0
2018-07-09,72.0
2018-07-10,72.0
2018-07-11,72.0
2018-07-12,72.0
2018-07-13,70.0
2018-07-16,71.4
2018-07-17,71.46
2018-07-18,67.5
2018-07-19,71.35
2018-07-20,71.95
2018-07-23,71.0
2018-07-24,71.9
2018-07-25,71.9
2018-07-26,71.85
2018-07-27,70.8
2018-07-31,70.8
2018-08-01,71.95
2018-08-02,71.95
2018-08-03,70.0
2018-08-06,71.95
2018-08-07,71.93
2018-08-08,70.2
2018-08-09,69.22
2018-08-10,71.93
2018-08-13,71.93
2018-08-15,70.0
2018-08-16,69.0
2018-08-17,69.0
2018-08-24,70.0
2018-08-27,70.0
2018-08-28,69.0
2018-08-29,69.0
2018-08-30,69.0
2018-08-31,69.99
2018-09-03,65.0
2018-09-04,69.0
2018-09-05,65.0
2018-09-06,67.9
2018-09-07,65.0
2018-09-10,67.7
2018-09-12,65.0
2018-09-13,67.0
2018-09-14,63.0
2018-09-17,66.3
2018-09-18,63.1
2018-09-19,62.0
2018-09-20,65.0
2018-09-21,64.0
2018-09-24,62.5
2018-09-25,62.52
2018-09-26,62.8
2018-09-27,62.8
2018-09-28,64.0
2018-10-01,63.95
2018-10-02,64.0
2018-10-03,64.0
2018-10-04,63.11
2018-10-05,64.0
2018-10-08,62.1
2018-10-09,64.0
2018-10-10,62.0
2018-10-11,63.0
2018-10-12,61.55
2018-10-15,61.55
2018-10-16,58.5
2018-10-17,61.5
2018-10-18,61.5
2018-10-19,60.0
2018-10-22,60.0
2018-10-23,59.1
2018-10-24,59.27
2018-10-25,61.89
2018-10-26,61.7
2018-10-29,61.7
2018-10-30,60.0
2018-10-31,60.0
2018-11-01,61.7
2018-11-02,58.56
2018-11-05,60.0
2018-11-07,61.49
2018-11-08,61.45
2018-11-09,61.3
2018-11-12,61.3
2018-11-13,61.14
2018-11-14,61.29
2018-11-15,61.19
2018-11-16,58.5
2018-11-19,61.0
2018-11-22,61.0
2018-11-23,60.0
2018-11-26,61.1
2018-11-27,61.1
2018-11-28,61.0
2018-11-29,60.0
2018-11-30,61.14
2018-12-03,61.0
2018-12-04,59.01
2018-12-05,61.34
2018-12-06,59.61
2018-12-07,59.1
2018-12-10,61.24
2018-12-11,61.24
2018-12-12,59.75
2018-12-13,60.0
2018-12-14,60.0
2018-12-17,60.99
2018-12-18,60.99
2018-12-19,60.5
2018-12-20,60.0
2018-12-21,58.51
2018-12-24,58.6
2018-12-25,60.0
2018-12-26,59.0
2018-12-27,59.0
2018-12-28,55.6
2018-12-31,57.0
2019-01-02,57.5
2019-01-03,60.0
2019-01-04,61.09
2019-01-07,59.99
2019-01-08,60.96
2019-01-09,60.5
2019-01-10,60.95
2019-01-14,60.0
2019-01-15,59.8
2019-01-16,58.03
2019-01-17,58.2
2019-01-18,58.99
2019-01-21,58.99
2019-01-22,58.1
2019-01-23,58.1
2019-01-24,58.0
2019-01-25,55.62
2019-01-28,58.89
2019-01-29,58.89
2019-01-30,58.89
2019-01-31,58.85
2019-02-01,58.14
2019-02-04,58.14
2019-02-05,58.14
2019-02-06,58.14
2019-02-07,57.9
2019-02-08,58.0
2019-02-11,58.0
2019-02-12,58.0
2019-02-13,58.0
2019-02-14,57.5
2019-02-15,59.2
2019-02-18,60.0
2019-02-19,59.0
2019-02-20,60.76
2019-02-21,61.45
2019-02-22,59.1
2019-02-25,60.0
2019-02-26,58.5
2019-02-27,58.5
2019-02-28,58.2
2019-03-01,59.2
2019-03-04,59.2
2019-03-05,60.7
2019-03-06,57.0
2019-03-07,60.4
2019-03-08,57.75
2019-03-11,59.0
2019-03-12,57.9
2019-03-13,57.7
2019-03-14,57.0
2019-03-15,59.5
2019-03-18,58.5
2019-03-19,57.1
2019-03-20,57.1
2019-03-21,56.0
2019-03-22,56.1
2019-03-25,57.0
2019-03-26,56.0
2019-03-27,55.93
2019-03-28,56.0
2019-03-29,55.0
2019-04-01,55.1
2019-04-02,55.2
2019-04-03,55.2
2019-04-04,56.85
2019-04-05,55.25
2019-04-08,55.2
2019-04-09,58.7
2019-04-10,58.7
2019-04-11,56.0
2019-04-12,56.5
2019-04-15,55.2
2019-04-16,56.0
2019-04-17,57.2
2019-04-18,56.0
2019-04-19,55.2
2019-04-22,55.2
2019-04-23,54.5
2019-04-24,55.0
2019-04-25,53.49
2019-04-26,53.49
2019-04-29,56.1
2019-04-30,54.26
2019-05-02,55.0
2019-05-03,54.35
2019-05-06,54.35
2019-05-07,56.0
2019-05-08,55.99
2019-05-09,56.45
2019-05-10,56.0
2019-05-13,57.0
2019-05-14,57.0
2019-05-15,57.0
2019-05-16,58.0
2019-05-17,58.05
2019-05-20,58.53
2019-05-21,59.9
2019-05-22,58.15
2019-05-23,58.03
2019-05-24,57.51
2019-05-27,57.9
2019-05-28,57.9
2019-05-29,56.8
2019-05-30,58.88
2019-05-31,55.0
2019-06-03,54.5
2019-06-04,55.0
2019-06-10,56.5
2019-06-11,55.0
2019-06-12,55.0
2019-06-13,55.5
2019-06-14,56.0
2019-06-17,56.4
2019-06-18,56.3
2019-06-19,55.5
2019-06-20,57.0
2019-06-21,58.3
2019-06-24,56.0
2019-06-25,56.0
2019-06-26,55.8
2019-06-27,57.5
2019-06-28,57.5
2019-07-01,57.8
2019-07-02,56.3
2019-07-03,56.0
2019-07-04,56.0
2019-07-05,58.0
2019-07-08,58.0
2019-07-09,58.15
2019-07-10,59.0
2019-07-11,58.06
2019-07-12,59.0
2019-07-15,58.1
2019-07-16,58.2
2019-07-17,60.0
2019-07-18,60.0
2019-07-19,61.0
2019-07-22,62.0
2019-07-23,64.0
2019-07-24,63.0
2019-07-25,63.5
2019-07-26,64.55
2019-07-29,65.0
2019-07-31,64.0
2019-08-01,64.0
2019-08-02,64.0
2019-08-05,64.3
2019-08-06,65.2
2019-08-07,64.3
2019-08-08,66.38
2019-08-09,67.0
2019-08-15,67.0
2019-08-16,67.0
2019-08-19,65.0
2019-08-22,65.0
2019-08-23,68.0
2019-08-26,68.0
2019-08-27,68.0
2019-08-28,68.1
2019-08-29,67.8
2019-08-30,67.0
2019-09-02,66.0
2019-09-03,67.0
2019-09-04,66.0
2019-09-05,66.0
2019-09-06,66.0
2019-09-09,65.0
2019-09-10,64.0
2019-09-11,62.03
2019-09-12,62.0
2019-09-13,63.9
2019-09-16,64.97
2019-09-17,62.05
2019-09-18,64.4
2019-09-19,64.8
2019-09-20,63.0
2019-09-23,65.0
2019-09-24,65.0
2019-09-25,65.0
2019-09-26,64.8
2019-09-27,64.5
2019-09-30,66.5
2019-10-01,64.7
2019-10-02,66.4
2019-10-03,66.0
2019-10-04,65.0
2019-10-07,63.12
2019-10-08,66.2
2019-10-09,66.2
2019-10-10,66.2
2019-10-11,63.21
2019-10-14,63.37
2019-10-15,63.37
2019-10-16,65.0
2019-10-17,64.0
2019-10-18,63.3
2019-10-21,63.2
2019-10-22,63.5
2019-10-23,65.0
2019-10-24,65.0
2019-10-25,64.99
2019-10-28,63.14
2019-10-29,64.0
2019-10-30,64.0
2019-10-31,64.5
2019-11-01,65.0
2019-11-04,63.5
2019-11-05,63.0
2019-11-07,63.5
2019-11-08,64.0
2019-11-12,64.69
2019-11-13,65.0
2019-11-14,63.0
2019-11-15,64.0
2019-11-19,65.0
2019-11-20,63.33
2019-11-21,64.0
2019-11-22,65.89
2019-11-25,64.0
2019-11-26,64.5
2019-11-27,64.5
2019-11-28,65.5
2019-11-29,64.5
2019-12-02,64.52
2019-12-03,64.5
2019-12-04,65.0
2019-12-05,64.7
2019-12-06,66.0
2019-12-09,65.01
2019-12-10,65.3
2019-12-11,66.0
2019-12-12,65.11
2019-12-13,66.0
2019-12-16,67.51
2019-12-17,68.5
2019-12-18,67.0
2019-12-19,68.01
2019-12-20,70.0
2019-12-23,71.0
2019-12-24,71.0
2019-12-25,68.02
2019-12-26,70.0
2019-12-27,71.0
2019-12-30,71.0
2019-12-31,74.5
2020-01-02,74.4
2020-01-03,72.0
2020-01-06,70.1
2020-01-07,70.0
2020-01-08,71.0
2020-01-09,73.0
2020-01-10,75.0
2020-01-13,73.1
2020-01-14,73.01
2020-01-15,72.68
2020-01-16,75.0
2020-01-17,80.0
2020-01-20,77.25
2020-01-21,77.4
2020-01-22,78.5
2020-01-23,79.95
2020-01-24,78.91
2020-01-27,78.91
2020-01-28,78.4
2020-01-29,78.4
2020-01-30,77.5
2020-01-31,79.0
2020-02-03,78.0
2020-02-04,79.5
2020-02-05,80.0
2020-02-06,79.0
2020-02-07,80.0
2020-02-10,78.0
2020-02-11,78.01
2020-02-12,78.01
2020-02-13,80.95
2020-02-14,83.0
2020-02-17,83.0
2020-02-18,81.9
2020-02-19,79.55
2020-02-20,82.0
2020-02-21,82.5
2020-02-24,82.5
2020-02-25,79.4
2020-02-26,79.0
2020-02-27,82.4
2020-02-28,82.5
2020-03-02,80.0
2020-03-03,77.0
2020-03-04,73.51
2020-03-05,77.0
2020-03-06,69.5
2020-03-09,68.0
2020-03-10,73.3
2020-03-11,73.3
2020-03-12,66.0
2020-03-13,69.0
2020-03-16,62.11
2020-03-17,59.7
2020-03-18,57.32
2020-03-19,58.0
2020-03-20,60.3
2020-03-23,62.71
2020-03-24,63.5
2020-03-25,62.71
2020-03-26,60.22
2020-03-27,62.5
2020-03-30,60.01
2020-03-31,62.4
2020-04-01,61.0
2020-04-02,61.0
2020-04-03,58.6
2020-04-06,58.5
2020-04-07,59.0
2020-04-08,60.99
2020-04-09,61.3
2020-04-10,59.01
2020-04-13,59.0
2020-04-14,57.5
2020-04-15,57.5
2020-04-16,58.67
2020-04-17,56.33
2020-04-20,56.0
2020-04-21,56.0
2020-04-22,56.0
2020-04-23,57.92
2020-04-24,58.99
2020-04-27,60.16
2020-04-28,60.16
2020-04-29,60.0
2020-04-30,62.0
2020-05-04,61.0
2020-05-05,62.5
2020-05-06,62.9
2020-05-07,63.74
2020-05-08,63.9
2020-05-11,63.9
2020-05-12,63.97
2020-05-13,63.49
2020-05-14,63.5
2020-05-15,63.0
2020-05-18,63.9
2020-05-19,63.0
2020-05-20,64.2
2020-05-21,63.2
2020-05-22,65.0
2020-05-26,66.3
2020-05-27,64.0
2020-05-28,65.5
2020-05-29,65.39
2020-06-01,65.39
2020-06-02,68.0
2020-06-03,70.71
2020-06-04,72.99
2020-06-05,71.0
2020-06-08,71.0
2020-06-09,68.18
2020-06-10,69.0
2020-06-11,68.0
2020-06-12,68.0
2020-06-15,68.0
2020-06-16,68.5
2020-06-17,71.23
2020-06-18,70.99
2020-06-19,71.9
2020-06-22,71.9
2020-06-23,70.7
2020-06-24,70.8
2020-06-25,71.0
2020-06-26,71.0
2020-06-29,71.0
2020-06-30,69.85
2020-07-01,68.84
2020-07-02,69.0
2020-07-03,69.99
2020-07-06,69.99
2020-07-07,68.5
2020-07-08,69.79
2020-07-09,69.79
2020-07-10,69.75
2020-07-13,69.75
2020-07-14,69.0
2020-07-15,69.0
2020-07-16,69.0
2020-07-17,69.69
2020-07-20,69.69
2020-07-21,69.69
2020-07-22,69.0
2020-07-23,69.5
2020-07-24,69.5
2020-07-27,69.0
2020-07-28,69.79
2020-07-29,69.78
2020-08-03,69.75
2020-08-04,71.36
2020-08-05,71.1
2020-08-06,70.0
2020-08-07,72.0
2020-08-10,70.0
2020-08-11,70.0
2020-08-12,71.0
2020-08-13,70.0
2020-08-17,72.0
2020-08-18,72.0
2020-08-19,71.0
2020-08-24,72.99
2020-08-25,72.5
2020-08-26,73.4
2020-08-27,72.39
2020-08-28,72.5
2020-08-31,72.5
2020-09-01,73.0
2020-09-02,73.0
2020-09-03,72.0
2020-09-04,70.0
2020-09-07,71.5
2020-09-08,71.4
2020-09-09,72.5
2020-09-10,72.38
2020-09-11,74.0
2020-09-14,76.5
2020-09-15,77.5
2020-09-16,78.0
2020-09-17,77.03
2020-09-18,76.0
2020-09-21,76.9
2020-09-22,76.0
2020-09-23,77.3
2020-09-24,77.0
2020-09-25,77.5
2020-09-28,78.7
2020-09-29,78.0
2020-09-30,78.5
2020-10-01,78.5
2020-10-02,78.5
2020-10-05,77.5
2020-10-06,78.5
2020-10-07,79.5
2020-10-08,80.5
2020-10-09,81.0
2020-10-12,78.6
2020-10-13,79.5
2020-10-14,80.5
2020-10-15,79.9
2020-10-16,80.5
2020-10-19,80.0
2020-10-20,79.0
2020-10-21,80.0
2020-10-22,79.95
2020-10-23,80.0
2020-10-26,80.0
2020-10-27,79.98
2020-10-28,79.98
2020-11-02,80.99
2020-11-03,80.8
2020-11-04,80.0
2020-11-05,81.0
2020-11-09,81.9
2020-11-10,80.0
2020-11-11,80.0
2020-11-12,82.5
2020-11-13,82.5
2020-11-16,82.5
2020-11-17,80.86
2020-11-19,82.0
2020-11-20,82.29
2020-11-23,82.17
2020-11-24,82.17
2020-11-25,81.98
2020-11-26,81.97
2020-11-27,81.9
2020-11-30,81.0
2020-12-01,81.9
2020-12-02,81.5
2020-12-03,81.0
2020-12-04,81.95
2020-12-07,81.25
2020-12-08,80.0
2020-12-09,80.0
2020-12-10,80.0
2020-12-11,80.0
2020-12-14,80.0
2020-12-15,80.5
2020-12-16,80.5
2020-12-17,83.0
2020-12-18,82.9
2020-12-21,80.4
2020-12-22,80.2
2020-12-23,81.8
2020-12-24,82.0
2020-12-25,79.6
2020-12-28,81.0
2020-12-29,80.5
2020-12-30,82.0
2020-12-31,82.0
2021-01-04,82.0
2021-01-05,82.0
2021-01-06,81.0
2021-01-07,80.7
2021-01-08,81.0
2021-01-12,82.0
2021-01-13,81.0
2021-01-14,81.0
2021-01-15,81.9
2021-01-18,80.01
2021-01-19,80.0
2021-01-20,80.0
2021-01-21,80.99
2021-01-22,77.77
2021-01-25,79.0
2021-01-26,78.44
2021-01-27,78.0
2021-01-28,79.97
2021-01-29,79.1
2021-02-01,79.0
2021-02-02,79.0
2021-02-03,78.15
2021-02-04,81.0
2021-02-05,80.0
2021-02-08,80.89
2021-02-09,80.05
2021-02-10,81.0
2021-02-11,80.01
2021-02-12,81.0
2021-02-15,79.3
2021-02-16,79.53
2021-02-17,79.41
2021-02-18,79.8
2021-02-19,79.8
2021-02-22,77.0
2021-02-23,77.64
2021-02-24,78.5
2021-02-25,78.5
2021-02-26,79.6
2021-03-01,79.6
2021-03-02,77.56
2021-03-03,79.48
2021-03-04,79.5
2021-03-05,79.5
2021-03-08,79.5
2021-03-09,79.5
2021-03-10,79.1
2021-03-11,79.1
2021-03-12,79.4
2021-03-15,78.2
2021-03-16,78.02
2021-03-17,80.0
2021-03-18,80.5
2021-03-19,83.71
2021-03-22,87.05
2021-03-23,90.53
2021-03-24,90.0
2021-03-25,90.0
2021-03-26,90.99
2021-03-29,91.0
2021-03-30,91.97
2021-03-31,91.9
2021-04-01,91.49
2021-04-02,91.44
2021-04-05,90.5
2021-04-06,91.8
2021-04-07,90.31
2021-04-08,90.32
2021-04-09,91.0
2021-04-12,91.0
2021-04-13,90.88
2021-04-14,91.0
2021-04-15,91.0
2021-04-16,90.52
2021-04-19,90.31
2021-04-20,91.0
2021-04-21,93.0
2021-04-22,93.0
2021-04-23,92.0
2021-04-26,91.2
2021-04-27,92.0
2021-04-28,93.0
2021-04-29,94.0
2021-04-30,93.5
2021-05-03,93.5
2021-05-04,93.5
2021-05-05,94.7
2021-05-06,95.0
2021-05-07,94.7
2021-05-10,93.99
2021-05-11,93.0
2021-05-12,93.5
2021-05-17,94.98
2021-05-18,94.7
2021-05-19,94.73
2021-05-20,94.3
2021-05-21,93.6
2021-05-24,94.96
2021-05-25,94.7
2021-05-26,95.5
2021-05-27,94.15
2021-05-28,95.0
2021-05-31,95.0
2021-06-01,95.5
2021-06-02,96.5
2021-06-03,98.5
2021-06-04,98.45
2021-06-07,98.0
2021-06-08,97.0
2021-06-09,93.01
2021-06-10,93.0
2021-06-11,94.45
2021-06-14,94.0
2021-06-15,93.2
2021-06-16,94.49
2021-06-17,94.39
2021-06-18,94.0
2021-06-21,93.94
2021-06-22,92.56
2021-06-23,94.0
2021-06-24,93.1
2021-06-25,90.0
2021-06-28,92.0
2021-06-29,92.0
2021-06-30,93.0
2021-07-01,92.52
2021-07-02,93.5
2021-07-05,92.0
2021-07-06,92.86
2021-07-07,92.48
2021-07-08,92.5
2021-07-09,92.02
2021-07-12,92.97
2021-07-13,92.0
2021-07-14,92.96
2021-07-15,92.0
2021-07-16,92.88
2021-07-19,91.1
2021-07-20,91.01
2021-07-23,92.99
2021-07-26,92.99
2021-07-27,92.98
2021-07-28,92.88
2021-07-29,92.99
2021-08-02,92.97
2021-08-03,94.32
2021-08-04,94.0
2021-08-05,93.98
2021-08-06,92.5
2021-08-09,92.5
2021-08-11,93.47
2021-08-12,93.0
2021-08-13,93.49
2021-08-16,93.47
2021-08-17,93.8
2021-08-18,95.88
2021-08-19,94.5
2021-08-23,94.66
2021-08-24,95.61
2021-08-25,94.0
2021-08-26,96.69
2021-08-27,94.0
2021-08-30,94.7
2021-08-31,95.1
2021-09-01,95.0
2021-09-02,95.0
2021-09-03,96.0
2021-09-06,96.0
2021-09-07,98.0
2021-09-08,99.5
2021-09-09,99.5
2021-09-10,99.5
2021-09-13,102.55
2021-09-14,102.85
2021-09-15,102.5
2021-09-16,102.0
2021-09-17,101.95
2021-09-20,102.0
2021-09-21,100.0
2021-09-22,100.8
2021-09-23,101.0
2021-09-24,102.5
2021-09-27,101.9
2021-09-28,101.5
2021-09-29,101.5
2021-09-30,101.5
2021-10-01,105.55
2021-10-04,109.75
2021-10-05,114.1
2021-10-06,114.0
2021-10-07,113.0
2021-10-08,116.9
2021-10-11,113.1
2021-10-12,116.0
2021-10-13,115.0
2021-10-14,117.7
2021-10-15,118.0
2021-10-18,117.75
2021-10-21,116.8
2021-10-22,116.5
2021-10-25,117.0
2021-10-26,119.0
2021-10-27,121.85
2021-10-28,118.5
2021-10-29,118.9
2021-11-01,117.5
2021-11-02,117.5
2021-11-03,117.9
2021-11-04,117.0
2021-11-05,117.0
2021-11-08,117.0
2021-11-09,116.9
2021-11-10,115.95
2021-11-11,115.5
2021-11-12,114.5
2021-11-15,116.4
2021-11-16,116.5
2021-11-17,115.0
2021-11-19,117.7
2021-11-22,117.9
2021-11-23,114.7
2021-11-24,116.95
2021-11-25,116.9
2021-11-26,116.0
2021-11-29,114.0
2021-11-30,114.0
2021-12-01,115.0
2021-12-02,115.0
2021-12-03,114.5
2021-12-06,114.9
2021-12-07,114.5
2021-12-08,114.15
2021-12-09,114.0
2021-12-10,116.0
2021-12-13,116.0
2021-12-14,116.1
2021-12-15,116.0
2021-12-16,116.0
2021-12-17,118.0
2021-12-20,115.0
2021-12-21,114.25
2021-12-22,115.0
2021-12-23,117.8
2021-12-24,117.0
2021-12-27,117.6
2021-12-28,117.0
2021-12-29,114.65
2021-12-30,120.0
2021-12-31,122.0
2022-01-03,120.0
2022-01-04,119.15
2022-01-05,119.3
2022-01-06,120.0
2022-01-07,125.0
2022-01-10,132.45
2022-01-12,136.5
2022-01-13,135.85
2022-01-14,136.0
2022-01-17,134.0
2022-01-18,135.7
2022-01-19,134.2
2022-01-20,132.0
2022-01-21,135.0
2022-01-24,132.5
2022-01-25,132.5
2022-01-26,132.5
2022-01-27,132.5
2022-01-28,133.4
2022-01-31,134.0
2022-02-01,132.5
2022-02-02,135.0
2022-02-03,141.8
2022-02-04,140.0
2022-02-07,142.0
2022-02-08,143.7
2022-02-09,139.6
2022-02-10,141.0
2022-02-11,139.6
2022-02-14,137.5
2022-02-15,139.95
2022-02-16,136.0
2022-02-17,137.0
2022-02-18,138.0
2022-02-21,137.0
2022-02-22,134.85
2022-02-23,134.5
2022-02-24,126.45
2022-02-25,129.0
2022-02-28,130.0
2022-03-01,128.0
2022-03-02,126.5
2022-03-03,120.0
2022-03-04,127.0
2022-03-07,125.0
2022-03-08,132.0
2022-03-09,131.05
2022-03-10,127.0
2022-03-11,132.0
2022-03-14,134.0
2022-03-15,131.0
2022-03-16,128.35
2022-03-17,130.05
2022-03-18,131.0
2022-03-21,132.5
2022-03-22,131.0
2022-03-23,125.0
2022-03-24,127.0
2022-03-25,129.0
2022-03-28,127.0
2022-03-29,128.9
2022-03-30,128.0
2022-03-31,126.15
2022-04-01,131.0
2022-04-04,129.0
2022-04-05,131.8
2022-04-06,131.8
2022-04-07,130.0
2022-04-08,130.0
2022-04-11,131.0
2022-04-12,134.0
2022-04-13,135.0
2022-04-14,135.0
2022-04-15,136.9
2022-04-18,136.0
2022-04-19,133.55
2022-04-20,133.85
2022-04-21,134.0
2022-04-22,135.0
2022-04-25,133.45
2022-04-26,136.0
2022-04-27,134.05
2022-04-28,139.95
2022-04-29,139.0
2022-05-04,140.0
2022-05-05,139.6
2022-05-06,140.75
2022-05-09,139.0
2022-05-10,135.0
2022-05-11,135.8
2022-05-12,134.15
2022-05-13,137.0
2022-05-16,138.0
2022-05-17,135.3
2022-05-18,138.45
2022-05-19,138.45
2022-05-20,130.5
2022-05-23,134.9
2022-05-24,134.0
2022-05-25,136.4
2022-05-26,135.0
2022-05-27,130.2
2022-05-30,129.0
2022-05-31,129.95
2022-06-01,128.0
2022-06-02,127.55
2022-06-03,129.0
2022-06-06,129.0
2022-06-07,129.0
2022-06-08,128.95
2022-06-09,127.6
2022-06-10,128.5
2022-06-13,128.2
2022-06-14,125.0
2022-06-15,124.0
2022-06-16,125.5
2022-06-17,128.0
2022-06-20,124.15
2022-06-21,124.4
2022-06-22,124.0
2022-06-23,119.0
2022-06-24,112.0
2022-06-27,118.6
2022-06-28,122.0
2022-06-29,120.1
2022-06-30,126.5
2022-07-01,123.0
2022-07-04,119.4
2022-07-05,120.0
2022-07-06,120.0
2022-07-07,125.0
2022-07-08,125.0
2022-07-12,127.4
2022-07-13,127.4
2022-07-14,127.5
2022-07-15,130.0
2022-07-18,130.0
2022-07-19,128.0
2022-07-20,128.0
2022-07-21,130.0
2022-07-22,129.0
2022-07-25,129.0
2022-07-26,129.0
2022-07-27,128.95
2022-07-28,128.95
2022-07-29,130.0
2022-08-01,129.95
2022-08-02,129.9
2022-08-03,129.7
2022-08-04,126.0
2022-08-05,130.0
2022-08-08,130.0
2022-08-09,129.0
2022-08-10,130.0
2022-08-11,133.0
2022-08-12,130.0
2022-08-15,133.5
2022-08-16,133.0
2022-08-17,130.0
2022-08-18,132.0
2022-08-19,131.5
2022-08-22,131.5
2022-08-23,131.5
2022-08-24,132.0
2022-08-25,128.55
2022-08-26,132.8
2022-08-29,129.15
2022-08-30,131.5
2022-08-31,131.5
2022-09-01,130.0
2022-09-02,132.0
2022-09-05,129.5
2022-09-06,130.0
2022-09-07,132.0
2022-09-08,130.0
2022-09-09,132.0
2022-09-12,128.0
2022-09-13,130.0
2022-09-14,133.0
2022-09-15,135.7
2022-09-16,135.0
2022-09-19,135.5
2022-09-20,135.6
2022-09-21,132.0
2022-09-22,132.0
2022-09-23,135.0
2022-09-26,130.5
2022-09-27,134.8
2022-09-28,127.65
2022-09-29,127.0
2022-09-30,127.0
2022-10-03,128.0
2022-10-04,127.9
2022-10-05,127.9
2022-10-06,126.0
2022-10-07,125.6
2022-10-11,125.1
2022-10-12,125.0
2022-10-13,125.25
2022-10-14,128.0
2022-10-17,128.0
2022-10-18,123.0
2022-10-19,121.7
2022-10-20,117.0
2022-10-21,118.0
2022-10-24,120.0
2022-10-25,114.5
2022-10-26,118.95
2022-10-27,119.65
2022-10-28,119.85
2022-10-31,116.25
2022-11-01,119.7
2022-11-02,116.0
2022-11-03,116.0
2022-11-04,120.0
2022-11-07,120.0
2022-11-08,114.55
2022-11-09,115.0
2022-11-10,116.9
2022-11-11,119.0
2022-11-14,119.0
2022-11-15,115.6
2022-11-16,119.0
2022-11-17,122.5
2022-11-21,120.0
2022-11-22,119.95
2022-11-23,119.95
2022-11-24,119.95
2022-11-25,119.95
2022-11-28,115.6
2022-11-29,118.9
2022-11-30,118.95
2022-12-01,119.95
2022-12-02,119.9
2022-12-05,118.9
2022-12-06,116.0
2022-12-07,117.5
2022-12-08,119.85
2022-12-09,120.0
2022-12-12,120.0
2022-12-13,123.85
2022-12-14,123.5
2022-12-15,125.75
2022-12-16,126.0
2022-12-19,121.6
2022-12-20,121.8
2022-12-21,120.55
2022-12-22,125.0
2022-12-23,120.0
2022-12-26,120.0
2022-12-27,120.0
2022-12-28,127.0
2022-12-29,119.4
2022-12-30,125.0
2023-01-02,124.95
2023-01-03,117.5
2023-01-04,120.0
2023-01-05,114.5
2023-01-06,120.0
2023-01-09,113.5
2023-01-10,120.0
2023-01-12,119.0
2023-01-13,125.0
2023-01-16,125.0
2023-01-17,123.5
2023-01-18,119.0
2023-01-19,120.0
2023-01-20,114.0
2023-01-23,119.5
2023-01-24,119.5
2023-01-25,114.1
2023-01-26,114.65
2023-01-27,118.0
2023-01-30,118.0
2023-01-31,117.9
2023-02-01,117.8
2023-02-02,117.9
2023-02-03,118.0
2023-02-06,115.15
2023-02-07,117.9
2023-02-08,117.95
2023-02-09,118.0
2023-02-10,120.5
2023-02-13,117.5
2023-02-14,117.0
2023-02-15,121.0
2023-02-16,119.0
2023-02-17,125.95
2023-02-20,120.6
2023-02-21,126.5
2023-02-22,125.0
2023-02-23,132.0
2023-02-24,135.0
2023-02-27,128.65
2023-02-28,132.9
2023-03-01,132.9
2023-03-02,132.3
2023-03-03,131.85
2023-03-06,131.0
2023-03-07,123.15
2023-03-08,126.85
2023-03-09,126.65
2023-03-10,120.0
2023-03-13,119.55
2023-03-14,119.0
2023-03-15,117.95
2023-03-16,119.9
2023-03-17,120.0
2023-03-20,120.0
2023-03-21,122.0
2023-03-22,121.95
2023-03-23,123.0
2023-03-24,124.5
2023-03-27,124.0
2023-03-28,123.9
2023-03-29,123.5
2023-03-30,119.0
2023-03-31,123.5
2023-04-03,122.95
2023-04-04,121.4
2023-04-05,120.5
2023-04-06,122.8
2023-04-07,122.35
2023-04-10,122.0
2023-04-11,122.0
2023-04-12,121.95
2023-04-13,123.0
2023-04-14,129.0
2023-04-17,122.0
2023-04-18,125.0
2023-04-19,122.0
2023-04-20,127.0
2023-04-21,132.0
2023-04-25,129.5
2023-04-26,125.0
2023-04-27,128.0
2023-04-28,130.0
2023-05-02,130.0
2023-05-03,129.8
2023-05-04,127.2
2023-05-05,127.0
2023-05-08,125.3
2023-05-09,124.85
2023-05-10,127.0
2023-05-11,127.9
2023-05-12,127.1
2023-05-15,127.0
2023-05-16,130.0
2023-05-17,127.25
2023-05-18,128.9
2023-05-19,129.8
2023-05-22,129.9
2023-05-23,127.1
2023-05-24,130.0
2023-05-25,131.0
2023-05-26,130.0
2023-05-29,129.5
2023-05-30,131.0
2023-05-31,130.0
2023-06-01,128.05
2023-06-02,132.5
2023-06-05,132.4
2023-06-06,132.75
2023-06-07,129.6
2023-06-08,131.9
2023-06-09,132.0
2023-06-12,129.8
2023-06-13,128.9
2023-06-14,129.9
2023-06-15,129.0
2023-06-16,125.0
2023-06-19,125.7
2023-06-20,126.0
2023-06-21,126.0
2023-06-22,126.0
2023-06-23,125.0
2023-06-26,124.65
2023-06-27,124.0
2023-06-28,123.0
2023-07-03,125.0
2023-07-04,125.0
2023-07-05,125.0
2023-07-06,124.95
2023-07-07,124.5
2023-07-10,124.5
2023-07-11,125.0
2023-07-12,122.0
2023-07-13,122.0
2023-07-14,121.0
2023-07-17,120.7
2023-07-18,120.0
2023-07-20,120.0
2023-07-21,120.0
2023-07-24,120.1
2023-07-25,120.5
2023-07-26,120.7
2023-07-27,123.0
2023-07-28,123.0
2023-07-31,122.0
2023-08-01,121.0
2023-08-02,120.5
2023-08-03,121.0
2023-08-04,120.0
2023-08-07,120.0
2023-08-08,120.0
2023-08-09,120.0
2023-08-10,120.0
2023-08-11,120.0
2023-08-15,120.0
2023-08-16,121.55
2023-08-17,122.0
2023-08-18,123.45
2023-08-22,119.55
2023-08-23,122.0
2023-08-24,120.0
2023-08-25,119.0
2023-08-28,120.0
2023-08-29,121.5
2023-08-30,120.0
2023-08-31,121.0
2023-09-01,118.0
2023-09-04,118.0
2023-09-05,120.0
2023-09-06,119.5
2023-09-07,119.5
2023-09-08,122.0
2023-09-11,121.9
2023-09-12,121.0
2023-09-13,124.0
2023-09-14,124.8
2023-09-15,122.05
2023-09-18,121.0
2023-09-19,121.0
2023-09-20,118.5
2023-09-21,120.0
2023-09-22,124.0
2023-09-25,123.9
2023-09-26,123.5
2023-09-27,123.7
2023-10-02,122.0
2023-10-03,120.1
2023-10-04,120.0
2023-10-05,120.0
2023-10-06,123.45
2023-10-09,121.0
2023-10-10,121.0
2023-10-11,121.0
2023-10-12,122.0
2023-10-13,122.0
2023-10-16,120.5
2023-10-17,120.0
2023-10-18,122.0
2023-10-19,120.2
2023-10-20,120.0
2023-10-23,120.0
2023-10-24,120.0
2023-10-25,120.0
2023-10-26,120.0
2023-10-27,120.0
2023-10-30,120.0
2023-10-31,120.0
2023-11-01,120.0
2023-11-02,119.0
2023-11-03,122.0
2023-11-07,122.0
2023-11-08,120.4
2023-11-09,121.0
2023-11-10,120.0
2023-11-13,121.9
2023-11-14,121.8
2023-11-15,119.55
2023-11-16,121.0
2023-11-17,121.3
2023-11-20,120.0
2023-11-21,119.8
2023-11-22,121.6
2023-11-23,121.75
2023-11-24,122.0
2023-11-27,122.5
2023-11-28,119.45
2023-11-29,119.45
2023-11-30,121.0
2023-12-01,121.95
2023-12-04,121.85
2023-12-05,120.0
2023-12-06,121.95
2023-12-07,121.95
2023-12-08,121.95
2023-12-11,121.9
2023-12-12,121.0
2023-12-13,121.0
2023-12-14,121.0
2023-12-15,124.0
2023-12-18,122.0
2023-12-19,125.0
2023-12-20,124.9
2023-12-21,124.95
2023-12-22,124.95
2023-12-25,124.85
2023-12-26,125.0
2023-12-27,127.0
2023-12-28,127.0
2023-12-29,127.0
2024-01-02,125.0
2024-01-03,125.0
2024-01-04,126.95
2024-01-05,125.0
2024-01-08,125.0
2024-01-09,125.0
2024-01-10,124.0
2024-01-12,124.0
2024-01-15,123.1
2024-01-16,125.0
2024-01-17,122.5
2024-01-18,124.9
2024-01-19,122.1
2024-01-22,122.35
2024-01-23,123.7
2024-01-24,124.4
2024-01-25,125.3
2024-01-26,125.0
2024-01-29,125.85
2024-01-30,124.65
2024-01-31,123.1
2024-02-01,125.0
2024-02-02,125.5
2024-02-05,125.0
2024-02-06,124.95
2024-02-07,124.0
2024-02-08,123.0
2024-02-09,123.0
2024-02-12,123.0
2024-02-13,123.0
2024-02-14,124.0
2024-02-15,123.0
2024-02-16,124.0
2024-02-19,122.0
2024-02-20,122.0
2024-02-21,122.0
2024-02-22,123.0
2024-02-23,124.8
2024-02-26,125.0
2024-02-27,123.0
2024-02-28,123.15
2024-02-29,121.0
2024-03-01,123.8
2024-03-04,122.0
2024-03-05,123.0
2024-03-06,123.0
2024-03-07,123.0
2024-03-08,122.05
2024-03-11,123.7
2024-03-12,123.0
2024-03-13,122.0
2024-03-14,122.0
2024-03-15,123.0
2024-03-18,122.0
2024-03-19,122.5
2024-03-20,123.0
2024-03-21,123.0
2024-03-22,123.0
2024-03-25,123.6
2024-03-26,123.5
2024-03-27,123.1
2024-03-28,124.0
2024-03-29,124.0
2024-04-01,123.55
2024-04-02,123.0
2024-04-03,125.0
2024-04-04,124.7
2024-04-05,127.0
2024-04-08,126.8
2024-04-09,131.0
2024-04-15,133.7
2024-04-16,133.0
2024-04-17,133.25
2024-04-18,134.0
2024-04-19,135.5
2024-04-22,134.5
2024-04-23,133.0
2024-04-24,132.0
2024-04-25,133.9
2024-04-26,140.05
2024-04-29,140.05
2024-04-30,144.0
2024-05-02,148.0
2024-05-03,151.0
2024-05-06,152.0
2024-05-07,150.0
2024-05-08,150.0
2024-05-09,147.4
2024-05-10,147.4
2024-05-13,145.7
2024-05-14,144.0
2024-05-15,147.55
2024-05-16,147.55
2024-05-17,143.0
2024-05-20,145.0
2024-05-21,144.0
2024-05-22,138.0
2024-05-23,145.0
2024-05-24,138.85
2024-05-27,140.0
2024-05-28,139.3
2024-05-29,140.0
2024-05-30,140.0
2024-05-31,137.5
2024-06-03,142.9
2024-06-04,137.1
2024-06-05,137.0
2024-06-06,136.7
2024-06-07,136.7
2024-06-10,136.7
2024-06-11,136.5
2024-06-12,137.5
2024-06-13,138.0
2024-06-14,136.4
2024-06-19,139.0
2024-06-20,136.6
2024-06-21,130.0
2024-06-24,139.95
2024-06-25,139.95
2024-06-26,137.0
2024-06-27,135.0
2024-06-28,132.0
2024-07-01,133.0
2024-07-02,134.95
2024-07-03,132.0
2024-07-04,130.0
2024-07-05,130.0
2024-07-08,130.0
2024-07-09,129.0
2024-07-10,129.0
2024-07-11,135.0
2024-07-12,134.0
2024-07-15,130.0
2024-07-16,130.0
2024-07-17,130.0
2024-07-18,132.0
2024-07-19,133.4
2024-07-22,133.3
2024-07-23,132.9
2024-07-24,131.3
2024-07-25,131.0
2024-07-26,132.8
2024-07-29,132.0
2024-07-31,133.0
2024-08-01,132.95
2024-08-02,131.0
2024-08-05,132.0
2024-08-06,131.0
2024-08-07,131.0
2024-08-08,131.0
2024-08-09,131.0
2024-08-12,131.0
2024-08-13,131.0
2024-08-15,130.0
2024-08-16,130.0
2024-08-19,130.0
2024-08-22,131.0
2024-08-23,134.0
2024-08-26,134.0
2024-08-27,134.0
2024-08-28,132.6
2024-08-29,131.3
2024-08-30,132.0
2024-09-02,131.0
2024-09-03,131.0
2024-09-04,129.75
2024-09-05,131.8
2024-09-06,134.4
2024-09-09,131.25
2024-09-10,125.6
2024-09-11,129.0
2024-09-12,129.0
2024-09-13,131.0
2024-09-18,131.0
2024-09-19,134.0
2024-09-20,129.2
2024-09-23,135.0
2024-09-24,133.5
2024-09-25,134.0
2024-09-26,133.0
2024-09-27,140.1
2024-09-30,139.95
2024-10-01,138.95
2024-10-02,135.0
2024-10-03,131.3
2024-10-04,130.2
2024-10-07,130.3
2024-10-08,130.25
2024-10-09,132.0
2024-10-10,131.0
2024-10-11,130.2
2024-10-14,130.2
2024-10-15,131.0
2024-10-16,130.1
2024-10-17,139.0
2024-10-18,138.15
2024-10-21,138.15
2024-10-22,137.95
2024-10-23,136.85
2024-10-24,132.15
2024-10-25,134.0
2024-10-28,131.75
2024-10-29,133.0
2024-10-30,131.0
2024-10-31,130.0
2024-11-01,129.1
2024-11-04,129.0
2024-11-05,129.0
2024-11-07,131.95
2024-11-08,130.0
2024-11-11,130.0
2024-11-12,130.0
2024-11-13,130.0
2024-11-14,132.0
2024-11-15,130.0
2024-11-19,131.5
2024-11-20,130.3
2024-11-21,126.5
2024-11-22,128.0
2024-11-25,131.0
2024-11-26,128.5
2024-11-27,130.0
2024-11-28,128.6
2024-11-29,130.05
2024-12-02,128.35
2024-12-03,128.0
2024-12-04,129.5
2024-12-05,132.0
2024-12-06,131.7
2024-12-09,129.5
2024-12-10,131.9
2024-12-11,128.5
2024-12-12,129.0
2024-12-13,129.0
2024-12-16,131.0
2024-12-17,131.0
2024-12-18,130.0
2024-12-19,130.0
2024-12-20,128.0
2024-12-23,128.0
2024-12-24,128.5
2024-12-25,130.0
2024-12-26,127.75
2024-12-27,125.0
2024-12-30,125.0
2024-12-31,127.5
2025-01-02,125.3
2025-01-03,130.0
2025-01-06,128.0
2025-01-07,128.1
2025-01-08,130.0
2025-01-09,131.55
2025-01-10,133.0
2025-01-13,132.0
2025-01-15,143.0
2025-01-16,141.0
2025-01-17,148.2
2025-01-20,153.5
2025-01-21,152.05
2025-01-22,154.9
2025-01-23,160.0
2025-01-24,165.0
2025-01-27,167.8
2025-01-28,161.9
2025-01-29,159.2
2025-01-30,158.9
2025-01-31,155.5
2025-02-03,154.0
2025-02-04,152.65
2025-02-05,152.75
2025-02-06,153.5
2025-02-07,156.0
2025-02-10,159.0
2025-02-11,155.25
2025-02-12,155.0
2025-02-13,154.65
2025-02-14,150.0
2025-02-17,156.0
2025-02-18,155.0
2025-02-19,156.0
2025-02-20,158.0
2025-02-21,153.9
2025-02-24,154.7
2025-02-25,154.9
2025-02-26,156.9
2025-02-27,153.2
2025-02-28,152.9
2025-03-03,149.5
2025-03-04,147.9
2025-03-05,147.6
2025-03-06,145.0
2025-03-07,150.0
2025-03-10,147.75
2025-03-11,146.0
2025-03-12,144.0
2025-03-13,140.0
2025-03-14,139.95
2025-03-17,139.5
2025-03-18,142.0
2025-03-19,142.0
2025-03-20,144.0
2025-03-21,141.0
2025-03-24,139.0
2025-03-25,140.0
2025-03-26,138.0
2025-03-27,139.0
2025-03-28,139.0
2025-04-02,138.0
2025-04-03,135.0
2025-04-04,134.1
2025-04-07,123.2
2025-04-08,129.9
2025-04-09,126.5
2025-04-10,128.0
2025-04-11,123.0
2025-04-14,129.7
2025-04-15,129.0
2025-04-16,129.75
2025-04-17,132.75
2025-04-18,132.5
2025-04-21,130.1
2025-04-22,130.0
2025-04-23,130.15
2025-04-24,131.0
2025-04-25,134.0
2025-04-28,133.6
2025-04-29,132.0
2025-04-30,131.0
2025-05-02,135.0
2025-05-05,135.0
2025-05-06,141.9
2025-05-07,140.0
2025-05-08,138.9
