date,BAL
2000-05-17,107.0
2000-08-22,107.0
2001-01-16,103.5
2001-01-17,103.5
2001-01-18,103.5
2001-01-19,103.5
2001-01-22,103.5
2001-01-23,103.5
2001-01-24,103.5
2001-01-25,103.5
2001-01-26,103.5
2001-01-29,103.5
2001-01-30,103.5
2001-01-31,103.5
2001-02-01,103.5
2001-02-02,103.5
2001-02-05,103.5
2001-02-06,103.5
2001-02-07,103.5
2001-02-08,103.5
2001-02-09,91.5
2001-02-12,91.5
2001-02-13,92.55
2001-02-14,92.55
2001-02-15,92.55
2001-02-16,92.55
2001-02-19,92.55
2001-02-20,92.55
2001-02-21,92.55
2001-02-22,92.55
2001-02-23,92.55
2001-02-26,92.55
2001-02-27,92.55
2001-02-28,92.55
2001-03-01,92.55
2001-03-02,92.55
2001-03-05,92.55
2001-03-08,92.55
2001-03-09,92.55
2001-03-12,92.55
2001-03-13,92.55
2001-03-14,92.55
2001-03-15,92.55
2001-03-16,92.55
2001-03-19,92.55
2001-03-20,92.55
2001-03-21,92.55
2001-03-22,92.55
2001-03-23,92.55
2001-03-26,92.55
2001-03-28,92.55
2001-03-29,92.55
2001-03-30,92.55
2001-04-02,92.55
2001-04-03,92.55
2001-04-04,98.1
2001-04-05,98.1
2001-04-06,98.1
2001-04-09,98.1
2001-04-10,98.1
2001-04-11,98.1
2001-04-12,98.1
2001-04-13,98.1
2001-04-16,98.1
2001-04-17,98.1
2001-04-18,98.1
2001-04-19,98.1
2001-04-20,98.1
2001-04-23,98.1
2001-04-24,98.1
2001-04-25,98.15
2001-04-26,98.15
2001-04-27,98.15
2001-04-30,98.15
2001-05-02,98.15
2001-05-03,98.15
2001-05-04,98.15
2001-05-07,98.15
2001-05-08,98.15
2001-05-09,98.15
2001-05-10,98.15
2001-05-11,98.15
2001-05-14,98.15
2001-05-15,98.15
2001-05-16,98.15
2001-05-17,98.15
2001-05-18,98.15
2001-05-21,98.15
2001-05-22,98.15
2001-05-23,98.15
2001-05-24,98.15
2001-05-25,98.15
2001-05-28,98.15
2001-05-29,98.15
2001-05-30,98.15
2001-05-31,98.15
2001-06-01,98.15
2001-06-04,98.15
2001-06-07,98.15
2001-06-08,98.15
2001-06-11,98.15
2001-06-12,98.15
2001-06-13,98.15
2001-06-14,98.15
2001-06-15,98.15
2001-06-18,98.15
2001-06-19,98.15
2001-06-20,98.15
2001-06-21,98.15
2001-06-22,98.15
2001-06-25,98.15
2001-06-26,98.15
2001-06-27,98.15
2001-06-28,98.15
2001-06-29,98.15
2001-07-02,98.15
2001-07-03,98.15
2001-07-04,98.15
2001-07-05,98.15
2001-07-06,98.15
2001-07-09,98.15
2001-07-10,98.15
2001-07-11,98.15
2001-07-12,98.15
2001-07-13,98.15
2001-07-16,98.15
2001-07-18,98.15
2001-07-19,98.15
2001-07-20,98.15
2001-07-23,98.15
2001-07-24,98.15
2001-07-25,98.15
2001-07-26,98.15
2001-07-27,98.15
2001-07-31,98.15
2001-08-01,98.15
2001-08-02,98.15
2001-08-03,98.15
2001-08-06,98.15
2001-08-07,98.15
2001-08-08,98.15
2001-08-09,98.15
2001-08-10,98.15
2001-08-13,98.15
2001-08-15,98.15
2001-08-16,98.15
2001-08-17,98.15
2001-08-22,98.15
2001-08-23,98.15
2001-08-24,98.15
2001-08-27,98.15
2001-08-28,98.15
2001-08-29,98.15
2001-08-30,98.15
2001-08-31,98.1
2001-09-03,98.1
2001-09-04,98.1
2001-09-05,98.1
2001-09-06,98.1
2001-09-07,98.1
2001-09-10,98.1
2001-09-11,98.1
2001-09-12,98.1
2001-09-13,98.1
2001-09-14,98.1
2001-09-17,98.1
2001-09-18,98.1
2001-09-19,98.1
2001-09-20,98.1
2001-09-21,98.1
2001-09-24,98.1
2001-09-25,98.1
2001-09-26,98.1
2001-09-27,98.1
2001-09-28,94.45
2001-10-01,94.45
2001-10-02,94.45
2001-10-03,94.45
2001-10-04,94.45
2001-10-05,94.45
2001-10-08,94.45
2001-10-09,98.1
2001-10-10,98.1
2001-10-11,98.1
2001-10-12,98.1
2001-10-15,98.1
2001-10-16,98.1
2001-10-17,98.1
2001-10-18,98.1
2001-10-19,98.1
2001-10-22,98.1
2001-10-23,98.1
2001-10-24,98.1
2001-10-25,98.1
2001-10-26,98.1
2001-10-29,98.1
2001-10-30,98.1
2001-10-31,98.1
2001-11-01,98.1
2001-11-02,98.1
2001-11-05,98.1
2001-11-07,98.1
2001-11-08,98.1
2001-11-09,98.1
2001-11-12,98.1
2001-11-13,98.1
2001-11-14,98.1
2001-11-15,98.1
2001-11-16,98.1
2001-11-19,98.1
2001-11-20,98.1
2001-11-21,98.1
2001-11-22,98.1
2001-11-23,98.1
2001-11-26,98.1
2001-11-27,98.1
2001-11-28,98.1
2001-11-29,98.1
2001-11-30,98.1
2001-12-03,98.1
2001-12-04,98.1
2001-12-05,98.1
2001-12-06,98.1
2001-12-07,98.1
2001-12-10,98.1
2001-12-11,98.1
2001-12-12,98.1
2001-12-13,98.1
2001-12-14,98.1
2001-12-19,98.1
2001-12-20,98.1
2001-12-21,98.1
2001-12-24,98.1
2001-12-25,98.1
2001-12-26,98.1
2001-12-27,98.1
2001-12-28,98.1
2001-12-31,98.1
2002-01-04,98.1
2002-01-09,98.1
2002-01-10,98.1
2002-01-14,98.1
2002-01-15,98.1
2002-01-16,98.1
2002-01-17,98.1
2002-01-18,98.1
2002-01-21,98.1
2002-01-22,98.1
2002-01-23,98.1
2002-01-24,98.1
2002-01-25,98.1
2002-01-28,98.1
2002-01-29,98.1
2002-01-30,98.1
2002-01-31,98.1
2002-02-01,98.1
2002-02-04,98.1
2002-02-05,98.1
2002-02-06,98.1
2002-02-07,98.1
2002-02-08,98.1
2002-02-11,98.1
2002-02-12,98.1
2002-02-13,98.1
2002-02-14,98.1
2002-02-15,98.1
2002-02-18,98.1
2002-02-19,98.1
2002-02-20,98.1
2002-02-21,98.1
2002-02-22,98.1
2002-02-26,98.1
2002-02-27,98.1
2002-02-28,98.1
2002-03-01,98.1
2002-03-05,98.1
2002-03-06,98.1
2002-03-07,98.1
2002-03-08,98.1
2002-03-11,98.1
2002-03-12,98.1
2002-03-13,98.1
2002-03-14,98.1
2002-03-18,98.1
2002-03-19,98.1
2002-03-20,98.1
2002-03-21,98.1
2002-03-22,98.1
2002-03-25,98.1
2002-03-26,98.1
2002-03-27,98.1
2002-03-28,98.1
2002-03-29,98.1
2002-04-01,98.1
2002-04-02,98.1
2002-04-03,98.1
2002-04-05,98.1
2002-04-08,98.1
2002-04-09,98.1
2002-04-10,98.1
2002-04-11,98.1
2002-04-12,98.1
2002-06-21,98.1
2002-07-09,98.1
2002-08-09,83.4
2002-08-12,78.4
2002-08-22,90.0
2002-08-23,95.2
2002-08-26,100.8
2002-09-03,106.8
2003-01-31,100.4
2003-02-03,100.0
2003-03-04,100.0
2003-03-18,100.0
2003-03-27,100.2
2003-05-13,112.8
2003-05-23,140.0
2003-07-07,140.0
2004-02-23,129.2
2004-07-01,136.8
2004-07-26,153.6
2004-09-07,167.8
2005-01-04,157.8
2005-02-09,148.4
2005-04-12,166.6
2005-08-16,153.0
2005-11-02,162.0
2005-11-03,171.6
2005-11-28,181.8
2005-12-29,192.6
2006-04-26,192.6
2006-05-23,181.2
2006-05-29,181.2
2006-06-08,170.6
2007-02-05,203.0
2007-02-15,280.0
2007-11-30,367.6
2007-12-05,389.6
2007-12-07,412.8
2007-12-19,412.8
2008-03-03,412.8
2008-03-04,412.8
2008-03-05,412.8
2008-03-06,412.8
2008-03-07,412.8
2008-03-10,412.8
2008-03-11,412.8
2008-03-12,412.8
2008-03-13,412.8
2008-03-14,412.8
2008-03-17,412.8
2008-03-18,412.8
2008-03-19,412.8
2008-03-24,412.8
2008-03-25,412.8
2008-03-26,412.8
2008-03-27,412.8
2008-03-28,412.8
2008-03-31,412.8
2008-04-01,412.8
2008-04-02,412.8
2008-04-03,412.8
2008-04-04,412.8
2008-04-07,412.8
2008-04-08,412.8
2008-04-09,412.8
2008-04-10,412.8
2008-04-11,412.8
2008-04-14,412.8
2008-04-15,412.8
2008-04-16,412.8
2008-04-17,412.8
2008-04-18,412.8
2008-04-21,412.8
2008-04-22,412.8
2008-04-23,412.8
2008-04-24,412.8
2008-04-25,412.8
2008-04-28,412.8
2008-04-29,412.8
2008-04-30,412.8
2008-05-02,412.8
2008-05-05,412.8
2008-05-06,412.8
2008-05-07,412.8
2008-05-08,412.8
2008-05-09,412.8
2008-05-12,412.8
2008-05-13,412.8
2008-05-14,412.8
2008-05-15,412.8
2008-05-16,412.8
2008-05-19,412.8
2008-05-21,412.8
2008-05-22,412.8
2008-05-23,412.8
2008-05-26,412.8
2008-05-27,412.8
2008-05-28,412.8
2008-05-29,412.8
2008-05-30,412.8
2008-06-02,412.8
2008-06-03,412.8
2008-06-04,412.8
2008-06-05,412.8
2008-06-06,412.8
2008-06-09,412.8
2008-06-10,412.8
2008-06-11,412.8
2008-06-12,412.8
2008-06-13,412.8
2008-06-16,412.8
2008-06-17,412.8
2008-06-18,412.8
2008-06-19,412.8
2008-06-20,412.8
2008-06-23,412.8
2008-06-24,412.8
2008-06-25,412.8
2008-06-26,412.8
2008-06-27,412.8
2008-06-30,412.8
2008-07-01,412.8
2008-07-02,412.8
2008-07-03,412.8
2008-07-04,412.8
2008-07-07,412.8
2008-07-08,412.8
2008-07-09,412.8
2008-07-10,412.8
2008-07-11,412.8
2008-07-14,412.8
2008-07-15,412.8
2008-07-16,412.8
2008-07-17,412.8
2008-07-18,412.8
2008-07-21,412.8
2008-07-22,412.8
2008-07-23,412.8
2008-07-24,412.8
2008-07-25,408.0
2008-07-28,408.0
2008-07-29,408.0
2008-07-31,408.0
2008-08-01,408.0
2008-08-04,408.0
2008-08-05,408.0
2008-08-06,408.0
2008-08-07,408.0
2008-08-08,408.0
2008-08-11,408.0
2008-08-12,408.0
2008-08-13,408.0
2008-08-15,408.0
2008-08-18,408.0
2008-08-19,408.0
2008-08-22,408.0
2008-08-25,408.0
2008-08-26,408.0
2008-08-27,408.0
2008-08-28,408.0
2008-08-29,408.0
2008-09-02,408.0
2008-09-03,408.0
2008-09-04,408.0
2008-09-05,408.0
2008-09-08,408.0
2008-09-09,408.0
2008-09-10,408.0
2008-09-11,408.0
2008-09-12,408.0
2008-09-15,408.0
2008-09-16,408.0
2008-09-17,408.0
2008-09-18,408.0
2008-09-19,408.0
2008-09-22,408.0
2008-09-23,408.0
2008-09-24,408.0
2008-09-25,408.0
2008-09-26,408.0
2008-09-29,408.0
2008-09-30,408.0
2008-10-07,408.0
2008-10-08,408.0
2008-10-09,408.0
2008-10-10,408.0
2008-10-13,408.0
2008-10-15,408.0
2008-10-16,408.0
2008-10-17,408.0
2008-10-20,408.0
2008-10-21,408.0
2008-10-22,408.0
2008-10-23,408.0
2008-10-24,408.0
2008-10-27,408.0
2008-10-28,408.0
2008-10-29,408.0
2008-10-30,408.0
2008-10-31,408.0
2008-11-03,408.0
2008-11-04,408.0
2008-11-05,408.0
2008-11-07,408.0
2008-11-10,408.0
2008-11-11,408.0
2008-11-12,408.0
2008-11-13,408.0
2008-11-14,408.0
2008-11-17,408.0
2008-11-19,408.0
2008-11-20,408.0
2008-11-21,408.0
2008-11-24,408.0
2008-11-25,408.0
2008-11-26,408.0
2008-11-27,408.0
2008-11-28,408.0
2008-12-01,408.0
2008-12-02,408.0
2008-12-03,408.0
2008-12-04,408.0
2008-12-05,408.0
2008-12-08,383.6
2008-12-11,383.6
2008-12-12,383.6
2008-12-15,383.6
2008-12-16,383.6
2008-12-17,383.6
2008-12-18,383.6
2008-12-19,383.6
2008-12-22,383.6
2008-12-23,383.6
2008-12-24,383.6
2008-12-25,383.6
2008-12-26,383.6
2008-12-30,383.6
2008-12-31,383.6
2009-01-02,383.6
2009-01-05,383.6
2009-01-06,383.6
2009-01-07,383.6
2009-01-08,383.6
2009-01-09,383.6
2009-01-12,383.6
2009-01-13,383.6
2009-01-14,383.6
2009-01-15,383.6
2009-01-16,383.6
2009-01-19,383.6
2009-01-20,383.6
2009-01-21,383.6
2009-01-22,383.6
2009-01-23,383.6
2009-01-26,383.6
2009-01-27,383.6
2009-01-28,383.6
2009-01-29,383.6
2009-01-30,383.6
2009-02-02,383.6
2009-02-03,383.6
2009-02-04,383.6
2009-02-05,383.6
2009-02-06,383.6
2009-02-09,383.6
2009-02-10,383.6
2009-02-11,383.6
2009-02-12,383.6
2009-02-13,383.6
2009-02-16,383.6
2009-02-17,383.6
2009-02-18,383.6
2009-02-19,383.6
2009-02-20,383.6
2009-02-23,383.6
2009-02-24,383.6
2009-02-25,383.6
2009-02-26,383.6
2009-02-27,383.6
2009-03-02,383.6
2009-03-03,383.6
2009-03-04,383.6
2009-03-05,383.6
2009-03-06,383.6
2009-03-09,383.6
2009-03-12,383.6
2009-03-13,383.6
2009-03-16,383.6
2009-03-17,383.6
2009-03-18,383.6
2009-03-19,383.6
2009-03-20,383.6
2009-03-23,383.6
2009-03-24,383.6
2009-03-25,383.6
2009-03-26,383.6
2009-03-27,383.6
2009-03-30,383.6
2009-03-31,383.6
2009-04-01,383.6
2009-04-02,383.6
2009-04-03,383.6
2009-04-06,383.6
2009-04-07,383.6
2009-04-08,383.6
2009-04-09,406.6
2009-04-10,406.6
2009-04-13,406.6
2009-04-14,406.6
2009-04-15,406.6
2009-04-16,406.6
2009-04-17,406.6
2009-04-20,406.6
2009-04-21,406.6
2009-04-22,406.6
2009-04-23,406.6
2009-04-24,406.6
2009-04-27,406.6
2009-04-28,406.6
2009-04-29,406.6
2009-04-30,406.6
2009-05-04,406.6
2009-05-05,406.6
2009-05-06,406.6
2009-05-07,406.6
2009-05-08,406.6
2009-05-11,406.6
2009-05-12,406.6
2009-05-13,406.6
2009-05-14,406.6
2009-05-15,406.6
2009-05-18,406.6
2009-05-19,406.6
2009-05-20,406.6
2009-05-21,406.6
2009-05-22,406.6
2009-05-25,406.6
2009-05-26,406.6
2009-05-27,406.6
2009-05-28,406.6
2009-05-29,406.6
2009-06-01,406.6
2009-06-02,406.6
2009-06-03,406.6
2009-06-04,406.6
2009-06-05,382.4
2009-06-08,382.4
2009-06-09,382.4
2009-06-10,382.4
2009-06-11,382.4
2009-06-12,382.4
2009-06-15,382.4
2009-06-16,382.4
2009-06-17,382.4
2009-06-18,382.4
2009-06-19,382.4
2009-06-22,382.4
2009-06-23,382.4
2009-06-24,382.4
2009-06-25,382.4
2009-06-26,382.4
2009-06-29,382.4
2009-06-30,382.4
2009-07-01,382.4
2009-07-02,382.4
2009-07-03,382.4
2009-07-06,382.4
2009-07-07,382.4
2009-07-08,382.4
2009-07-09,382.4
2009-07-10,382.4
2009-07-13,382.4
2009-07-14,382.4
2009-07-15,382.4
2009-07-16,382.4
2009-07-17,382.4
2009-07-20,382.4
2009-07-21,382.4
2009-07-22,382.4
2009-07-24,382.4
2009-07-27,382.4
2009-07-28,382.4
2009-07-29,382.4
2009-07-31,382.4
2009-08-03,382.4
2009-08-04,382.4
2009-08-05,382.4
2009-08-06,382.4
2009-08-07,382.4
2009-08-10,382.4
2009-08-11,382.4
2009-08-12,382.4
2009-08-13,377.2
2009-08-17,377.2
2009-08-18,377.2
2009-08-19,377.2
2009-08-24,377.2
2009-08-25,377.2
2009-08-26,377.2
2009-08-27,377.2
2009-08-28,377.2
2009-08-31,377.2
2009-09-01,377.2
2009-09-02,377.2
2009-09-03,377.2
2009-09-04,377.2
2009-09-07,377.2
2009-09-08,377.2
2009-09-09,377.2
2009-09-10,377.2
2009-09-11,377.2
2009-09-14,377.2
2009-09-15,377.2
2009-09-16,377.2
2009-09-17,377.2
2009-09-18,377.2
2009-09-23,377.2
2009-09-24,377.2
2009-09-25,377.2
2009-09-28,377.2
2009-09-29,377.2
2009-09-30,377.2
2009-10-01,377.2
2009-10-02,377.2
2009-10-05,377.2
2009-10-06,377.2
2009-10-07,377.2
2009-10-08,377.2
2009-10-09,377.2
2009-10-12,377.2
2009-10-13,377.2
2009-10-14,377.2
2009-10-15,377.2
2009-10-16,377.2
2009-10-19,377.2
2009-10-20,377.2
2009-10-21,377.2
2009-10-22,377.2
2009-10-23,377.2
2009-10-26,377.2
2009-10-27,377.2
2009-10-28,377.2
2009-10-29,377.2
2009-10-30,377.2
2009-11-02,377.2
2009-11-03,377.2
2009-11-04,377.2
2009-11-05,377.2
2009-11-09,377.2
2009-11-10,377.2
2009-11-11,377.2
2009-11-12,377.2
2009-11-13,377.2
2009-11-16,377.2
2009-11-17,377.2
2009-11-19,377.2
2009-11-20,377.2
2009-11-23,377.2
2009-11-24,377.2
2009-11-25,377.2
2009-11-26,377.2
2009-11-27,377.2
2009-11-30,377.2
2009-12-01,377.2
2009-12-02,377.2
2009-12-03,377.2
2009-12-04,377.2
2009-12-07,377.2
2009-12-08,377.2
2009-12-09,377.2
2009-12-10,377.2
2009-12-11,377.2
2009-12-14,377.2
2009-12-15,377.2
2009-12-16,377.2
2009-12-17,377.2
2009-12-21,377.2
2009-12-22,377.2
2009-12-23,377.2
2009-12-24,377.2
2009-12-25,377.2
2009-12-28,377.2
2009-12-29,377.2
2009-12-30,377.2
2009-12-31,377.2
2010-01-04,377.2
2010-01-05,377.2
2010-01-06,377.2
2010-01-07,377.2
2010-01-08,377.2
2010-01-12,377.2
2010-01-13,377.2
2010-01-14,377.2
2010-01-15,377.2
2010-01-18,377.2
2010-01-19,377.2
2010-01-20,377.2
2010-01-21,377.2
2010-01-22,377.2
2010-01-25,377.2
2010-01-26,377.2
2010-01-27,377.2
2010-01-28,377.2
2010-01-29,377.2
2010-02-01,377.2
2010-02-02,377.2
2010-02-03,377.2
2010-02-04,377.2
2010-02-05,377.2
2010-02-08,377.2
2010-02-09,377.2
2010-02-10,377.2
2010-02-11,377.2
2010-02-12,377.2
2010-02-15,377.2
2010-02-16,377.2
2010-02-17,377.2
2010-02-18,377.2
2010-02-19,377.2
2010-02-22,377.2
2010-02-23,377.2
2010-02-24,377.2
2010-02-25,377.2
2010-02-26,377.2
2010-03-01,377.2
2010-03-02,377.2
2010-03-03,377.2
2010-03-04,377.2
2010-03-05,377.2
2010-03-08,377.2
2010-03-09,377.2
2010-03-10,377.2
2010-03-11,377.2
2010-03-12,377.2
2010-03-15,377.2
2010-03-16,377.2
2010-03-17,377.2
2010-03-18,377.2
2010-03-19,377.2
2010-03-22,377.2
2010-03-23,377.2
2010-03-24,377.2
2010-03-25,377.2
2010-03-26,377.2
2010-03-29,377.2
2010-03-30,377.2
2010-03-31,377.2
2010-04-02,377.2
2010-04-05,377.2
2010-04-06,377.2
2010-04-07,377.2
2010-04-08,377.2
2010-04-09,377.2
2010-04-12,377.2
2010-04-13,377.2
2010-04-14,377.2
2010-04-15,377.2
2010-04-16,377.2
2010-04-19,377.2
2010-04-20,377.2
2010-04-21,377.2
2010-04-22,399.8
2010-04-23,399.8
2010-04-26,399.8
2010-04-27,399.8
2010-04-28,399.8
2010-04-29,399.8
2010-04-30,399.8
2010-05-03,399.8
2010-05-04,399.8
2010-05-05,399.8
2010-05-06,399.8
2010-05-07,399.8
2010-05-10,399.8
2010-05-11,399.8
2010-05-12,399.8
2010-05-13,399.8
2010-05-14,399.8
2010-05-17,399.8
2010-05-18,399.8
2010-05-19,399.8
2010-05-20,399.8
2010-05-21,399.8
2010-05-24,399.8
2010-05-25,399.8
2010-05-26,399.8
2010-05-27,399.8
2010-05-28,399.8
2010-05-31,399.8
2010-06-01,399.8
2010-06-02,399.8
2010-06-03,399.8
2010-06-04,399.8
2010-06-07,399.8
2010-06-08,399.8
2010-06-09,399.8
2010-06-10,399.8
2010-06-11,399.8
2010-06-14,399.8
2010-06-15,399.8
2010-06-16,399.8
2010-06-17,399.8
2010-06-18,399.8
2010-06-21,399.8
2010-06-22,399.8
2010-06-23,399.8
2010-06-24,399.8
2010-06-25,399.8
2010-06-29,399.8
2010-06-30,399.8
2010-07-01,399.8
2010-07-02,399.8
2010-07-05,399.8
2010-07-06,399.8
2010-07-07,399.8
2010-07-08,399.8
2010-07-09,399.8
2010-07-12,399.8
2010-07-13,399.8
2010-07-14,399.8
2010-07-15,399.8
2010-07-16,399.8
2010-07-19,399.8
2010-07-20,399.8
2010-07-21,399.8
2010-07-22,399.8
2010-07-26,399.8
2010-07-27,399.8
2010-07-28,399.8
2010-07-29,399.8
2010-08-02,399.8
2010-08-03,394.0
2010-08-04,394.0
2010-08-05,394.0
2010-08-06,394.0
2010-08-11,394.0
2010-08-12,394.0
2010-08-13,394.0
2010-08-16,394.0
2010-08-17,394.0
2010-08-18,394.0
2010-08-19,394.0
2010-08-23,394.0
2010-08-24,394.0
2010-08-25,394.0
2010-08-26,394.0
2010-08-27,394.0
2010-08-30,394.0
2010-09-15,197.0
2010-09-16,197.0
2010-09-20,197.0
2010-09-21,197.0
2010-09-22,197.0
2010-09-23,197.0
2010-09-24,197.0
2010-09-27,197.0
2010-09-28,197.0
2010-09-29,197.0
2010-09-30,197.0
2010-10-01,197.0
2010-10-04,197.0
2010-10-05,197.0
2010-10-06,197.0
2010-10-07,197.0
2010-10-08,197.0
2010-10-11,197.0
2010-10-12,197.0
2010-10-13,197.0
2010-10-14,197.0
2010-10-15,197.0
2010-10-18,197.0
2010-10-19,197.0
2010-10-20,197.0
2010-10-21,197.0
2010-10-22,197.0
2010-10-25,197.0
2010-10-26,197.0
2010-10-27,197.0
2010-10-28,197.0
2010-10-29,197.0
2010-11-01,197.0
2010-11-02,197.0
2010-11-03,197.0
2010-11-04,197.0
2010-11-05,197.0
2010-11-08,197.0
2010-11-09,197.0
2010-11-10,197.0
2010-11-11,197.0
2010-11-12,197.0
2010-11-15,197.0
2010-11-16,197.0
2010-11-19,197.0
2010-11-22,197.0
2010-11-23,197.0
2010-11-24,197.0
2010-11-25,197.0
2010-11-26,197.0
2010-11-29,197.0
2010-11-30,197.0
2010-12-01,197.0
2010-12-02,197.0
2010-12-03,197.0
2010-12-08,197.0
2010-12-09,197.0
2010-12-10,197.0
2010-12-13,197.0
2010-12-14,197.0
2010-12-15,197.0
2010-12-16,197.0
2010-12-17,197.0
2010-12-20,197.0
2010-12-21,197.0
2010-12-22,197.0
2010-12-23,197.0
2010-12-24,197.0
2010-12-27,197.0
2010-12-28,197.0
2010-12-29,197.0
2010-12-30,197.0
2010-12-31,197.0
2011-01-03,197.0
2011-01-04,197.0
2011-01-05,197.0
2011-01-06,185.2
2011-01-07,185.2
2011-01-10,185.2
2011-01-12,185.2
2011-01-13,196.3
2011-01-14,208.05
2011-01-17,208.05
2011-01-18,208.05
2011-01-19,208.05
2011-01-20,208.05
2011-01-21,208.05
2011-01-24,208.05
2011-01-25,208.05
2011-01-26,208.05
2011-01-27,208.05
2011-01-28,205.0
2011-01-31,205.0
2011-02-01,205.0
2011-02-02,205.0
2011-02-03,205.0
2011-02-04,205.0
2011-02-07,205.0
2011-02-08,205.0
2011-02-09,205.0
2011-02-10,205.0
2011-02-11,205.0
2011-02-14,205.0
2011-02-15,205.0
2011-02-18,205.0
2011-02-21,205.0
2011-02-22,205.0
2011-02-23,205.0
2011-02-24,205.0
2011-02-25,205.0
2011-02-28,205.0
2011-03-01,205.0
2011-03-02,205.0
2011-03-03,217.3
2011-03-04,217.3
2011-03-07,217.3
2011-03-08,217.3
2011-03-09,217.3
2011-03-10,217.3
2011-03-11,217.3
2011-03-14,217.3
2011-03-15,217.3
2011-03-16,217.3
2011-03-17,217.3
2011-03-18,217.3
2011-03-21,217.3
2011-03-22,217.3
2011-03-23,217.3
2011-03-24,217.3
2011-03-25,217.3
2011-03-28,217.3
2011-03-29,217.3
2011-03-30,217.3
2011-03-31,217.3
2011-04-01,217.3
2011-04-04,217.3
2011-04-05,217.3
2011-04-06,217.3
2011-04-07,217.3
2011-04-08,217.3
2011-04-11,217.3
2011-04-12,217.3
2011-04-13,217.3
2011-04-14,217.3
2011-04-15,217.3
2011-04-18,217.3
2011-04-19,217.3
2011-04-20,217.3
2011-04-21,217.3
2011-04-22,217.3
2011-04-25,217.3
2011-04-26,217.3
2011-04-27,217.3
2011-04-28,217.3
2011-04-29,217.3
2011-05-02,217.3
2011-05-03,217.3
2011-05-04,217.3
2011-05-05,217.3
2011-05-06,217.3
2011-05-09,217.3
2011-05-10,217.3
2011-05-11,217.3
2011-05-12,217.3
2011-05-13,217.3
2011-05-16,217.3
2011-05-17,217.3
2011-05-18,217.3
2011-05-19,217.3
2011-05-20,217.3
2011-05-23,217.3
2011-05-24,217.3
2011-05-25,217.3
2011-05-26,217.3
2011-05-27,217.3
2011-05-30,217.3
2011-05-31,217.3
2011-06-01,217.3
2011-06-02,217.3
2011-06-03,217.3
2011-06-06,217.3
2011-06-07,217.3
2011-06-08,217.3
2011-06-09,217.3
2011-06-10,217.3
2011-06-13,217.3
2011-06-14,217.3
2011-06-15,217.3
2011-06-16,217.3
2011-06-17,217.3
2011-06-20,217.3
2011-06-21,217.3
2011-06-22,217.3
2011-06-23,217.3
2011-06-24,217.3
2011-06-27,217.3
2011-06-28,217.3
2011-06-29,217.3
2011-06-30,217.3
2011-07-01,217.3
2011-07-04,217.3
2011-07-05,217.3
2011-07-06,217.3
2011-07-07,217.3
2011-07-08,217.3
2011-07-11,217.3
2011-07-12,217.3
2011-07-13,217.3
2011-07-14,217.3
2011-07-15,217.3
2011-07-18,217.3
2011-07-19,217.3
2011-07-20,217.3
2011-07-21,217.3
2011-07-22,217.3
2011-07-25,217.3
2011-07-26,217.3
2011-07-27,217.3
2011-07-28,217.3
2011-07-29,217.3
2011-08-01,217.3
2011-08-02,214.0
2011-08-03,214.0
2011-08-04,214.0
2011-08-05,214.0
2011-08-08,214.0
2011-08-09,214.0
2011-08-10,214.0
2011-08-11,214.0
2011-08-12,214.0
2011-08-15,214.0
2011-08-16,214.0
2011-08-17,214.0
2011-08-18,214.0
2011-08-19,214.0
2011-08-22,214.0
2011-08-23,214.0
2011-08-24,214.0
2011-08-25,214.0
2011-08-26,214.0
2011-08-29,214.0
2011-09-02,214.0
2011-09-05,214.0
2011-09-06,214.0
2011-09-07,214.0
2011-09-08,214.0
2011-09-09,214.0
2011-09-12,214.0
2011-09-13,214.0
2011-09-14,214.0
2011-09-15,214.0
2011-09-16,214.0
2011-09-19,214.0
2011-09-20,214.0
2011-09-21,214.0
2011-09-22,214.0
2011-09-23,214.0
2011-09-26,214.0
2011-09-27,214.0
2011-09-28,214.0
2011-09-29,214.0
2011-09-30,214.0
2011-10-03,201.2
2011-10-04,189.15
2011-10-05,189.15
2011-10-06,189.15
2011-10-07,177.85
2011-10-10,167.2
2011-10-11,157.2
2011-10-12,157.2
2011-10-13,157.2
2011-10-14,157.2
2011-10-17,157.2
2011-10-18,157.2
2011-10-19,157.2
2011-10-20,157.2
2011-10-21,157.2
2011-10-24,157.2
2011-10-25,157.2
2011-10-26,157.2
2011-10-27,157.2
2011-10-28,157.2
2011-10-31,157.2
2011-11-01,157.2
2011-11-02,157.2
2011-11-03,157.2
2011-11-04,157.2
2011-11-09,157.2
2011-11-10,157.2
2011-11-11,157.2
2011-11-14,157.2
2011-11-15,157.2
2011-11-16,157.2
2011-11-17,157.2
2011-11-21,157.2
2011-11-22,157.2
2011-11-23,157.2
2011-11-24,157.2
2011-11-25,157.2
2011-11-28,157.2
2011-11-29,157.2
2011-11-30,157.2
2011-12-01,157.2
2011-12-02,157.2
2011-12-05,157.2
2011-12-06,157.2
2011-12-07,157.2
2011-12-08,157.2
2011-12-09,157.2
2011-12-12,157.2
2011-12-13,157.2
2011-12-14,157.2
2011-12-15,157.2
2011-12-16,157.2
2011-12-19,157.2
2011-12-20,157.2
2011-12-21,157.2
2011-12-22,157.2
2011-12-23,157.2
2011-12-26,157.2
2011-12-27,157.2
2011-12-28,157.2
2011-12-29,157.2
2011-12-30,157.2
2012-01-02,157.2
2012-01-03,157.2
2012-01-04,157.2
2012-01-05,157.2
2012-01-06,157.2
2012-01-09,157.2
2012-01-10,157.2
2012-01-12,157.2
2012-01-13,157.2
2012-01-16,157.2
2012-01-17,157.2
2012-01-18,157.2
2012-01-19,157.2
2012-01-20,157.2
2012-01-23,157.2
2012-01-24,157.2
2012-01-25,157.2
2012-01-26,157.2
2012-01-27,157.2
2012-01-30,157.2
2012-01-31,157.2
2012-02-01,157.2
2012-02-02,157.2
2012-02-03,157.2
2012-02-07,165.0
2012-02-08,165.0
2012-02-09,165.0
2012-02-10,165.0
2012-02-13,165.0
2012-02-14,165.0
2012-02-15,165.0
2012-02-16,165.0
2012-02-17,165.0
2012-02-20,165.0
2012-02-21,165.0
2012-02-22,165.0
2012-02-23,165.0
2012-02-24,165.0
2012-02-27,165.0
2012-02-28,174.0
2012-02-29,174.0
2012-03-01,174.0
2012-03-02,174.0
2012-03-05,174.0
2012-03-06,174.0
2012-03-07,174.0
2012-03-08,174.0
2012-03-09,174.0
2012-03-12,174.0
2012-03-13,174.0
2012-03-14,174.0
2012-03-15,174.0
2012-03-16,174.0
2012-03-19,184.0
2012-03-20,184.0
2012-03-21,184.0
2012-03-22,184.0
2012-03-23,184.0
2012-03-26,184.0
2012-03-27,184.0
2012-03-28,184.0
2012-03-29,184.0
2012-03-30,184.0
2012-04-02,184.0
2012-04-03,184.0
2012-04-04,184.0
2012-04-05,184.0
2012-04-06,184.0
2012-04-09,184.0
2012-04-10,184.0
2012-04-11,184.0
2012-04-12,184.0
2012-04-13,184.0
2012-04-16,184.0
2012-04-17,184.0
2012-04-18,184.0
2012-04-19,184.0
2012-04-20,184.0
2012-04-23,184.0
2012-04-24,184.0
2012-04-25,184.0
2012-04-26,184.0
2012-04-27,184.0
2012-04-30,180.0
2012-05-02,180.0
2012-05-03,180.0
2012-05-04,180.0
2012-05-07,180.0
2012-05-08,180.0
2012-05-09,180.0
2012-05-10,180.0
2012-05-11,180.0
2012-05-14,180.0
2012-05-15,180.0
2012-05-16,180.0
2012-05-17,180.0
2012-05-18,180.0
2012-05-21,180.0
2012-05-22,180.0
2012-05-23,180.0
2012-05-24,180.0
2012-05-25,180.0
2012-05-28,180.0
2012-05-29,180.0
2012-05-30,180.0
2012-05-31,180.0
2012-06-01,180.0
2012-06-04,180.0
2012-06-05,180.0
2012-06-06,180.0
2012-06-07,180.0
2012-06-08,180.0
2012-06-11,180.0
2012-06-12,180.0
2012-06-13,180.0
2012-06-14,180.0
2012-06-15,180.0
2012-06-18,180.0
2012-06-19,180.0
2012-06-20,180.0
2012-06-21,180.0
2012-06-22,180.0
2012-06-25,180.0
2012-06-26,180.0
2012-06-27,180.0
2012-06-28,180.0
2012-06-29,180.0
2012-07-02,180.0
2012-07-03,176.4
2012-07-04,176.4
2012-07-05,176.4
2012-07-06,176.4
2012-07-09,176.4
2012-07-10,176.4
2012-07-11,176.4
2012-07-12,176.4
2012-07-13,176.4
2012-07-16,176.4
2012-07-17,176.4
2012-07-18,176.4
2012-07-19,176.4
2012-07-20,176.4
2012-07-23,176.4
2012-07-24,176.4
2012-07-25,176.4
2012-07-26,176.4
2012-07-27,176.4
2012-07-31,176.4
2012-08-01,176.4
2012-08-02,176.4
2012-08-03,176.4
2012-08-06,176.4
2012-08-07,176.4
2012-08-08,176.4
2012-08-09,176.4
2012-08-10,176.4
2012-08-13,176.4
2012-08-15,176.4
2012-08-16,176.4
2012-08-17,176.4
2012-08-22,176.4
2012-08-23,176.4
2012-08-24,186.95
2012-08-27,186.95
2012-08-28,186.95
2012-08-29,186.95
2012-08-30,186.95
2012-08-31,186.95
2012-09-03,186.95
2012-09-04,186.95
2012-09-05,186.95
2012-09-06,186.95
2012-09-07,186.95
2012-09-10,186.95
2012-09-11,186.95
2012-09-12,186.95
2012-09-13,186.95
2012-09-14,186.95
2012-09-17,186.95
2012-09-18,186.95
2012-09-19,186.95
2012-09-20,186.95
2012-09-21,186.95
2012-09-24,186.95
2012-09-25,186.95
2012-09-26,186.95
2012-09-27,186.95
2012-09-28,186.95
2012-10-01,186.95
2012-10-02,186.95
2012-10-03,186.95
2012-10-04,186.95
2012-10-05,186.95
2012-10-08,186.95
2012-10-09,186.95
2012-10-10,186.95
2012-10-11,186.95
2012-10-12,186.95
2012-10-15,186.95
2012-10-16,180.0
2012-10-17,180.0
2012-10-18,180.0
2012-10-19,180.0
2012-10-22,180.0
2012-10-23,180.0
2012-10-24,180.0
2012-10-25,180.0
2012-10-29,180.0
2012-10-30,180.0
2012-10-31,180.0
2012-11-01,180.0
2012-11-02,180.0
2012-11-05,180.0
2012-11-07,180.0
2012-11-08,180.0
2012-11-09,180.0
2012-11-12,180.0
2012-11-13,180.0
2012-11-14,180.0
2012-11-15,180.0
2012-11-19,180.0
2012-11-20,180.0
2012-11-21,180.0
2012-11-22,180.05
2012-11-23,180.05
2012-11-26,180.05
2012-11-27,180.05
2012-11-28,180.05
2012-11-29,180.05
2012-11-30,180.05
2012-12-03,180.05
2012-12-04,180.05
2012-12-05,180.05
2012-12-06,172.0
2012-12-07,172.0
2012-12-10,172.0
2012-12-11,172.0
2012-12-12,172.0
2012-12-13,172.0
2012-12-14,172.0
2012-12-17,172.0
2012-12-18,172.0
2012-12-19,172.0
2012-12-20,172.0
2012-12-21,172.0
2012-12-24,172.0
2012-12-25,172.0
2012-12-26,172.0
2012-12-27,172.0
2012-12-28,172.0
2012-12-31,172.0
2013-01-02,172.0
2013-01-03,172.0
2013-01-04,172.0
2013-01-07,172.0
2013-01-08,172.0
2013-01-09,172.0
2013-01-10,172.0
2013-01-14,172.0
2013-01-15,172.0
2013-01-16,172.0
2013-01-17,172.0
2013-01-18,172.0
2013-01-21,172.0
2013-01-22,172.0
2013-01-23,172.0
2013-01-28,172.0
2013-01-29,172.0
2013-01-30,172.0
2013-01-31,172.0
2013-02-01,172.0
2013-02-04,172.0
2013-02-05,172.0
2013-02-06,172.0
2013-02-07,172.0
2013-02-08,172.0
2013-02-11,161.7
2013-02-12,152.0
2013-02-13,152.0
2013-02-14,152.0
2013-02-15,152.0
2013-02-18,152.0
2013-02-19,152.0
2013-02-20,152.0
2013-02-21,152.0
2013-02-22,152.0
2013-02-25,152.0
2013-02-26,152.0
2013-02-27,152.0
2013-02-28,152.0
2013-03-01,152.0
2013-03-04,152.0
2013-03-05,152.0
2013-03-06,152.0
2013-03-07,152.0
2013-03-08,152.0
2013-03-11,152.0
2013-03-12,152.0
2013-03-13,152.0
2013-03-14,152.0
2013-03-15,152.0
2013-03-18,152.0
2013-03-19,152.0
2013-03-20,152.0
2013-03-21,152.0
2013-03-22,152.0
2013-03-25,152.0
2013-03-26,152.0
2013-03-27,152.0
2013-03-28,152.0
2013-03-29,152.0
2013-04-01,152.0
2013-04-02,152.0
2013-04-03,152.0
2013-04-04,152.0
2013-04-05,152.0
2013-04-08,152.0
2013-04-09,152.0
2013-04-10,152.0
2013-04-11,152.0
2013-04-12,152.0
2013-04-15,152.0
2013-04-16,152.0
2013-04-17,152.0
2013-04-18,152.0
2013-04-19,152.0
2013-04-22,152.0
2013-04-23,143.1
2013-04-24,143.1
2013-04-25,143.1
2013-04-26,143.1
2013-04-29,143.1
2013-04-30,143.1
2013-05-02,143.1
2013-05-03,143.1
2013-05-06,143.1
2013-05-07,143.1
2013-05-08,143.1
2013-05-09,143.1
2013-05-10,143.1
2013-05-13,143.1
2013-05-14,143.1
2013-05-15,143.1
2013-05-16,143.1
2013-05-17,143.1
2013-05-20,143.1
2013-05-21,143.1
2013-05-22,143.1
2013-05-23,143.1
2013-05-24,143.1
2013-05-27,143.1
2013-05-28,143.1
2013-05-29,143.1
2013-05-30,143.1
2013-05-31,143.1
2013-06-03,143.1
2013-06-04,143.1
2013-06-05,143.1
2013-06-06,143.1
2013-06-07,143.1
2013-06-10,143.1
2013-06-11,143.1
2013-06-12,143.1
2013-06-13,143.1
2013-06-14,143.1
2013-06-17,143.1
2013-06-18,143.1
2013-06-19,143.1
2013-06-20,143.1
2013-06-21,143.1
2013-06-24,143.1
2013-06-25,143.1
2013-06-26,143.1
2013-06-27,143.1
2013-06-28,143.1
2013-07-01,143.1
2013-07-02,143.1
2013-07-03,143.1
2013-07-04,143.1
2013-07-05,143.1
2013-07-08,140.0
2013-07-09,140.0
2013-07-10,140.0
2013-07-11,140.0
2013-07-12,140.0
2013-07-15,140.0
2013-07-16,140.0
2013-07-17,140.0
2013-07-18,140.0
2013-07-19,140.0
2013-07-22,140.0
2013-07-23,140.0
2013-07-24,140.0
2013-07-25,140.0
2013-07-26,140.0
2013-07-29,140.0
2013-07-31,140.0
2013-08-01,140.0
2013-08-02,136.0
2013-08-05,136.0
2013-08-06,136.0
2013-08-08,136.0
2013-08-13,136.0
2013-08-15,136.0
2013-08-16,136.0
2013-08-19,136.0
2013-08-22,136.0
2013-08-23,136.0
2013-08-26,136.0
2013-08-27,136.0
2013-08-28,136.0
2013-08-29,136.0
2013-08-30,136.0
2013-09-02,136.0
2013-09-03,136.0
2013-09-04,136.0
2013-09-05,136.0
2013-09-06,136.0
2013-09-09,136.0
2013-09-10,136.0
2013-09-11,136.0
2013-09-12,136.0
2013-09-13,136.0
2013-09-16,136.0
2013-09-17,136.0
2013-09-18,136.0
2013-09-19,136.0
2013-09-20,136.0
2013-09-23,136.0
2013-09-24,136.0
2013-09-25,136.0
2013-09-26,136.0
2013-09-27,136.0
2013-09-30,136.0
2013-10-01,136.0
2013-10-02,136.0
2013-10-03,136.0
2013-10-04,136.0
2013-10-07,136.0
2013-10-08,136.0
2013-10-09,136.0
2013-10-10,136.0
2013-10-11,136.0
2013-10-14,136.0
2013-10-15,136.0
2013-10-21,136.0
2013-10-22,136.0
2013-10-23,136.0
2013-10-24,136.0
2013-10-25,136.0
2013-10-28,136.0
2013-10-29,136.0
2013-10-30,136.0
2013-10-31,136.0
2013-11-01,136.0
2013-11-07,136.0
2013-11-08,136.0
2013-11-11,136.0
2013-11-12,136.0
2013-11-13,136.0
2013-11-14,136.0
2013-11-15,136.0
2013-11-19,136.0
2013-11-20,136.0
2013-11-21,136.0
2013-11-22,136.0
2013-11-25,136.0
2013-11-26,136.0
2013-11-27,136.0
2013-11-28,136.0
2013-11-29,136.0
2013-12-02,136.0
2013-12-03,136.0
2013-12-04,136.0
2013-12-05,136.0
2013-12-06,136.0
2013-12-09,136.0
2013-12-10,136.0
2013-12-11,136.0
2013-12-12,136.0
2013-12-13,144.15
2013-12-16,152.75
2013-12-17,152.75
2013-12-18,152.75
2013-12-19,152.75
2013-12-20,152.75
2013-12-23,152.75
2013-12-24,152.75
2013-12-25,152.75
2013-12-26,152.75
2013-12-27,152.75
2013-12-30,152.75
2013-12-31,152.75
2014-01-02,152.75
2014-01-03,152.75
2014-01-06,152.75
2014-01-07,152.75
2014-01-08,152.75
2014-01-09,152.75
2014-01-10,152.75
2014-01-13,152.75
2014-01-16,152.75
2014-01-17,152.75
2014-01-20,152.75
2014-01-21,152.75
2014-01-22,152.75
2014-01-23,152.75
2014-01-24,152.75
2014-01-27,152.75
2014-01-28,152.75
2014-01-29,152.75
2014-01-30,152.75
2014-01-31,152.75
2014-02-03,152.75
2014-02-04,152.75
2014-02-05,152.75
2014-02-06,152.75
2014-02-07,143.6
2014-02-10,143.6
2014-02-11,143.6
2014-02-12,143.6
2014-02-13,143.6
2014-02-14,143.6
2014-02-17,143.6
2014-02-18,143.6
2014-02-19,143.6
2014-02-20,143.6
2014-02-21,143.6
2014-02-24,143.6
2014-02-25,143.6
2014-02-26,143.6
2014-02-27,143.6
2014-02-28,143.6
2014-03-03,143.0
2014-03-04,143.0
2014-03-05,143.0
2014-03-06,143.0
2014-03-07,143.0
2014-03-10,143.0
2014-03-11,143.0
2014-03-12,143.0
2014-03-13,143.0
2014-03-14,143.0
2014-03-17,143.0
2014-03-18,143.0
2014-03-19,143.0
2014-03-20,143.0
2014-03-21,143.0
2014-03-24,143.0
2014-03-25,143.0
2014-03-26,143.0
2014-03-27,143.0
2014-03-28,143.0
2014-03-31,143.0
2014-04-01,143.0
2014-04-02,143.0
2014-04-03,143.0
2014-04-04,143.0
2014-04-07,143.0
2014-04-08,143.0
2014-04-09,143.0
2014-04-10,143.0
2014-04-11,143.0
2014-04-14,143.0
2014-04-15,143.0
2014-04-16,143.0
2014-04-17,143.0
2014-04-18,143.0
2014-04-21,143.0
2014-04-22,143.0
2014-04-23,143.0
2014-04-24,143.0
2014-04-25,143.0
2014-04-28,143.0
2014-04-29,143.0
2014-04-30,143.0
2014-05-02,143.0
2014-05-05,143.0
2014-05-06,143.0
2014-05-07,143.0
2014-05-08,143.0
2014-05-09,139.5
2014-05-12,139.5
2014-05-13,139.5
2014-05-14,139.5
2014-05-15,139.5
2014-05-16,139.5
2014-05-19,139.5
2014-05-20,139.5
2014-05-21,138.0
2014-05-22,138.0
2014-05-23,138.0
2014-05-26,138.0
2014-05-27,138.0
2014-05-28,138.0
2014-05-29,138.0
2014-05-30,138.0
2014-06-02,138.0
2014-06-03,138.0
2014-06-04,138.0
2014-06-05,138.0
2014-06-06,138.0
2014-06-09,138.0
2014-06-10,138.0
2014-06-11,138.0
2014-06-12,138.0
2014-06-13,138.0
2014-06-16,138.0
2014-06-17,138.0
2014-06-18,138.0
2014-06-19,138.0
2014-06-20,138.0
2014-06-23,138.0
2014-06-24,138.0
2014-06-25,138.0
2014-06-26,129.75
2014-06-27,129.75
2014-06-30,129.75
2014-07-01,129.75
2014-07-02,129.75
2014-07-03,129.75
2014-07-04,129.75
2014-07-07,129.75
2014-07-08,129.75
2014-07-09,129.75
2014-07-10,129.75
2014-07-11,129.75
2014-07-14,129.75
2014-07-15,129.75
2014-07-16,125.75
2014-07-17,125.75
2014-07-18,125.75
2014-07-21,125.75
2014-07-22,125.75
2014-07-23,125.75
2014-07-24,125.75
2014-07-25,125.75
2014-07-31,125.75
2014-08-01,125.75
2014-08-04,125.75
2014-08-05,125.75
2014-08-06,125.75
2014-08-07,125.75
2014-08-08,125.75
2014-08-11,125.75
2014-08-12,125.75
2014-08-13,125.75
2014-08-15,125.75
2014-08-18,125.75
2014-08-19,125.75
2014-08-22,125.75
2014-08-25,125.75
2014-08-26,125.75
2014-08-27,125.75
2014-08-28,125.75
2014-08-29,125.75
2014-09-01,125.75
2014-09-02,125.75
2014-09-03,125.75
2014-09-04,125.75
2014-09-05,125.75
2014-09-08,125.75
2014-09-09,125.75
2014-09-10,125.75
2014-09-11,125.0
2014-09-12,125.0
2014-09-15,125.0
2014-09-16,125.0
2014-09-17,125.0
2014-09-18,125.0
2014-09-19,125.0
2014-09-22,125.0
2014-09-23,125.0
2014-09-24,125.0
2014-09-25,125.0
2014-09-26,125.0
2014-09-29,125.0
2014-09-30,125.0
2014-10-01,125.0
2014-10-02,125.0
2014-10-03,125.0
2014-10-07,125.0
2014-10-08,125.0
2014-10-09,125.0
2014-10-10,125.0
2014-10-13,125.0
2014-10-14,125.0
2014-10-15,125.0
2014-10-16,125.0
2014-10-17,125.0
2014-10-20,125.0
2014-10-21,125.0
2014-10-22,125.0
2014-10-23,121.0
2014-10-24,121.0
2014-10-27,121.0
2014-10-28,121.0
2014-10-29,121.0
2014-10-30,121.0
2014-10-31,121.0
2014-11-03,121.0
2014-11-04,121.0
2014-11-05,121.0
2014-11-07,121.0
2014-11-10,121.0
2014-11-11,121.0
2014-11-12,121.0
2014-11-13,121.0
2014-11-14,121.0
2014-11-17,121.0
2014-11-19,121.0
2014-11-20,121.0
2014-11-21,121.0
2014-11-24,121.0
2014-11-25,121.0
2014-11-26,121.0
2014-11-27,121.0
2014-11-28,121.0
2014-12-01,121.0
2014-12-02,121.0
2014-12-03,121.0
2014-12-04,121.0
2014-12-05,121.0
2014-12-08,121.0
2014-12-09,121.0
2014-12-10,121.0
2014-12-11,121.0
2014-12-12,121.0
2014-12-15,121.0
2014-12-16,121.0
2014-12-17,121.0
2014-12-18,121.0
2014-12-19,121.0
2014-12-22,121.0
2014-12-23,113.75
2014-12-24,113.75
2014-12-25,113.75
2014-12-26,113.75
2014-12-29,113.75
2014-12-30,113.75
2014-12-31,113.75
2015-01-02,113.75
2015-01-06,113.75
2015-01-07,113.75
2015-01-08,113.75
2015-01-09,113.75
2015-01-12,113.75
2015-01-13,113.75
2015-01-14,113.75
2015-01-15,113.75
2015-01-16,113.75
2015-01-19,113.75
2015-01-20,113.75
2015-01-21,113.75
2015-01-22,113.75
2015-01-23,113.75
2015-01-26,113.75
2015-01-27,113.75
2015-01-28,113.75
2015-01-29,113.75
2015-01-30,113.75
2015-02-02,113.75
2015-02-03,113.75
2015-02-04,113.75
2015-02-05,113.75
2015-02-06,113.75
2015-02-09,113.75
2015-02-10,113.75
2015-02-11,113.75
2015-02-12,113.75
2015-02-13,113.75
2015-02-16,113.75
2015-02-17,113.75
2015-02-18,113.75
2015-02-19,113.75
2015-02-20,113.75
2015-02-23,113.75
2015-02-24,113.75
2015-02-25,113.75
2015-02-26,113.75
2015-02-27,113.75
2015-03-02,113.75
2015-03-03,113.75
2015-03-04,113.75
2015-03-05,113.75
2015-03-06,113.75
2015-03-09,113.75
2015-03-10,113.75
2015-03-11,113.75
2015-03-12,113.75
2015-03-13,113.75
2015-03-16,113.75
2015-03-17,113.75
2015-03-18,113.75
2015-03-19,113.75
2015-03-20,113.75
2015-03-23,113.75
2015-03-24,113.75
2015-03-25,113.75
2015-03-26,113.75
2015-03-27,113.75
2015-03-30,113.75
2015-03-31,113.75
2015-04-01,113.75
2015-04-02,113.75
2015-04-03,113.75
2015-04-06,113.75
2015-04-07,113.75
2015-04-08,113.75
2015-04-09,113.75
2015-04-10,113.75
2015-04-13,113.75
2015-04-14,113.75
2015-04-15,113.75
2015-04-16,113.75
2015-04-17,113.75
2015-04-20,113.75
2015-04-21,113.75
2015-04-22,113.75
2015-04-23,113.75
2015-04-24,113.75
2015-04-27,113.75
2015-04-28,113.75
2015-04-29,113.75
2015-04-30,113.75
2015-05-04,113.75
2015-05-05,113.75
2015-05-06,113.75
2015-05-07,113.75
2015-05-08,113.75
2015-05-11,113.75
2015-05-12,113.75
2015-05-13,113.75
2015-05-14,113.75
2015-05-15,113.75
2015-05-18,113.75
2015-05-19,113.75
2015-05-20,113.75
2015-05-21,113.75
2015-05-22,113.75
2015-05-25,113.75
2015-05-26,113.75
2015-05-27,113.75
2015-05-28,113.75
2015-05-29,113.75
2015-06-01,113.75
2015-06-02,113.75
2015-06-03,113.75
2015-06-04,113.75
2015-06-05,113.75
2015-06-08,113.75
2015-06-09,113.75
2015-06-10,113.75
2015-06-11,113.75
2015-06-12,113.75
2015-06-15,113.75
2015-06-16,113.75
2015-06-17,113.75
2015-06-18,113.75
2015-06-19,113.75
2015-06-22,113.75
2015-06-23,113.75
2015-06-24,113.75
2015-06-25,113.75
2015-06-26,113.75
2015-06-29,113.75
2015-06-30,113.75
2015-07-01,113.75
2015-07-02,113.75
2015-07-03,113.75
2015-07-06,113.75
2015-07-07,113.75
2015-07-08,113.75
2015-07-09,113.75
2015-07-10,113.75
2015-07-13,113.75
2015-07-14,113.75
2015-07-15,113.75
2015-07-16,113.75
2015-07-20,113.75
2015-07-21,109.55
2015-07-22,109.55
2015-07-23,109.55
2015-07-24,109.55
2015-07-27,109.55
2015-07-28,109.55
2015-07-29,109.55
2015-07-31,109.55
2015-08-03,109.55
2015-08-04,109.55
2015-08-05,109.55
2015-08-06,109.55
2015-08-07,109.55
2015-08-10,109.55
2015-08-11,109.55
2015-08-12,109.55
2015-08-13,109.55
2015-08-17,109.55
2015-08-18,109.55
2015-08-19,109.55
2015-08-24,109.55
2015-08-25,109.55
2015-08-26,109.55
2015-08-27,109.55
2015-08-28,109.55
2015-08-31,109.55
2015-09-01,109.55
2015-09-02,109.55
2015-09-03,109.55
2015-09-04,109.55
2015-09-07,109.55
2015-09-08,109.55
2015-09-09,109.55
2015-09-10,109.55
2015-09-11,109.55
2015-09-14,109.55
2015-09-15,109.55
2015-09-16,109.55
2015-09-17,109.55
2015-09-18,109.55
2015-09-21,109.55
2015-09-22,109.55
2015-09-23,109.55
2015-09-28,109.55
2015-09-29,109.55
2015-09-30,109.55
2015-10-01,109.55
2015-10-02,109.55
2015-10-05,109.55
2015-10-06,109.55
2015-10-07,109.55
2015-10-08,109.55
2015-10-09,109.55
2015-10-12,109.55
2015-10-14,109.55
2015-10-16,109.55
2015-10-19,109.55
2015-10-20,109.55
2015-10-21,109.55
2015-10-22,109.55
2015-10-23,109.55
2015-10-26,109.55
2015-10-27,109.55
2015-10-28,104.0
2015-10-29,104.0
2015-10-30,104.0
2015-11-02,104.0
2015-11-03,104.0
2015-11-04,104.0
2015-11-05,104.0
2015-11-09,104.0
2015-11-10,104.0
2015-11-11,104.0
2015-11-12,104.0
2015-11-13,104.0
2015-11-16,104.0
2015-11-17,104.0
2015-11-19,104.0
2015-11-20,104.0
2015-11-23,104.0
2015-11-24,104.0
2015-11-25,104.0
2015-11-26,104.0
2015-11-27,104.0
2015-11-30,104.0
2015-12-01,104.0
2015-12-02,104.0
2015-12-03,104.0
2015-12-04,104.0
2015-12-07,104.0
2015-12-08,104.0
2015-12-09,104.0
2015-12-10,104.0
2015-12-11,104.0
2015-12-14,104.0
2015-12-15,104.0
2015-12-16,104.0
2015-12-17,104.0
2015-12-18,104.0
2015-12-21,104.0
2015-12-22,104.0
2015-12-23,104.0
2015-12-28,104.0
2015-12-29,104.0
2015-12-30,104.0
2015-12-31,104.0
2016-01-04,104.0
2016-01-05,104.0
2016-01-06,104.0
2016-01-07,104.0
2016-01-08,104.0
2016-01-12,104.0
2016-01-13,104.0
2016-01-14,104.0
2016-01-15,104.0
2016-01-18,104.0
2016-01-19,104.0
2016-01-20,104.0
2016-01-21,104.0
2016-01-22,104.0
2016-01-25,104.0
2016-01-26,104.0
2016-01-27,104.0
2016-01-28,104.0
2016-01-29,104.0
2016-02-01,104.0
2016-02-02,104.0
2016-02-03,104.0
2016-02-04,104.0
2016-02-05,104.0
2016-02-08,104.0
2016-02-09,104.0
2016-02-10,104.0
2016-02-11,104.0
2016-02-12,104.0
2016-02-15,104.0
2016-02-16,104.0
2016-02-17,104.0
2016-02-18,104.0
2016-02-19,104.0
2016-02-22,104.0
2016-02-23,104.0
2016-02-24,104.0
2016-02-25,104.0
2016-02-26,104.0
2016-02-29,104.0
2016-03-01,104.0
2016-03-02,104.0
2016-03-03,104.0
2016-03-04,104.0
2016-03-07,104.0
2016-03-08,104.0
2016-03-09,104.0
2016-03-10,104.0
2016-03-11,104.0
2016-03-14,104.0
2016-03-15,104.0
2016-03-16,104.0
2016-03-17,104.0
2016-03-18,104.0
2016-03-21,104.0
2016-03-22,104.0
2016-03-23,104.0
2016-03-24,104.0
2016-03-25,104.0
2016-03-28,104.0
2016-03-29,104.0
2016-03-30,104.0
2016-03-31,104.0
2016-04-01,104.0
2016-04-04,104.0
2016-04-05,104.0
2016-04-06,104.0
2016-04-07,104.0
2016-04-08,104.0
2016-04-11,104.0
2016-04-12,104.0
2016-04-13,104.0
2016-04-14,104.0
2016-04-15,104.0
2016-04-18,104.0
2016-04-19,104.0
2016-04-20,104.0
2016-04-21,104.0
2016-04-22,104.0
2016-04-25,104.0
2016-04-26,104.0
2016-04-27,104.0
2016-04-28,104.0
2016-04-29,104.0
2016-05-02,104.0
2016-05-03,104.0
2016-05-04,104.0
2016-05-05,104.0
2016-05-06,104.0
2016-05-09,104.0
2016-05-10,104.0
2016-05-11,104.0
2016-05-12,104.0
2016-05-13,104.0
2016-05-16,104.0
2016-05-17,104.0
2016-05-18,104.0
2016-05-19,104.0
2016-05-20,104.0
2016-05-23,104.0
2016-05-24,104.0
2016-05-25,104.0
2016-05-26,104.0
2016-05-27,104.0
2016-05-30,104.0
2016-05-31,104.0
2016-06-01,104.0
2016-06-02,104.0
2016-06-03,104.0
2016-06-06,104.0
2016-06-07,104.0
2016-06-08,104.0
2016-06-09,104.0
2016-06-10,104.0
2016-06-13,104.0
2016-06-14,104.0
2016-06-15,104.0
2016-06-16,104.0
2016-06-17,104.0
2016-06-20,104.0
2016-06-21,104.0
2016-06-22,104.0
2016-06-23,104.0
2016-06-24,104.0
2016-06-27,104.0
2016-06-28,104.0
2016-06-29,104.0
2016-06-30,104.0
2016-07-01,104.0
2016-07-04,104.0
2016-07-05,104.0
2016-07-11,104.0
2016-07-12,104.0
2016-07-13,104.0
2016-07-14,99.6
2016-07-15,99.6
2016-07-18,99.6
2016-07-19,99.6
2016-07-20,99.6
2016-07-21,99.6
2016-07-22,99.6
2016-07-25,99.6
2016-07-26,99.6
2016-07-27,99.6
2016-07-28,99.6
2016-07-29,99.6
2016-08-01,99.6
2016-08-02,99.6
2016-08-03,99.6
2016-08-04,99.6
2016-08-05,99.6
2016-08-08,99.6
2016-08-09,99.6
2016-08-10,99.6
2016-08-11,99.6
2016-08-12,99.6
2016-08-15,99.6
2016-08-16,99.6
2016-08-17,99.6
2016-08-18,99.6
2016-08-19,99.6
2016-08-22,99.6
2016-08-23,99.6
2016-08-24,99.6
2016-08-25,99.6
2016-08-26,99.6
2016-08-29,99.6
2016-08-30,99.6
2016-08-31,99.6
2016-09-01,99.6
2016-09-02,99.6
2016-09-05,99.6
2016-09-06,99.6
2016-09-07,99.6
2016-09-08,99.6
2016-09-09,99.6
2016-09-14,99.6
2016-09-15,99.6
2016-09-16,99.6
2016-09-19,99.6
2016-09-20,99.6
2016-09-21,99.6
2016-09-22,99.6
2016-09-23,99.6
2016-09-26,99.6
2016-09-27,99.6
2016-09-28,99.6
2016-09-29,99.6
2016-09-30,99.6
2016-10-04,99.6
2016-10-05,99.6
2016-10-06,99.6
2016-10-07,99.6
2016-10-10,99.6
2016-10-11,99.6
2016-10-12,99.6
2016-10-13,99.6
2016-10-14,99.6
2016-10-17,99.6
2016-10-18,99.6
2016-10-19,99.6
2016-10-20,99.6
2016-10-21,99.6
2016-10-24,99.6
2016-10-25,99.6
2016-10-26,99.6
2016-10-27,99.6
2016-10-28,99.6
2016-10-31,99.6
2016-11-01,99.6
2016-11-02,99.6
2016-11-03,99.6
2016-11-04,99.6
2016-11-07,99.6
2016-11-08,99.6
2016-11-09,99.6
2016-11-10,99.6
2016-11-11,99.6
2016-11-14,99.6
2016-11-15,99.6
2016-11-16,99.6
2016-11-17,99.6
2016-11-21,99.6
2016-11-22,99.6
2016-11-23,99.6
2016-11-24,99.6
2016-11-25,99.6
2016-11-28,99.6
2016-11-29,99.6
2016-11-30,99.6
2016-12-01,99.6
2016-12-02,99.6
2016-12-05,99.6
2016-12-06,99.6
2016-12-07,99.6
2016-12-08,99.6
2016-12-09,99.6
2016-12-14,99.6
2016-12-15,99.6
2016-12-16,99.6
2016-12-19,99.6
2016-12-20,99.6
2016-12-21,99.6
2016-12-22,99.6
2016-12-23,99.6
2016-12-26,99.6
2016-12-27,99.6
2016-12-28,99.6
2016-12-29,99.6
2016-12-30,99.6
2017-01-02,99.6
2017-01-03,99.6
2017-01-04,99.6
2017-01-05,99.6
2017-01-06,99.6
2017-01-09,99.6
2017-01-10,99.6
2017-01-12,99.6
2017-01-13,99.6
2017-01-16,99.6
2017-01-17,99.6
2017-01-18,99.6
2017-01-19,99.6
2017-01-20,99.6
2017-01-23,99.6
2017-01-24,99.6
2017-01-25,99.6
2017-01-26,99.6
2017-01-27,99.6
2017-01-30,99.6
2017-01-31,99.6
2017-02-01,99.6
2017-02-02,99.6
2017-02-03,99.6
2017-02-06,99.6
2017-02-07,99.6
2017-02-08,99.6
2017-02-09,100.0
2017-02-10,100.0
2017-02-13,100.0
2017-02-14,100.0
2017-02-15,100.0
2017-02-16,100.0
2017-02-17,100.0
2017-02-20,100.0
2017-02-21,100.0
2017-02-22,100.0
2017-02-23,100.0
2017-02-24,100.0
2017-02-27,100.0
2017-02-28,100.0
2017-03-01,100.0
2017-03-02,100.0
2017-03-03,100.0
2017-03-06,100.0
2017-03-07,100.0
2017-03-08,100.0
2017-03-09,100.0
2017-03-10,100.0
2017-03-13,100.0
2017-03-14,100.0
2017-03-15,100.0
2017-03-16,100.0
2017-03-17,100.0
2017-03-20,100.0
2017-03-21,100.0
2017-03-22,100.0
2017-03-23,100.0
2017-03-24,100.0
2017-03-27,100.0
2017-03-28,100.0
2017-03-29,100.0
2017-03-30,100.0
2017-03-31,100.0
2017-04-03,100.0
2017-04-04,100.0
2017-04-05,100.0
2017-04-06,100.0
2017-04-07,100.0
2017-04-10,100.0
2017-04-11,100.0
2017-04-12,100.0
2017-04-13,100.0
2017-04-14,100.0
2017-04-17,100.0
2017-04-18,100.0
2017-04-19,100.0
2017-04-20,100.0
2017-04-21,100.0
2017-04-24,100.0
2017-04-25,100.0
2017-04-26,100.0
2017-04-27,100.0
2017-04-28,100.0
2017-05-02,100.0
2017-05-03,100.0
2017-05-04,100.0
2017-05-05,100.0
2017-05-08,100.0
2017-05-09,100.0
2017-05-10,100.0
2017-05-11,100.0
2017-05-12,100.0
2017-05-15,100.0
2017-05-16,100.0
2017-05-17,100.0
2017-05-18,100.0
2017-05-19,100.0
2017-05-22,100.0
2017-05-23,100.0
2017-05-24,100.0
2017-05-25,100.0
2017-05-26,100.0
2017-05-29,100.0
2017-05-30,100.0
2017-05-31,100.0
2017-06-01,100.0
2017-06-02,100.0
2017-06-05,100.0
2017-06-06,100.0
2017-06-07,100.0
2017-06-08,100.0
2017-06-09,100.0
2017-06-12,100.0
2017-06-13,100.0
2017-06-14,100.0
2017-06-15,100.0
2017-06-16,100.0
2017-06-19,100.0
2017-06-20,100.0
2017-06-21,100.0
2017-06-22,100.0
2017-06-23,100.0
2017-06-28,100.0
2017-06-29,100.0
2017-06-30,100.0
2017-07-03,100.0
2017-07-04,100.0
2017-07-05,100.0
2017-07-06,100.0
2017-07-07,100.0
2017-07-10,100.0
2017-07-11,100.0
2017-07-12,100.0
2017-07-13,100.0
2017-07-14,100.0
2017-07-17,100.0
2017-07-18,95.6
2017-07-19,95.6
2017-07-20,95.6
2017-07-21,95.6
2017-07-24,95.6
2017-07-25,95.6
2017-07-26,95.6
2017-07-27,95.6
2017-07-28,95.6
2017-07-31,95.6
2017-08-01,95.6
2017-08-02,95.6
2017-08-03,95.6
2017-08-04,95.6
2017-08-07,95.6
2017-08-08,95.6
2017-08-09,95.6
2017-08-10,95.6
2017-08-11,95.6
2017-08-15,95.6
2017-08-16,95.6
2017-08-17,95.6
2017-08-18,95.6
2017-08-22,95.6
2017-08-23,95.6
2017-08-24,95.6
2017-08-25,95.6
2017-08-28,95.6
2017-08-29,95.6
2017-08-30,95.6
2017-08-31,95.6
2017-09-04,95.6
2017-09-05,95.6
2017-09-06,95.6
2017-09-07,95.6
2017-09-08,95.6
2017-09-11,95.6
2017-09-12,95.6
2017-09-13,95.6
2017-09-14,95.6
2017-09-15,95.6
2017-09-18,95.6
2017-09-19,95.6
2017-09-20,95.6
2017-09-21,95.6
2017-09-25,95.6
2017-09-26,95.6
2017-09-27,95.6
2017-09-28,95.6
2017-09-29,95.6
2017-10-02,95.6
2017-10-03,95.6
2017-10-04,95.6
2017-10-05,95.6
2017-10-06,95.6
2017-10-09,95.6
2017-10-10,95.6
2017-10-11,95.6
2017-10-12,95.6
2017-10-13,95.6
2017-10-16,95.6
2017-10-17,95.6
2017-10-18,95.6
2017-10-19,95.6
2017-10-20,95.6
2017-10-23,95.6
2017-10-24,95.6
2017-10-25,95.6
2017-10-26,95.6
2017-10-27,95.6
2017-10-30,95.6
2017-10-31,95.6
2017-11-01,95.6
2017-11-02,95.6
2017-11-03,95.6
2017-11-07,95.6
2017-11-08,95.6
2017-11-09,95.6
2017-11-10,95.6
2017-11-13,95.6
2017-11-14,95.6
2017-11-15,95.6
2017-11-16,95.6
2017-11-17,95.6
2017-11-20,95.6
2017-11-21,95.6
2017-11-22,95.6
2017-11-23,95.6
2017-11-24,95.6
2017-11-27,95.6
2017-11-28,95.6
2017-11-29,95.6
2017-11-30,95.6
2017-12-04,95.6
2017-12-05,95.6
2017-12-06,95.6
2017-12-07,95.6
2017-12-08,95.6
2017-12-11,95.6
2017-12-12,95.6
2017-12-13,95.6
2017-12-14,95.6
2017-12-15,95.6
2017-12-18,95.6
2017-12-19,95.6
2017-12-20,95.6
2017-12-21,95.6
2017-12-22,95.6
2017-12-25,95.6
2017-12-26,95.6
2017-12-27,95.6
2017-12-28,95.6
2017-12-29,95.6
2018-01-02,95.6
2018-01-03,95.6
2018-01-04,95.6
2018-01-05,95.6
2018-01-08,95.6
2018-01-09,95.6
2018-01-10,95.6
2018-01-12,95.6
2018-01-15,95.6
2018-01-16,95.6
2018-01-17,95.6
2018-01-18,95.6
2018-01-19,95.6
2018-01-22,95.6
2018-01-23,95.6
2018-01-24,95.6
2018-01-25,95.6
2018-01-26,95.6
2018-01-29,95.6
2018-01-30,95.6
2018-01-31,95.6
2018-02-01,95.6
2018-02-02,95.6
2018-02-05,95.6
2018-02-06,95.6
2018-02-07,95.6
2018-02-08,95.6
2018-02-09,95.6
2018-02-12,95.6
2018-02-13,95.6
2018-02-14,95.6
2018-02-15,95.6
2018-02-16,95.6
2018-02-19,95.6
2018-02-20,95.6
2018-02-21,95.6
2018-02-22,95.6
2018-02-23,95.6
2018-02-26,95.6
2018-02-27,95.6
2018-02-28,95.6
2018-03-01,95.6
2018-03-02,95.6
2018-03-05,95.6
2018-03-06,95.6
2018-03-07,95.6
2018-03-08,95.6
2018-03-09,95.6
2018-03-12,95.6
2018-03-13,95.6
2018-03-14,95.6
2018-03-15,95.6
2018-03-16,95.6
2018-03-19,95.6
2018-03-20,95.6
2018-03-21,95.6
2018-03-22,95.6
2018-03-23,95.6
2018-03-26,95.6
2018-03-27,95.6
2018-03-28,95.6
2018-03-29,95.6
2018-03-30,95.6
2018-04-02,95.6
2018-04-03,95.6
2018-04-04,95.6
2018-04-05,95.6
2018-04-06,95.6
2018-04-09,95.6
2018-04-10,95.6
2018-04-11,95.6
2018-04-12,95.6
2018-04-13,95.6
2018-04-16,95.6
2018-04-17,95.6
2018-04-18,95.6
2018-04-19,95.6
2018-04-20,95.6
2018-04-23,95.6
2018-04-24,95.6
2018-04-25,95.6
2018-04-26,95.6
2018-04-27,95.6
2018-04-30,95.6
2018-05-02,95.6
2018-05-03,95.6
2018-05-04,95.6
2018-05-07,95.6
2018-05-08,95.6
2018-05-09,95.6
2018-05-10,95.6
2018-05-11,95.6
2018-05-14,95.6
2018-05-15,95.6
2018-05-16,95.6
2018-05-17,95.6
2018-05-18,95.6
2018-05-21,95.6
2018-05-22,95.6
2018-05-23,95.6
2018-05-24,95.6
2018-05-25,95.6
2018-05-28,95.6
2018-05-29,95.6
2018-05-30,95.6
2018-05-31,95.6
2018-06-01,95.6
2018-06-04,95.6
2018-06-05,95.6
2018-06-06,95.6
2018-06-07,95.6
2018-06-08,95.6
2018-06-11,95.6
2018-06-12,95.6
2018-06-13,95.6
2018-06-14,95.6
2018-06-18,95.6
2018-06-19,95.6
2018-06-20,95.6
2018-06-21,95.6
2018-06-22,95.6
2018-06-25,95.6
2018-06-26,95.6
2018-06-27,95.6
2018-06-28,95.6
2018-06-29,95.6
2018-07-02,95.6
2018-07-03,95.6
2018-07-04,95.6
2018-07-05,95.6
2018-07-06,95.6
2018-07-09,95.6
2018-07-10,95.6
2018-07-11,95.6
2018-07-12,95.6
2018-07-13,95.6
2018-07-16,95.6
2018-07-17,95.6
2018-07-18,95.6
2018-07-19,95.6
2018-07-20,95.6
2018-07-23,91.0
2018-07-24,91.0
2018-07-25,91.0
2018-07-26,91.0
2018-07-27,91.0
2018-07-31,91.0
2018-08-01,91.0
2018-08-02,91.0
2018-08-03,91.0
2018-08-06,91.0
2018-08-07,91.0
2018-08-08,91.0
2018-08-09,91.0
2018-08-10,91.0
2018-08-13,91.0
2018-08-15,91.0
2018-08-16,91.0
2018-08-17,91.0
2018-08-24,91.0
2018-08-27,91.0
2018-08-28,91.0
2018-08-29,91.0
2018-08-30,91.0
2018-08-31,91.0
2018-09-03,91.0
2018-09-04,91.0
2018-09-05,91.0
2018-09-06,91.0
2018-09-07,91.0
2018-09-10,91.0
2018-09-12,91.0
2018-09-13,91.0
2018-09-14,91.0
2018-09-17,91.0
2018-09-18,91.0
2018-09-19,91.0
2018-09-20,91.0
2018-09-21,91.0
2018-09-24,91.0
2018-09-25,91.0
2018-09-26,91.0
2018-09-27,91.0
2018-09-28,91.0
2018-10-01,91.0
2018-10-02,91.0
2018-10-03,91.0
2018-10-04,91.0
2018-10-05,91.0
2018-10-08,91.0
2018-10-09,91.0
2018-10-10,91.0
2018-10-11,91.0
2018-10-12,91.0
2018-10-15,91.0
2018-10-16,91.0
2018-10-17,91.0
2018-10-18,91.0
2018-10-19,91.0
2018-10-22,91.0
2018-10-23,91.0
2018-10-24,91.0
2018-10-25,91.0
2018-10-26,91.0
2018-10-29,91.0
2018-10-30,91.0
2018-10-31,91.0
2018-11-01,91.0
2018-11-02,91.0
2018-11-05,91.0
2018-11-07,91.0
2018-11-08,91.0
2018-11-09,91.0
2018-11-12,91.0
2018-11-13,91.0
2018-11-14,91.0
2018-11-15,91.0
2018-11-16,91.0
2018-11-19,91.0
2018-11-22,91.0
2018-11-23,91.0
2018-11-26,91.0
2018-11-27,91.0
2018-11-28,91.0
2018-11-29,91.0
2018-11-30,91.0
2018-12-03,91.0
2018-12-04,91.0
2018-12-05,91.0
2018-12-06,91.0
2018-12-07,91.0
2018-12-10,91.0
2018-12-11,91.0
2018-12-12,91.0
2018-12-13,91.0
2018-12-14,91.0
2018-12-17,91.0
2018-12-18,91.0
2018-12-19,91.0
2018-12-20,91.0
2018-12-21,91.0
2018-12-24,91.0
2018-12-25,91.0
2018-12-26,91.0
2018-12-27,91.0
2018-12-28,91.0
2018-12-31,91.0
2019-01-02,91.0
2019-01-03,91.0
2019-01-04,91.0
2019-01-07,91.0
2019-01-08,91.0
2019-01-09,91.0
2019-01-10,91.0
2019-01-14,91.0
2019-01-15,91.0
2019-01-16,91.0
2019-01-17,91.0
2019-01-18,91.0
2019-01-21,91.0
2019-01-22,91.0
2019-01-23,91.0
2019-01-24,91.0
2019-01-25,91.0
2019-01-28,91.0
2019-01-29,91.0
2019-01-30,91.0
2019-01-31,91.0
2019-02-01,91.0
2019-02-04,91.0
2019-02-05,91.0
2019-02-06,91.0
2019-02-07,91.0
2019-02-08,91.0
2019-02-11,91.0
2019-02-12,91.0
2019-02-13,91.0
2019-02-14,91.0
2019-02-15,91.0
2019-02-18,91.0
2019-02-19,91.0
2019-02-20,91.0
2019-02-21,91.0
2019-02-22,91.0
2019-02-25,91.0
2019-02-26,91.0
2019-02-27,91.0
2019-02-28,91.0
2019-03-01,91.0
2019-03-04,91.0
2019-03-05,91.0
2019-03-06,91.0
2019-03-07,91.0
2019-03-08,91.0
2019-03-11,91.0
2019-03-12,91.0
2019-03-13,91.0
2019-03-14,91.0
2019-03-15,91.0
2019-03-18,91.0
2019-03-19,91.0
2019-03-20,91.0
2019-03-21,91.0
2019-03-22,91.0
2019-03-25,91.0
2019-03-26,91.0
2019-03-27,91.0
2019-03-28,91.0
2019-03-29,91.0
2019-04-01,91.0
2019-04-02,91.0
2019-04-03,91.0
2019-04-04,91.0
2019-04-05,91.0
2019-04-08,91.0
2019-04-09,91.0
2019-04-10,91.0
2019-04-11,91.0
2019-04-12,91.0
2019-04-15,91.0
2019-04-16,91.0
2019-04-17,91.0
2019-04-18,91.0
2019-04-19,91.0
2019-04-22,91.0
2019-04-23,91.0
2019-04-24,91.0
2019-04-25,91.0
2019-04-26,91.0
2019-04-29,91.0
2019-04-30,91.0
2019-05-02,91.0
2019-05-03,91.0
2019-05-06,91.0
2019-05-07,91.0
2019-05-08,91.0
2019-05-09,91.0
2019-05-10,91.0
2019-05-13,91.0
2019-05-14,91.0
2019-05-15,91.0
2019-05-16,91.0
2019-05-17,91.0
2019-05-20,91.0
2019-05-21,91.0
2019-05-22,91.0
2019-05-23,91.0
2019-05-24,91.0
2019-05-27,91.0
2019-05-28,91.0
2019-05-29,91.0
2019-05-30,91.0
2019-05-31,91.0
2019-06-03,91.0
2019-06-04,91.0
2019-06-10,91.0
2019-06-11,91.0
2019-06-12,91.0
2019-06-13,91.0
2019-06-14,91.0
2019-06-17,91.0
2019-06-18,91.0
2019-06-19,91.0
2019-06-20,91.0
2019-06-21,91.0
2019-06-24,91.0
2019-06-25,91.0
2019-06-26,91.0
2019-06-27,91.0
2019-06-28,91.0
2019-07-01,91.0
2019-07-02,91.0
2019-07-03,91.0
2019-07-04,91.0
2019-07-05,91.0
2019-07-08,91.0
2019-07-09,91.0
2019-07-10,91.0
2019-07-11,91.0
2019-07-12,91.0
2019-07-15,91.0
2019-07-16,91.0
2019-07-17,91.0
2019-07-18,91.0
2019-07-19,91.0
2019-07-22,86.4
2019-07-23,86.4
2019-07-24,86.4
2019-07-25,86.4
2019-07-26,86.4
2019-07-29,86.4
2019-07-31,86.4
2019-08-01,86.4
2019-08-02,86.4
2019-08-05,86.4
2019-08-06,86.4
2019-08-07,86.4
2019-08-08,86.4
2019-08-09,86.4
2019-08-15,86.4
2019-08-16,86.4
2019-08-19,86.4
2019-08-22,86.4
2019-08-23,86.4
2019-08-26,86.4
2019-08-27,86.4
2019-08-28,86.4
2019-08-29,86.4
2019-08-30,86.4
2019-09-02,86.4
2019-09-03,86.4
2019-09-04,86.4
2019-09-05,86.4
2019-09-06,86.4
2019-09-09,86.4
2019-09-10,86.4
2019-09-11,86.4
2019-09-12,86.4
2019-09-13,86.4
2019-09-16,86.4
2019-09-17,86.4
2019-09-18,86.4
2019-09-19,86.4
2019-09-20,86.4
2019-09-23,86.4
2019-09-24,86.4
2019-09-25,86.4
2019-09-26,86.4
2019-09-27,86.4
2019-09-30,86.4
2019-10-01,86.4
2019-10-02,86.4
2019-10-03,86.4
2019-10-04,86.4
2019-10-07,86.4
2019-10-08,86.4
2019-10-09,86.4
2019-10-10,86.4
2019-10-11,86.4
2019-10-14,86.4
2019-10-15,86.4
2019-10-16,86.4
2019-10-17,86.4
2019-10-18,86.4
2019-10-21,86.4
2019-10-22,86.4
2019-10-23,86.4
2019-10-24,86.4
2019-10-25,86.4
2019-10-28,86.4
2019-10-29,86.4
2019-10-30,86.4
2019-10-31,86.4
2019-11-01,86.4
2019-11-04,86.4
2019-11-05,86.4
2019-11-07,86.4
2019-11-08,86.4
2019-11-12,86.4
2019-11-13,86.4
2019-11-14,86.4
2019-11-15,86.4
2019-11-19,86.4
2019-11-20,86.4
2019-11-21,86.4
2019-11-22,86.4
2019-11-25,86.4
2019-11-26,86.4
2019-11-27,86.4
2019-11-28,86.4
2019-11-29,86.4
2019-12-02,86.4
2019-12-03,86.4
2019-12-04,86.4
2019-12-05,86.4
2019-12-06,86.4
2019-12-09,86.4
2019-12-10,86.4
2019-12-11,86.4
2019-12-12,86.4
2019-12-13,86.4
2019-12-16,86.4
2019-12-17,86.4
2019-12-18,86.4
2019-12-19,86.4
2019-12-20,86.4
2019-12-23,86.4
2019-12-24,86.4
2019-12-25,86.4
2019-12-26,86.4
2019-12-27,86.4
2019-12-30,86.4
2019-12-31,86.4
2020-01-02,86.4
2020-01-03,86.4
2020-01-06,86.4
2020-01-07,86.4
2020-01-08,86.4
2020-01-09,86.4
2020-01-10,86.4
2020-01-13,86.4
2020-01-14,86.4
2020-01-15,86.4
2020-01-16,86.4
2020-01-17,86.4
2020-01-20,86.4
2020-01-21,86.4
2020-01-22,86.4
2020-01-23,86.4
2020-01-24,86.4
2020-01-27,86.4
2020-01-28,86.4
2020-01-29,86.4
2020-01-30,86.4
2020-01-31,86.4
2020-02-03,86.4
2020-02-04,86.4
2020-02-05,86.4
2020-02-06,86.4
2020-02-07,86.4
2020-02-10,86.4
2020-02-11,86.4
2020-02-12,86.4
2020-02-13,86.4
2020-02-14,86.4
2020-02-17,86.4
2020-02-18,86.4
2020-02-19,86.4
2020-02-20,86.4
2020-02-21,86.4
2020-02-24,86.4
2020-02-25,86.4
2020-02-26,86.4
2020-02-27,86.4
2020-02-28,86.4
2020-03-02,86.4
2020-03-03,86.4
2020-03-04,86.4
2020-03-05,86.4
2020-03-06,86.4
2020-03-09,86.4
2020-03-10,86.4
2020-03-11,86.4
2020-03-12,86.4
2020-03-13,86.4
2020-03-16,86.4
2020-03-17,86.4
2020-03-18,86.4
2020-03-19,86.4
2020-03-20,86.4
2020-03-23,86.4
2020-03-24,86.4
2020-03-25,86.4
2020-03-26,86.4
2020-03-27,86.4
2020-03-30,86.4
2020-03-31,86.4
2020-04-01,86.4
2020-04-02,86.4
2020-04-03,86.4
2020-04-06,86.4
2020-04-07,86.4
2020-04-08,86.4
2020-04-09,86.4
2020-04-10,86.4
2020-04-13,86.4
2020-04-14,86.4
2020-04-15,86.4
2020-04-16,86.4
2020-04-17,86.4
2020-04-20,86.4
2020-04-21,86.4
2020-04-22,86.4
2020-04-23,86.4
2020-04-24,86.4
2020-04-27,86.4
2020-04-28,86.4
2020-04-29,86.4
2020-04-30,86.4
2020-05-04,86.4
2020-05-05,86.4
2020-05-06,86.4
2020-05-07,86.4
2020-05-08,86.4
2020-05-11,86.4
2020-05-12,86.4
2020-05-13,86.4
2020-05-14,86.4
2020-05-15,86.4
2020-05-18,86.4
2020-05-19,86.4
2020-05-20,86.4
2020-05-21,86.4
2020-05-22,86.4
2020-05-26,86.4
2020-05-27,86.4
2020-05-28,86.4
2020-05-29,86.4
2020-06-01,86.4
2020-06-02,86.4
2020-06-03,86.4
2020-06-04,86.4
2020-06-05,86.4
2020-06-08,86.4
2020-06-09,86.4
2020-06-10,86.4
2020-06-11,86.4
2020-06-12,86.4
2020-06-15,86.4
2020-06-16,86.4
2020-06-17,86.4
2020-06-18,86.4
2020-06-19,86.4
2020-06-22,86.4
2020-06-23,86.4
2020-06-24,86.4
2020-06-25,86.4
2020-06-26,86.4
2020-06-29,86.4
2020-06-30,86.4
2020-07-01,86.4
2020-07-02,86.4
2020-07-03,86.4
2020-07-06,86.4
2020-07-07,86.4
2020-07-08,86.4
2020-07-09,86.4
2020-07-10,86.4
2020-07-13,86.4
2020-07-14,86.4
2020-07-15,86.4
2020-07-16,86.4
2020-07-17,86.4
2020-07-20,86.4
2020-07-21,86.4
2020-07-22,86.4
2020-07-23,86.4
2020-07-24,86.4
2020-07-27,86.4
2020-07-28,86.4
2020-07-29,86.4
2020-08-03,86.4
2020-08-04,81.8
2020-08-05,81.8
2020-08-06,81.8
2020-08-07,81.8
2020-08-10,81.8
2020-08-11,81.8
2020-08-12,81.8
2020-08-13,81.8
2020-08-17,81.8
2020-08-18,81.8
2020-08-19,81.8
2020-08-24,81.8
2020-08-25,81.8
2020-08-26,81.8
2020-08-27,81.8
2020-08-28,81.8
2020-08-31,81.8
2020-09-01,81.8
2020-09-02,81.8
2020-09-03,81.8
2020-09-04,81.8
2020-09-07,81.8
2020-09-08,81.8
2020-09-09,81.8
2020-09-10,81.8
2020-09-11,81.8
2020-09-14,81.8
2020-09-15,81.8
2020-09-16,81.8
2020-09-17,81.8
2020-09-18,81.8
2020-09-21,81.8
2020-09-22,81.8
2020-09-23,81.8
2020-09-24,81.8
2020-09-25,81.8
2020-09-28,81.8
2020-09-29,81.8
2020-09-30,81.8
2020-10-01,81.8
2020-10-02,81.8
2020-10-05,81.8
2020-10-06,81.8
2020-10-07,81.8
2020-10-08,81.8
2020-10-09,81.8
2020-10-12,81.8
2020-10-13,81.8
2020-10-14,81.8
2020-10-15,81.8
2020-10-16,81.8
2020-10-19,81.8
2020-10-20,81.8
2020-10-21,81.8
2020-10-22,81.8
2020-10-23,81.8
2020-10-26,81.8
2020-10-27,81.8
2020-10-28,81.8
2020-11-02,81.8
2020-11-03,81.8
2020-11-04,81.8
2020-11-05,81.8
2020-11-09,81.8
2020-11-10,81.8
2020-11-11,81.8
2020-11-12,81.8
2020-11-13,81.8
2020-11-16,81.8
2020-11-17,81.8
2020-11-19,81.8
2020-11-20,81.8
2020-11-23,81.8
2020-11-24,81.8
2020-11-25,81.8
2020-11-26,81.8
2020-11-27,81.8
2020-11-30,81.8
2020-12-01,81.8
2020-12-02,81.8
2020-12-03,81.8
2020-12-04,81.8
2020-12-07,81.8
2020-12-08,81.8
2020-12-09,81.8
2020-12-10,81.8
2020-12-11,81.8
2020-12-14,81.8
2020-12-15,81.8
2020-12-16,81.8
2020-12-17,81.8
2020-12-18,81.8
2020-12-21,81.8
2020-12-22,81.8
2020-12-23,81.8
2020-12-24,81.8
2020-12-25,81.8
2020-12-28,81.8
2020-12-29,81.8
2020-12-30,81.8
2020-12-31,81.8
2021-01-04,81.8
2021-01-05,81.8
2021-01-06,81.8
2021-01-07,81.8
2021-01-08,81.8
2021-01-12,81.8
2021-01-13,81.8
2021-01-14,81.8
2021-01-15,81.8
2021-01-18,81.8
2021-01-19,81.8
2021-01-20,81.8
2021-01-21,81.8
2021-01-22,81.8
2021-01-25,81.8
2021-01-26,81.8
2021-01-27,81.8
2021-01-28,81.8
2021-01-29,81.8
2021-02-01,81.8
2021-02-02,81.8
2021-02-03,81.8
2021-02-04,81.8
2021-02-05,81.8
2021-02-08,81.8
2021-02-09,81.8
2021-02-10,81.8
2021-02-11,81.8
2021-02-12,81.8
2021-02-15,81.8
2021-02-16,81.8
2021-02-17,81.8
2021-02-18,81.8
2021-02-19,81.8
2021-02-22,81.8
2021-02-23,81.8
2021-02-24,81.8
2021-02-25,81.8
2021-02-26,81.8
2021-03-01,81.8
2021-03-02,81.8
2021-03-03,81.8
2021-03-04,81.8
2021-03-05,81.8
2021-03-08,81.8
2021-03-09,81.8
2021-03-10,81.8
2021-03-11,81.8
2021-03-12,81.8
2021-03-15,81.8
2021-03-16,81.8
2021-03-17,81.8
2021-03-18,81.8
2021-03-19,81.8
2021-03-22,81.8
2021-03-23,81.8
2021-03-24,81.8
2021-03-25,81.8
2021-03-26,81.8
2021-03-29,81.8
2021-03-30,81.8
2021-03-31,81.8
2021-04-01,81.8
2021-04-02,81.8
2021-04-05,81.8
2021-04-06,81.8
2021-04-07,81.8
2021-04-08,81.8
2021-04-09,81.8
2021-04-12,81.8
2021-04-13,81.8
2021-04-14,81.8
2021-04-15,81.8
2021-04-16,81.8
2021-04-19,81.8
2021-04-20,81.8
2021-04-21,81.8
2021-04-22,81.8
2021-04-23,81.8
2021-04-26,81.8
2021-04-27,81.8
2021-04-28,81.8
2021-04-29,81.8
2021-04-30,81.8
2021-05-03,81.8
2021-05-04,81.8
2021-05-05,81.8
2021-05-06,81.8
2021-05-07,81.8
2021-05-10,81.8
2021-05-11,81.8
2021-05-12,81.8
2021-05-17,81.8
2021-05-18,81.8
2021-05-19,81.8
2021-05-20,81.8
2021-05-21,81.8
2021-05-24,81.8
2021-05-25,81.8
2021-05-26,81.8
2021-05-27,81.8
2021-05-28,81.8
2021-05-31,81.8
2021-06-01,83.43
2021-06-02,83.43
2021-06-03,83.43
2021-06-04,83.43
2021-06-07,83.43
2021-06-08,83.43
2021-06-09,83.43
2021-06-10,83.43
2021-06-11,83.43
2021-06-14,83.43
2021-06-15,83.43
2021-06-16,83.43
2021-06-17,83.43
2021-06-18,83.43
2021-06-21,83.43
2021-06-22,83.43
2021-06-23,83.43
2021-06-24,83.43
2021-06-25,83.43
2021-06-28,83.43
2021-06-29,83.43
2021-06-30,83.43
2021-07-01,83.43
2021-07-02,83.43
2021-07-05,83.43
2021-07-06,83.43
2021-07-07,83.43
2021-07-08,83.43
2021-07-09,83.43
2021-07-12,83.43
2021-07-13,83.43
2021-07-14,83.43
2021-07-15,83.43
2021-07-16,78.83
2021-07-19,78.83
2021-07-20,78.83
2021-07-23,78.83
2021-07-26,78.83
2021-07-27,78.83
2021-07-28,78.83
2021-07-29,78.83
2021-08-02,78.83
2021-08-03,78.83
2021-08-04,78.83
2021-08-05,78.83
2021-08-06,78.0
2021-08-09,78.0
2021-08-11,78.0
2021-08-12,78.0
2021-08-13,78.0
2021-08-16,78.0
2021-08-17,76.55
2021-08-18,78.0
2021-08-19,78.0
2021-08-23,78.0
2021-08-24,78.0
2021-08-25,79.55
2021-08-26,81.14
2021-08-27,82.76
2021-08-30,82.76
2021-08-31,82.76
2021-09-01,82.76
2021-09-02,82.76
2021-09-03,82.76
2021-09-06,82.76
2021-09-07,82.76
2021-09-08,82.76
2021-09-09,82.76
2021-09-10,84.41
2021-09-13,84.41
2021-09-14,84.41
2021-09-15,84.41
2021-09-16,84.41
2021-09-17,84.41
2021-09-20,86.09
2021-09-21,86.09
2021-09-22,86.09
2021-09-23,86.09
2021-09-24,86.09
2021-09-27,86.09
2021-09-28,84.5
2021-09-29,86.0
2021-09-30,86.0
2021-10-01,86.0
2021-10-04,87.71
2021-10-05,87.71
2021-10-06,85.97
2021-10-07,86.05
2021-10-08,86.05
2021-10-11,86.05
2021-10-12,86.05
2021-10-13,86.05
2021-10-14,86.05
2021-10-15,86.05
2021-10-18,86.05
2021-10-21,89.45
2021-10-22,93.0
2021-10-25,93.0
2021-10-26,95.0
2021-10-27,95.0
2021-10-28,97.99
2021-10-29,101.9
2021-11-01,101.9
2021-11-02,105.5
2021-11-03,105.5
2021-11-04,108.0
2021-11-05,108.0
2021-11-08,112.3
2021-11-09,116.75
2021-11-10,116.75
2021-11-11,118.0
2021-11-12,122.5
2021-11-15,125.0
2021-11-16,129.0
2021-11-17,129.0
2021-11-19,133.0
2021-11-22,133.0
2021-11-23,133.0
2021-11-24,133.0
2021-11-25,136.0
2021-11-26,136.0
2021-11-29,130.6
2021-11-30,130.6
2021-12-01,130.6
2021-12-02,125.4
2021-12-03,120.4
2021-12-06,115.6
2021-12-07,114.0
2021-12-08,114.0
2021-12-09,109.5
2021-12-10,109.5
2021-12-13,110.0
2021-12-14,110.0
2021-12-15,110.0
2021-12-16,110.0
2021-12-17,108.0
2021-12-20,108.0
2021-12-21,108.0
2021-12-22,108.0
2021-12-23,109.0
2021-12-24,109.0
2021-12-27,110.0
2021-12-28,110.0
2021-12-29,110.0
2021-12-30,110.0
2021-12-31,110.0
2022-01-03,110.0
2022-01-04,110.0
2022-01-05,110.0
2022-01-06,110.0
2022-01-07,113.0
2022-01-10,113.0
2022-01-12,113.0
2022-01-13,113.5
2022-01-14,113.5
2022-01-17,115.0
2022-01-18,119.5
2022-01-19,119.5
2022-01-20,119.5
2022-01-21,119.5
2022-01-24,119.5
2022-01-25,119.5
2022-01-26,119.5
2022-01-27,119.5
2022-01-28,119.5
2022-01-31,119.5
2022-02-01,119.5
2022-02-02,119.5
2022-02-03,119.5
2022-02-04,114.75
2022-02-07,114.75
2022-02-08,114.75
2022-02-09,114.75
2022-02-10,119.3
2022-02-11,124.0
2022-02-14,124.0
2022-02-15,124.0
2022-02-16,124.0
2022-02-17,120.0
2022-02-18,120.0
2022-02-21,117.0
2022-02-22,117.0
2022-02-23,117.0
2022-02-24,117.0
2022-02-25,117.0
2022-02-28,117.0
2022-03-01,117.0
2022-03-02,117.0
2022-03-03,117.0
2022-03-04,117.0
2022-03-07,117.0
2022-03-08,113.0
2022-03-09,113.0
2022-03-10,113.0
2022-03-11,116.0
2022-03-14,120.6
2022-03-15,120.6
2022-03-16,120.6
2022-03-17,120.6
2022-03-18,120.6
2022-03-21,120.8
2022-03-22,120.8
2022-03-23,120.8
2022-03-24,120.8
2022-03-25,120.8
2022-03-28,120.8
2022-03-29,120.8
2022-03-30,120.8
2022-03-31,120.8
2022-04-01,120.8
2022-04-04,120.8
2022-04-05,120.8
2022-04-06,120.8
2022-04-07,120.8
2022-04-08,120.8
2022-04-11,125.6
2022-04-12,125.6
2022-04-13,120.7
2022-04-14,120.7
2022-04-15,125.0
2022-04-18,125.0
2022-04-19,125.0
2022-04-20,129.0
2022-04-21,129.0
2022-04-22,129.0
2022-04-25,129.0
2022-04-26,130.0
2022-04-27,135.0
2022-04-28,129.65
2022-04-29,126.0
2022-05-04,126.0
2022-05-05,126.0
2022-05-06,126.0
2022-05-09,127.5
2022-05-10,125.0
2022-05-11,125.0
2022-05-12,125.0
2022-05-13,125.0
2022-05-16,129.0
2022-05-17,129.0
2022-05-18,129.0
2022-05-19,129.0
2022-05-20,129.0
2022-05-23,129.0
2022-05-24,129.0
2022-05-25,129.0
2022-05-26,129.0
2022-05-27,129.0
2022-05-30,129.0
2022-05-31,134.0
2022-06-01,134.0
2022-06-02,134.0
2022-06-03,134.0
2022-06-06,134.0
2022-06-07,134.0
2022-06-08,134.0
2022-06-09,134.0
2022-06-10,134.0
2022-06-13,134.0
2022-06-14,134.0
2022-06-15,134.0
2022-06-16,134.0
2022-06-17,134.0
2022-06-20,134.0
2022-06-21,134.0
2022-06-22,134.0
2022-06-23,134.0
2022-06-24,134.0
2022-06-27,138.5
2022-06-28,138.5
2022-06-29,138.5
2022-06-30,138.5
2022-07-01,138.5
2022-07-04,138.5
2022-07-05,138.5
2022-07-06,138.5
2022-07-07,138.5
2022-07-08,138.5
2022-07-12,138.5
2022-07-13,138.5
2022-07-14,138.5
2022-07-15,138.5
2022-07-18,138.5
2022-07-19,138.5
2022-07-20,138.5
2022-07-21,138.5
2022-07-22,138.5
2022-07-25,138.5
2022-07-26,133.5
2022-07-27,133.5
2022-07-28,133.5
2022-07-29,133.5
2022-08-01,133.5
2022-08-02,133.5
2022-08-03,133.5
2022-08-04,133.5
2022-08-05,133.5
2022-08-08,133.5
2022-08-09,133.5
2022-08-10,133.5
2022-08-11,133.5
2022-08-12,133.5
2022-08-15,133.5
2022-08-16,133.5
2022-08-17,133.5
2022-08-18,133.5
2022-08-19,135.0
2022-08-22,135.0
2022-08-23,135.0
2022-08-24,135.0
2022-08-25,135.0
2022-08-26,135.0
2022-08-29,135.0
2022-08-30,135.0
2022-08-31,135.0
2022-09-01,135.0
2022-09-02,135.0
2022-09-05,135.0
2022-09-06,135.0
2022-09-07,135.0
2022-09-08,135.0
2022-09-09,135.0
2022-09-12,135.0
2022-09-13,135.0
2022-09-14,135.0
2022-09-15,135.0
2022-09-16,135.0
2022-09-19,135.0
2022-09-20,135.0
2022-09-21,135.0
2022-09-22,135.0
2022-09-23,135.0
2022-09-26,140.0
2022-09-27,145.55
2022-09-28,145.55
2022-09-29,145.55
2022-09-30,141.0
2022-10-03,140.0
2022-10-04,140.0
2022-10-05,140.0
2022-10-06,140.0
2022-10-07,140.0
2022-10-11,140.0
2022-10-12,140.0
2022-10-13,140.0
2022-10-14,140.0
2022-10-17,140.0
2022-10-18,140.0
2022-10-19,140.0
2022-10-20,145.0
2022-10-21,145.0
2022-10-24,145.0
2022-10-25,145.0
2022-10-26,145.0
2022-10-27,150.0
2022-10-28,150.0
2022-10-31,151.0
2022-11-01,151.0
2022-11-02,151.0
2022-11-03,151.0
2022-11-04,151.0
2022-11-07,151.0
2022-11-08,151.0
2022-11-09,151.0
2022-11-10,151.0
2022-11-11,151.0
2022-11-14,151.0
2022-11-15,151.0
2022-11-16,151.0
2022-11-17,157.0
2022-11-21,157.0
2022-11-22,157.0
2022-11-23,157.0
2022-11-24,157.0
2022-11-25,157.0
2022-11-28,157.0
2022-11-29,160.0
2022-11-30,160.0
2022-12-01,160.0
2022-12-02,160.0
2022-12-05,160.0
2022-12-06,165.0
2022-12-07,165.0
2022-12-08,165.0
2022-12-09,165.0
2022-12-12,165.0
2022-12-13,165.0
2022-12-14,165.0
2022-12-15,165.0
2022-12-16,165.0
2022-12-19,165.0
2022-12-20,165.0
2022-12-21,165.0
2022-12-22,165.0
2022-12-23,165.0
2022-12-26,165.0
2022-12-27,165.0
2022-12-28,165.0
2022-12-29,165.0
2022-12-30,165.0
2023-01-02,165.0
2023-01-03,165.0
2023-01-04,165.0
2023-01-05,165.0
2023-01-06,165.0
2023-01-09,165.0
2023-01-10,165.0
2023-01-12,165.0
2023-01-13,165.0
2023-01-16,165.0
2023-01-17,165.0
2023-01-18,158.45
2023-01-19,160.0
2023-01-20,160.0
2023-01-23,160.0
2023-01-24,160.0
2023-01-25,160.0
2023-01-26,160.0
2023-01-27,160.0
2023-01-30,160.0
2023-01-31,160.0
2023-02-01,160.0
2023-02-02,160.0
2023-02-03,160.0
2023-02-06,160.0
2023-02-07,160.0
2023-02-08,160.0
2023-02-09,160.0
2023-02-10,160.0
2023-02-13,160.0
2023-02-14,160.0
2023-02-15,160.0
2023-02-16,160.0
2023-02-17,160.0
2023-02-20,160.0
2023-02-21,160.0
2023-02-22,160.0
2023-02-23,160.0
2023-02-24,160.0
2023-02-27,160.0
2023-02-28,160.0
2023-03-01,160.0
2023-03-02,160.0
2023-03-03,160.0
2023-03-06,160.0
2023-03-07,160.0
2023-03-08,160.0
2023-03-09,160.0
2023-03-10,160.0
2023-03-13,160.0
2023-03-14,160.0
2023-03-15,160.0
2023-03-16,160.0
2023-03-17,160.0
2023-03-20,160.0
2023-03-21,160.0
2023-03-22,160.0
2023-03-23,160.0
2023-03-24,160.0
2023-03-27,160.0
2023-03-28,160.0
2023-03-29,160.0
2023-03-30,160.0
2023-03-31,160.0
2023-04-03,160.0
2023-04-04,160.0
2023-04-05,160.0
2023-04-06,160.0
2023-04-07,160.0
2023-04-10,160.0
2023-04-11,160.0
2023-04-12,160.0
2023-04-13,160.0
2023-04-14,160.0
2023-04-17,160.0
2023-04-18,160.0
2023-04-19,160.0
2023-04-20,160.0
2023-04-21,160.0
2023-04-25,160.0
2023-04-26,160.0
2023-04-27,160.0
2023-04-28,160.0
2023-05-02,166.35
2023-05-03,166.35
2023-05-04,166.35
2023-05-05,166.35
2023-05-08,173.0
2023-05-09,173.0
2023-05-10,173.0
2023-05-11,173.0
2023-05-12,173.0
2023-05-15,173.0
2023-05-16,173.0
2023-05-17,170.5
2023-05-18,170.5
2023-05-19,170.5
2023-05-22,170.5
2023-05-23,170.5
2023-05-24,170.5
2023-05-25,170.5
2023-05-26,170.5
2023-05-29,163.7
2023-05-30,163.7
2023-05-31,163.7
2023-06-01,163.7
2023-06-02,163.7
2023-06-05,163.7
2023-06-06,163.7
2023-06-07,163.7
2023-06-08,163.7
2023-06-09,163.7
2023-06-12,163.7
2023-06-13,160.0
2023-06-14,160.0
2023-06-15,160.0
2023-06-16,160.0
2023-06-19,160.0
2023-06-20,160.0
2023-06-21,155.0
2023-06-22,155.5
2023-06-23,155.5
2023-06-26,155.0
2023-06-27,155.0
2023-06-28,155.0
2023-07-03,155.0
2023-07-04,155.0
2023-07-05,155.0
2023-07-06,155.0
2023-07-07,155.0
2023-07-10,155.0
2023-07-11,155.0
2023-07-12,155.0
2023-07-13,149.5
2023-07-14,149.5
2023-07-17,149.5
2023-07-18,149.5
2023-07-20,149.5
2023-07-21,149.5
2023-07-24,149.5
2023-07-25,149.5
2023-07-26,155.0
2023-07-27,155.0
2023-07-28,155.0
2023-07-31,155.0
2023-08-01,155.0
2023-08-02,161.15
2023-08-03,161.15
2023-08-04,161.15
2023-08-07,161.15
2023-08-08,161.15
2023-08-09,161.15
2023-08-10,164.95
2023-08-11,161.2
2023-08-15,161.2
2023-08-16,161.2
2023-08-17,161.2
2023-08-18,161.2
2023-08-22,161.2
2023-08-23,161.2
2023-08-24,161.2
2023-08-25,161.2
2023-08-28,161.2
2023-08-29,161.2
2023-08-30,161.2
2023-08-31,161.2
2023-09-01,161.2
2023-09-04,161.2
2023-09-05,161.2
2023-09-06,161.2
2023-09-07,155.0
2023-09-08,155.0
2023-09-11,155.0
2023-09-12,155.0
2023-09-13,155.0
2023-09-14,155.0
2023-09-15,155.0
2023-09-18,155.0
2023-09-19,155.0
2023-09-20,155.0
2023-09-21,155.0
2023-09-22,155.0
2023-09-25,155.0
2023-09-26,161.15
2023-09-27,161.15
2023-10-02,161.15
2023-10-03,161.15
2023-10-04,161.15
2023-10-05,161.15
2023-10-06,167.55
2023-10-09,174.0
2023-10-10,174.0
2023-10-11,174.0
2023-10-12,174.0
2023-10-13,174.0
2023-10-16,174.0
2023-10-17,174.0
2023-10-18,174.0
2023-10-19,174.0
2023-10-20,174.0
2023-10-23,174.0
2023-10-24,174.0
2023-10-25,174.0
2023-10-26,174.0
2023-10-27,174.0
2023-10-30,174.0
2023-10-31,174.0
2023-11-01,174.0
2023-11-02,174.0
2023-11-03,174.0
2023-11-07,174.0
2023-11-08,174.0
2023-11-09,174.0
2023-11-10,174.0
2023-11-13,174.0
2023-11-14,183.0
2023-11-15,183.0
2023-11-16,183.0
2023-11-17,183.0
2023-11-20,183.0
2023-11-21,183.0
2023-11-22,183.0
2023-11-23,183.0
2023-11-24,183.0
2023-11-27,183.0
2023-11-28,183.0
2023-11-29,183.0
2023-11-30,183.0
2023-12-01,183.0
2023-12-04,183.0
2023-12-05,183.0
2023-12-06,183.0
2023-12-07,183.0
2023-12-08,183.0
2023-12-11,183.0
2023-12-12,183.0
2023-12-13,183.0
2023-12-14,183.0
2023-12-15,183.0
2023-12-18,183.0
2023-12-19,183.0
2023-12-20,183.0
2023-12-21,185.0
2023-12-22,185.0
2023-12-25,185.0
2023-12-26,185.0
2023-12-27,185.0
2023-12-28,185.0
2023-12-29,185.0
2024-01-02,185.0
2024-01-03,185.0
2024-01-04,185.0
2024-01-05,185.0
2024-01-08,185.0
2024-01-09,185.0
2024-01-10,185.0
2024-01-12,196.05
2024-01-15,196.05
2024-01-16,196.05
2024-01-17,201.0
2024-01-18,201.0
2024-01-19,201.0
2024-01-22,201.0
2024-01-23,201.0
2024-01-24,201.0
2024-01-25,201.0
2024-01-26,201.0
2024-01-29,201.0
2024-01-30,201.0
2024-01-31,201.0
2024-02-01,201.0
2024-02-02,210.0
2024-02-05,210.0
2024-02-06,210.0
2024-02-07,210.0
2024-02-08,210.0
2024-02-09,210.0
2024-02-12,210.0
2024-02-13,210.0
2024-02-14,210.0
2024-02-15,210.0
2024-02-16,210.0
2024-02-19,212.0
2024-02-20,212.0
2024-02-21,212.0
2024-02-22,212.0
2024-02-23,212.0
2024-02-26,212.0
2024-02-27,212.0
2024-02-28,212.0
2024-02-29,220.0
2024-03-01,220.0
2024-03-04,233.15
2024-03-05,219.2
2024-03-06,219.2
2024-03-07,219.2
2024-03-08,219.2
2024-03-11,219.2
2024-03-12,219.2
2024-03-13,219.2
2024-03-14,219.2
2024-03-15,219.2
2024-03-18,219.2
2024-03-19,219.2
2024-03-20,219.2
2024-03-21,219.2
2024-03-22,219.2
2024-03-25,219.2
2024-03-26,219.2
2024-03-27,219.2
2024-03-28,219.2
2024-03-29,219.2
2024-04-01,219.2
2024-04-02,219.2
2024-04-03,219.2
2024-04-04,219.2
2024-04-05,219.2
2024-04-08,219.2
2024-04-09,219.2
2024-04-15,224.0
2024-04-16,224.0
2024-04-17,230.0
2024-04-18,230.0
2024-04-19,230.0
2024-04-22,219.0
2024-04-23,230.0
2024-04-24,230.0
2024-04-25,230.0
2024-04-26,230.0
2024-04-29,230.0
2024-04-30,230.0
2024-05-02,230.0
2024-05-03,230.0
2024-05-06,225.0
2024-05-07,230.0
2024-05-08,230.0
2024-05-09,230.0
2024-05-10,230.0
2024-05-13,230.0
2024-05-14,230.0
2024-05-15,230.0
2024-05-16,230.0
2024-05-17,235.15
2024-05-20,235.15
2024-05-21,235.15
2024-05-22,222.0
2024-05-23,222.0
2024-05-24,222.0
2024-05-27,221.95
2024-05-28,221.95
2024-05-29,221.95
2024-05-30,221.95
2024-05-31,221.95
2024-06-03,221.95
2024-06-04,221.95
2024-06-05,209.0
2024-06-06,221.5
2024-06-07,221.5
2024-06-10,221.5
2024-06-11,221.5
2024-06-12,221.5
2024-06-13,221.5
2024-06-14,221.5
2024-06-19,221.5
2024-06-20,221.5
2024-06-21,221.5
2024-06-24,221.5
2024-06-25,221.5
2024-06-26,234.75
2024-06-27,235.0
2024-06-28,235.0
2024-07-01,235.0
2024-07-02,235.0
2024-07-03,230.0
2024-07-04,216.25
2024-07-05,205.0
2024-07-08,205.0
2024-07-09,205.0
2024-07-10,205.0
2024-07-11,205.0
2024-07-12,205.0
2024-07-15,205.0
2024-07-16,199.5
2024-07-17,199.5
2024-07-18,188.0
2024-07-19,188.0
2024-07-22,188.0
2024-07-23,188.0
2024-07-24,188.0
2024-07-25,188.0
2024-07-26,188.0
2024-07-29,188.05
2024-07-31,199.3
2024-08-01,211.25
2024-08-02,211.25
2024-08-05,211.25
2024-08-06,220.0
2024-08-07,220.0
2024-08-08,220.0
2024-08-09,220.0
2024-08-12,220.0
2024-08-13,220.0
2024-08-15,220.0
2024-08-16,219.0
2024-08-19,206.0
2024-08-22,218.35
2024-08-23,220.0
2024-08-26,220.0
2024-08-27,220.0
2024-08-28,220.0
2024-08-29,218.35
2024-08-30,218.35
2024-09-02,218.35
2024-09-03,218.35
2024-09-04,218.35
2024-09-05,218.35
2024-09-06,230.0
2024-09-09,230.0
2024-09-10,230.0
2024-09-11,229.5
2024-09-12,225.0
2024-09-13,229.0
2024-09-18,229.0
2024-09-19,229.0
2024-09-20,229.5
2024-09-23,229.5
2024-09-24,219.0
2024-09-25,219.0
2024-09-26,219.0
2024-09-27,218.45
2024-09-30,230.0
2024-10-01,230.0
2024-10-02,218.35
2024-10-03,218.35
2024-10-04,218.35
2024-10-07,230.0
2024-10-08,218.35
2024-10-09,218.35
2024-10-10,230.0
2024-10-11,230.0
2024-10-14,230.0
2024-10-15,230.0
2024-10-16,230.0
2024-10-17,230.0
2024-10-18,230.0
2024-10-21,230.0
2024-10-22,230.0
2024-10-23,230.0
2024-10-24,230.0
2024-10-25,218.35
2024-10-28,218.35
2024-10-29,218.35
2024-10-30,218.35
2024-10-31,205.25
2024-11-01,205.0
2024-11-04,205.0
2024-11-05,205.0
2024-11-07,205.0
2024-11-08,205.0
2024-11-11,205.0
2024-11-12,205.0
2024-11-13,205.0
2024-11-14,205.0
2024-11-15,205.0
2024-11-19,205.0
2024-11-20,205.0
2024-11-21,205.0
2024-11-22,205.0
2024-11-25,205.0
2024-11-26,205.0
2024-11-27,205.0
2024-11-28,205.0
2024-11-29,205.0
2024-12-02,205.0
2024-12-03,205.0
2024-12-04,205.0
2024-12-05,205.0
2024-12-06,205.0
2024-12-09,205.0
2024-12-10,205.0
2024-12-11,215.5
2024-12-12,215.5
2024-12-13,215.5
2024-12-16,215.5
2024-12-17,215.5
2024-12-18,215.5
2024-12-19,215.5
2024-12-20,220.0
2024-12-23,220.0
2024-12-24,220.0
2024-12-25,220.0
2024-12-26,220.0
2024-12-27,220.0
2024-12-30,220.0
2024-12-31,219.0
2025-01-02,219.0
2025-01-03,219.0
2025-01-06,219.0
2025-01-07,219.0
2025-01-08,231.8
2025-01-09,231.8
2025-01-10,220.0
2025-01-13,220.0
2025-01-15,220.0
2025-01-16,220.0
2025-01-17,220.0
2025-01-20,220.0
2025-01-21,220.0
2025-01-22,220.0
2025-01-23,220.0
2025-01-24,220.0
2025-01-27,220.0
2025-01-28,220.0
2025-01-29,220.0
2025-01-30,220.0
2025-01-31,220.0
2025-02-03,220.0
2025-02-04,220.0
2025-02-05,220.0
2025-02-06,220.0
2025-02-07,220.0
2025-02-10,225.0
2025-02-11,225.0
2025-02-12,225.0
2025-02-13,225.0
2025-02-14,225.0
2025-02-17,225.0
2025-02-18,220.0
2025-02-19,224.0
2025-02-20,224.0
2025-02-21,224.0
2025-02-24,224.0
2025-02-25,224.0
2025-02-26,230.0
2025-02-27,230.0
2025-02-28,230.0
2025-03-03,230.0
2025-03-04,230.0
2025-03-05,220.0
2025-03-06,220.0
2025-03-07,220.0
2025-03-10,220.0
2025-03-11,220.0
2025-03-12,220.0
2025-03-13,220.0
2025-03-14,226.0
2025-03-17,226.0
2025-03-18,226.0
2025-03-19,229.0
2025-03-20,220.0
2025-03-21,220.0
2025-03-24,218.0
2025-03-25,218.0
2025-03-26,218.0
2025-03-27,218.0
2025-03-28,230.0
2025-04-02,230.0
2025-04-03,230.0
2025-04-04,230.0
2025-04-07,230.0
2025-04-08,230.0
2025-04-09,228.0
2025-04-10,228.0
2025-04-11,220.0
2025-04-14,220.0
2025-04-15,220.0
2025-04-16,220.0
2025-04-17,220.0
2025-04-18,220.0
2025-04-21,220.0
2025-04-22,220.0
2025-04-23,225.0
2025-04-24,225.0
2025-04-25,218.0
2025-04-28,215.0
2025-04-29,216.0
2025-04-30,216.0
2025-05-02,216.0
2025-05-05,216.0
2025-05-06,215.0
2025-05-07,215.0
2025-05-08,220.0
