date,BCP
2004-07-14,40.0
2004-07-20,37.5
2004-07-21,39.2
2004-07-27,39.5
2004-07-30,38.05
2004-08-02,37.6
2004-08-03,37.6
2004-08-04,38.0
2004-08-05,38.25
2004-08-06,37.9
2004-08-09,37.7
2004-08-10,37.7
2004-08-11,37.8
2004-08-12,37.75
2004-08-13,37.8
2004-08-16,37.75
2004-08-17,37.7
2004-08-18,37.55
2004-08-19,37.35
2004-08-23,37.5
2004-08-24,37.5
2004-08-25,37.5
2004-08-26,37.5
2004-08-27,37.9
2004-08-30,37.6
2004-08-31,37.5
2004-09-01,37.5
2004-09-02,37.4
2004-09-03,37.4
2004-09-06,37.4
2004-09-07,37.5
2004-09-08,37.3
2004-09-09,37.2
2004-09-10,37.0
2004-09-13,36.8
2004-09-14,37.0
2004-09-15,36.75
2004-09-16,36.75
2004-09-17,37.0
2004-09-20,37.05
2004-09-21,37.0
2004-09-22,36.75
2004-09-23,36.6
2004-09-24,36.3
2004-09-27,36.25
2004-09-28,35.65
2004-09-29,36.0
2004-09-30,36.1
2004-10-01,35.65
2004-10-04,35.65
2004-10-05,35.35
2004-10-06,35.45
2004-10-07,34.95
2004-10-08,34.6
2004-10-11,34.8
2004-10-12,34.95
2004-10-13,34.4
2004-10-14,34.0
2004-10-15,33.95
2004-10-18,34.25
2004-10-19,34.5
2004-10-20,34.5
2004-10-21,34.65
2004-10-22,34.0
2004-10-25,34.3
2004-10-26,34.25
2004-10-27,34.0
2004-10-28,33.6
2004-10-29,33.5
2004-11-01,34.9
2004-11-02,34.5
2004-11-03,34.5
2004-11-04,34.5
2004-11-05,34.5
2004-11-08,34.7
2004-11-09,34.7
2004-11-10,34.7
2004-11-11,34.6
2004-11-12,34.5
2004-11-16,34.5
2004-11-17,34.5
2004-11-19,34.5
2004-11-22,34.0
2004-11-23,34.0
2004-11-24,34.5
2004-11-26,34.5
2004-11-29,34.5
2004-11-30,34.45
2004-12-01,34.45
2004-12-02,34.3
2004-12-03,34.25
2004-12-06,34.25
2004-12-07,34.2
2004-12-08,34.25
2004-12-09,34.2
2004-12-10,34.5
2004-12-13,35.0
2004-12-14,34.95
2004-12-15,34.95
2004-12-16,34.9
2004-12-17,34.75
2004-12-21,34.75
2004-12-22,34.7
2004-12-23,34.7
2004-12-24,34.65
2004-12-27,34.45
2004-12-28,34.45
2004-12-29,34.0
2004-12-30,34.0
2004-12-31,34.45
2005-01-03,34.35
2005-01-04,34.25
2005-01-05,34.25
2005-01-06,34.25
2005-01-07,34.25
2005-01-10,34.25
2005-01-12,34.4
2005-01-13,34.9
2005-01-14,34.9
2005-01-17,35.5
2005-01-18,36.0
2005-01-19,35.7
2005-01-20,35.45
2005-01-24,35.45
2005-01-25,34.7
2005-01-26,34.55
2005-01-27,35.05
2005-01-28,35.65
2005-01-31,35.75
2005-02-01,35.5
2005-02-02,35.75
2005-02-03,36.9
2005-02-04,36.25
2005-02-07,35.75
2005-02-08,36.0
2005-02-09,35.85
2005-02-11,35.95
2005-02-14,35.8
2005-02-15,36.0
2005-02-16,35.85
2005-02-17,35.7
2005-02-18,35.3
2005-02-21,35.3
2005-02-22,35.4
2005-02-23,34.85
2005-02-24,34.85
2005-02-25,35.3
2005-02-28,35.0
2005-03-01,35.3
2005-03-02,35.25
2005-03-03,35.0
2005-03-04,35.0
2005-03-07,34.85
2005-03-08,34.85
2005-03-09,34.5
2005-03-10,34.5
2005-03-11,35.3
2005-03-14,35.0
2005-03-15,35.0
2005-03-16,34.9
2005-03-17,34.95
2005-03-18,34.95
2005-03-21,34.95
2005-03-22,35.0
2005-03-23,34.75
2005-03-24,35.0
2005-03-25,35.0
2005-03-28,34.95
2005-03-29,34.6
2005-03-30,34.55
2005-03-31,34.5
2005-04-01,34.95
2005-04-04,34.2
2005-04-05,34.65
2005-04-06,34.6
2005-04-07,34.6
2005-04-08,34.65
2005-04-11,34.65
2005-04-12,34.65
2005-04-13,34.65
2005-04-14,34.95
2005-04-15,34.9
2005-04-18,35.0
2005-04-19,34.95
2005-04-20,34.95
2005-04-25,34.9
2005-04-26,34.9
2005-04-27,34.9
2005-04-28,34.95
2005-04-29,35.0
2005-05-02,35.1
2005-05-03,35.15
2005-05-04,35.2
2005-05-05,35.75
2005-05-06,35.75
2005-05-09,35.65
2005-05-10,36.0
2005-05-11,36.0
2005-05-12,35.75
2005-05-13,35.75
2005-05-16,35.7
2005-05-17,35.75
2005-05-18,35.75
2005-05-19,35.75
2005-05-20,35.55
2005-05-23,35.7
2005-05-24,35.9
2005-05-25,35.75
2005-05-26,35.75
2005-05-27,36.2
2005-05-30,36.35
2005-05-31,36.5
2005-06-01,36.5
2005-06-02,36.75
2005-06-03,36.0
2005-06-06,36.2
2005-06-07,36.25
2005-06-08,36.25
2005-06-09,36.2
2005-06-10,36.2
2005-06-13,36.2
2005-06-14,36.1
2005-06-15,36.2
2005-06-16,36.3
2005-06-17,36.25
2005-06-20,36.0
2005-06-21,36.0
2005-06-22,36.0
2005-06-23,36.0
2005-06-24,36.1
2005-06-27,36.0
2005-06-28,36.25
2005-06-29,36.2
2005-06-30,36.55
2005-07-01,35.75
2005-07-04,35.75
2005-07-05,35.75
2005-07-06,35.75
2005-07-07,35.75
2005-07-08,35.75
2005-07-11,35.9
2005-07-12,35.85
2005-07-13,35.95
2005-07-14,36.0
2005-07-15,36.25
2005-07-18,36.25
2005-07-19,36.5
2005-07-20,36.5
2005-07-21,36.5
2005-07-22,36.5
2005-07-25,36.5
2005-07-26,36.75
2005-07-27,36.5
2005-07-28,36.25
2005-07-29,36.0
2005-08-01,36.5
2005-08-02,36.5
2005-08-03,36.5
2005-08-04,36.85
2005-08-05,37.25
2005-08-08,37.0
2005-08-09,37.15
2005-08-10,37.25
2005-08-11,37.5
2005-08-12,37.5
2005-08-15,38.0
2005-08-16,38.5
2005-08-17,39.05
2005-08-18,39.05
2005-08-19,39.0
2005-08-22,39.05
2005-08-23,39.05
2005-08-24,39.0
2005-08-25,38.05
2005-08-26,36.85
2005-08-29,37.0
2005-08-30,37.35
2005-08-31,38.0
2005-09-01,38.0
2005-09-02,38.25
2005-09-05,38.05
2005-09-06,38.0
2005-09-07,37.85
2005-09-08,37.1
2005-09-09,37.05
2005-09-12,37.0
2005-09-13,37.1
2005-09-14,37.05
2005-09-15,37.05
2005-09-16,37.0
2005-09-19,36.5
2005-09-20,36.6
2005-09-21,36.6
2005-09-22,36.6
2005-09-23,36.6
2005-09-26,36.65
2005-09-27,36.45
2005-09-28,36.6
2005-09-29,36.25
2005-09-30,36.45
2005-10-03,36.25
2005-10-04,36.65
2005-10-05,36.55
2005-10-06,36.65
2005-10-07,36.9
2005-10-10,37.0
2005-10-11,37.0
2005-10-12,37.0
2005-10-13,37.05
2005-10-14,37.25
2005-10-17,37.25
2005-10-18,37.5
2005-10-19,37.55
2005-10-20,37.5
2005-10-21,37.6
2005-10-24,37.4
2005-10-25,37.45
2005-10-26,38.0
2005-10-27,38.0
2005-10-28,38.0
2005-10-31,38.45
2005-11-01,39.0
2005-11-02,39.0
2005-11-03,39.0
2005-11-07,39.0
2005-11-08,38.7
2005-11-09,38.25
2005-11-10,38.15
2005-11-11,38.25
2005-11-14,38.5
2005-11-15,38.0
2005-11-21,37.75
2005-11-22,38.0
2005-11-23,38.5
2005-11-24,38.35
2005-11-25,38.35
2005-11-28,39.5
2005-11-29,39.55
2005-11-30,39.15
2005-12-01,39.1
2005-12-02,39.0
2005-12-05,39.0
2005-12-06,38.75
2005-12-07,38.5
2005-12-08,37.0
2005-12-09,37.35
2005-12-12,37.25
2005-12-13,37.5
2005-12-14,38.85
2005-12-15,38.25
2005-12-16,39.25
2005-12-19,38.8
2005-12-20,38.8
2005-12-21,38.75
2005-12-22,38.75
2005-12-23,38.75
2005-12-26,38.5
2005-12-27,38.0
2005-12-28,38.65
2005-12-29,38.5
2005-12-30,37.8
2006-01-03,38.5
2006-01-04,39.45
2006-01-05,39.6
2006-01-06,39.4
2006-01-09,39.75
2006-01-10,40.75
2006-01-13,41.05
2006-01-16,40.95
2006-01-17,40.45
2006-01-18,39.65
2006-01-19,39.75
2006-01-20,41.5
2006-01-23,41.05
2006-01-24,40.9
2006-01-25,41.5
2006-01-26,42.45
2006-01-27,42.5
2006-01-30,43.9
2006-02-01,46.05
2006-02-02,45.65
2006-02-03,44.5
2006-02-06,45.0
2006-02-07,46.25
2006-02-08,46.4
2006-02-09,46.75
2006-02-10,46.5
2006-02-13,45.75
2006-02-14,43.1
2006-02-15,42.5
2006-02-16,44.0
2006-02-17,42.8
2006-02-20,45.0
2006-02-21,45.5
2006-02-22,45.25
2006-02-23,46.0
2006-02-24,45.0
2006-02-27,44.0
2006-02-28,43.25
2006-03-01,44.0
2006-03-02,44.5
2006-03-03,45.5
2006-03-06,45.6
2006-03-07,46.0
2006-03-08,45.0
2006-03-09,45.0
2006-03-10,45.5
2006-03-13,45.0
2006-03-14,44.5
2006-03-15,44.5
2006-03-17,45.25
2006-03-20,45.5
2006-03-21,45.05
2006-03-22,45.25
2006-03-23,45.75
2006-03-24,46.3
2006-03-27,46.75
2006-03-28,47.75
2006-03-29,48.65
2006-03-30,47.5
2006-03-31,48.25
2006-04-03,48.5
2006-04-04,49.5
2006-04-05,50.25
2006-04-06,50.0
2006-04-07,50.0
2006-04-10,49.95
2006-04-13,50.0
2006-04-14,49.7
2006-04-17,49.75
2006-04-18,49.7
2006-04-19,50.0
2006-04-20,50.5
2006-04-21,50.55
2006-04-24,51.0
2006-04-25,51.25
2006-04-26,51.3
2006-04-27,51.3
2006-04-28,51.75
2006-05-02,51.35
2006-05-03,51.55
2006-05-04,51.7
2006-05-05,53.0
2006-05-08,56.15
2006-05-10,54.0
2006-05-11,54.4
2006-05-12,54.4
2006-05-15,52.5
2006-05-16,52.35
2006-05-17,53.15
2006-05-18,52.0
2006-05-19,51.05
2006-05-22,48.0
2006-05-23,47.5
2006-05-24,49.05
2006-05-25,49.8
2006-05-26,48.5
2006-05-29,46.0
2006-05-30,46.25
2006-05-31,48.75
2006-06-01,49.05
2006-06-02,50.85
2006-06-05,51.0
2006-06-06,50.95
2006-06-07,50.45
2006-06-08,50.0
2006-06-09,48.0
2006-06-12,47.45
2006-06-13,46.95
2006-06-14,48.95
2006-06-15,49.9
2006-06-16,50.0
2006-06-19,49.5
2006-06-20,48.6
2006-06-21,49.1
2006-06-22,49.2
2006-06-23,49.95
2006-06-26,49.25
2006-06-27,49.25
2006-06-28,50.0
2006-06-29,50.0
2006-06-30,50.3
2006-07-03,48.35
2006-07-04,50.0
2006-07-05,49.55
2006-07-06,49.7
2006-07-07,49.5
2006-07-10,49.0
2006-07-11,48.55
2006-07-12,49.45
2006-07-13,49.25
2006-07-14,49.25
2006-07-17,48.75
2006-07-18,49.25
2006-07-19,49.2
2006-07-20,49.0
2006-07-21,49.0
2006-07-24,49.0
2006-07-25,49.0
2006-07-26,48.75
2006-07-27,48.5
2006-07-28,48.75
2006-07-31,48.9
2006-08-01,48.9
2006-08-02,48.75
2006-08-03,48.5
2006-08-04,48.75
2006-08-07,48.5
2006-08-08,49.0
2006-08-09,48.75
2006-08-10,48.25
2006-08-11,48.3
2006-08-15,48.4
2006-08-16,48.5
2006-08-17,48.75
2006-08-18,48.5
2006-08-22,48.5
2006-08-23,48.65
2006-08-24,49.0
2006-08-25,50.5
2006-08-28,51.35
2006-08-29,50.5
2006-08-30,50.5
2006-08-31,50.5
2006-09-01,51.95
2006-09-04,51.5
2006-09-05,51.0
2006-09-06,51.15
2006-09-07,51.65
2006-09-08,51.15
2006-09-11,51.45
2006-09-12,51.15
2006-09-13,51.05
2006-09-14,51.1
2006-09-15,51.3
2006-09-18,51.0
2006-09-19,51.0
2006-09-20,51.2
2006-09-21,51.7
2006-09-22,51.6
2006-09-25,52.75
2006-09-26,53.5
2006-09-27,55.55
2006-09-28,58.8
2006-09-29,58.5
2006-10-02,59.75
2006-10-03,58.5
2006-10-04,57.0
2006-10-05,55.3
2006-10-06,55.9
2006-10-09,55.6
2006-10-10,56.0
2006-10-11,55.5
2006-10-12,55.55
2006-10-13,55.5
2006-10-16,56.0
2006-10-17,56.4
2006-10-18,56.7
2006-10-19,57.5
2006-10-20,58.4
2006-10-23,57.75
2006-10-26,58.7
2006-10-27,59.0
2006-10-30,60.5
2006-10-31,61.75
2006-11-01,62.5
2006-11-02,62.55
2006-11-03,62.2
2006-11-07,62.45
2006-11-08,62.55
2006-11-09,60.0
2006-11-10,57.6
2006-11-13,60.25
2006-11-14,62.0
2006-11-15,61.0
2006-11-16,61.0
2006-11-17,61.0
2006-11-20,60.25
2006-11-21,60.5
2006-11-22,61.75
2006-11-23,62.5
2006-11-24,63.65
2006-11-27,65.25
2006-11-28,65.5
2006-11-29,67.5
2006-11-30,71.0
2006-12-01,73.25
2006-12-04,71.8
2006-12-05,72.0
2006-12-06,73.5
2006-12-07,75.05
2006-12-08,79.55
2006-12-11,84.3
2006-12-12,89.35
2006-12-14,95.0
2006-12-15,95.0
2006-12-18,91.5
2006-12-19,89.0
2006-12-20,87.5
2006-12-21,85.0
2006-12-22,87.65
2006-12-26,93.1
2006-12-27,94.35
2006-12-28,94.35
2006-12-29,93.5
2007-01-02,93.45
2007-01-03,93.0
2007-01-04,94.4
2007-01-05,100.05
2007-01-08,99.5
2007-01-09,100.5
2007-01-10,98.25
2007-01-12,99.5
2007-01-15,99.95
2007-01-16,100.05
2007-01-17,100.15
2007-01-18,100.0
2007-01-19,99.45
2007-01-22,98.25
2007-01-23,99.5
2007-01-24,100.5
2007-01-25,100.5
2007-01-26,103.0
2007-01-29,104.95
2007-01-30,105.5
2007-01-31,107.4
2007-02-01,104.0
2007-02-02,103.5
2007-02-05,104.35
2007-02-06,106.5
2007-02-07,104.65
2007-02-08,107.5
2007-02-09,109.9
2007-02-12,109.5
2007-02-13,112.45
2007-02-14,112.5
2007-02-15,116.25
2007-02-16,119.2
2007-02-19,124.0
2007-02-20,124.85
2007-02-21,120.75
2007-02-22,113.75
2007-02-23,108.25
2007-02-26,111.25
2007-02-27,110.0
2007-02-28,115.0
2007-03-01,110.4
2007-03-02,114.0
2007-03-05,117.3
2007-03-06,119.0
2007-03-07,122.55
2007-03-08,122.25
2007-03-09,117.8
2007-03-12,117.5
2007-03-13,121.45
2007-03-14,121.0
2007-03-15,118.6
2007-03-19,118.85
2007-03-20,121.4
2007-03-21,121.45
2007-03-22,120.05
2007-03-23,124.0
2007-03-26,124.5
2007-03-27,123.0
2007-03-28,122.5
2007-03-29,121.1
2007-03-30,121.15
2007-04-03,117.95
2007-04-04,117.8
2007-04-05,117.5
2007-04-06,117.5
2007-04-09,117.6
2007-04-10,120.0
2007-04-11,120.0
2007-04-12,120.7
2007-04-13,121.55
2007-04-16,124.05
2007-04-17,124.2
2007-04-18,124.5
2007-04-19,124.5
2007-04-20,125.7
2007-04-23,133.2
2007-04-24,138.4
2007-04-25,138.25
2007-04-26,138.0
2007-04-27,136.0
2007-04-30,137.5
2007-05-02,140.0
2007-05-03,141.1
2007-05-04,142.5
2007-05-07,144.25
2007-05-08,144.9
2007-05-09,140.5
2007-05-10,132.1
2007-05-11,124.2
2007-05-14,116.75
2007-05-15,117.75
2007-05-16,121.5
2007-05-17,126.0
2007-05-18,126.5
2007-05-21,132.5
2007-05-22,128.1
2007-05-23,125.0
2007-05-24,125.0
2007-05-25,123.0
2007-05-28,123.5
2007-05-29,121.5
2007-05-30,121.75
2007-05-31,124.0
2007-06-01,125.0
2007-06-04,125.4
2007-06-05,125.5
2007-06-06,125.5
2007-06-07,124.4
2007-06-08,123.5
2007-06-11,124.95
2007-06-12,123.0
2007-06-13,121.4
2007-06-14,121.25
2007-06-15,121.2
2007-06-18,121.25
2007-06-19,122.45
2007-06-20,119.75
2007-06-21,119.35
2007-06-22,121.85
2007-06-25,119.65
2007-06-26,120.75
2007-06-27,120.0
2007-06-28,119.5
2007-06-29,119.9
2007-07-02,116.5
2007-07-03,116.25
2007-07-04,118.0
2007-07-05,116.5
2007-07-06,118.0
2007-07-09,118.75
2007-07-10,115.95
2007-07-11,116.5
2007-07-12,116.5
2007-07-13,117.25
2007-07-16,121.0
2007-07-17,120.3
2007-07-18,120.9
2007-07-19,120.9
2007-07-20,120.7
2007-07-23,120.55
2007-07-24,120.5
2007-07-25,120.5
2007-07-26,121.5
2007-07-27,122.5
2007-07-31,123.25
2007-08-01,123.7
2007-08-02,128.0
2007-08-03,129.0
2007-08-06,128.0
2007-08-07,129.95
2007-08-08,129.5
2007-08-09,131.5
2007-08-10,130.05
2007-08-13,129.45
2007-08-15,126.5
2007-08-16,126.0
2007-08-17,126.45
2007-08-22,125.05
2007-08-23,125.95
2007-08-24,126.25
2007-08-27,126.9
2007-08-28,129.0
2007-08-29,128.75
2007-08-30,128.5
2007-08-31,127.5
2007-09-03,128.5
2007-09-04,128.25
2007-09-05,134.75
2007-09-06,126.7
2007-09-07,128.0
2007-09-10,128.45
2007-09-11,125.1
2007-09-12,125.1
2007-09-13,125.5
2007-09-14,126.6
2007-09-17,124.95
2007-09-18,125.5
2007-09-19,125.0
2007-09-20,126.0
2007-09-21,125.0
2007-09-24,124.0
2007-09-25,124.0
2007-09-26,122.75
2007-09-27,123.0
2007-09-28,123.25
2007-10-01,123.0
2007-10-02,123.7
2007-10-03,123.5
2007-10-04,122.5
2007-10-05,121.4
2007-10-08,122.5
2007-10-09,121.75
2007-10-10,120.75
2007-10-11,120.8
2007-10-12,120.8
2007-10-15,120.85
2007-10-16,121.0
2007-10-17,120.75
2007-10-18,121.0
2007-10-19,120.95
2007-10-22,121.25
2007-10-23,122.0
2007-10-24,121.5
2007-10-25,118.8
2007-10-26,120.0
2007-10-29,120.0
2007-10-30,119.95
2007-10-31,118.45
2007-11-01,117.5
2007-11-02,120.25
2007-11-05,118.5
2007-11-07,118.1
2007-11-08,117.15
2007-11-09,118.3
2007-11-12,117.5
2007-11-13,116.75
2007-11-14,116.0
2007-11-15,115.25
2007-11-16,115.35
2007-11-19,115.7
2007-11-20,115.0
2007-11-23,116.95
2007-11-26,114.95
2007-11-27,113.2
2007-11-28,113.5
2007-11-29,113.55
2007-11-30,114.5
2007-12-03,112.5
2007-12-04,112.5
2007-12-05,112.0
2007-12-06,107.0
2007-12-07,107.55
2007-12-10,107.5
2007-12-11,107.25
2007-12-12,105.3
2007-12-13,105.3
2007-12-14,104.5
2007-12-17,104.9
2007-12-18,107.5
2007-12-19,110.0
2007-12-20,109.5
2007-12-24,107.5
2007-12-25,107.85
2007-12-26,109.0
2007-12-27,111.0
2007-12-28,114.2
2007-12-31,114.95
2008-01-02,117.5
2008-01-03,119.0
2008-01-04,119.9
2008-01-07,118.4
2008-01-08,119.0
2008-01-09,120.5
2008-01-14,119.0
2008-01-15,120.0
2008-01-16,121.25
2008-01-17,122.0
2008-01-18,121.45
2008-01-21,119.0
2008-01-22,118.5
2008-01-23,120.05
2008-01-24,120.0
2008-01-25,120.0
2008-01-28,119.0
2008-01-29,121.1
2008-01-30,122.75
2008-01-31,121.25
2008-02-01,121.45
2008-02-04,121.25
2008-02-05,121.95
2008-02-06,121.0
2008-02-07,121.0
2008-02-08,121.0
2008-02-11,121.05
2008-02-12,121.75
2008-02-13,121.5
2008-02-14,121.5
2008-02-15,120.5
2008-02-18,125.5
2008-02-19,128.0
2008-02-20,127.5
2008-02-21,128.0
2008-02-22,131.75
2008-02-25,131.0
2008-02-26,131.0
2008-02-27,130.75
2008-02-28,130.75
2008-02-29,131.0
2008-03-03,126.55
2008-03-04,122.5
2008-03-05,123.5
2008-03-06,124.25
2008-03-07,124.3
2008-03-10,122.5
2008-03-11,122.5
2008-03-12,124.5
2008-03-13,124.0
2008-03-14,124.0
2008-03-17,123.0
2008-03-18,121.9
2008-03-19,120.85
2008-03-24,121.0
2008-03-25,120.25
2008-03-26,120.05
2008-03-27,120.0
2008-03-28,117.5
2008-03-31,116.0
2008-04-01,115.6
2008-04-02,113.0
2008-04-03,115.0
2008-04-04,115.5
2008-04-07,118.0
2008-04-08,120.0
2008-04-09,119.7
2008-04-10,119.7
2008-04-11,118.5
2008-04-14,117.5
2008-04-15,117.5
2008-04-16,118.45
2008-04-17,115.75
2008-04-18,116.0
2008-04-21,117.45
2008-04-22,115.55
2008-04-23,115.65
2008-04-24,114.25
2008-04-25,113.85
2008-04-28,113.2
2008-04-29,113.45
2008-04-30,112.0
2008-05-02,112.55
2008-05-05,113.0
2008-05-06,113.75
2008-05-07,113.15
2008-05-08,114.95
2008-05-09,115.0
2008-05-12,117.0
2008-05-13,117.0
2008-05-14,115.15
2008-05-15,115.0
2008-05-16,117.5
2008-05-19,114.05
2008-05-20,120.0
2008-05-21,121.5
2008-05-22,117.75
2008-05-23,119.5
2008-05-26,117.5
2008-05-27,123.95
2008-05-28,126.25
2008-05-29,125.0
2008-05-30,125.0
2008-06-02,125.0
2008-06-03,124.0
2008-06-04,124.0
2008-06-05,126.0
2008-06-06,128.75
2008-06-09,131.5
2008-06-10,132.0
2008-06-11,130.0
2008-06-12,129.0
2008-06-13,127.6
2008-06-16,125.5
2008-06-17,125.75
2008-06-18,125.25
2008-06-19,126.95
2008-06-20,125.1
2008-06-23,123.55
2008-06-24,123.9
2008-06-25,124.0
2008-06-26,123.35
2008-06-27,123.05
2008-06-30,123.45
2008-07-01,123.95
2008-07-02,123.95
2008-07-03,127.0
2008-07-04,127.0
2008-07-07,124.3
2008-07-08,128.2
2008-07-09,128.7
2008-07-10,132.75
2008-07-11,134.1
2008-07-14,134.05
2008-07-15,134.1
2008-07-16,133.75
2008-07-17,133.0
2008-07-18,134.0
2008-07-21,133.5
2008-07-22,133.15
2008-07-23,134.35
2008-07-24,137.2
2008-07-25,140.0
2008-07-28,138.75
2008-07-29,135.8
2008-07-31,135.0
2008-08-01,135.0
2008-08-04,135.0
2008-08-05,134.0
2008-08-06,132.8
2008-08-07,132.9
2008-08-08,133.15
2008-08-11,133.25
2008-08-12,133.15
2008-08-13,133.5
2008-08-15,133.1
2008-08-18,133.65
2008-08-19,132.75
2008-08-22,133.65
2008-08-25,133.05
2008-08-26,133.3
2008-08-27,133.05
2008-08-28,134.2
2008-08-29,135.0
2008-09-01,133.85
2008-09-02,135.0
2008-09-03,134.05
2008-09-04,134.1
2008-09-05,133.0
2008-09-08,130.0
2008-09-09,127.85
2008-09-10,123.0
2008-09-11,124.0
2008-09-12,123.05
2008-09-15,120.0
2008-09-16,112.8
2008-09-17,117.5
2008-09-18,121.0
2008-09-19,128.25
2008-09-22,130.3
2008-09-23,127.5
2008-09-24,128.25
2008-09-25,125.0
2008-09-26,129.5
2008-09-29,129.6
2008-09-30,123.95
2008-10-03,120.25
2008-10-06,117.75
2008-10-07,115.0
2008-10-08,115.5
2008-10-09,115.0
2008-10-10,117.5
2008-10-13,123.75
2008-10-14,123.7
2008-10-15,122.5
2008-10-16,119.05
2008-10-17,120.0
2008-10-20,120.5
2008-10-21,120.0
2008-10-22,117.5
2008-10-23,115.35
2008-10-24,116.95
2008-10-27,109.95
2008-10-28,110.35
2008-10-29,110.35
2008-10-30,110.35
2008-10-31,110.35
2008-11-03,114.5
2008-11-04,116.0
2008-11-05,117.25
2008-11-07,117.0
2008-11-10,116.5
2008-11-11,114.25
2008-11-12,112.5
2008-11-13,109.8
2008-11-14,114.0
2008-11-17,115.0
2008-11-19,114.0
2008-11-20,111.25
2008-11-21,106.0
2008-11-24,102.5
2008-11-25,101.0
2008-11-26,103.05
2008-11-27,104.05
2008-11-28,103.5
2008-12-01,103.0
2008-12-02,103.5
2008-12-03,100.6
2008-12-04,103.5
2008-12-05,102.7
2008-12-08,108.45
2008-12-11,112.45
2008-12-12,112.0
2008-12-15,111.65
2008-12-16,111.25
2008-12-17,110.5
2008-12-18,112.0
2008-12-19,111.05
2008-12-22,114.5
2008-12-23,114.65
2008-12-24,112.05
2008-12-25,112.0
2008-12-26,112.5
2008-12-30,116.5
2008-12-31,120.0
2009-01-02,112.8
2009-01-05,110.0
2009-01-06,111.0
2009-01-07,111.0
2009-01-08,111.0
2009-01-09,111.0
2009-01-12,111.0
2009-01-13,111.0
2009-01-14,115.0
2009-01-15,115.05
2009-01-16,115.5
2009-01-19,115.75
2009-01-20,118.4
2009-01-21,118.75
2009-01-22,122.0
2009-01-23,125.0
2009-01-26,122.5
2009-01-27,124.0
2009-01-28,126.5
2009-01-29,127.5
2009-01-30,128.0
2009-02-02,127.5
2009-02-03,125.5
2009-02-04,125.0
2009-02-05,122.5
2009-02-06,124.95
2009-02-09,121.5
2009-02-10,122.5
2009-02-11,122.5
2009-02-12,122.425
2009-02-13,123.2
2009-02-16,122.0
2009-02-17,122.5
2009-02-18,125.0
2009-02-19,127.5
2009-02-20,126.275
2009-02-23,126.575
2009-02-24,127.25
2009-02-25,129.5
2009-02-26,130.075
2009-02-27,131.0
2009-03-02,130.5
2009-03-03,131.55
2009-03-04,131.0
2009-03-05,130.0
2009-03-06,131.975
2009-03-09,130.1
2009-03-12,130.05
2009-03-13,129.05
2009-03-16,131.4
2009-03-17,131.05
2009-03-18,131.0
2009-03-19,131.0
2009-03-20,130.275
2009-03-23,129.95
2009-03-24,127.5
2009-03-25,129.925
2009-03-26,130.0
2009-03-27,130.75
2009-03-30,130.75
2009-03-31,128.05
2009-04-01,128.75
2009-04-02,129.0
2009-04-03,128.0
2009-04-06,127.5
2009-04-07,127.5
2009-04-08,127.5
2009-04-09,129.5
2009-04-10,125.35
2009-04-13,125.55
2009-04-14,129.45
2009-04-15,126.0
2009-04-16,130.0
2009-04-17,130.0
2009-04-20,128.0
2009-04-21,130.0
2009-04-22,128.05
2009-04-23,129.0
2009-04-24,128.6
2009-04-27,127.5
2009-04-28,127.5
2009-04-29,127.5
2009-04-30,127.5
2009-05-04,129.95
2009-05-05,129.85
2009-05-06,129.8
2009-05-07,129.45
2009-05-08,127.8
2009-05-11,128.5
2009-05-12,128.25
2009-05-13,128.5
2009-05-14,127.625
2009-05-15,128.5
2009-05-18,125.5
2009-05-19,127.5
2009-05-20,127.5
2009-05-21,128.475
2009-05-22,126.3
2009-05-25,127.5
2009-05-26,126.8
2009-05-27,128.0
2009-05-28,127.5
2009-05-29,127.775
2009-06-01,128.45
2009-06-02,129.0
2009-06-03,130.0
2009-06-04,131.0
2009-06-05,132.25
2009-06-08,132.0
2009-06-09,130.525
2009-06-10,130.5
2009-06-11,129.9
2009-06-12,130.575
2009-06-15,130.0
2009-06-16,132.0
2009-06-17,132.075
2009-06-18,131.5
2009-06-19,130.525
2009-06-22,130.575
2009-06-23,131.0
2009-06-24,132.5
2009-06-25,130.5
2009-06-26,130.5
2009-06-29,131.5
2009-06-30,131.5
2009-07-01,132.0
2009-07-02,131.475
2009-07-03,128.5
2009-07-06,128.5
2009-07-07,126.775
2009-07-08,126.8
2009-07-09,126.35
2009-07-10,128.95
2009-07-13,127.5
2009-07-14,126.5
2009-07-15,126.0
2009-07-16,125.5
2009-07-17,125.5
2009-07-20,124.0
2009-07-21,124.025
2009-07-22,121.5
2009-07-23,123.5
2009-07-24,125.0
2009-07-27,125.025
2009-07-28,123.65
2009-07-29,124.0
2009-07-31,124.0
2009-08-03,125.075
2009-08-04,125.25
2009-08-05,127.0
2009-08-06,125.55
2009-08-07,126.25
2009-08-10,128.0
2009-08-11,127.95
2009-08-12,125.6
2009-08-13,127.0
2009-08-17,125.5
2009-08-18,126.5
2009-08-19,128.0
2009-08-24,127.5
2009-08-25,130.0
2009-08-26,132.5
2009-08-27,131.5
2009-08-28,137.5
2009-08-31,138.5
2009-09-01,137.05
2009-09-02,132.5
2009-09-03,129.75
2009-09-04,132.5
2009-09-07,132.5
2009-09-08,132.0
2009-09-09,136.75
2009-09-10,136.5
2009-09-11,134.5
2009-09-14,135.0
2009-09-15,134.5
2009-09-16,132.1
2009-09-17,132.5
2009-09-18,134.0
2009-09-23,134.0
2009-09-24,133.95
2009-09-25,132.525
2009-09-28,133.95
2009-09-29,131.25
2009-09-30,134.0
2009-10-01,132.75
2009-10-02,133.5
2009-10-05,133.0
2009-10-06,133.0
2009-10-07,133.95
2009-10-08,133.5
2009-10-09,133.45
2009-10-12,133.5
2009-10-13,132.5
2009-10-14,132.5
2009-10-15,133.5
2009-10-16,133.5
2009-10-19,133.75
2009-10-20,134.0
2009-10-21,130.0
2009-10-22,133.75
2009-10-23,132.45
2009-10-26,131.15
2009-10-27,132.45
2009-10-28,132.45
2009-10-29,132.5
2009-10-30,134.05
2009-11-02,133.975
2009-11-03,132.5
2009-11-04,133.5
2009-11-05,130.5
2009-11-09,132.5
2009-11-10,132.0
2009-11-11,131.25
2009-11-12,130.0
2009-11-13,129.0
2009-11-16,128.5
2009-11-17,127.75
2009-11-19,127.8
2009-11-20,129.4
2009-11-23,129.0
2009-11-24,126.05
2009-11-25,125.05
2009-11-26,128.475
2009-11-27,123.875
2009-11-30,124.0
2009-12-01,124.0
2009-12-02,125.5
2009-12-03,124.875
2009-12-04,121.55
2009-12-07,120.0
2009-12-08,120.5
2009-12-09,120.35
2009-12-10,121.55
2009-12-11,122.5
2009-12-14,121.6
2009-12-15,121.5
2009-12-16,120.0
2009-12-17,122.4
2009-12-21,121.825
2009-12-22,120.2
2009-12-23,122.5
2009-12-24,123.0
2009-12-25,122.5
2009-12-28,121.0
2009-12-29,121.0
2009-12-30,120.0
2009-12-31,121.5
2010-01-04,118.5
2010-01-05,120.5
2010-01-06,124.0
2010-01-07,127.45
2010-01-08,127.75
2010-01-12,127.0
2010-01-13,127.25
2010-01-14,127.975
2010-01-15,128.45
2010-01-18,127.925
2010-01-19,127.5
2010-01-20,127.95
2010-01-21,127.5
2010-01-22,125.775
2010-01-25,127.0
2010-01-26,127.0
2010-01-27,127.575
2010-01-28,129.55
2010-01-29,128.5
2010-02-01,128.55
2010-02-02,129.475
2010-02-03,128.0
2010-02-04,128.025
2010-02-05,128.0
2010-02-08,128.5
2010-02-09,130.0
2010-02-10,131.0
2010-02-11,131.0
2010-02-12,132.5
2010-02-15,132.45
2010-02-16,131.35
2010-02-17,132.0
2010-02-18,132.0
2010-02-19,132.5
2010-02-22,133.425
2010-02-23,132.1
2010-02-24,132.05
2010-02-25,130.7
2010-02-26,132.25
2010-03-01,131.0
2010-03-02,130.525
2010-03-03,130.525
2010-03-04,130.575
2010-03-05,130.75
2010-03-08,130.875
2010-03-09,131.0
2010-03-10,130.5
2010-03-11,130.75
2010-03-12,131.5
2010-03-15,130.75
2010-03-16,131.0
2010-03-17,131.0
2010-03-18,128.15
2010-03-19,128.5
2010-03-22,128.5
2010-03-23,128.5
2010-03-24,128.475
2010-03-25,129.5
2010-03-26,130.0
2010-03-29,137.8
2010-03-30,142.45
2010-03-31,140.075
2010-04-01,138.5
2010-04-02,141.55
2010-04-05,145.0
2010-04-06,143.5
2010-04-07,142.5
2010-04-08,142.5
2010-04-09,143.0
2010-04-12,149.0
2010-04-13,150.0
2010-04-14,149.0
2010-04-15,152.5
2010-04-16,152.5
2010-04-19,157.5
2010-04-20,157.0
2010-04-21,150.0
2010-04-22,152.475
2010-04-23,150.75
2010-04-26,150.5
2010-04-27,152.0
2010-04-28,151.5
2010-04-29,153.5
2010-04-30,153.5
2010-05-03,153.525
2010-05-04,154.45
2010-05-05,155.0
2010-05-06,156.0
2010-05-07,154.75
2010-05-10,153.525
2010-05-11,159.5
2010-05-12,157.25
2010-05-13,158.475
2010-05-14,161.5
2010-05-17,162.5
2010-05-18,164.0
2010-05-19,165.0
2010-05-20,165.5
2010-05-21,166.0
2010-05-24,163.45
2010-05-25,162.5
2010-05-26,162.5
2010-05-27,161.025
2010-05-28,164.95
2010-05-31,164.0
2010-06-01,163.975
2010-06-02,164.4
2010-06-03,164.3
2010-06-04,165.0
2010-06-07,164.95
2010-06-08,164.5
2010-06-09,163.0
2010-06-10,164.0
2010-06-11,162.5
2010-06-14,161.0
2010-06-15,161.5
2010-06-16,158.5
2010-06-17,159.5
2010-06-18,155.0
2010-06-21,155.0
2010-06-22,155.0
2010-06-23,155.0
2010-06-24,155.025
2010-06-25,153.175
2010-06-28,156.5
2010-06-29,153.175
2010-06-30,150.0
2010-07-01,150.0
2010-07-02,152.0
2010-07-05,151.5
2010-07-06,150.5
2010-07-07,151.25
2010-07-08,150.75
2010-07-09,151.05
2010-07-12,150.8
2010-07-13,153.5
2010-07-14,152.075
2010-07-15,152.0
2010-07-16,151.975
2010-07-19,151.35
2010-07-20,152.0
2010-07-21,152.0
2010-07-22,152.45
2010-07-23,153.5
2010-07-26,153.5
2010-07-27,151.6
2010-07-28,153.5
2010-07-29,154.35
2010-08-02,154.5
2010-08-03,152.0
2010-08-04,154.0
2010-08-05,154.5
2010-08-06,155.0
2010-08-09,157.5
2010-08-10,157.5
2010-08-11,157.525
2010-08-12,155.65
2010-08-13,155.65
2010-08-16,155.7
2010-08-17,155.75
2010-08-18,155.65
2010-08-19,155.5
2010-08-23,160.0
2010-08-24,160.0
2010-08-25,162.5
2010-08-26,162.5
2010-08-27,162.5
2010-08-30,158.275
2010-08-31,163.0
2010-09-01,162.5
2010-09-02,162.5
2010-09-03,162.5
2010-09-06,163.5
2010-09-07,164.0
2010-09-08,165.0
2010-09-09,165.0
2010-09-13,165.1
2010-09-14,165.0
2010-09-15,166.5
2010-09-16,165.525
2010-09-17,167.0
2010-09-20,166.5
2010-09-21,165.0
2010-09-22,165.05
2010-09-23,165.05
2010-09-24,165.05
2010-09-27,165.05
2010-09-28,174.95
2010-09-29,180.75
2010-09-30,186.5
2010-10-01,183.5
2010-10-04,180.0
2010-10-05,180.0
2010-10-06,182.525
2010-10-07,185.1
2010-10-08,185.0
2010-10-11,185.525
2010-10-12,189.0
2010-10-13,189.75
2010-10-14,190.125
2010-10-15,190.5
2010-10-18,190.075
2010-10-19,190.25
2010-10-20,194.0
2010-10-21,197.45
2010-10-22,198.5
2010-10-25,202.5
2010-10-26,198.0
2010-10-27,197.2
2010-10-28,198.525
2010-10-29,200.0
2010-11-01,200.0
2010-11-02,199.975
2010-11-03,198.1
2010-11-04,200.0
2010-11-05,198.1
2010-11-08,199.975
2010-11-09,198.1
2010-11-10,198.25
2010-11-11,198.2
2010-11-12,198.0
2010-11-15,197.5
2010-11-16,195.5
2010-11-19,196.875
2010-11-22,196.725
2010-11-23,197.5
2010-11-24,197.5
2010-11-25,196.0
2010-11-26,194.0
2010-11-29,194.5
2010-11-30,194.55
2010-12-01,195.0
2010-12-02,198.0
2010-12-03,199.0
2010-12-06,199.7
2010-12-08,200.0
2010-12-09,203.5
2010-12-10,200.0
2010-12-13,200.0
2010-12-14,197.5
2010-12-15,197.05
2010-12-16,197.6
2010-12-17,201.0
2010-12-20,210.0
2010-12-21,214.85
2010-12-22,213.05
2010-12-23,208.3
2010-12-24,208.95
2010-12-27,205.95
2010-12-28,202.0
2010-12-29,202.0
2010-12-30,207.5
2010-12-31,210.0
2011-01-03,209.5
2011-01-04,210.5
2011-01-05,214.25
2011-01-06,217.5
2011-01-07,220.0
2011-01-10,222.55
2011-01-12,232.5
2011-01-13,230.0
2011-01-14,229.0
2011-01-17,222.5
2011-01-18,225.0
2011-01-19,222.75
2011-01-20,223.5
2011-01-21,225.0
2011-01-24,228.0
2011-01-25,234.0
2011-01-26,237.0
2011-01-27,235.0
2011-01-28,227.5
2011-01-31,219.0
2011-02-01,210.0
2011-02-02,216.5
2011-02-03,203.525
2011-02-04,211.0
2011-02-07,222.0
2011-02-08,227.15
2011-02-09,225.0
2011-02-10,216.0
2011-02-11,213.0
2011-02-14,219.5
2011-02-15,218.0
2011-02-18,214.5
2011-02-21,204.5
2011-02-22,202.5
2011-02-23,202.5
2011-02-24,204.0
2011-02-25,208.5
2011-02-28,211.95
2011-03-01,220.05
2011-03-02,223.25
2011-03-03,217.525
2011-03-04,220.0
2011-03-07,212.5
2011-03-08,218.25
2011-03-09,217.0
2011-03-10,217.55
2011-03-11,220.0
2011-03-14,219.5
2011-03-15,215.0
2011-03-16,216.0
2011-03-17,216.0
2011-03-18,215.0
2011-03-21,216.0
2011-03-22,216.5
2011-03-23,216.5
2011-03-24,215.0
2011-03-25,210.5
2011-03-28,211.5
2011-03-29,208.025
2011-03-30,208.25
2011-03-31,199.0
2011-04-01,192.5
2011-04-04,185.0
2011-04-05,187.55
2011-04-06,193.0
2011-04-07,200.9
2011-04-08,195.0
2011-04-11,195.0
2011-04-12,192.5
2011-04-13,190.0
2011-04-14,188.5
2011-04-15,190.0
2011-04-18,190.0
2011-04-19,190.0
2011-04-20,194.45
2011-04-21,193.95
2011-04-22,197.6
2011-04-25,200.0
2011-04-26,200.1
2011-04-27,201.025
2011-04-28,201.0
2011-04-29,197.5
2011-05-02,200.0
2011-05-03,200.075
2011-05-04,200.125
2011-05-05,200.5
2011-05-06,200.5
2011-05-09,202.25
2011-05-10,202.25
2011-05-11,202.0
2011-05-12,203.5
2011-05-13,205.0
2011-05-16,203.75
2011-05-17,205.95
2011-05-18,205.25
2011-05-19,205.5
2011-05-20,205.5
2011-05-23,205.5
2011-05-24,205.5
2011-05-25,209.9
2011-05-26,209.875
2011-05-27,209.5
2011-05-30,209.5
2011-05-31,207.5
2011-06-01,207.5
2011-06-02,207.5
2011-06-03,206.5
2011-06-06,206.6
2011-06-07,206.3
2011-06-08,206.75
2011-06-09,206.275
2011-06-10,206.05
2011-06-13,203.15
2011-06-14,203.2
2011-06-15,203.25
2011-06-16,203.0
2011-06-17,203.0
2011-06-20,201.5
2011-06-21,200.525
2011-06-22,200.0
2011-06-23,200.025
2011-06-24,200.3
2011-06-27,207.5
2011-06-28,207.175
2011-06-29,205.0
2011-06-30,200.0
2011-07-01,200.0
2011-07-04,200.775
2011-07-05,198.0
2011-07-06,200.0
2011-07-07,202.0
2011-07-08,202.5
2011-07-11,203.475
2011-07-12,200.0
2011-07-13,199.55
2011-07-14,199.025
2011-07-15,199.025
2011-07-18,199.05
2011-07-19,199.0
2011-07-20,199.925
2011-07-21,201.25
2011-07-22,200.0
2011-07-25,200.0
2011-07-26,200.05
2011-07-27,200.025
2011-07-28,200.1
2011-07-29,200.0
2011-08-01,200.0
2011-08-02,200.0
2011-08-03,200.05
2011-08-04,200.0
2011-08-05,200.0
2011-08-08,200.0
2011-08-09,200.0
2011-08-10,199.5
2011-08-11,200.0
2011-08-12,201.325
2011-08-15,200.6
2011-08-16,200.0
2011-08-17,200.0
2011-08-18,200.0
2011-08-19,200.0
2011-08-22,200.0
2011-08-23,200.0
2011-08-24,200.0
2011-08-25,200.0
2011-08-26,200.0
2011-08-29,200.0
2011-08-30,202.0
2011-09-02,200.0
2011-09-05,200.0
2011-09-06,200.0
2011-09-07,200.0
2011-09-08,202.0
2011-09-09,200.0
2011-09-12,200.0
2011-09-13,200.0
2011-09-14,200.0
2011-09-15,197.75
2011-09-16,200.0
2011-09-19,200.0
2011-09-20,200.0
2011-09-21,199.0
2011-09-22,200.0
2011-09-23,200.0
2011-09-26,197.5
2011-09-27,200.0
2011-09-28,197.5
2011-09-29,197.55
2011-09-30,199.0
2011-10-03,195.0
2011-10-04,195.0
2011-10-05,192.5
2011-10-06,198.0
2011-10-07,197.45
2011-10-10,195.0
2011-10-11,195.0
2011-10-12,195.0
2011-10-13,194.975
2011-10-14,194.975
2011-10-17,194.5
2011-10-18,194.975
2011-10-19,194.5
2011-10-20,194.5
2011-10-21,194.475
2011-10-24,194.475
2011-10-25,194.25
2011-10-26,194.0
2011-10-27,194.975
2011-10-28,195.5
2011-10-31,197.0
2011-11-01,197.0
2011-11-02,200.0
2011-11-03,198.0
2011-11-04,198.0
2011-11-09,199.5
2011-11-10,199.0
2011-11-11,198.0
2011-11-14,197.5
2011-11-15,197.0
2011-11-16,196.5
2011-11-17,196.4
2011-11-21,196.0
2011-11-22,194.9
2011-11-23,193.0
2011-11-24,193.0
2011-11-25,191.4
2011-11-28,193.8
2011-11-29,192.8
2011-11-30,195.0
2011-12-01,194.7
2011-12-02,195.0
2011-12-05,194.8
2011-12-06,194.8
2011-12-07,194.8
2011-12-08,194.9
2011-12-09,194.0
2011-12-12,194.0
2011-12-13,194.9
2011-12-14,193.8
2011-12-15,195.0
2011-12-16,193.2
2011-12-19,193.0
2011-12-20,193.5
2011-12-21,195.0
2011-12-22,195.95
2011-12-23,196.0
2011-12-26,196.5
2011-12-27,196.5
2011-12-28,197.4
2011-12-29,199.5
2011-12-30,198.5
2012-01-02,197.0
2012-01-03,193.1
2012-01-04,196.5
2012-01-05,197.0
2012-01-06,196.0
2012-01-09,196.0
2012-01-10,196.0
2012-01-12,196.8
2012-01-13,196.1
2012-01-16,196.0
2012-01-17,196.05
2012-01-18,196.1
2012-01-19,196.65
2012-01-20,197.0
2012-01-23,196.75
2012-01-24,196.0
2012-01-25,196.6
2012-01-26,196.25
2012-01-27,196.7
2012-01-30,196.65
2012-01-31,197.05
2012-02-01,198.0
2012-02-02,198.9
2012-02-03,204.0
2012-02-07,202.0
2012-02-08,203.0
2012-02-09,202.55
2012-02-10,201.7
2012-02-13,201.0
2012-02-14,200.0
2012-02-15,202.0
2012-02-16,201.0
2012-02-17,202.0
2012-02-20,203.95
2012-02-21,203.2
2012-02-22,203.0
2012-02-23,203.0
2012-02-24,202.0
2012-02-27,200.05
2012-02-28,202.0
2012-02-29,202.0
2012-03-01,202.85
2012-03-02,201.55
2012-03-05,202.0
2012-03-06,200.2
2012-03-07,200.6
2012-03-08,201.5
2012-03-09,200.75
2012-03-12,200.9
2012-03-13,200.4
2012-03-14,199.9
2012-03-15,199.0
2012-03-16,197.95
2012-03-19,199.5
2012-03-20,199.5
2012-03-21,200.0
2012-03-22,199.9
2012-03-23,199.5
2012-03-26,199.95
2012-03-27,199.85
2012-03-28,199.5
2012-03-29,199.0
2012-03-30,199.0
2012-04-02,199.0
2012-04-03,198.9
2012-04-04,198.1
2012-04-05,198.75
2012-04-06,198.0
2012-04-09,198.0
2012-04-10,197.95
2012-04-11,196.0
2012-04-12,196.5
2012-04-13,196.5
2012-04-16,196.5
2012-04-17,196.5
2012-04-18,190.0
2012-04-19,190.0
2012-04-20,191.0
2012-04-23,191.0
2012-04-24,191.0
2012-04-25,191.0
2012-04-26,192.9
2012-04-27,192.95
2012-04-30,194.0
2012-05-02,194.0
2012-05-03,194.0
2012-05-04,195.7
2012-05-07,197.9
2012-05-08,196.0
2012-05-09,195.85
2012-05-10,195.5
2012-05-11,195.5
2012-05-14,195.5
2012-05-15,195.5
2012-05-16,195.4
2012-05-17,194.0
2012-05-18,190.0
2012-05-21,193.0
2012-05-22,192.9
2012-05-23,193.9
2012-05-24,192.0
2012-05-25,193.45
2012-05-28,193.2
2012-05-29,196.0
2012-05-30,195.0
2012-05-31,195.0
2012-06-01,194.5
2012-06-04,195.0
2012-06-05,196.0
2012-06-06,198.0
2012-06-07,198.0
2012-06-08,198.0
2012-06-11,202.0
2012-06-12,202.0
2012-06-13,202.0
2012-06-14,202.0
2012-06-15,202.0
2012-06-18,202.0
2012-06-19,202.0
2012-06-20,202.0
2012-06-21,202.15
2012-06-22,202.0
2012-06-25,202.3
2012-06-26,197.6
2012-06-27,199.5
2012-06-28,197.9
2012-06-29,198.0
2012-07-02,200.0
2012-07-03,199.9
2012-07-04,198.0
2012-07-05,198.0
2012-07-06,199.9
2012-07-09,198.0
2012-07-10,198.6
2012-07-11,198.85
2012-07-12,198.5
2012-07-13,198.1
2012-07-16,198.85
2012-07-17,199.95
2012-07-18,200.0
2012-07-19,199.95
2012-07-20,199.0
2012-07-23,198.6
2012-07-24,198.2
2012-07-25,199.5
2012-07-26,198.0
2012-07-27,198.0
2012-07-31,199.0
2012-08-01,199.4
2012-08-02,198.25
2012-08-03,199.0
2012-08-06,199.55
2012-08-07,199.1
2012-08-08,198.05
2012-08-09,198.15
2012-08-10,200.0
2012-08-13,198.0
2012-08-15,198.0
2012-08-16,198.0
2012-08-17,200.0
2012-08-22,198.0
2012-08-23,198.1
2012-08-24,198.15
2012-08-27,198.1
2012-08-28,198.5
2012-08-29,199.0
2012-08-30,200.0
2012-08-31,198.5
2012-09-03,199.5
2012-09-04,199.7
2012-09-05,200.0
2012-09-06,200.0
2012-09-07,200.0
2012-09-10,200.0
2012-09-11,200.0
2012-09-12,200.0
2012-09-13,200.05
2012-09-14,201.0
2012-09-17,200.15
2012-09-18,200.25
2012-09-19,202.0
2012-09-20,202.5
2012-09-21,202.0
2012-09-24,201.8
2012-09-25,200.2
2012-09-26,201.0
2012-09-27,200.0
2012-09-28,200.0
2012-10-01,200.5
2012-10-02,199.5
2012-10-03,199.5
2012-10-04,199.3
2012-10-05,199.3
2012-10-08,199.2
2012-10-09,198.0
2012-10-10,198.0
2012-10-11,197.4
2012-10-12,197.4
2012-10-15,197.0
2012-10-16,197.0
2012-10-17,198.0
2012-10-18,197.7
2012-10-19,196.0
2012-10-22,197.0
2012-10-23,197.9
2012-10-24,197.9
2012-10-25,197.95
2012-10-29,197.9
2012-10-30,196.9
2012-10-31,197.5
2012-11-01,198.0
2012-11-02,198.0
2012-11-05,199.0
2012-11-07,199.95
2012-11-08,199.95
2012-11-09,199.0
2012-11-12,199.0
2012-11-13,199.95
2012-11-14,199.0
2012-11-15,200.0
2012-11-19,199.0
2012-11-20,198.5
2012-11-21,199.0
2012-11-22,198.2
2012-11-23,197.8
2012-11-26,196.0
2012-11-27,197.0
2012-11-28,197.0
2012-11-29,197.0
2012-11-30,197.0
2012-12-03,197.0
2012-12-04,198.4
2012-12-05,198.95
2012-12-06,198.0
2012-12-07,198.0
2012-12-10,197.9
2012-12-11,197.5
2012-12-12,197.0
2012-12-13,198.0
2012-12-14,197.8
2012-12-17,197.0
2012-12-18,197.0
2012-12-19,197.0
2012-12-20,196.0
2012-12-21,195.5
2012-12-24,195.95
2012-12-25,197.0
2012-12-26,197.0
2012-12-27,196.2
2012-12-28,197.7
2012-12-31,196.9
2013-01-02,196.0
2013-01-03,197.0
2013-01-04,197.0
2013-01-07,197.0
2013-01-08,197.0
2013-01-09,197.0
2013-01-10,196.0
2013-01-14,196.0
2013-01-15,190.15
2013-01-16,178.75
2013-01-17,182.0
2013-01-18,185.5
2013-01-21,185.9
2013-01-22,186.0
2013-01-23,186.0
2013-01-28,195.0
2013-01-29,194.0
2013-01-30,187.0
2013-01-31,187.1
2013-02-01,188.5
2013-02-04,189.0
2013-02-05,193.8
2013-02-06,193.8
2013-02-07,190.0
2013-02-08,190.0
2013-02-11,194.0
2013-02-12,194.0
2013-02-13,193.2
2013-02-14,193.9
2013-02-15,192.1
2013-02-18,192.9
2013-02-19,191.0
2013-02-20,192.5
2013-02-21,191.5
2013-02-22,191.5
2013-02-25,191.5
2013-02-26,191.5
2013-02-27,191.3
2013-02-28,191.0
2013-03-01,190.5
2013-03-04,190.5
2013-03-05,191.3
2013-03-06,191.0
2013-03-07,191.0
2013-03-08,191.0
2013-03-11,191.5
2013-03-12,191.5
2013-03-13,191.5
2013-03-14,191.45
2013-03-15,191.4
2013-03-18,191.0
2013-03-19,191.5
2013-03-20,191.5
2013-03-21,191.5
2013-03-22,191.0
2013-03-25,189.9
2013-03-26,188.9
2013-03-27,190.0
2013-03-28,192.0
2013-03-29,192.0
2013-04-01,191.2
2013-04-02,192.0
2013-04-03,193.0
2013-04-04,191.5
2013-04-05,191.5
2013-04-08,191.55
2013-04-09,193.0
2013-04-10,193.0
2013-04-11,193.0
2013-04-12,193.25
2013-04-15,193.25
2013-04-16,193.0
2013-04-17,193.05
2013-04-18,193.05
2013-04-19,193.6
2013-04-22,192.5
2013-04-23,190.3
2013-04-24,192.0
2013-04-25,188.0
2013-04-26,189.0
2013-04-29,189.0
2013-04-30,187.0
2013-05-02,187.2
2013-05-03,187.1
2013-05-06,187.0
2013-05-07,188.15
2013-05-08,190.0
2013-05-09,193.0
2013-05-10,190.0
2013-05-13,192.5
2013-05-14,190.0
2013-05-15,191.0
2013-05-16,194.0
2013-05-17,191.0
2013-05-20,192.0
2013-05-21,191.0
2013-05-22,191.0
2013-05-23,192.0
2013-05-24,191.0
2013-05-27,192.9
2013-05-28,191.2
2013-05-29,192.0
2013-05-30,191.0
2013-05-31,192.0
2013-06-03,191.0
2013-06-04,192.0
2013-06-05,191.0
2013-06-06,191.5
2013-06-07,190.0
2013-06-10,192.0
2013-06-11,191.5
2013-06-12,191.0
2013-06-13,190.0
2013-06-14,190.0
2013-06-17,190.0
2013-06-18,193.0
2013-06-19,193.5
2013-06-20,192.0
2013-06-21,194.45
2013-06-24,188.0
2013-06-25,191.95
2013-06-26,188.0
2013-06-27,191.75
2013-06-28,191.0
2013-07-01,191.0
2013-07-02,188.3
2013-07-03,192.0
2013-07-04,189.0
2013-07-05,189.15
2013-07-08,190.0
2013-07-09,191.8
2013-07-10,190.0
2013-07-11,191.85
2013-07-12,191.8
2013-07-15,191.95
2013-07-16,191.0
2013-07-17,191.05
2013-07-18,191.9
2013-07-19,191.9
2013-07-22,191.0
2013-07-23,191.0
2013-07-24,193.0
2013-07-25,193.0
2013-07-26,193.95
2013-07-29,194.0
2013-07-31,191.0
2013-08-01,191.0
2013-08-02,191.9
2013-08-05,189.15
2013-08-06,192.0
2013-08-07,191.95
2013-08-08,190.0
2013-08-12,190.0
2013-08-13,191.0
2013-08-15,189.1
2013-08-16,187.2
2013-08-19,187.2
2013-08-22,187.3
2013-08-23,188.0
2013-08-26,190.0
2013-08-27,190.0
2013-08-28,191.5
2013-08-29,190.0
2013-08-30,190.0
2013-09-02,191.0
2013-09-03,191.0
2013-09-04,191.5
2013-09-05,190.0
2013-09-06,190.0
2013-09-09,190.0
2013-09-10,188.0
2013-09-11,188.0
2013-09-12,189.0
2013-09-13,189.0
2013-09-16,189.9
2013-09-17,190.0
2013-09-18,190.0
2013-09-19,189.5
2013-09-20,189.5
2013-09-23,187.0
2013-09-24,187.0
2013-09-25,188.0
2013-09-26,189.0
2013-09-27,189.25
2013-09-30,189.3
2013-10-01,189.0
2013-10-02,189.0
2013-10-03,189.0
2013-10-04,189.0
2013-10-07,189.0
2013-10-08,189.6
2013-10-09,189.0
2013-10-10,189.0
2013-10-11,189.0
2013-10-14,189.5
2013-10-15,189.5
2013-10-21,189.95
2013-10-22,189.1
2013-10-23,189.0
2013-10-24,189.5
2013-10-25,192.0
2013-10-28,196.0
2013-10-29,195.0
2013-10-30,195.0
2013-10-31,195.0
2013-11-01,193.0
2013-11-04,190.05
2013-11-07,190.5
2013-11-08,192.05
2013-11-11,194.0
2013-11-12,195.0
2013-11-13,197.5
2013-11-14,197.0
2013-11-15,196.5
2013-11-19,197.0
2013-11-20,197.0
2013-11-21,196.05
2013-11-22,194.1
2013-11-25,195.2
2013-11-26,196.0
2013-11-27,196.0
2013-11-28,195.9
2013-11-29,195.9
2013-12-02,196.0
2013-12-03,196.0
2013-12-04,196.0
2013-12-05,195.25
2013-12-06,195.1
2013-12-09,195.8
2013-12-10,195.9
2013-12-11,195.9
2013-12-12,195.9
2013-12-13,195.5
2013-12-16,195.85
2013-12-17,195.6
2013-12-18,195.75
2013-12-19,195.8
2013-12-20,195.05
2013-12-23,195.0
2013-12-24,195.5
2013-12-25,194.3
2013-12-26,195.0
2013-12-27,194.0
2013-12-30,194.0
2013-12-31,193.5
2014-01-02,193.0
2014-01-03,193.0
2014-01-06,194.75
2014-01-07,194.45
2014-01-08,193.0
2014-01-09,194.0
2014-01-10,191.65
2014-01-13,194.0
2014-01-16,192.0
2014-01-17,192.05
2014-01-20,193.0
2014-01-21,193.5
2014-01-22,192.0
2014-01-23,193.5
2014-01-24,192.5
2014-01-27,191.0
2014-01-28,191.5
2014-01-29,191.6
2014-01-30,191.1
2014-01-31,191.1
2014-02-03,192.0
2014-02-04,192.0
2014-02-05,191.5
2014-02-06,191.5
2014-02-07,191.7
2014-02-10,192.0
2014-02-11,191.6
2014-02-12,193.6
2014-02-13,192.0
2014-02-14,192.1
2014-02-17,193.0
2014-02-18,193.7
2014-02-19,193.0
2014-02-20,193.7
2014-02-21,193.7
2014-02-24,193.9
2014-02-25,191.5
2014-02-26,191.55
2014-02-27,191.5
2014-02-28,192.9
2014-03-03,191.0
2014-03-04,193.5
2014-03-05,191.8
2014-03-06,192.0
2014-03-07,192.0
2014-03-10,191.0
2014-03-11,193.5
2014-03-12,191.3
2014-03-13,193.0
2014-03-14,192.0
2014-03-17,192.9
2014-03-18,192.0
2014-03-19,192.0
2014-03-20,192.0
2014-03-21,191.55
2014-03-24,191.8
2014-03-25,191.75
2014-03-26,191.9
2014-03-27,191.9
2014-03-28,191.15
2014-03-31,191.5
2014-04-01,193.0
2014-04-02,193.0
2014-04-03,192.0
2014-04-04,191.5
2014-04-07,192.0
2014-04-08,191.2
2014-04-09,192.0
2014-04-10,191.3
2014-04-11,191.3
2014-04-14,191.3
2014-04-15,192.0
2014-04-16,192.0
2014-04-17,191.3
2014-04-18,190.0
2014-04-21,191.9
2014-04-22,191.05
2014-04-23,191.4
2014-04-24,191.95
2014-04-25,189.0
2014-04-28,189.0
2014-04-29,188.5
2014-04-30,188.5
2014-05-02,189.95
2014-05-05,190.0
2014-05-06,188.5
2014-05-07,188.5
2014-05-08,189.5
2014-05-09,189.5
2014-05-12,189.95
2014-05-13,190.5
2014-05-14,190.5
2014-05-15,189.5
2014-05-16,189.0
2014-05-19,189.5
2014-05-20,188.5
2014-05-21,189.0
2014-05-22,189.0
2014-05-23,190.0
2014-05-26,188.7
2014-05-27,188.5
2014-05-28,189.0
2014-05-29,189.5
2014-05-30,189.5
2014-06-02,189.5
2014-06-03,189.45
2014-06-04,189.05
2014-06-05,188.95
2014-06-06,189.0
2014-06-09,189.0
2014-06-10,189.0
2014-06-11,189.95
2014-06-12,189.0
2014-06-13,189.0
2014-06-16,189.05
2014-06-17,189.0
2014-06-18,189.5
2014-06-19,189.5
2014-06-20,189.9
2014-06-23,189.0
2014-06-24,186.0
2014-06-25,186.0
2014-06-26,185.0
2014-06-27,185.0
2014-06-30,187.8
2014-07-01,188.9
2014-07-02,188.9
2014-07-03,190.0
2014-07-04,190.0
2014-07-07,194.0
2014-07-08,190.0
2014-07-09,188.5
2014-07-10,187.05
2014-07-11,187.05
2014-07-14,191.0
2014-07-15,188.55
2014-07-16,189.95
2014-07-17,188.6
2014-07-18,188.6
2014-07-21,188.6
2014-07-22,188.65
2014-07-23,188.65
2014-07-24,189.95
2014-07-25,190.0
2014-07-31,193.45
2014-08-01,192.8
2014-08-04,192.0
2014-08-05,193.0
2014-08-06,193.0
2014-08-07,191.15
2014-08-08,193.0
2014-08-11,193.0
2014-08-12,191.2
2014-08-13,193.0
2014-08-15,192.0
2014-08-18,193.0
2014-08-19,194.0
2014-08-22,194.0
2014-08-25,191.1
2014-08-26,193.0
2014-08-27,194.0
2014-08-28,194.0
2014-08-29,194.0
2014-09-01,193.05
2014-09-02,195.0
2014-09-03,195.0
2014-09-04,193.15
2014-09-05,192.5
2014-09-08,193.5
2014-09-09,195.0
2014-09-10,196.7
2014-09-11,196.0
2014-09-12,196.0
2014-09-15,195.0
2014-09-16,195.0
2014-09-17,195.25
2014-09-18,195.0
2014-09-19,193.55
2014-09-22,194.0
2014-09-23,193.0
2014-09-24,192.6
2014-09-25,193.0
2014-09-26,193.95
2014-09-29,193.0
2014-09-30,194.0
2014-10-01,195.0
2014-10-02,194.15
2014-10-03,195.0
2014-10-07,195.0
2014-10-08,195.1
2014-10-09,195.5
2014-10-10,195.5
2014-10-13,201.0
2014-10-14,200.15
2014-10-15,200.5
2014-10-16,199.25
2014-10-17,199.9
2014-10-20,199.9
2014-10-21,202.95
2014-10-22,209.1
2014-10-23,221.6
2014-10-24,228.0
2014-10-27,226.0
2014-10-28,228.1
2014-10-29,235.15
2014-10-30,239.85
2014-10-31,236.5
2014-11-03,232.65
2014-11-04,230.05
2014-11-05,230.1
2014-11-07,229.0
2014-11-10,225.0
2014-11-11,223.9
2014-11-12,220.3
2014-11-13,220.15
2014-11-14,220.15
2014-11-17,222.5
2014-11-19,220.0
2014-11-20,217.55
2014-11-21,217.65
2014-11-24,217.0
2014-11-25,220.0
2014-11-26,218.0
2014-11-27,217.0
2014-11-28,215.65
2014-12-01,218.0
2014-12-02,215.0
2014-12-03,212.0
2014-12-04,207.7
2014-12-05,217.0
2014-12-08,215.0
2014-12-09,210.9
2014-12-10,209.15
2014-12-11,205.2
2014-12-12,210.0
2014-12-15,207.0
2014-12-16,217.9
2014-12-17,212.0
2014-12-18,212.6
2014-12-19,210.0
2014-12-22,212.0
2014-12-23,207.0
2014-12-24,209.0
2014-12-25,209.1
2014-12-26,210.0
2014-12-29,212.0
2014-12-30,211.9
2014-12-31,213.3
2015-01-02,211.5
2015-01-06,214.5
2015-01-07,217.0
2015-01-08,224.95
2015-01-09,226.0
2015-01-12,229.0
2015-01-13,234.9
2015-01-14,234.85
2015-01-15,229.85
2015-01-16,233.0
2015-01-19,234.95
2015-01-20,234.5
2015-01-21,233.2
2015-01-22,232.5
2015-01-23,234.95
2015-01-26,231.0
2015-01-27,229.5
2015-01-28,229.5
2015-01-29,230.0
2015-01-30,230.0
2015-02-02,230.0
2015-02-03,230.0
2015-02-04,233.9
2015-02-05,234.9
2015-02-06,236.0
2015-02-09,232.0
2015-02-10,233.9
2015-02-11,234.0
2015-02-12,232.0
2015-02-13,233.05
2015-02-16,232.85
2015-02-17,232.05
2015-02-18,232.05
2015-02-19,236.0
2015-02-20,235.9
2015-02-23,236.0
2015-02-24,234.5
2015-02-25,236.0
2015-02-26,235.3
2015-02-27,236.0
2015-03-02,236.0
2015-03-03,236.0
2015-03-04,237.0
2015-03-05,235.15
2015-03-06,238.0
2015-03-09,237.0
2015-03-10,236.0
2015-03-11,236.0
2015-03-12,236.65
2015-03-13,236.65
2015-03-16,236.55
2015-03-17,236.7
2015-03-18,236.0
2015-03-19,234.0
2015-03-20,234.9
2015-03-23,233.25
2015-03-24,234.5
2015-03-25,232.9
2015-03-26,228.0
2015-03-27,230.0
2015-03-30,227.5
2015-03-31,227.0
2015-04-01,222.0
2015-04-02,218.0
2015-04-03,216.5
2015-04-06,220.0
2015-04-07,220.0
2015-04-08,218.05
2015-04-09,220.0
2015-04-10,218.0
2015-04-13,217.0
2015-04-14,217.35
2015-04-15,218.15
2015-04-16,218.05
2015-04-17,220.05
2015-04-20,220.0
2015-04-21,220.25
2015-04-22,221.5
2015-04-23,222.5
2015-04-24,222.55
2015-04-27,223.9
2015-04-28,221.0
2015-04-29,227.75
2015-04-30,223.5
2015-05-04,226.0
2015-05-05,227.0
2015-05-06,225.05
2015-05-07,225.1
2015-05-08,226.85
2015-05-11,224.95
2015-05-12,226.75
2015-05-13,223.2
2015-05-14,225.0
2015-05-15,225.1
2015-05-18,226.0
2015-05-19,224.85
2015-05-20,223.25
2015-05-21,223.8
2015-05-22,223.8
2015-05-25,223.9
2015-05-26,224.0
2015-05-27,224.0
2015-05-28,225.05
2015-05-29,226.0
2015-06-01,223.0
2015-06-02,223.0
2015-06-03,220.4
2015-06-04,225.0
2015-06-05,226.0
2015-06-08,225.0
2015-06-09,225.35
2015-06-10,223.3
2015-06-11,225.0
2015-06-12,225.15
2015-06-15,226.4
2015-06-16,225.0
2015-06-17,221.6
2015-06-18,224.7
2015-06-19,225.1
2015-06-22,226.0
2015-06-23,220.0
2015-06-24,220.5
2015-06-25,221.05
2015-06-26,221.5
2015-06-29,221.5
2015-06-30,225.0
2015-07-01,221.7
2015-07-02,221.6
2015-07-03,223.95
2015-07-06,221.2
2015-07-07,221.25
2015-07-08,221.35
2015-07-09,221.6
2015-07-10,224.0
2015-07-13,224.0
2015-07-14,223.1
2015-07-15,223.05
2015-07-16,223.05
2015-07-20,224.95
2015-07-21,225.0
2015-07-22,225.2
2015-07-23,226.0
2015-07-24,227.05
2015-07-27,227.1
2015-07-28,226.5
2015-07-29,226.5
2015-07-31,226.5
2015-08-03,232.8
2015-08-04,234.9
2015-08-05,233.0
2015-08-06,229.95
2015-08-07,226.55
2015-08-10,224.25
2015-08-11,225.0
2015-08-12,229.4
2015-08-13,223.85
2015-08-17,218.5
2015-08-18,218.0
2015-08-19,218.05
2015-08-24,216.0
2015-08-25,210.0
2015-08-26,208.3
2015-08-27,210.05
2015-08-28,210.0
2015-08-31,215.0
2015-09-01,210.0
2015-09-02,210.0
2015-09-03,212.0
2015-09-04,214.0
2015-09-07,219.4
2015-09-08,213.5
2015-09-09,214.0
2015-09-10,214.0
2015-09-11,215.0
2015-09-14,216.0
2015-09-15,215.25
2015-09-16,216.95
2015-09-17,215.2
2015-09-18,215.0
2015-09-21,213.0
2015-09-22,215.05
2015-09-23,216.2
2015-09-28,216.7
2015-09-29,217.05
2015-09-30,217.5
2015-10-01,215.0
2015-10-02,220.0
2015-10-05,217.0
2015-10-06,213.0
2015-10-07,210.1
2015-10-08,211.0
2015-10-09,213.95
2015-10-12,213.75
2015-10-13,212.0
2015-10-14,212.95
2015-10-16,213.85
2015-10-19,215.0
2015-10-20,212.0
2015-10-21,212.0
2015-10-22,215.0
2015-10-23,215.05
2015-10-26,215.9
2015-10-27,214.0
2015-10-28,212.05
2015-10-29,213.0
2015-10-30,213.2
2015-11-02,212.5
2015-11-03,211.7
2015-11-04,211.7
2015-11-05,215.9
2015-11-09,212.6
2015-11-10,215.1
2015-11-11,215.0
2015-11-12,216.5
2015-11-13,215.05
2015-11-16,215.0
2015-11-17,216.0
2015-11-19,216.0
2015-11-20,216.0
2015-11-23,216.0
2015-11-24,216.0
2015-11-25,217.0
2015-11-26,216.0
2015-11-27,216.05
2015-11-30,216.0
2015-12-01,215.0
2015-12-02,215.05
2015-12-03,215.0
2015-12-04,214.0
2015-12-07,214.0
2015-12-08,215.0
2015-12-09,211.0
2015-12-10,215.0
2015-12-11,212.0
2015-12-14,212.1
2015-12-15,215.0
2015-12-16,215.0
2015-12-17,215.0
2015-12-18,215.0
2015-12-21,215.0
2015-12-22,215.0
2015-12-23,215.0
2015-12-28,215.0
2015-12-29,217.9
2015-12-30,215.0
2015-12-31,215.0
2016-01-04,215.0
2016-01-05,215.0
2016-01-06,215.0
2016-01-07,214.1
2016-01-08,215.0
2016-01-12,215.05
2016-01-13,215.05
2016-01-14,215.1
2016-01-15,215.6
2016-01-18,215.25
2016-01-19,215.5
2016-01-20,215.1
2016-01-21,215.2
2016-01-22,215.2
2016-01-25,215.25
2016-01-26,214.25
2016-01-27,214.2
2016-01-28,215.0
2016-01-29,215.0
2016-02-01,215.0
2016-02-02,217.0
2016-02-03,215.3
2016-02-04,218.0
2016-02-05,218.0
2016-02-08,218.0
2016-02-09,219.6
2016-02-10,222.0
2016-02-11,220.75
2016-02-12,220.4
2016-02-15,219.9
2016-02-16,219.5
2016-02-17,217.0
2016-02-18,217.0
2016-02-19,219.9
2016-02-22,217.5
2016-02-23,217.0
2016-02-24,215.1
2016-02-25,215.0
2016-02-26,215.0
2016-02-29,216.0
2016-03-01,216.0
2016-03-02,219.8
2016-03-03,219.45
2016-03-04,219.45
2016-03-07,218.9
2016-03-08,217.9
2016-03-09,216.0
2016-03-10,220.5
2016-03-11,218.05
2016-03-14,218.0
2016-03-15,215.5
2016-03-16,218.0
2016-03-17,217.5
2016-03-18,220.0
2016-03-21,220.0
2016-03-22,221.9
2016-03-23,221.8
2016-03-24,220.05
2016-03-25,220.05
2016-03-28,220.0
2016-03-29,220.0
2016-03-30,217.0
2016-03-31,219.5
2016-04-01,218.95
2016-04-04,219.8
2016-04-05,220.0
2016-04-06,219.8
2016-04-07,217.9
2016-04-08,217.0
2016-04-11,218.95
2016-04-12,219.5
2016-04-13,219.9
2016-04-14,219.95
2016-04-15,220.0
2016-04-18,220.1
2016-04-19,220.1
2016-04-20,219.0
2016-04-21,218.05
2016-04-22,218.95
2016-04-25,218.0
2016-04-26,219.9
2016-04-27,223.0
2016-04-28,227.0
2016-04-29,229.9
2016-05-02,225.5
2016-05-03,228.0
2016-05-04,227.0
2016-05-05,234.0
2016-05-06,230.0
2016-05-09,230.0
2016-05-10,230.05
2016-05-11,231.0
2016-05-12,230.0
2016-05-13,229.5
2016-05-16,225.05
2016-05-17,225.1
2016-05-18,227.85
2016-05-19,226.6
2016-05-20,226.0
2016-05-23,227.5
2016-05-24,226.1
2016-05-25,226.1
2016-05-26,226.0
2016-05-27,226.0
2016-05-30,225.0
2016-05-31,225.9
2016-06-01,228.0
2016-06-02,225.5
2016-06-03,226.0
2016-06-06,226.0
2016-06-07,227.0
2016-06-08,226.05
2016-06-09,226.05
2016-06-10,225.0
2016-06-13,225.0
2016-06-14,227.5
2016-06-15,225.0
2016-06-16,225.0
2016-06-17,227.4
2016-06-20,224.0
2016-06-21,223.1
2016-06-22,220.1
2016-06-23,225.0
2016-06-24,226.95
2016-06-27,219.75
2016-06-28,220.0
2016-06-29,215.05
2016-06-30,219.75
2016-07-01,216.2
2016-07-04,223.0
2016-07-05,224.0
2016-07-11,219.5
2016-07-12,220.0
2016-07-13,220.55
2016-07-14,224.9
2016-07-15,225.0
2016-07-18,225.0
2016-07-19,228.9
2016-07-20,225.05
2016-07-21,225.05
2016-07-22,225.0
2016-07-25,226.0
2016-07-26,225.1
2016-07-27,226.5
2016-07-28,226.95
2016-07-29,227.05
2016-08-01,227.05
2016-08-02,227.95
2016-08-03,227.8
2016-08-04,227.05
2016-08-05,227.95
2016-08-08,228.0
2016-08-09,228.0
2016-08-10,226.0
2016-08-11,228.05
2016-08-12,228.5
2016-08-15,228.05
2016-08-16,229.0
2016-08-17,228.05
2016-08-18,228.05
2016-08-19,229.0
2016-08-22,228.5
2016-08-23,228.15
2016-08-24,228.5
2016-08-25,228.0
2016-08-26,228.5
2016-08-29,228.0
2016-08-30,228.0
2016-08-31,226.6
2016-09-01,226.8
2016-09-02,227.5
2016-09-05,227.5
2016-09-06,227.5
2016-09-07,226.0
2016-09-08,225.5
2016-09-09,227.0
2016-09-14,227.0
2016-09-15,228.1
2016-09-16,227.0
2016-09-19,229.0
2016-09-20,229.0
2016-09-21,229.0
2016-09-22,229.0
2016-09-23,228.0
2016-09-26,228.0
2016-09-27,228.0
2016-09-28,227.75
2016-09-29,227.9
2016-09-30,227.45
2016-10-04,228.9
2016-10-05,229.5
2016-10-06,228.0
2016-10-07,228.05
2016-10-10,228.0
2016-10-11,228.0
2016-10-12,227.5
2016-10-13,227.5
2016-10-14,227.6
2016-10-17,227.95
2016-10-18,228.5
2016-10-19,228.05
2016-10-20,228.05
2016-10-21,229.0
2016-10-24,228.0
2016-10-25,227.55
2016-10-26,227.6
2016-10-27,228.0
2016-10-28,228.0
2016-10-31,229.85
2016-11-01,232.0
2016-11-02,234.7
2016-11-03,232.2
2016-11-04,231.0
2016-11-07,230.1
2016-11-08,230.0
2016-11-09,228.65
2016-11-10,228.45
2016-11-11,230.0
2016-11-14,232.0
2016-11-15,232.0
2016-11-16,236.0
2016-11-17,235.4
2016-11-21,233.0
2016-11-22,232.5
2016-11-23,231.0
2016-11-24,232.1
2016-11-25,235.0
2016-11-28,235.0
2016-11-29,234.0
2016-11-30,236.0
2016-12-01,233.05
2016-12-02,237.0
2016-12-05,237.5
2016-12-06,237.0
2016-12-07,237.0
2016-12-08,238.0
2016-12-09,249.0
2016-12-14,243.0
2016-12-15,245.0
2016-12-16,252.0
2016-12-19,265.0
2016-12-20,265.0
2016-12-21,262.5
2016-12-22,270.0
2016-12-23,288.5
2016-12-26,282.0
2016-12-27,280.0
2016-12-28,280.0
2016-12-29,280.0
2016-12-30,284.9
2017-01-02,280.0
2017-01-03,280.05
2017-01-04,289.0
2017-01-05,300.0
2017-01-06,310.0
2017-01-09,320.0
2017-01-10,330.0
2017-01-12,332.0
2017-01-13,330.0
2017-01-16,326.0
2017-01-17,314.0
2017-01-18,309.0
2017-01-19,311.15
2017-01-20,312.0
2017-01-23,310.15
2017-01-24,309.4
2017-01-25,313.0
2017-01-26,309.9
2017-01-27,310.0
2017-01-30,308.65
2017-01-31,280.1
2017-02-01,288.9
2017-02-02,300.0
2017-02-03,305.0
2017-02-06,303.8
2017-02-07,302.0
2017-02-08,305.0
2017-02-09,307.0
2017-02-10,300.0
2017-02-13,305.0
2017-02-14,304.8
2017-02-15,303.0
2017-02-16,304.95
2017-02-17,301.55
2017-02-20,300.25
2017-02-21,300.25
2017-02-22,288.0
2017-02-23,270.0
2017-02-24,280.0
2017-02-27,280.0
2017-02-28,280.0
2017-03-01,276.0
2017-03-02,279.0
2017-03-03,278.7
2017-03-06,279.0
2017-03-07,271.0
2017-03-08,269.75
2017-03-09,267.0
2017-03-10,270.0
2017-03-13,271.0
2017-03-14,272.0
2017-03-15,274.0
2017-03-16,270.0
2017-03-17,274.0
2017-03-20,277.0
2017-03-21,276.85
2017-03-22,274.8
2017-03-23,265.0
2017-03-24,270.0
2017-03-27,269.0
2017-03-28,270.0
2017-03-29,269.9
2017-03-30,264.0
2017-03-31,263.25
2017-04-03,263.5
2017-04-04,263.5
2017-04-05,268.7
2017-04-06,261.9
2017-04-07,260.0
2017-04-10,260.9
2017-04-11,262.0
2017-04-12,260.0
2017-04-13,260.0
2017-04-14,260.0
2017-04-17,257.1
2017-04-18,260.0
2017-04-19,260.0
2017-04-20,260.0
2017-04-21,256.5
2017-04-24,257.1
2017-04-25,257.0
2017-04-26,260.0
2017-04-27,262.0
2017-04-28,275.0
2017-05-02,285.0
2017-05-03,289.9
2017-05-04,287.0
2017-05-05,283.0
2017-05-08,277.0
2017-05-09,272.1
2017-05-10,273.55
2017-05-11,270.6
2017-05-12,271.6
2017-05-15,271.75
2017-05-16,275.0
2017-05-17,272.25
2017-05-18,275.0
2017-05-19,273.65
2017-05-22,273.05
2017-05-23,277.95
2017-05-24,272.75
2017-05-25,271.65
2017-05-26,273.0
2017-05-29,272.3
2017-05-30,271.7
2017-05-31,272.0
2017-06-01,272.0
2017-06-02,271.0
2017-06-05,272.15
2017-06-06,280.0
2017-06-07,292.1
2017-06-08,291.0
2017-06-09,291.0
2017-06-12,287.0
2017-06-13,288.4
2017-06-14,286.0
2017-06-15,284.5
2017-06-16,287.0
2017-06-19,290.0
2017-06-20,292.0
2017-06-21,291.5
2017-06-22,295.0
2017-06-23,297.5
2017-06-28,299.8
2017-06-29,295.05
2017-06-30,290.05
2017-07-03,292.0
2017-07-04,296.95
2017-07-05,301.0
2017-07-06,300.0
2017-07-07,303.9
2017-07-10,301.0
2017-07-11,303.0
2017-07-12,303.0
2017-07-13,302.0
2017-07-14,298.0
2017-07-17,298.5
2017-07-18,298.6
2017-07-19,295.0
2017-07-20,290.0
2017-07-21,288.6
2017-07-24,290.0
2017-07-25,292.0
2017-07-26,296.5
2017-07-27,292.0
2017-07-28,293.0
2017-07-31,290.0
2017-08-01,290.0
2017-08-02,294.0
2017-08-03,288.1
2017-08-04,290.0
2017-08-07,291.0
2017-08-08,291.4
2017-08-09,291.0
2017-08-10,291.0
2017-08-11,291.0
2017-08-15,287.05
2017-08-16,290.8
2017-08-17,289.0
2017-08-18,287.1
2017-08-22,286.5
2017-08-23,286.5
2017-08-24,286.6
2017-08-25,286.65
2017-08-28,290.0
2017-08-29,286.1
2017-08-30,290.0
2017-08-31,293.0
2017-09-04,290.0
2017-09-05,290.5
2017-09-06,293.0
2017-09-07,297.5
2017-09-08,295.0
2017-09-11,305.05
2017-09-12,310.0
2017-09-13,306.55
2017-09-14,307.6
2017-09-15,307.0
2017-09-18,304.25
2017-09-19,303.0
2017-09-20,297.0
2017-09-21,295.0
2017-09-25,300.0
2017-09-26,300.0
2017-09-27,300.0
2017-09-28,300.0
2017-09-29,300.2
2017-10-02,300.55
2017-10-03,302.1
2017-10-04,312.0
2017-10-05,310.0
2017-10-06,310.0
2017-10-09,309.0
2017-10-10,309.7
2017-10-11,305.75
2017-10-12,306.05
2017-10-13,309.0
2017-10-16,304.0
2017-10-17,304.0
2017-10-18,304.0
2017-10-19,306.0
2017-10-20,304.1
2017-10-23,304.0
2017-10-24,306.0
2017-10-25,305.0
2017-10-26,303.0
2017-10-27,305.0
2017-10-30,300.0
2017-10-31,300.0
2017-11-01,300.05
2017-11-02,300.0
2017-11-03,304.6
2017-11-07,302.1
2017-11-08,301.6
2017-11-09,307.0
2017-11-10,309.8
2017-11-13,310.0
2017-11-14,306.0
2017-11-15,306.0
2017-11-16,308.0
2017-11-17,307.9
2017-11-20,306.0
2017-11-21,306.5
2017-11-22,305.0
2017-11-23,305.0
2017-11-24,303.0
2017-11-27,303.0
2017-11-28,304.5
2017-11-29,304.0
2017-11-30,303.5
2017-12-04,303.9
2017-12-05,304.0
2017-12-06,300.5
2017-12-07,301.0
2017-12-08,301.0
2017-12-11,301.05
2017-12-12,303.0
2017-12-13,300.1
2017-12-14,300.1
2017-12-15,296.1
2017-12-18,295.1
2017-12-19,295.0
2017-12-20,294.0
2017-12-21,298.7
2017-12-22,293.55
2017-12-25,290.0
2017-12-26,294.0
2017-12-27,294.3
2017-12-28,294.8
2017-12-29,294.0
2018-01-02,293.0
2018-01-03,289.9
2018-01-04,285.3
2018-01-05,283.0
2018-01-08,285.4
2018-01-09,287.0
2018-01-10,286.65
2018-01-12,292.95
2018-01-15,302.0
2018-01-16,303.0
2018-01-17,297.35
2018-01-18,297.3
2018-01-19,297.7
2018-01-22,297.95
2018-01-23,297.0
2018-01-24,297.6
2018-01-25,297.6
2018-01-26,297.0
2018-01-29,296.5
2018-01-30,294.0
2018-01-31,294.0
2018-02-01,300.05
2018-02-02,300.0
2018-02-05,298.0
2018-02-06,294.65
2018-02-07,295.3
2018-02-08,296.0
2018-02-09,299.0
2018-02-12,296.5
2018-02-13,297.0
2018-02-14,297.2
2018-02-15,304.0
2018-02-16,302.0
2018-02-19,301.95
2018-02-20,302.05
2018-02-21,301.25
2018-02-22,303.0
2018-02-23,303.0
2018-02-26,300.0
2018-02-27,298.0
2018-02-28,297.55
2018-03-01,299.0
2018-03-02,300.0
2018-03-05,300.0
2018-03-06,300.0
2018-03-07,300.3
2018-03-08,300.0
2018-03-09,302.9
2018-03-12,300.5
2018-03-13,301.0
2018-03-14,300.0
2018-03-15,300.0
2018-03-16,299.95
2018-03-19,299.0
2018-03-20,299.5
2018-03-21,291.45
2018-03-22,299.0
2018-03-23,298.0
2018-03-26,297.9
2018-03-27,294.15
2018-03-28,294.95
2018-03-29,294.1
2018-03-30,294.65
2018-04-02,296.7
2018-04-03,294.0
2018-04-04,294.95
2018-04-05,294.0
2018-04-06,293.5
2018-04-09,292.0
2018-04-10,293.0
2018-04-11,293.5
2018-04-12,293.5
2018-04-13,293.5
2018-04-16,293.5
2018-04-17,294.0
2018-04-18,291.6
2018-04-19,295.0
2018-04-20,295.5
2018-04-23,292.0
2018-04-24,295.0
2018-04-25,292.25
2018-04-26,292.0
2018-04-27,295.0
2018-04-30,293.5
2018-05-02,294.4
2018-05-03,291.15
2018-05-04,291.2
2018-05-07,293.95
2018-05-08,291.35
2018-05-09,291.6
2018-05-10,291.9
2018-05-11,291.85
2018-05-14,291.9
2018-05-15,291.5
2018-05-16,292.9
2018-05-17,290.0
2018-05-18,290.0
2018-05-21,290.0
2018-05-22,290.0
2018-05-23,290.0
2018-05-24,290.0
2018-05-25,292.0
2018-05-28,290.0
2018-05-29,290.0
2018-05-30,290.0
2018-05-31,290.5
2018-06-01,291.0
2018-06-04,290.0
2018-06-05,290.0
2018-06-06,290.05
2018-06-07,290.95
2018-06-08,291.0
2018-06-11,290.1
2018-06-12,290.05
2018-06-13,290.8
2018-06-14,290.0
2018-06-18,289.0
2018-06-19,280.55
2018-06-20,285.5
2018-06-21,285.0
2018-06-22,289.95
2018-06-25,283.0
2018-06-26,279.9
2018-06-27,277.0
2018-06-28,280.9
2018-06-29,282.0
2018-07-02,277.0
2018-07-03,272.05
2018-07-04,272.3
2018-07-05,272.4
2018-07-06,276.0
2018-07-09,278.0
2018-07-10,273.5
2018-07-11,276.5
2018-07-12,272.0
2018-07-13,269.5
2018-07-16,269.5
2018-07-17,265.0
2018-07-18,262.0
2018-07-19,262.1
2018-07-20,265.0
2018-07-23,270.05
2018-07-24,272.0
2018-07-25,270.05
2018-07-26,275.0
2018-07-27,279.95
2018-07-31,285.55
2018-08-01,285.35
2018-08-02,284.9
2018-08-03,276.4
2018-08-06,279.0
2018-08-07,276.8
2018-08-08,274.0
2018-08-09,274.0
2018-08-10,274.15
2018-08-13,267.0
2018-08-15,272.2
2018-08-16,270.15
2018-08-17,270.3
2018-08-24,270.3
2018-08-27,270.3
2018-08-28,270.0
2018-08-29,270.0
2018-08-30,270.0
2018-08-31,268.0
2018-09-03,265.0
2018-09-04,264.5
2018-09-05,263.0
2018-09-06,262.0
2018-09-07,258.5
2018-09-10,261.0
2018-09-12,261.0
2018-09-13,266.85
2018-09-14,263.55
2018-09-17,264.0
2018-09-18,264.0
2018-09-19,263.95
2018-09-20,266.9
2018-09-21,268.0
2018-09-24,264.0
2018-09-25,274.85
2018-09-26,275.0
2018-09-27,280.05
2018-09-28,279.0
2018-10-01,270.0
2018-10-02,278.0
2018-10-03,276.65
2018-10-04,271.4
2018-10-05,272.5
2018-10-08,271.5
2018-10-09,275.0
2018-10-10,270.05
2018-10-11,270.05
2018-10-12,270.05
2018-10-15,270.0
2018-10-16,275.0
2018-10-17,270.05
2018-10-18,270.25
2018-10-19,273.7
2018-10-22,272.1
2018-10-23,273.05
2018-10-24,272.1
2018-10-25,272.3
2018-10-26,271.05
2018-10-29,271.0
2018-10-30,268.0
2018-10-31,271.5
2018-11-01,266.4
2018-11-02,269.0
2018-11-05,266.2
2018-11-07,270.05
2018-11-08,271.05
2018-11-09,272.45
2018-11-12,268.0
2018-11-13,271.95
2018-11-14,270.0
2018-11-15,271.0
2018-11-16,271.05
2018-11-19,272.0
2018-11-22,272.0
2018-11-23,273.5
2018-11-26,275.0
2018-11-27,278.0
2018-11-28,281.0
2018-11-29,282.0
2018-11-30,285.0
2018-12-03,281.15
2018-12-04,285.0
2018-12-05,284.0
2018-12-06,283.0
2018-12-07,275.1
2018-12-10,284.0
2018-12-11,282.5
2018-12-12,277.05
2018-12-13,276.1
2018-12-14,273.0
2018-12-17,275.0
2018-12-18,274.1
2018-12-19,277.0
2018-12-20,274.1
2018-12-21,279.0
2018-12-24,275.0
2018-12-25,279.0
2018-12-26,277.0
2018-12-27,279.9
2018-12-28,280.0
2018-12-31,280.0
2019-01-02,281.8
2019-01-03,277.0
2019-01-04,279.0
2019-01-07,278.0
2019-01-08,275.1
2019-01-09,275.3
2019-01-10,274.15
2019-01-14,270.6
2019-01-15,274.0
2019-01-16,271.55
2019-01-17,273.0
2019-01-18,275.0
2019-01-21,273.3
2019-01-22,273.95
2019-01-23,273.8
2019-01-24,273.8
2019-01-25,275.0
2019-01-28,275.0
2019-01-29,275.0
2019-01-30,274.1
2019-01-31,275.0
2019-02-01,275.05
2019-02-04,274.5
2019-02-05,275.0
2019-02-06,275.9
2019-02-07,275.0
2019-02-08,275.0
2019-02-11,275.9
2019-02-12,277.0
2019-02-13,275.8
2019-02-14,277.4
2019-02-15,275.6
2019-02-18,275.0
2019-02-19,275.0
2019-02-20,274.0
2019-02-21,270.0
2019-02-22,273.95
2019-02-25,270.3
2019-02-26,272.6
2019-02-27,266.5
2019-02-28,267.0
2019-03-01,274.9
2019-03-04,270.0
2019-03-05,269.95
2019-03-06,270.0
2019-03-07,266.6
2019-03-08,267.0
2019-03-11,267.0
2019-03-12,269.9
2019-03-13,269.9
2019-03-14,265.0
2019-03-15,265.0
2019-03-18,265.0
2019-03-19,268.0
2019-03-20,265.0
2019-03-21,265.0
2019-03-22,267.0
2019-03-25,267.0
2019-03-26,267.0
2019-03-27,266.6
2019-03-28,266.0
2019-03-29,266.0
2019-04-01,267.8
2019-04-02,267.9
2019-04-03,265.0
2019-04-04,265.0
2019-04-05,265.2
2019-04-08,267.0
2019-04-09,266.0
2019-04-10,266.0
2019-04-11,266.0
2019-04-12,265.0
2019-04-15,265.5
2019-04-16,265.5
2019-04-17,266.0
2019-04-18,265.9
2019-04-19,266.0
2019-04-22,267.0
2019-04-23,265.0
2019-04-24,265.0
2019-04-25,265.0
2019-04-26,265.0
2019-04-29,265.0
2019-04-30,265.0
2019-05-02,265.0
2019-05-03,265.0
2019-05-06,265.0
2019-05-07,265.0
2019-05-08,265.0
2019-05-09,265.0
2019-05-10,266.0
2019-05-13,266.0
2019-05-14,266.0
2019-05-15,268.0
2019-05-16,266.0
2019-05-17,270.5
2019-05-20,273.0
2019-05-21,270.0
2019-05-22,274.95
2019-05-23,273.95
2019-05-24,270.0
2019-05-27,270.0
2019-05-28,270.0
2019-05-29,265.5
2019-05-30,264.9
2019-05-31,265.5
2019-06-03,265.0
2019-06-04,268.0
2019-06-10,265.0
2019-06-11,265.05
2019-06-12,265.0
2019-06-13,265.0
2019-06-14,270.0
2019-06-17,270.0
2019-06-18,277.0
2019-06-19,271.3
2019-06-20,272.0
2019-06-21,270.0
2019-06-24,266.05
2019-06-25,270.05
2019-06-26,272.0
2019-06-27,270.0
2019-06-28,269.9
2019-07-01,269.15
2019-07-02,267.1
2019-07-03,268.0
2019-07-04,267.2
2019-07-05,267.2
2019-07-08,267.3
2019-07-09,270.0
2019-07-10,272.0
2019-07-11,270.05
2019-07-12,272.05
2019-07-15,272.95
2019-07-16,270.1
2019-07-17,275.05
2019-07-18,275.0
2019-07-19,273.95
2019-07-22,273.0
2019-07-23,272.9
2019-07-24,270.1
2019-07-25,270.2
2019-07-26,273.85
2019-07-29,271.1
2019-07-31,273.9
2019-08-01,272.0
2019-08-02,273.0
2019-08-05,270.55
2019-08-06,272.5
2019-08-07,271.2
2019-08-08,271.7
2019-08-09,272.0
2019-08-15,272.0
2019-08-16,272.0
2019-08-19,270.15
2019-08-22,271.0
2019-08-23,272.5
2019-08-26,273.5
2019-08-27,274.95
2019-08-28,272.0
2019-08-29,273.0
2019-08-30,272.0
2019-09-02,272.0
2019-09-03,270.8
2019-09-04,271.0
2019-09-05,270.45
2019-09-06,270.3
2019-09-09,270.3
2019-09-10,268.5
2019-09-11,268.0
2019-09-12,268.05
2019-09-13,268.0
2019-09-16,268.0
2019-09-17,268.0
2019-09-18,268.0
2019-09-19,268.0
2019-09-20,268.0
2019-09-23,270.0
2019-09-24,268.0
2019-09-25,268.0
2019-09-26,268.0
2019-09-27,269.95
2019-09-30,268.0
2019-10-01,268.0
2019-10-02,266.4
2019-10-03,265.5
2019-10-04,267.0
2019-10-07,266.25
2019-10-08,265.0
2019-10-09,265.0
2019-10-10,265.0
2019-10-11,264.9
2019-10-14,265.0
2019-10-15,265.0
2019-10-16,263.1
2019-10-17,268.95
2019-10-18,267.95
2019-10-21,263.4
2019-10-22,267.95
2019-10-23,265.5
2019-10-24,265.5
2019-10-25,267.95
2019-10-28,265.5
2019-10-29,266.0
2019-10-30,268.85
2019-10-31,266.0
2019-11-01,268.95
2019-11-04,266.5
2019-11-05,267.0
2019-11-07,268.0
2019-11-08,270.0
2019-11-12,266.8
2019-11-13,268.0
2019-11-14,269.95
2019-11-15,270.0
2019-11-19,271.0
2019-11-20,270.0
2019-11-21,270.95
2019-11-22,274.9
2019-11-25,272.0
2019-11-26,272.6
2019-11-27,272.0
2019-11-28,272.05
2019-11-29,274.0
2019-12-02,271.1
2019-12-03,272.0
2019-12-04,270.1
2019-12-05,271.05
2019-12-06,273.0
2019-12-09,272.05
2019-12-10,274.0
2019-12-11,273.95
2019-12-12,274.05
2019-12-13,274.0
2019-12-16,273.0
2019-12-17,273.95
2019-12-18,273.95
2019-12-19,273.9
2019-12-20,274.0
2019-12-23,273.0
2019-12-24,273.05
2019-12-25,273.0
2019-12-26,273.0
2019-12-27,273.0
2019-12-30,273.95
2019-12-31,277.5
2020-01-02,276.9
2020-01-03,277.0
2020-01-06,277.0
2020-01-07,275.05
2020-01-08,274.0
2020-01-09,276.1
2020-01-10,276.0
2020-01-13,272.8
2020-01-14,274.0
2020-01-15,274.0
2020-01-16,275.95
2020-01-17,277.0
2020-01-20,275.55
2020-01-21,276.5
2020-01-22,276.95
2020-01-23,276.0
2020-01-24,276.9
2020-01-27,274.5
2020-01-28,274.5
2020-01-29,274.0
2020-01-30,273.5
2020-01-31,274.4
2020-02-03,270.3
2020-02-04,273.95
2020-02-05,271.15
2020-02-06,271.2
2020-02-07,273.9
2020-02-10,273.5
2020-02-11,270.1
2020-02-12,270.15
2020-02-13,272.0
2020-02-14,274.0
2020-02-17,274.5
2020-02-18,273.85
2020-02-19,271.0
2020-02-20,271.15
2020-02-21,275.0
2020-02-24,271.0
2020-02-25,271.0
2020-02-26,270.25
2020-02-27,272.95
2020-02-28,271.0
2020-03-02,270.1
2020-03-03,267.0
2020-03-04,266.0
2020-03-05,269.9
2020-03-06,264.0
2020-03-09,242.0
2020-03-10,260.0
2020-03-11,259.95
2020-03-12,240.0
2020-03-13,240.0
2020-03-16,216.05
2020-03-17,207.45
2020-03-18,199.2
2020-03-19,207.15
2020-03-20,215.4
2020-03-23,224.0
2020-03-24,226.0
2020-03-25,217.0
2020-03-26,216.8
2020-03-27,217.0
2020-03-30,217.0
2020-03-31,216.0
2020-04-01,215.0
2020-04-02,215.0
2020-04-03,210.0
2020-04-06,208.0
2020-04-07,199.7
2020-04-08,201.0
2020-04-09,199.0
2020-04-10,201.8
2020-04-13,205.75
2020-04-14,207.0
2020-04-15,203.0
2020-04-16,200.0
2020-04-17,198.95
2020-04-20,198.0
2020-04-21,195.15
2020-04-22,195.05
2020-04-23,195.0
2020-04-24,196.0
2020-04-27,198.0
2020-04-28,200.0
2020-04-29,200.15
2020-04-30,204.0
2020-05-04,200.0
2020-05-05,202.0
2020-05-06,204.05
2020-05-07,204.05
2020-05-08,196.2
2020-05-11,197.0
2020-05-12,195.0
2020-05-13,190.0
2020-05-14,195.0
2020-05-15,193.0
2020-05-18,197.3
2020-05-19,198.0
2020-05-20,199.0
2020-05-21,202.0
2020-05-22,203.0
2020-05-26,205.0
2020-05-27,210.0
2020-05-28,210.0
2020-05-29,214.0
2020-06-01,214.0
2020-06-02,215.0
2020-06-03,218.2
2020-06-04,221.0
2020-06-05,220.0
2020-06-08,223.5
2020-06-09,221.0
2020-06-10,216.0
2020-06-11,219.9
2020-06-12,217.0
2020-06-15,218.9
2020-06-16,218.05
2020-06-17,226.75
2020-06-18,222.6
2020-06-19,223.0
2020-06-22,224.0
2020-06-23,223.1
2020-06-24,221.0
2020-06-25,220.0
2020-06-26,218.0
2020-06-29,218.5
2020-06-30,219.8
2020-07-01,223.7
2020-07-02,223.0
2020-07-03,222.9
2020-07-06,219.9
2020-07-07,221.0
2020-07-08,222.0
2020-07-09,223.7
2020-07-10,221.5
2020-07-13,220.0
2020-07-14,220.0
2020-07-15,221.0
2020-07-16,221.55
2020-07-17,222.05
2020-07-20,223.0
2020-07-21,223.0
2020-07-22,223.0
2020-07-23,223.0
2020-07-24,223.0
2020-07-27,223.0
2020-07-28,227.0
2020-07-29,229.8
2020-08-03,229.0
2020-08-04,227.8
2020-08-05,226.0
2020-08-06,226.3
2020-08-07,228.0
2020-08-10,227.0
2020-08-11,228.15
2020-08-12,229.0
2020-08-13,233.0
2020-08-17,234.9
2020-08-18,232.5
2020-08-19,232.5
2020-08-24,229.45
2020-08-25,228.5
2020-08-26,225.0
2020-08-27,229.0
2020-08-28,225.0
2020-08-31,225.65
2020-09-01,234.65
2020-09-02,234.9
2020-09-03,236.0
2020-09-04,232.5
2020-09-07,232.5
2020-09-08,233.0
2020-09-09,236.0
2020-09-10,236.0
2020-09-11,235.1
2020-09-14,233.05
2020-09-15,232.65
2020-09-16,234.0
2020-09-17,231.0
2020-09-18,230.5
2020-09-21,230.15
2020-09-22,231.0
2020-09-23,231.05
2020-09-24,232.05
2020-09-25,232.05
2020-09-28,232.0
2020-09-29,234.0
2020-09-30,231.05
2020-10-01,232.0
2020-10-02,233.0
2020-10-05,231.05
2020-10-06,231.1
2020-10-07,233.1
2020-10-08,235.0
2020-10-09,235.0
2020-10-12,235.0
2020-10-13,236.05
2020-10-14,242.95
2020-10-15,240.2
2020-10-16,237.0
2020-10-19,238.0
2020-10-20,240.6
2020-10-21,235.15
2020-10-22,238.05
2020-10-23,240.95
2020-10-26,240.05
2020-10-27,240.0
2020-10-28,240.0
2020-11-02,236.7
2020-11-03,236.75
2020-11-04,237.0
2020-11-05,238.0
2020-11-09,241.9
2020-11-10,244.0
2020-11-11,241.5
2020-11-12,243.8
2020-11-13,242.45
2020-11-16,242.45
2020-11-17,243.0
2020-11-19,244.0
2020-11-20,246.5
2020-11-23,243.2
2020-11-24,245.0
2020-11-25,246.8
2020-11-26,246.0
2020-11-27,243.1
2020-11-30,245.0
2020-12-01,245.0
2020-12-02,245.05
2020-12-03,244.5
2020-12-04,245.0
2020-12-07,245.0
2020-12-08,246.95
2020-12-09,245.05
2020-12-10,247.0
2020-12-11,250.0
2020-12-14,249.5
2020-12-15,251.0
2020-12-16,257.0
2020-12-17,259.0
2020-12-18,254.6
2020-12-21,245.0
2020-12-22,250.0
2020-12-23,251.0
2020-12-24,250.0
2020-12-25,247.0
2020-12-28,246.0
2020-12-29,245.0
2020-12-30,245.0
2020-12-31,249.7
2021-01-04,252.5
2021-01-05,249.6
2021-01-06,244.0
2021-01-07,247.0
2021-01-08,246.0
2021-01-12,249.0
2021-01-13,244.05
2021-01-14,250.0
2021-01-15,253.5
2021-01-18,255.0
2021-01-19,256.0
2021-01-20,257.5
2021-01-21,252.7
2021-01-22,256.95
2021-01-25,257.0
2021-01-26,259.95
2021-01-27,257.65
2021-01-28,257.25
2021-01-29,258.95
2021-02-01,257.1
2021-02-02,257.1
2021-02-03,256.2
2021-02-04,255.1
2021-02-05,256.25
2021-02-08,258.0
2021-02-09,254.75
2021-02-10,254.0
2021-02-11,253.0
2021-02-12,253.1
2021-02-15,253.3
2021-02-16,254.0
2021-02-17,254.05
2021-02-18,255.0
2021-02-19,254.9
2021-02-22,254.9
2021-02-23,251.0
2021-02-24,251.0
2021-02-25,250.05
2021-02-26,250.0
2021-03-01,248.05
2021-03-02,251.4
2021-03-03,249.15
2021-03-04,250.95
2021-03-05,250.0
2021-03-08,248.65
2021-03-09,248.5
2021-03-10,248.5
2021-03-11,247.3
2021-03-12,249.0
2021-03-15,249.0
2021-03-16,250.0
2021-03-17,254.5
2021-03-18,252.5
2021-03-19,254.0
2021-03-22,248.55
2021-03-23,249.1
2021-03-24,249.1
2021-03-25,250.0
2021-03-26,250.0
2021-03-29,249.75
2021-03-30,251.0
2021-03-31,253.0
2021-04-01,254.95
2021-04-02,253.0
2021-04-05,251.05
2021-04-06,250.15
2021-04-07,250.15
2021-04-08,250.15
2021-04-09,253.0
2021-04-12,251.5
2021-04-13,253.0
2021-04-14,254.1
2021-04-15,255.0
2021-04-16,256.0
2021-04-19,256.9
2021-04-20,257.5
2021-04-21,256.15
2021-04-22,256.35
2021-04-23,258.0
2021-04-26,258.0
2021-04-27,258.5
2021-04-28,258.0
2021-04-29,258.9
2021-04-30,258.0
2021-05-03,259.5
2021-05-04,262.0
2021-05-05,262.65
2021-05-06,263.0
2021-05-07,264.5
2021-05-10,265.0
2021-05-11,262.5
2021-05-12,265.3
2021-05-17,267.9
2021-05-18,264.0
2021-05-19,266.0
2021-05-20,264.0
2021-05-21,266.0
2021-05-24,263.05
2021-05-25,268.1
2021-05-26,269.0
2021-05-27,266.0
2021-05-28,268.5
2021-05-31,266.0
2021-06-01,266.05
2021-06-02,268.0
2021-06-03,268.0
2021-06-04,267.5
2021-06-07,267.0
2021-06-08,266.0
2021-06-09,266.0
2021-06-10,266.0
2021-06-11,267.0
2021-06-14,267.7
2021-06-15,266.0
2021-06-16,266.0
2021-06-17,265.5
2021-06-18,266.0
2021-06-21,267.0
2021-06-22,267.0
2021-06-23,267.0
2021-06-24,266.0
2021-06-25,265.0
2021-06-28,267.0
2021-06-29,266.0
2021-06-30,266.0
2021-07-01,265.9
2021-07-02,265.0
2021-07-05,265.0
2021-07-06,264.5
2021-07-07,264.5
2021-07-08,264.5
2021-07-09,264.5
2021-07-12,264.7
2021-07-13,267.0
2021-07-14,266.5
2021-07-15,263.2
2021-07-16,267.95
2021-07-19,264.65
2021-07-20,262.2
2021-07-23,267.0
2021-07-26,265.25
2021-07-27,266.0
2021-07-28,267.95
2021-07-29,270.0
2021-08-02,271.5
2021-08-03,271.9
2021-08-04,271.0
2021-08-05,272.5
2021-08-06,273.0
2021-08-09,270.0
2021-08-11,269.95
2021-08-12,268.0
2021-08-13,267.8
2021-08-16,269.0
2021-08-17,269.0
2021-08-18,271.0
2021-08-19,272.5
2021-08-23,272.0
2021-08-24,270.0
2021-08-25,271.0
2021-08-26,272.0
2021-08-27,272.0
2021-08-30,271.1
2021-08-31,270.6
2021-09-01,270.9
2021-09-02,270.9
2021-09-03,271.0
2021-09-06,270.2
2021-09-07,271.0
2021-09-08,271.5
2021-09-09,275.0
2021-09-10,272.0
2021-09-13,272.0
2021-09-14,270.05
2021-09-15,270.0
2021-09-16,270.0
2021-09-17,271.15
2021-09-20,270.05
2021-09-21,271.0
2021-09-22,271.0
2021-09-23,272.6
2021-09-24,276.0
2021-09-27,275.0
2021-09-28,276.05
2021-09-29,275.0
2021-09-30,276.0
2021-10-01,275.2
2021-10-04,274.95
2021-10-05,270.65
2021-10-06,272.0
2021-10-07,271.15
2021-10-08,274.9
2021-10-11,272.05
2021-10-12,273.0
2021-10-13,273.0
2021-10-14,274.0
2021-10-15,275.0
2021-10-18,274.9
2021-10-21,275.0
2021-10-22,275.15
2021-10-25,278.0
2021-10-26,280.0
2021-10-27,283.0
2021-10-28,282.0
2021-10-29,287.5
2021-11-01,280.5
2021-11-02,282.25
2021-11-03,282.55
2021-11-04,282.5
2021-11-05,282.0
2021-11-08,280.0
2021-11-09,280.0
2021-11-10,279.0
2021-11-11,279.0
2021-11-12,278.0
2021-11-15,278.0
2021-11-16,278.0
2021-11-17,279.0
2021-11-19,279.0
2021-11-22,280.0
2021-11-23,279.5
2021-11-24,280.9
2021-11-25,280.9
2021-11-26,277.2
2021-11-29,276.5
2021-11-30,276.0
2021-12-01,280.0
2021-12-02,279.0
2021-12-03,277.05
2021-12-06,275.5
2021-12-07,280.0
2021-12-08,280.0
2021-12-09,279.95
2021-12-10,280.0
2021-12-13,280.0
2021-12-14,277.0
2021-12-15,277.0
2021-12-16,280.0
2021-12-17,280.0
2021-12-20,277.05
2021-12-21,279.95
2021-12-22,278.5
2021-12-23,279.95
2021-12-24,278.5
2021-12-27,279.95
2021-12-28,280.0
2021-12-29,280.0
2021-12-30,280.45
2021-12-31,280.95
2022-01-03,278.0
2022-01-04,278.0
2022-01-05,278.0
2022-01-06,280.95
2022-01-07,284.0
2022-01-10,284.0
2022-01-12,286.0
2022-01-13,287.0
2022-01-14,290.0
2022-01-17,288.95
2022-01-18,289.0
2022-01-19,288.0
2022-01-20,288.15
2022-01-21,288.0
2022-01-24,288.0
2022-01-25,288.0
2022-01-26,287.05
2022-01-27,287.1
2022-01-28,287.0
2022-01-31,287.0
2022-02-01,286.0
2022-02-02,288.5
2022-02-03,292.0
2022-02-04,292.0
2022-02-07,293.95
2022-02-08,294.0
2022-02-09,292.5
2022-02-10,295.0
2022-02-11,294.55
2022-02-14,290.0
2022-02-15,290.0
2022-02-16,288.0
2022-02-17,288.0
2022-02-18,288.0
2022-02-21,286.0
2022-02-22,285.0
2022-02-23,286.0
2022-02-24,270.5
2022-02-25,275.0
2022-02-28,275.0
2022-03-01,275.0
2022-03-02,274.0
2022-03-03,271.0
2022-03-04,270.0
2022-03-07,260.0
2022-03-08,261.0
2022-03-09,265.9
2022-03-10,260.0
2022-03-11,265.0
2022-03-14,265.1
2022-03-15,265.0
2022-03-16,265.4
2022-03-17,268.0
2022-03-18,269.0
2022-03-21,266.5
2022-03-22,265.1
2022-03-23,260.0
2022-03-24,256.0
2022-03-25,260.0
2022-03-28,257.0
2022-03-29,266.0
2022-03-30,264.9
2022-03-31,267.0
2022-04-01,266.0
2022-04-04,264.5
2022-04-05,265.5
2022-04-06,270.0
2022-04-07,265.2
2022-04-08,266.0
2022-04-11,266.0
2022-04-12,268.0
2022-04-13,266.1
2022-04-14,268.5
2022-04-15,266.0
2022-04-18,268.4
2022-04-19,266.05
2022-04-20,268.0
2022-04-21,266.0
2022-04-22,266.05
2022-04-25,268.0
2022-04-26,265.0
2022-04-27,267.0
2022-04-28,268.0
2022-04-29,267.0
2022-05-04,267.0
2022-05-05,266.0
2022-05-06,265.5
2022-05-09,262.0
2022-05-10,255.0
2022-05-11,255.0
2022-05-12,255.0
2022-05-13,257.9
2022-05-16,253.0
2022-05-17,253.0
2022-05-18,257.0
2022-05-19,257.0
2022-05-20,253.0
2022-05-23,255.0
2022-05-24,253.05
2022-05-25,255.0
2022-05-26,253.0
2022-05-27,250.9
2022-05-30,250.0
2022-05-31,245.0
2022-06-01,251.9
2022-06-02,255.0
2022-06-03,258.0
2022-06-06,264.85
2022-06-07,258.0
2022-06-08,262.0
2022-06-09,262.0
2022-06-10,260.0
2022-06-13,260.0
2022-06-14,253.0
2022-06-15,253.0
2022-06-16,255.0
2022-06-17,253.0
2022-06-20,254.85
2022-06-21,253.0
2022-06-22,251.0
2022-06-23,249.0
2022-06-24,255.0
2022-06-27,255.0
2022-06-28,254.95
2022-06-29,254.0
2022-06-30,254.9
2022-07-01,245.0
2022-07-04,246.0
2022-07-05,246.0
2022-07-06,252.0
2022-07-07,253.0
2022-07-08,255.0
2022-07-12,256.0
2022-07-13,248.0
2022-07-14,248.0
2022-07-15,251.0
2022-07-18,251.0
2022-07-19,252.0
2022-07-20,252.05
2022-07-21,252.1
2022-07-22,252.0
2022-07-25,248.1
2022-07-26,251.5
2022-07-27,252.0
2022-07-28,250.0
2022-07-29,250.0
2022-08-01,250.0
2022-08-02,250.1
2022-08-03,250.0
2022-08-04,250.0
2022-08-05,255.0
2022-08-08,250.0
2022-08-09,255.0
2022-08-10,255.0
2022-08-11,258.0
2022-08-12,259.95
2022-08-15,259.5
2022-08-16,260.0
2022-08-17,260.0
2022-08-18,258.0
2022-08-19,259.9
2022-08-22,259.0
2022-08-23,259.0
2022-08-24,258.0
2022-08-25,258.0
2022-08-26,258.0
2022-08-29,259.0
2022-08-30,257.0
2022-08-31,256.0
2022-09-01,256.0
2022-09-02,258.4
2022-09-05,257.0
2022-09-06,256.0
2022-09-07,255.05
2022-09-08,255.0
2022-09-09,256.0
2022-09-12,256.8
2022-09-13,256.0
2022-09-14,256.0
2022-09-15,256.0
2022-09-16,256.5
2022-09-19,256.5
2022-09-20,256.5
2022-09-21,257.95
2022-09-22,256.0
2022-09-23,256.0
2022-09-26,255.9
2022-09-27,253.95
2022-09-28,245.0
2022-09-29,242.0
2022-09-30,243.0
2022-10-03,240.0
2022-10-04,243.0
2022-10-05,243.0
2022-10-06,244.0
2022-10-07,242.0
2022-10-11,245.0
2022-10-12,240.0
2022-10-13,240.0
2022-10-14,236.9
2022-10-17,235.0
2022-10-18,235.0
2022-10-19,235.0
2022-10-20,224.0
2022-10-21,223.9
2022-10-24,223.9
2022-10-25,224.0
2022-10-26,215.0
2022-10-27,222.0
2022-10-28,220.0
2022-10-31,220.0
2022-11-01,220.0
2022-11-02,220.0
2022-11-03,220.0
2022-11-04,219.8
2022-11-07,221.0
2022-11-08,220.0
2022-11-09,218.0
2022-11-10,215.0
2022-11-11,210.0
2022-11-14,217.9
2022-11-15,220.0
2022-11-16,220.05
2022-11-17,227.0
2022-11-21,226.9
2022-11-22,226.95
2022-11-23,230.0
2022-11-24,230.0
2022-11-25,230.0
2022-11-28,228.0
2022-11-29,230.0
2022-11-30,227.0
2022-12-01,229.85
2022-12-02,229.9
2022-12-05,231.5
2022-12-06,234.0
2022-12-07,233.0
2022-12-08,232.95
2022-12-09,232.0
2022-12-12,233.0
2022-12-13,233.0
2022-12-14,232.95
2022-12-15,232.0
2022-12-16,228.5
2022-12-19,230.0
2022-12-20,227.0
2022-12-21,233.0
2022-12-22,232.0
2022-12-23,231.0
2022-12-26,234.9
2022-12-27,230.0
2022-12-28,235.0
2022-12-29,239.0
2022-12-30,231.0
2023-01-02,227.0
2023-01-03,224.9
2023-01-04,220.0
2023-01-05,207.0
2023-01-06,194.6
2023-01-09,197.05
2023-01-10,205.0
2023-01-12,215.0
2023-01-13,215.0
2023-01-16,217.0
2023-01-17,222.0
2023-01-18,220.7
2023-01-19,218.15
2023-01-20,217.9
2023-01-23,219.0
2023-01-24,215.05
2023-01-25,220.0
2023-01-26,217.0
2023-01-27,217.0
2023-01-30,215.0
2023-01-31,223.5
2023-02-01,218.0
2023-02-02,218.05
2023-02-03,221.0
2023-02-06,222.0
2023-02-07,220.1
2023-02-08,225.0
2023-02-09,229.5
2023-02-10,225.0
2023-02-13,225.0
2023-02-14,220.55
2023-02-15,227.4
2023-02-16,225.0
2023-02-17,225.0
2023-02-20,225.05
2023-02-21,228.0
2023-02-22,233.8
2023-02-23,231.0
2023-02-24,240.0
2023-02-27,239.0
2023-02-28,242.0
2023-03-01,239.0
2023-03-02,238.05
2023-03-03,236.0
2023-03-06,233.0
2023-03-07,233.1
2023-03-08,234.0
2023-03-09,233.55
2023-03-10,235.0
2023-03-13,236.1
2023-03-14,236.05
2023-03-15,233.6
2023-03-16,234.5
2023-03-17,234.0
2023-03-20,233.5
2023-03-21,231.0
2023-03-22,235.0
2023-03-23,234.0
2023-03-24,230.0
2023-03-27,234.95
2023-03-28,235.0
2023-03-29,237.0
2023-03-30,230.1
2023-03-31,227.0
2023-04-03,235.95
2023-04-04,231.0
2023-04-05,232.5
2023-04-06,230.0
2023-04-07,230.55
2023-04-10,230.1
2023-04-11,229.0
2023-04-12,230.5
2023-04-13,230.05
2023-04-14,230.0
2023-04-17,230.0
2023-04-18,229.0
2023-04-19,229.1
2023-04-20,230.0
2023-04-21,231.0
2023-04-25,230.0
2023-04-26,228.0
2023-04-27,227.5
2023-04-28,228.8
2023-05-02,228.5
2023-05-03,227.55
2023-05-04,227.1
2023-05-05,227.0
2023-05-08,229.0
2023-05-09,228.5
2023-05-10,228.5
2023-05-11,228.0
2023-05-12,230.0
2023-05-15,231.0
2023-05-16,232.95
2023-05-17,230.1
2023-05-18,232.0
2023-05-19,231.0
2023-05-22,229.2
2023-05-23,231.0
2023-05-24,233.0
2023-05-25,231.5
2023-05-26,234.0
2023-05-29,236.0
2023-05-30,236.0
2023-05-31,233.55
2023-06-01,234.05
2023-06-02,235.0
2023-06-05,235.0
2023-06-06,235.05
2023-06-07,237.95
2023-06-08,236.1
2023-06-09,240.0
2023-06-12,239.5
2023-06-13,238.5
2023-06-14,244.0
2023-06-15,244.0
2023-06-16,248.0
2023-06-19,245.0
2023-06-20,252.0
2023-06-21,245.0
2023-06-22,244.0
2023-06-23,245.05
2023-06-26,250.0
2023-06-27,260.0
2023-06-28,264.0
2023-07-03,264.0
2023-07-04,262.0
2023-07-05,263.0
2023-07-06,262.05
2023-07-07,261.1
2023-07-10,261.15
2023-07-11,261.2
2023-07-12,262.7
2023-07-13,253.15
2023-07-14,254.1
2023-07-17,257.0
2023-07-18,262.0
2023-07-20,264.0
2023-07-21,263.0
2023-07-24,262.0
2023-07-25,266.0
2023-07-26,264.0
2023-07-27,264.1
2023-07-28,263.0
2023-07-31,262.3
2023-08-01,264.0
2023-08-02,264.0
2023-08-03,265.0
2023-08-04,264.1
2023-08-07,264.0
2023-08-08,263.0
2023-08-09,260.0
2023-08-10,263.05
2023-08-11,258.0
2023-08-15,260.0
2023-08-16,260.45
2023-08-17,260.0
2023-08-18,258.1
2023-08-22,256.1
2023-08-23,255.1
2023-08-24,255.05
2023-08-25,254.1
2023-08-28,255.0
2023-08-29,254.1
2023-08-30,254.1
2023-08-31,264.5
2023-09-01,260.0
2023-09-04,260.0
2023-09-05,259.0
2023-09-06,257.0
2023-09-07,255.0
2023-09-08,254.0
2023-09-11,252.0
2023-09-12,254.0
2023-09-13,252.0
2023-09-14,252.5
2023-09-15,252.0
2023-09-18,252.45
2023-09-19,253.0
2023-09-20,255.0
2023-09-21,252.0
2023-09-22,252.0
2023-09-25,256.0
2023-09-26,254.95
2023-09-27,254.95
2023-10-02,253.0
2023-10-03,253.95
2023-10-04,252.0
2023-10-05,267.1
2023-10-06,270.0
2023-10-09,266.9
2023-10-10,265.95
2023-10-11,264.0
2023-10-12,264.95
2023-10-13,263.0
2023-10-16,262.05
2023-10-17,261.5
2023-10-18,261.0
2023-10-19,265.0
2023-10-20,263.0
2023-10-23,266.0
2023-10-24,265.75
2023-10-25,261.95
2023-10-26,261.15
2023-10-27,261.0
2023-10-30,261.0
2023-10-31,261.95
2023-11-01,261.0
2023-11-02,261.0
2023-11-03,259.0
2023-11-07,260.0
2023-11-08,261.8
2023-11-09,261.0
2023-11-10,260.95
2023-11-13,261.4
2023-11-14,261.8
2023-11-15,260.0
2023-11-16,261.95
2023-11-17,263.4
2023-11-20,264.0
2023-11-21,266.5
2023-11-22,267.0
2023-11-23,268.0
2023-11-24,266.0
2023-11-27,266.0
2023-11-28,263.2
2023-11-29,267.0
2023-11-30,266.0
2023-12-01,266.0
2023-12-04,266.5
2023-12-05,266.0
2023-12-06,266.0
2023-12-07,269.0
2023-12-08,270.95
2023-12-11,271.5
2023-12-12,272.0
2023-12-13,274.05
2023-12-14,276.0
2023-12-15,275.3
2023-12-18,276.5
2023-12-19,277.0
2023-12-20,277.05
2023-12-21,276.0
2023-12-22,277.0
2023-12-25,277.0
2023-12-26,274.0
2023-12-27,274.0
2023-12-28,274.05
2023-12-29,275.0
2024-01-02,276.95
2024-01-03,275.0
2024-01-04,276.0
2024-01-05,279.95
2024-01-08,280.0
2024-01-09,282.95
2024-01-10,284.5
2024-01-12,285.0
2024-01-15,284.0
2024-01-16,285.0
2024-01-17,285.0
2024-01-18,292.0
2024-01-19,293.0
2024-01-22,295.05
2024-01-23,294.2
2024-01-24,294.0
2024-01-25,293.35
2024-01-26,288.0
2024-01-29,288.0
2024-01-30,286.0
2024-01-31,285.5
2024-02-01,286.0
2024-02-02,287.0
2024-02-05,287.0
2024-02-06,290.05
2024-02-07,290.3
2024-02-08,292.95
2024-02-09,295.0
2024-02-12,295.5
2024-02-13,295.0
2024-02-14,295.0
2024-02-15,296.0
2024-02-16,296.0
2024-02-19,296.0
2024-02-20,297.0
2024-02-21,300.0
2024-02-22,300.0
2024-02-23,302.0
2024-02-26,304.9
2024-02-27,305.0
2024-02-28,309.0
2024-02-29,305.0
2024-03-01,302.0
2024-03-04,302.0
2024-03-05,302.0
2024-03-06,300.0
2024-03-07,296.0
2024-03-08,296.0
2024-03-11,292.1
2024-03-12,294.1
2024-03-13,296.0
2024-03-14,296.1
2024-03-15,299.0
2024-03-18,299.0
2024-03-19,296.0
2024-03-20,292.2
2024-03-21,295.0
2024-03-22,292.0
2024-03-25,292.0
2024-03-26,293.95
2024-03-27,295.0
2024-03-28,293.5
2024-03-29,295.9
2024-04-01,292.0
2024-04-02,292.0
2024-04-03,291.1
2024-04-04,292.0
2024-04-05,292.0
2024-04-08,293.75
2024-04-09,295.0
2024-04-15,296.0
2024-04-16,292.0
2024-04-17,292.0
2024-04-18,292.0
2024-04-19,292.0
2024-04-22,290.0
2024-04-23,291.0
2024-04-24,292.0
2024-04-25,295.0
2024-04-26,292.0
2024-04-29,294.0
2024-04-30,292.0
2024-05-02,289.0
2024-05-03,295.0
2024-05-06,295.0
2024-05-07,294.9
2024-05-08,295.9
2024-05-09,296.0
2024-05-10,296.0
2024-05-13,294.0
2024-05-14,293.95
2024-05-15,292.0
2024-05-16,290.0
2024-05-17,293.0
2024-05-20,293.0
2024-05-21,293.0
2024-05-22,294.0
2024-05-23,295.0
2024-05-24,296.0
2024-05-27,295.0
2024-05-28,295.0
2024-05-29,293.9
2024-05-30,293.55
2024-05-31,294.0
2024-06-03,294.0
2024-06-04,290.3
2024-06-05,290.0
2024-06-06,293.0
2024-06-07,293.95
2024-06-10,292.0
2024-06-11,291.95
2024-06-12,291.0
2024-06-13,289.0
2024-06-14,292.0
2024-06-19,291.0
2024-06-20,291.95
2024-06-21,291.5
2024-06-24,292.0
2024-06-25,296.5
2024-06-26,298.0
2024-06-27,293.45
2024-06-28,296.0
2024-07-01,294.0
2024-07-02,294.15
2024-07-03,294.15
2024-07-04,295.0
2024-07-05,298.0
2024-07-08,298.0
2024-07-09,299.0
2024-07-10,306.0
2024-07-11,304.0
2024-07-12,310.0
2024-07-15,306.0
2024-07-16,306.0
2024-07-17,310.0
2024-07-18,310.0
2024-07-19,300.0
2024-07-22,300.0
2024-07-23,300.0
2024-07-24,304.0
2024-07-25,304.0
2024-07-26,307.0
2024-07-29,307.0
2024-07-31,309.0
2024-08-01,309.9
2024-08-02,313.5
2024-08-05,305.0
2024-08-06,310.0
2024-08-07,310.05
2024-08-08,314.0
2024-08-09,315.0
2024-08-12,312.2
2024-08-13,313.1
2024-08-15,314.5
2024-08-16,315.9
2024-08-19,315.05
2024-08-22,315.95
2024-08-23,315.0
2024-08-26,312.8
2024-08-27,311.3
2024-08-28,312.0
2024-08-29,310.0
2024-08-30,314.5
2024-09-02,310.0
2024-09-03,310.0
2024-09-04,307.95
2024-09-05,306.0
2024-09-06,307.0
2024-09-09,306.0
2024-09-10,305.0
2024-09-11,299.45
2024-09-12,299.0
2024-09-13,299.0
2024-09-18,299.8
2024-09-19,301.0
2024-09-20,299.95
2024-09-23,299.0
2024-09-24,296.9
2024-09-25,299.0
2024-09-26,294.0
2024-09-27,294.9
2024-09-30,287.9
2024-10-01,288.0
2024-10-02,286.0
2024-10-03,290.0
2024-10-04,290.0
2024-10-07,287.9
2024-10-08,285.0
2024-10-09,287.95
2024-10-10,286.6
2024-10-11,288.5
2024-10-14,289.9
2024-10-15,289.0
2024-10-16,289.0
2024-10-17,291.95
2024-10-18,292.0
2024-10-21,291.9
2024-10-22,291.0
2024-10-23,291.0
2024-10-24,291.0
2024-10-25,290.0
2024-10-28,290.0
2024-10-29,287.0
2024-10-30,288.9
2024-10-31,288.0
2024-11-01,292.0
2024-11-04,292.0
2024-11-05,291.9
2024-11-07,295.0
2024-11-08,297.0
2024-11-11,298.0
2024-11-12,299.0
2024-11-13,298.0
2024-11-14,299.9
2024-11-15,300.0
2024-11-19,305.0
2024-11-20,304.9
2024-11-21,300.0
2024-11-22,299.45
2024-11-25,300.0
2024-11-26,300.0
2024-11-27,300.0
2024-11-28,300.0
2024-11-29,300.0
2024-12-02,300.0
2024-12-03,296.95
2024-12-04,295.0
2024-12-05,295.0
2024-12-06,295.0
2024-12-09,296.95
2024-12-10,290.1
2024-12-11,289.95
2024-12-12,292.0
2024-12-13,290.0
2024-12-16,285.3
2024-12-17,285.3
2024-12-18,285.2
2024-12-19,290.0
2024-12-20,289.95
2024-12-23,285.0
2024-12-24,280.0
2024-12-25,280.0
2024-12-26,281.0
2024-12-27,281.0
2024-12-30,280.0
2024-12-31,275.0
2025-01-02,280.0
2025-01-03,283.2
2025-01-06,284.9
2025-01-07,284.0
2025-01-08,289.4
2025-01-09,288.0
2025-01-10,289.95
2025-01-13,288.0
2025-01-15,289.0
2025-01-16,289.0
2025-01-17,289.0
2025-01-20,288.5
2025-01-21,283.0
2025-01-22,287.95
2025-01-23,280.0
2025-01-24,286.0
2025-01-27,283.0
2025-01-28,283.1
2025-01-29,283.1
2025-01-30,285.0
2025-01-31,285.0
2025-02-03,285.0
2025-02-04,285.1
2025-02-05,285.4
2025-02-06,284.9
2025-02-07,284.9
2025-02-10,282.0
2025-02-11,283.8
2025-02-12,283.5
2025-02-13,282.0
2025-02-14,282.1
2025-02-17,282.0
2025-02-18,281.0
2025-02-19,280.0
2025-02-20,277.0
2025-02-21,276.05
2025-02-24,276.05
2025-02-25,280.0
2025-02-26,284.0
2025-02-27,283.0
2025-02-28,280.1
2025-03-03,286.5
2025-03-04,280.1
2025-03-05,283.75
2025-03-06,281.1
2025-03-07,281.0
2025-03-10,281.0
2025-03-11,280.0
2025-03-12,276.0
2025-03-13,282.7
2025-03-14,284.0
2025-03-17,281.5
2025-03-18,282.1
2025-03-19,283.0
2025-03-20,280.0
2025-03-21,282.0
2025-03-24,284.9
2025-03-25,281.5
2025-03-26,282.0
2025-03-27,281.0
2025-03-28,283.35
2025-04-02,280.1
2025-04-03,279.1
2025-04-04,275.1
2025-04-07,272.0
2025-04-08,273.0
2025-04-09,267.55
2025-04-10,270.0
2025-04-11,268.0
2025-04-14,270.0
2025-04-15,270.0
2025-04-16,270.0
2025-04-17,270.0
2025-04-18,270.0
2025-04-21,269.8
2025-04-22,268.5
2025-04-23,268.0
2025-04-24,267.65
2025-04-25,267.0
2025-04-28,267.1
2025-04-29,264.5
2025-04-30,265.1
2025-05-02,266.1
2025-05-05,266.1
2025-05-06,266.15
2025-05-07,266.2
2025-05-08,265.8
2025-05-09,265.8
