date,CDM
2000-01-03,459.0
2000-01-04,460.0
2000-01-07,460.0
2000-01-13,465.0
2000-01-17,465.0
2000-01-19,464.0
2000-01-20,462.0
2000-01-21,460.0
2000-01-24,460.0
2000-01-25,459.95
2000-01-26,459.0
2000-01-27,441.0
2000-02-02,442.5
2000-02-03,443.0
2000-02-23,430.0
2000-02-24,429.0
2000-02-25,427.0
2000-02-28,431.9
2000-02-29,427.1
2000-03-01,430.0
2000-03-02,420.0
2000-03-06,428.0
2000-03-09,429.0
2000-03-10,429.9
2000-03-14,425.0
2000-03-15,424.05
2000-03-16,425.0
2000-03-21,425.0
2000-03-22,421.0
2000-03-23,429.0
2000-03-28,426.0
2000-03-30,426.0
2000-03-31,430.0
2000-04-05,420.0
2000-04-11,413.0
2000-04-17,418.0
2000-04-18,400.0
2000-04-20,400.0
2000-04-25,400.0
2000-04-26,400.0
2000-04-27,400.0
2000-05-04,400.0
2000-05-05,400.0
2000-05-08,397.0
2000-05-12,420.0
2000-05-16,439.0
2000-05-17,425.0
2000-05-19,425.0
2000-05-24,421.0
2000-05-25,421.0
2000-05-26,420.0
2000-05-29,422.0
2000-06-01,425.0
2000-06-02,423.0
2000-06-07,405.0
2000-06-19,400.0
2000-06-23,405.0
2000-06-26,401.0
2000-06-27,402.0
2000-06-28,400.0
2000-06-29,424.0
2000-07-05,411.0
2000-07-11,410.0
2000-07-12,410.0
2000-07-14,405.0
2000-07-19,405.0
2000-07-20,401.0
2000-07-21,401.0
2000-07-25,400.0
2000-07-26,390.0
2000-07-27,390.0
2000-07-31,400.0
2000-08-01,398.0
2000-08-02,398.9
2000-08-07,398.0
2000-08-08,397.95
2000-08-10,397.0
2000-08-11,390.0
2000-08-16,397.0
2000-08-17,392.0
2000-08-22,405.0
2000-08-24,430.0
2000-08-28,423.0
2000-08-29,412.0
2000-09-01,404.0
2000-09-06,410.0
2000-09-07,408.0
2000-09-13,406.0
2000-09-14,410.0
2000-09-15,404.0
2000-09-20,404.0
2000-09-25,400.0
2000-09-26,399.0
2000-09-27,396.0
2000-09-28,400.0
2000-09-29,395.0
2000-10-02,395.0
2000-10-03,395.0
2000-10-05,395.0
2000-10-06,392.0
2000-10-10,390.5
2000-10-11,387.0
2000-10-12,382.0
2000-10-13,376.0
2000-10-17,376.0
2000-10-18,370.0
2000-10-19,362.0
2000-10-20,375.0
2000-10-23,384.0
2000-10-25,381.0
2000-10-26,384.9
2000-10-30,376.0
2000-10-31,375.0
2000-11-01,372.0
2000-11-02,375.0
2000-11-03,372.2
2000-11-07,372.5
2000-11-08,372.0
2000-11-14,371.0
2000-11-15,370.0
2000-11-17,365.0
2000-11-20,365.0
2000-11-22,367.0
2000-11-23,368.0
2000-11-24,373.0
2000-11-27,373.0
2000-11-28,370.0
2000-11-29,369.0
2000-11-30,369.0
2000-12-04,361.0
2000-12-05,360.0
2000-12-07,360.0
2000-12-08,365.0
2000-12-11,365.0
2000-12-12,370.0
2000-12-13,374.0
2000-12-14,380.0
2000-12-15,380.0
2000-12-18,380.0
2000-12-19,379.0
2000-12-20,370.0
2000-12-21,375.0
2000-12-25,372.0
2000-12-26,370.0
2000-12-29,354.0
2001-01-02,369.0
2001-01-05,360.0
2001-01-08,350.1
2001-01-09,350.0
2001-01-10,350.0
2001-01-12,346.0
2001-01-15,343.0
2001-01-16,350.0
2001-01-17,350.0
2001-01-18,330.0
2001-01-19,330.0
2001-01-22,315.0
2001-01-23,312.0
2001-01-24,328.0
2001-01-25,325.0
2001-01-26,344.0
2001-01-29,358.0
2001-01-30,340.0
2001-01-31,330.0
2001-02-01,330.0
2001-02-02,330.0
2001-02-05,345.0
2001-02-06,345.0
2001-02-07,345.0
2001-02-08,340.0
2001-02-09,340.0
2001-02-12,341.0
2001-02-13,345.0
2001-02-14,362.0
2001-02-15,362.0
2001-02-16,371.0
2001-02-19,365.0
2001-02-20,369.0
2001-02-21,369.0
2001-02-22,351.0
2001-02-23,369.0
2001-02-26,368.0
2001-02-27,368.0
2001-02-28,378.9
2001-03-01,383.0
2001-03-02,384.0
2001-03-05,384.0
2001-03-08,377.0
2001-03-09,367.0
2001-03-12,367.0
2001-03-13,355.0
2001-03-14,370.0
2001-03-15,369.0
2001-03-16,363.0
2001-03-19,363.05
2001-03-20,363.0
2001-03-21,369.0
2001-03-22,369.0
2001-03-23,357.0
2001-03-26,355.0
2001-03-28,369.0
2001-03-29,365.95
2001-03-30,360.0
2001-04-02,360.0
2001-04-03,360.0
2001-04-04,360.0
2001-04-05,360.0
2001-04-06,360.0
2001-04-09,360.0
2001-04-10,360.0
2001-04-11,359.0
2001-04-12,354.0
2001-04-13,350.0
2001-04-16,345.0
2001-04-17,345.0
2001-04-18,350.0
2001-04-19,350.05
2001-04-20,352.0
2001-04-23,358.0
2001-04-24,358.0
2001-04-25,358.0
2001-04-26,350.5
2001-04-27,359.0
2001-04-30,340.0
2001-05-02,340.0
2001-05-03,341.0
2001-05-04,341.0
2001-05-07,341.0
2001-05-08,341.0
2001-05-09,341.0
2001-05-10,341.0
2001-05-11,345.0
2001-05-14,345.0
2001-05-15,345.0
2001-05-16,340.0
2001-05-17,340.0
2001-05-18,340.0
2001-05-21,340.0
2001-05-22,335.3
2001-05-23,336.55
2001-05-24,336.55
2001-05-25,335.5
2001-05-28,335.0
2001-05-29,335.1
2001-05-30,335.1
2001-05-31,335.1
2001-06-01,335.1
2001-06-04,330.0
2001-06-07,330.0
2001-06-08,330.0
2001-06-11,339.0
2001-06-12,339.0
2001-06-13,339.0
2001-06-14,339.0
2001-06-15,335.0
2001-06-18,335.0
2001-06-19,332.0
2001-06-20,334.0
2001-06-21,334.0
2001-06-22,334.0
2001-06-25,334.0
2001-06-26,334.0
2001-06-27,334.0
2001-06-28,348.0
2001-06-29,348.0
2001-07-02,348.0
2001-07-03,348.0
2001-07-04,348.0
2001-07-05,348.0
2001-07-06,333.0
2001-07-09,332.0
2001-07-10,332.0
2001-07-11,332.0
2001-07-12,332.0
2001-07-13,320.0
2001-07-16,320.0
2001-07-17,320.0
2001-07-18,320.0
2001-07-19,320.0
2001-07-20,320.0
2001-07-23,320.1
2001-07-24,320.1
2001-07-25,320.1
2001-07-26,320.1
2001-07-27,321.0
2001-07-31,321.0
2001-08-01,320.0
2001-08-02,320.0
2001-08-03,320.0
2001-08-06,325.0
2001-08-07,328.0
2001-08-08,325.0
2001-08-09,325.0
2001-08-10,325.0
2001-08-13,325.0
2001-08-15,320.1
2001-08-16,320.1
2001-08-17,320.1
2001-08-22,320.1
2001-08-23,320.15
2001-08-24,320.15
2001-08-27,320.15
2001-08-28,320.1
2001-08-29,320.1
2001-08-30,320.1
2001-08-31,325.0
2001-09-03,325.0
2001-09-04,334.0
2001-09-05,333.0
2001-09-06,333.0
2001-09-07,333.0
2001-09-10,331.0
2001-09-11,331.05
2001-09-12,331.0
2001-09-13,325.0
2001-09-14,325.0
2001-09-17,325.0
2001-09-18,320.0
2001-09-19,320.0
2001-09-20,320.0
2001-09-21,320.0
2001-09-24,320.0
2001-09-25,313.0
2001-09-26,313.0
2001-09-27,313.0
2001-09-28,313.0
2001-10-01,317.0
2001-10-02,317.0
2001-10-03,317.0
2001-10-04,317.0
2001-10-05,317.0
2001-10-08,317.0
2001-10-09,301.0
2001-10-10,305.0
2001-10-11,305.0
2001-10-12,305.0
2001-10-15,300.05
2001-10-16,305.0
2001-10-17,300.0
2001-10-18,300.0
2001-10-19,300.0
2001-10-22,300.0
2001-10-23,300.0
2001-10-24,287.5
2001-10-25,288.0
2001-10-26,288.0
2001-10-29,295.0
2001-10-30,291.0
2001-10-31,295.0
2001-11-01,295.0
2001-11-02,281.0
2001-11-05,281.0
2001-11-07,297.0
2001-11-08,290.0
2001-11-09,290.0
2001-11-12,286.0
2001-11-13,303.15
2001-11-14,303.0
2001-11-15,303.0
2001-11-16,303.0
2001-11-19,306.0
2001-11-20,320.0
2001-11-21,309.0
2001-11-22,327.0
2001-11-23,340.0
2001-11-26,340.0
2001-11-27,340.0
2001-11-28,340.0
2001-11-29,339.95
2001-11-30,332.0
2001-12-03,330.0
2001-12-04,325.0
2001-12-05,326.05
2001-12-06,323.0
2001-12-07,323.0
2001-12-10,323.0
2001-12-11,324.0
2001-12-12,324.3
2001-12-13,324.3
2001-12-14,324.3
2001-12-19,324.3
2001-12-20,325.0
2001-12-21,325.5
2001-12-24,338.0
2001-12-25,334.0
2001-12-26,337.0
2001-12-27,340.0
2001-12-28,360.0
2001-12-31,379.0
2002-01-03,356.3
2002-01-04,356.3
2002-01-07,334.95
2002-01-09,323.0
2002-01-10,323.0
2002-01-14,307.0
2002-01-15,307.0
2002-01-16,307.0
2002-01-17,307.0
2002-01-18,324.0
2002-01-21,325.0
2002-01-22,325.0
2002-01-23,330.0
2002-01-24,349.0
2002-01-25,351.0
2002-01-28,364.0
2002-01-29,360.0
2002-01-30,360.0
2002-01-31,355.0
2002-02-01,369.0
2002-02-04,369.0
2002-02-05,369.0
2002-02-06,360.0
2002-02-07,360.0
2002-02-08,360.0
2002-02-11,360.0
2002-02-12,360.0
2002-02-13,360.0
2002-02-14,360.0
2002-02-15,360.0
2002-02-18,360.0
2002-02-19,361.0
2002-02-20,361.0
2002-02-21,361.0
2002-02-22,361.2
2002-02-26,360.0
2002-02-27,360.0
2002-02-28,360.0
2002-03-01,359.6
2002-03-04,338.05
2002-03-05,318.0
2002-03-06,318.0
2002-03-07,318.0
2002-03-08,327.0
2002-03-11,327.0
2002-03-12,327.0
2002-03-13,318.0
2002-03-14,318.0
2002-03-18,320.0
2002-03-19,335.0
2002-03-20,335.0
2002-03-21,340.0
2002-03-22,345.0
2002-03-25,350.0
2002-03-26,350.0
2002-03-27,355.0
2002-03-28,355.0
2002-03-29,334.0
2002-04-01,341.0
2002-04-02,341.0
2002-04-03,341.0
2002-04-05,341.0
2002-04-08,342.0
2002-04-09,353.0
2002-04-10,353.0
2002-04-11,356.0
2002-04-12,356.0
2002-04-15,377.35
2002-04-16,377.0
2002-04-17,377.0
2002-04-18,356.0
2002-04-19,356.0
2002-04-22,358.0
2002-04-24,362.0
2002-04-25,366.0
2002-04-26,370.0
2002-04-29,375.0
2002-04-30,374.0
2002-05-06,358.0
2002-05-08,360.0
2002-05-09,359.95
2002-05-10,359.95
2002-05-14,350.0
2002-05-17,358.0
2002-05-21,355.0
2002-05-22,355.0
2002-05-23,352.0
2002-05-24,342.0
2002-05-28,325.0
2002-05-30,326.0
2002-05-31,332.0
2002-06-03,320.0
2002-06-04,320.0
2002-06-06,315.0
2002-06-07,312.0
2002-06-10,312.0
2002-06-12,293.5
2002-06-14,311.0
2002-06-17,310.0
2002-06-18,311.05
2002-06-19,310.0
2002-06-20,315.0
2002-06-21,320.0
2002-06-24,339.0
2002-06-25,345.0
2002-06-26,365.0
2002-06-27,379.0
2002-06-28,401.5
2002-07-02,378.0
2002-07-03,356.0
2002-07-05,345.0
2002-07-09,345.5
2002-07-10,345.3
2002-07-11,360.0
2002-07-12,346.0
2002-07-18,330.1
2002-07-19,332.0
2002-07-24,347.0
2002-07-29,360.0
2002-07-31,378.0
2002-08-01,399.0
2002-08-02,399.5
2002-08-05,389.95
2002-08-07,389.95
2002-08-09,367.0
2002-08-13,375.0
2002-08-23,367.0
2002-08-30,380.0
2002-09-04,380.0
2002-09-06,389.95
2002-09-11,381.0
2002-09-13,387.0
2002-09-16,387.0
2002-09-17,385.0
2002-09-18,380.05
2002-09-20,380.0
2002-09-25,380.0
2002-09-27,365.0
2002-10-01,365.0
2002-10-04,370.05
2002-10-10,375.0
2002-10-15,375.1
2002-10-16,375.0
2002-10-18,370.0
2002-10-21,348.0
2002-10-22,348.0
2002-10-23,350.0
2002-10-24,350.0
2002-10-29,355.0
2002-10-30,355.0
2002-10-31,355.0
2002-11-01,345.0
2002-11-05,354.0
2002-11-19,340.0
2002-11-21,335.0
2002-11-22,340.0
2002-11-25,335.0
2002-12-04,330.0
2002-12-10,370.0
2002-12-13,355.0
2002-12-17,376.3
2002-12-18,380.0
2002-12-19,390.0
2002-12-20,390.0
2002-12-25,375.0
2002-12-26,385.0
2002-12-30,370.0
2002-12-31,369.0
2003-01-03,345.0
2003-01-06,350.05
2003-01-07,352.0
2003-01-08,365.0
2003-01-09,365.0
2003-01-10,358.0
2003-01-13,364.0
2003-01-14,365.05
2003-01-17,366.0
2003-01-20,365.0
2003-01-21,365.0
2003-01-22,352.0
2003-01-23,351.0
2003-01-24,352.1
2003-01-27,353.0
2003-01-30,355.0
2003-02-14,356.0
2003-02-19,351.0
2003-02-25,352.1
2003-02-27,370.0
2003-03-03,392.0
2003-03-04,390.0
2003-03-10,367.5
2003-03-12,355.0
2003-03-13,351.5
2003-03-14,370.0
2003-03-17,360.0
2003-03-19,356.0
2003-03-20,362.0
2003-03-21,370.0
2003-03-24,362.0
2003-04-01,361.0
2003-04-03,368.0
2003-04-15,368.0
2003-04-29,371.05
2003-05-02,371.0
2003-05-05,384.9
2003-05-08,384.0
2003-05-12,379.95
2003-05-13,380.0
2003-05-16,375.0
2003-05-21,375.0
2003-05-22,385.0
2003-05-23,390.0
2003-05-28,368.0
2003-06-03,390.0
2003-06-04,400.0
2003-06-05,400.0
2003-06-06,410.0
2003-06-10,401.0
2003-06-11,401.0
2003-06-12,400.0
2003-06-16,399.9
2003-06-17,399.9
2003-06-23,399.0
2003-06-24,395.0
2003-06-27,381.0
2003-06-30,380.0
2003-07-07,380.2
2003-07-09,381.5
2003-07-11,400.0
2003-07-14,395.0
2003-07-16,385.0
2003-07-22,382.0
2003-07-23,380.0
2003-07-29,382.0
2003-08-18,400.0
2003-08-26,400.0
2003-08-29,400.0
2003-09-01,400.0
2003-09-02,400.0
2003-09-03,410.0
2003-09-05,410.15
2003-09-08,420.0
2003-09-18,420.0
2003-09-26,420.0
2003-09-30,421.0
2003-10-01,430.0
2003-10-02,449.6
2003-10-06,430.0
2003-10-07,441.05
2003-10-08,431.0
2003-10-20,430.95
2003-10-31,431.0
2003-11-07,431.0
2003-11-10,431.0
2003-11-14,440.0
2003-11-20,438.95
2003-11-24,430.0
2003-11-25,430.0
2003-12-01,454.0
2003-12-03,454.0
2003-12-04,449.95
2003-12-05,454.0
2003-12-08,450.0
2003-12-09,450.0
2003-12-10,450.0
2003-12-12,449.95
2003-12-15,425.0
2003-12-16,430.0
2003-12-17,430.0
2003-12-18,430.0
2003-12-19,425.0
2003-12-22,425.0
2003-12-23,425.0
2003-12-24,420.0
2003-12-26,418.95
2003-12-30,405.0
2003-12-31,405.0
2004-01-09,415.0
2004-01-14,420.05
2004-01-16,435.0
2004-01-20,435.0
2004-01-22,435.0
2004-01-26,430.0
2004-01-27,429.95
2004-01-28,430.0
2004-02-03,429.95
2004-02-05,428.95
2004-02-06,430.0
2004-02-09,429.1
2004-02-10,430.0
2004-02-12,434.0
2004-02-16,434.0
2004-02-19,435.0
2004-02-25,430.0
2004-02-26,425.0
2004-02-27,425.0
2004-03-01,442.0
2004-03-02,455.0
2004-03-03,455.0
2004-03-04,455.0
2004-03-05,469.0
2004-03-08,469.0
2004-03-09,465.5
2004-03-10,470.0
2004-03-11,470.0
2004-03-12,470.0
2004-03-15,469.75
2004-03-16,466.2
2004-03-17,453.0
2004-03-22,445.0
2004-03-24,445.0
2004-03-25,445.0
2004-03-26,430.0
2004-04-01,432.05
2004-04-02,435.0
2004-04-06,435.6
2004-04-08,450.0
2004-04-12,450.0
2004-04-13,455.0
2004-04-14,456.0
2004-04-15,456.0
2004-04-16,450.1
2004-04-20,455.1
2004-04-21,455.1
2004-04-26,454.95
2004-04-27,459.0
2004-04-29,459.0
2004-04-30,445.0
2004-05-04,464.5
2004-05-07,450.0
2004-05-11,445.0
2004-05-12,430.0
2004-05-14,440.0
2004-05-17,432.0
2004-05-18,420.0
2004-05-19,435.0
2004-05-24,440.0
2004-05-25,435.0
2004-05-26,440.0
2004-05-31,440.05
2004-06-01,426.0
2004-06-02,426.0
2004-06-03,426.0
2004-06-07,426.05
2004-06-08,418.0
2004-06-09,426.0
2004-06-15,426.0
2004-06-16,419.0
2004-06-17,420.0
2004-06-18,420.0
2004-06-22,420.0
2004-06-23,420.0
2004-06-24,420.0
2004-06-25,420.0
2004-06-28,395.0
2004-06-29,400.0
2004-06-30,400.0
2004-07-02,401.0
2004-07-05,402.1
2004-07-07,402.0
2004-07-08,405.0
2004-07-09,406.0
2004-07-12,408.0
2004-07-13,410.0
2004-07-14,410.0
2004-07-15,417.0
2004-07-19,429.0
2004-07-20,448.0
2004-08-06,422.0
2004-08-09,422.0
2004-08-10,426.0
2004-08-11,422.5
2004-08-12,423.0
2004-08-19,430.0
2004-08-26,430.0
2004-08-27,431.1
2004-08-30,431.1
2004-09-01,433.0
2004-09-03,431.0
2004-09-09,435.15
2004-09-10,439.0
2004-09-14,439.0
2004-09-17,439.0
2004-09-20,439.0
2004-09-21,439.0
2004-09-22,440.0
2004-09-27,436.0
2004-09-28,437.0
2004-10-01,437.0
2004-10-06,437.0
2004-10-07,435.0
2004-10-11,435.0
2004-10-12,435.0
2004-10-13,435.0
2004-10-14,434.9
2004-10-19,429.0
2004-10-22,403.3
2004-10-25,403.25
2004-10-26,400.0
2004-10-27,380.0
2004-10-28,379.0
2004-10-29,365.0
2004-11-01,370.0
2004-11-02,369.0
2004-11-03,368.0
2004-11-04,370.0
2004-11-08,370.5
2004-11-09,372.0
2004-11-10,375.0
2004-11-11,380.0
2004-11-12,388.0
2004-11-17,388.0
2004-11-22,380.0
2004-11-26,380.0
2004-12-01,380.0
2004-12-02,380.0
2004-12-08,380.0
2004-12-09,381.0
2004-12-10,400.0
2004-12-13,407.0
2004-12-14,419.0
2004-12-15,407.0
2004-12-21,398.0
2004-12-27,398.0
2004-12-29,398.0
2004-12-31,380.0
2005-01-06,380.0
2005-01-07,388.0
2005-01-10,390.3
2005-01-12,392.0
2005-01-13,394.0
2005-01-17,397.0
2005-01-18,395.0
2005-01-19,398.0
2005-01-20,398.0
2005-01-25,398.0
2005-01-26,400.0
2005-01-28,403.0
2005-02-01,402.95
2005-02-02,405.0
2005-02-04,405.0
2005-02-07,406.0
2005-02-11,408.0
2005-02-15,405.0
2005-02-16,405.0
2005-02-17,405.0
2005-02-18,401.0
2005-02-22,403.0
2005-02-23,400.0
2005-02-24,394.0
2005-02-25,400.0
2005-03-01,400.0
2005-03-02,402.0
2005-03-03,401.0
2005-03-04,399.0
2005-03-07,395.0
2005-03-10,391.0
2005-03-11,395.0
2005-03-14,399.0
2005-03-15,400.0
2005-03-16,400.0
2005-03-21,400.0
2005-03-23,395.0
2005-03-25,390.0
2005-03-29,390.0
2005-03-30,381.0
2005-03-31,381.0
2005-04-01,385.0
2005-04-04,385.0
2005-04-05,385.0
2005-04-06,385.0
2005-04-07,390.0
2005-04-13,390.0
2005-04-15,400.0
2005-04-18,390.0
2005-04-20,400.0
2005-04-25,400.0
2005-04-26,395.0
2005-04-27,397.0
2005-04-28,408.0
2005-04-29,410.0
2005-05-02,405.0
2005-05-05,410.0
2005-05-06,410.0
2005-05-09,411.0
2005-05-10,412.0
2005-05-11,410.1
2005-05-12,420.0
2005-05-18,411.2
2005-05-19,430.0
2005-05-20,428.0
2005-05-26,411.0
2005-05-27,412.0
2005-05-30,420.0
2005-05-31,420.0
2005-06-02,405.0
2005-06-03,405.0
2005-06-06,395.2
2005-06-08,418.9
2005-06-10,410.0
2005-06-13,415.0
2005-06-14,405.0
2005-06-16,408.0
2005-06-20,401.3
2005-06-22,407.0
2005-06-23,402.1
2005-06-24,402.0
2005-06-27,405.0
2005-06-28,402.0
2005-06-30,402.0
2005-07-01,415.0
2005-07-13,405.0
2005-07-15,406.0
2005-07-20,414.0
2005-07-21,410.0
2005-07-25,410.0
2005-07-28,410.1
2005-08-01,410.0
2005-08-02,410.0
2005-08-03,415.0
2005-08-04,412.0
2005-08-05,420.05
2005-08-09,420.0
2005-08-10,420.0
2005-08-11,424.0
2005-08-16,430.0
2005-08-17,431.0
2005-08-18,430.0
2005-08-19,431.0
2005-08-22,429.0
2005-08-23,431.0
2005-08-24,435.0
2005-08-30,430.0
2005-09-02,434.0
2005-09-06,430.0
2005-09-07,420.0
2005-09-08,420.0
2005-09-09,412.0
2005-09-14,420.0
2005-09-15,420.0
2005-09-16,420.0
2005-09-19,421.0
2005-09-20,420.0
2005-09-21,420.0
2005-09-23,415.0
2005-09-26,429.9
2005-09-30,421.5
2005-10-03,415.0
2005-10-04,420.0
2005-10-05,421.0
2005-10-06,420.0
2005-10-10,421.0
2005-10-14,421.5
2005-10-17,430.0
2005-10-19,425.0
2005-10-21,429.0
2005-10-24,425.0
2005-10-25,430.0
2005-10-27,430.0
2005-10-28,432.0
2005-10-31,438.0
2005-11-01,450.0
2005-11-02,450.0
2005-11-03,450.0
2005-11-07,452.05
2005-11-08,452.0
2005-11-10,446.0
2005-11-14,440.0
2005-11-15,440.0
2005-11-21,441.2
2005-11-23,440.0
2005-11-24,445.0
2005-11-25,454.0
2005-11-28,445.0
2005-11-29,448.0
2005-12-01,442.0
2005-12-02,440.0
2005-12-05,439.95
2005-12-06,425.0
2005-12-07,425.0
2005-12-08,425.0
2005-12-09,425.0
2005-12-12,417.0
2005-12-13,425.0
2005-12-14,430.0
2005-12-15,435.0
2005-12-16,435.0
2005-12-19,440.0
2005-12-20,440.0
2005-12-21,430.0
2005-12-22,439.0
2005-12-23,445.0
2005-12-26,445.0
2005-12-27,435.0
2005-12-28,430.0
2005-12-29,434.5
2005-12-30,425.0
2006-01-03,444.0
2006-01-04,444.0
2006-01-05,457.0
2006-01-06,460.0
2006-01-09,461.0
2006-01-13,465.0
2006-01-16,470.0
2006-01-17,479.9
2006-01-18,467.0
2006-01-19,490.0
2006-01-20,500.0
2006-01-23,500.0
2006-01-24,505.0
2006-01-25,535.0
2006-01-26,550.0
2006-01-27,580.0
2006-01-30,614.0
2006-02-01,650.0
2006-02-02,653.0
2006-02-03,639.0
2006-02-06,677.0
2006-02-07,717.0
2006-02-08,717.0
2006-02-09,755.0
2006-02-10,760.0
2006-02-13,760.0
2006-02-14,750.0
2006-02-15,739.0
2006-02-16,713.0
2006-02-17,682.0
2006-02-20,709.0
2006-02-21,701.0
2006-02-22,694.0
2006-02-23,695.0
2006-02-24,675.0
2006-02-27,649.0
2006-02-28,620.0
2006-03-01,607.0
2006-03-02,618.0
2006-03-03,619.0
2006-03-06,621.0
2006-03-07,632.0
2006-03-08,629.0
2006-03-09,627.0
2006-03-10,627.0
2006-03-13,600.0
2006-03-14,590.0
2006-03-15,567.0
2006-03-17,626.0
2006-03-20,629.0
2006-03-21,629.0
2006-03-22,628.0
2006-03-24,612.0
2006-03-27,610.0
2006-03-28,615.0
2006-03-29,630.0
2006-03-30,628.0
2006-03-31,650.0
2006-04-03,653.0
2006-04-04,660.0
2006-04-05,695.0
2006-04-06,706.0
2006-04-07,710.0
2006-04-10,729.0
2006-04-13,710.0
2006-04-14,696.0
2006-04-17,680.0
2006-04-18,690.0
2006-04-19,694.0
2006-04-20,695.0
2006-04-21,700.0
2006-04-24,702.0
2006-04-25,702.0
2006-04-26,703.0
2006-04-27,708.0
2006-04-28,691.0
2006-05-02,690.0
2006-05-04,702.0
2006-05-05,710.0
2006-05-08,744.0
2006-05-09,744.0
2006-05-10,737.0
2006-05-12,715.0
2006-05-15,711.0
2006-05-16,701.0
2006-05-17,710.0
2006-05-18,710.0
2006-05-19,695.0
2006-05-22,654.0
2006-05-23,630.0
2006-05-24,650.0
2006-05-26,710.0
2006-05-29,668.0
2006-05-30,694.0
2006-05-31,698.0
2006-06-01,680.0
2006-06-02,680.0
2006-06-06,650.0
2006-06-07,680.0
2006-06-08,680.0
2006-06-15,650.0
2006-06-16,683.0
2006-06-19,684.0
2006-06-20,684.0
2006-06-23,680.0
2006-06-27,680.0
2006-06-28,680.0
2006-07-03,685.0
2006-07-04,690.0
2006-07-05,690.0
2006-07-06,690.0
2006-07-07,690.0
2006-07-11,680.0
2006-07-12,655.0
2006-07-13,650.0
2006-07-14,652.0
2006-07-17,650.0
2006-07-18,669.0
2006-07-19,650.0
2006-07-25,620.0
2006-08-03,620.0
2006-08-07,625.0
2006-08-08,620.0
2006-08-09,655.0
2006-08-10,649.0
2006-08-11,650.0
2006-08-15,650.0
2006-08-18,680.0
2006-08-24,669.0
2006-08-25,680.0
2006-08-28,680.0
2006-08-29,680.0
2006-08-30,699.0
2006-09-01,707.0
2006-09-04,720.0
2006-09-05,705.0
2006-09-06,705.0
2006-09-08,705.0
2006-09-11,707.0
2006-09-12,705.0
2006-09-14,700.0
2006-09-15,700.0
2006-09-19,700.0
2006-09-20,700.0
2006-09-21,700.0
2006-09-26,715.0
2006-09-27,715.0
2006-09-29,720.0
2006-10-02,701.0
2006-10-03,720.0
2006-10-04,720.0
2006-10-05,705.0
2006-10-06,720.0
2006-10-09,715.0
2006-10-10,715.0
2006-10-12,700.0
2006-10-13,720.0
2006-10-17,710.0
2006-10-19,720.0
2006-10-20,705.0
2006-10-23,706.0
2006-10-26,731.0
2006-10-27,742.0
2006-10-31,762.0
2006-11-01,750.0
2006-11-02,755.0
2006-11-03,755.0
2006-11-07,789.0
2006-11-08,770.0
2006-11-09,765.0
2006-11-10,755.0
2006-11-13,760.0
2006-11-14,755.0
2006-11-15,740.0
2006-11-16,760.0
2006-11-17,760.0
2006-11-22,750.0
2006-11-23,760.0
2006-11-24,760.0
2006-11-27,760.0
2006-11-28,765.0
2006-11-29,772.0
2006-11-30,780.0
2006-12-01,800.0
2006-12-06,815.0
2006-12-07,815.0
2006-12-08,863.0
2006-12-11,914.0
2006-12-12,968.0
2006-12-14,1046.0
2006-12-15,984.0
2006-12-18,970.0
2006-12-19,968.0
2006-12-20,999.0
2006-12-21,940.0
2006-12-22,945.0
2006-12-26,930.0
2006-12-27,921.0
2006-12-28,950.0
2006-12-29,949.0
2007-01-02,950.0
2007-01-03,980.0
2007-01-04,1000.0
2007-01-05,1025.0
2007-01-08,1024.0
2007-01-09,1023.0
2007-01-10,1001.0
2007-01-12,1000.0
2007-01-15,1000.0
2007-01-16,1000.0
2007-01-17,1000.0
2007-01-18,1010.0
2007-01-19,970.0
2007-01-22,971.0
2007-01-23,971.0
2007-01-25,999.0
2007-01-26,1000.0
2007-01-29,997.0
2007-01-30,995.0
2007-01-31,990.0
2007-02-01,970.0
2007-02-02,980.0
2007-02-05,980.0
2007-02-06,990.0
2007-02-08,985.0
2007-02-12,1000.0
2007-02-13,980.0
2007-02-14,990.0
2007-02-15,997.0
2007-02-16,1018.0
2007-02-19,1075.0
2007-02-20,1040.0
2007-02-21,1059.0
2007-02-22,1001.0
2007-02-23,1039.0
2007-02-26,991.0
2007-02-27,965.0
2007-02-28,970.0
2007-03-01,931.0
2007-03-02,958.0
2007-03-05,996.0
2007-03-06,1010.0
2007-03-07,1050.0
2007-03-08,1022.0
2007-03-09,1005.0
2007-03-12,1000.0
2007-03-13,1017.0
2007-03-14,1005.0
2007-03-15,1000.0
2007-03-16,1000.0
2007-03-19,980.0
2007-03-20,1000.0
2007-03-21,1004.0
2007-03-22,986.0
2007-03-23,1000.0
2007-03-26,1000.0
2007-03-27,1000.0
2007-03-28,1000.0
2007-03-29,1000.0
2007-03-30,1000.0
2007-04-03,1009.0
2007-04-04,1000.0
2007-04-05,980.0
2007-04-06,1000.0
2007-04-09,990.0
2007-04-10,1000.0
2007-04-11,1007.0
2007-04-12,990.0
2007-04-13,1002.0
2007-04-16,1002.0
2007-04-17,1010.0
2007-04-18,1005.0
2007-04-19,1005.0
2007-04-20,1010.0
2007-04-23,1015.0
2007-04-24,1075.0
2007-04-25,1059.0
2007-04-26,1060.0
2007-04-27,1046.0
2007-04-30,1070.0
2007-05-02,1080.0
2007-05-03,1080.0
2007-05-04,1090.0
2007-05-07,1100.0
2007-05-08,1166.0
2007-05-09,1165.0
2007-05-10,1096.0
2007-05-11,1031.0
2007-05-14,972.0
2007-05-16,1030.0
2007-05-17,1070.0
2007-05-18,1070.0
2007-05-21,1110.0
2007-05-22,1070.0
2007-05-23,1060.0
2007-05-24,1030.0
2007-05-25,1020.0
2007-05-28,1030.0
2007-05-29,1040.0
2007-05-30,1040.0
2007-05-31,1040.0
2007-06-01,1030.0
2007-06-04,1050.0
2007-06-05,1040.0
2007-06-06,1040.0
2007-06-07,1001.0
2007-06-08,1011.0
2007-06-12,1020.0
2007-06-13,1020.0
2007-06-14,1002.0
2007-06-15,980.0
2007-06-18,982.0
2007-06-19,985.0
2007-06-20,986.0
2007-06-21,980.0
2007-06-22,980.0
2007-06-25,980.0
2007-06-27,1000.0
2007-06-28,1000.0
2007-06-29,1000.0
2007-07-02,1000.0
2007-07-03,1001.0
2007-07-06,993.0
2007-07-10,1000.0
2007-07-11,1000.0
2007-07-12,1000.0
2007-07-17,1000.0
2007-07-18,1000.0
2007-07-19,1000.0
2007-07-20,981.0
2007-07-23,980.0
2007-07-24,985.0
2007-07-25,1000.0
2007-07-26,1000.0
2007-07-27,1000.0
2007-07-31,980.0
2007-08-01,1000.0
2007-08-02,1030.0
2007-08-03,1091.0
2007-08-06,1050.0
2007-08-07,1087.0
2007-08-08,1032.0
2007-08-09,1085.0
2007-08-10,1095.0
2007-08-15,1091.0
2007-08-16,1060.0
2007-08-17,1060.0
2007-08-22,1080.0
2007-08-23,1041.0
2007-08-27,1085.0
2007-08-28,1089.0
2007-08-29,1056.0
2007-08-31,1056.0
2007-09-03,1055.0
2007-09-04,1056.0
2007-09-05,1100.0
2007-09-06,1080.0
2007-09-07,1110.0
2007-09-10,1118.0
2007-09-11,1100.0
2007-09-13,1100.0
2007-09-14,1080.0
2007-09-17,1070.0
2007-09-18,1099.0
2007-09-24,1055.0
2007-09-26,1045.0
2007-09-27,1034.0
2007-09-28,1050.0
2007-10-01,1051.0
2007-10-02,1089.0
2007-10-03,1042.0
2007-10-05,1080.0
2007-10-08,1050.0
2007-10-09,1060.0
2007-10-10,1050.0
2007-10-11,1050.0
2007-10-12,1051.0
2007-10-15,1051.0
2007-10-16,1050.0
2007-10-17,1050.0
2007-10-18,1050.0
2007-10-19,1070.0
2007-10-22,1041.0
2007-10-23,1070.0
2007-10-24,1035.0
2007-10-25,1030.0
2007-10-26,1068.0
2007-10-29,1052.0
2007-10-30,1050.0
2007-10-31,1020.0
2007-11-01,1020.0
2007-11-02,1059.0
2007-11-05,1060.0
2007-11-07,1065.0
2007-11-08,1060.0
2007-11-09,1060.0
2007-11-13,1032.0
2007-11-15,1050.0
2007-11-16,1036.0
2007-11-20,1030.0
2007-11-21,1025.0
2007-11-22,990.0
2007-11-23,990.0
2007-11-26,991.0
2007-11-27,1010.0
2007-11-28,1020.0
2007-11-29,1000.0
2007-11-30,997.0
2007-12-04,990.0
2007-12-05,995.0
2007-12-06,1000.0
2007-12-07,995.0
2007-12-10,995.0
2007-12-11,960.0
2007-12-12,980.0
2007-12-13,931.0
2007-12-14,920.0
2007-12-17,930.0
2007-12-18,949.0
2007-12-19,938.0
2007-12-20,940.0
2007-12-24,948.0
2007-12-25,945.0
2007-12-26,945.0
2007-12-27,930.0
2007-12-28,932.0
2007-12-31,970.0
2008-01-02,970.0
2008-01-03,970.0
2008-01-04,990.0
2008-01-07,1025.0
2008-01-08,995.0
2008-01-09,998.0
2008-01-14,990.0
2008-01-15,970.0
2008-01-16,960.0
2008-01-17,958.0
2008-01-18,952.0
2008-01-21,960.0
2008-01-22,945.0
2008-01-23,950.0
2008-01-24,960.0
2008-01-25,950.0
2008-01-29,950.0
2008-01-30,950.0
2008-01-31,950.0
2008-02-01,950.0
2008-02-04,942.0
2008-02-05,940.0
2008-02-06,950.0
2008-02-07,980.0
2008-02-08,979.0
2008-02-11,970.0
2008-02-12,950.0
2008-02-13,955.0
2008-02-14,950.0
2008-02-15,964.0
2008-02-18,960.0
2008-02-19,950.0
2008-02-20,942.0
2008-02-21,940.0
2008-02-22,940.0
2008-02-25,940.0
2008-02-26,940.0
2008-02-27,970.0
2008-02-28,980.0
2008-02-29,980.0
2008-03-03,980.0
2008-03-04,950.0
2008-03-05,950.0
2008-03-06,950.0
2008-03-07,940.0
2008-03-10,930.0
2008-03-11,940.0
2008-03-12,945.0
2008-03-13,969.0
2008-03-14,959.0
2008-03-17,931.0
2008-03-18,938.0
2008-03-19,935.0
2008-03-24,940.0
2008-03-25,936.0
2008-03-26,936.0
2008-03-27,937.0
2008-03-28,938.0
2008-03-31,938.0
2008-04-01,937.0
2008-04-02,937.0
2008-04-03,963.0
2008-04-04,961.0
2008-04-07,940.0
2008-04-08,940.0
2008-04-09,940.0
2008-04-10,960.0
2008-04-11,960.0
2008-04-14,960.0
2008-04-15,920.0
2008-04-16,920.0
2008-04-17,920.0
2008-04-18,920.0
2008-04-21,920.0
2008-04-22,920.0
2008-04-23,930.0
2008-04-24,930.0
2008-04-25,920.0
2008-04-28,920.0
2008-04-29,930.0
2008-04-30,910.0
2008-05-02,900.0
2008-05-05,900.0
2008-05-06,866.0
2008-05-07,866.0
2008-05-08,900.0
2008-05-09,900.0
2008-05-12,901.0
2008-05-13,901.0
2008-05-14,902.0
2008-05-15,902.0
2008-05-16,929.0
2008-05-19,929.0
2008-05-20,929.0
2008-05-21,907.0
2008-05-22,910.0
2008-05-23,910.0
2008-05-26,910.0
2008-05-27,904.0
2008-05-28,909.0
2008-05-29,910.0
2008-05-30,901.0
2008-06-02,905.0
2008-06-03,901.0
2008-06-04,900.0
2008-06-05,882.0
2008-06-06,905.0
2008-06-09,905.0
2008-06-10,872.0
2008-06-11,875.0
2008-06-12,875.0
2008-06-13,877.0
2008-06-16,873.0
2008-06-17,869.0
2008-06-18,871.0
2008-06-19,849.0
2008-06-20,858.0
2008-06-23,843.0
2008-06-24,844.0
2008-06-25,821.0
2008-06-26,869.0
2008-06-27,850.0
2008-06-30,850.0
2008-07-01,850.0
2008-07-02,851.0
2008-07-03,851.0
2008-07-04,852.0
2008-07-07,851.0
2008-07-08,857.0
2008-07-09,857.0
2008-07-10,867.0
2008-07-11,867.0
2008-07-14,875.0
2008-07-15,875.0
2008-07-16,865.0
2008-07-17,865.0
2008-07-18,865.0
2008-07-21,865.0
2008-07-22,882.0
2008-07-23,889.0
2008-07-24,890.0
2008-07-25,890.0
2008-07-28,889.0
2008-07-29,880.0
2008-07-31,880.0
2008-08-01,889.0
2008-08-04,866.0
2008-08-05,865.0
2008-08-06,865.0
2008-08-07,870.0
2008-08-08,869.0
2008-08-11,865.0
2008-08-12,865.0
2008-08-13,868.0
2008-08-15,870.0
2008-08-18,887.0
2008-08-19,885.0
2008-08-22,885.0
2008-08-25,885.0
2008-08-26,880.0
2008-08-27,880.0
2008-08-28,880.0
2008-08-29,870.0
2008-09-02,870.0
2008-09-03,870.0
2008-09-04,870.0
2008-09-05,870.0
2008-09-08,865.0
2008-09-09,865.0
2008-09-10,865.0
2008-09-11,850.0
2008-09-12,835.0
2008-09-15,835.0
2008-09-16,790.0
2008-09-17,785.0
2008-09-18,830.0
2008-09-19,834.0
2008-09-22,835.0
2008-09-23,835.0
2008-09-24,875.0
2008-09-25,875.0
2008-09-26,875.0
2008-09-29,825.0
2008-09-30,821.0
2008-10-06,823.0
2008-10-07,823.0
2008-10-08,821.0
2008-10-09,821.0
2008-10-10,810.0
2008-10-13,840.0
2008-10-14,840.0
2008-10-15,820.0
2008-10-16,802.0
2008-10-17,820.0
2008-10-20,820.0
2008-10-21,820.0
2008-10-22,820.0
2008-10-23,791.0
2008-10-24,762.0
2008-10-27,755.0
2008-10-28,760.0
2008-10-29,785.0
2008-10-30,795.0
2008-10-31,790.0
2008-11-03,790.0
2008-11-04,796.0
2008-11-05,843.0
2008-11-07,843.0
2008-11-10,801.0
2008-11-11,810.0
2008-11-12,830.0
2008-11-13,805.0
2008-11-14,790.0
2008-11-17,765.0
2008-11-19,791.0
2008-11-20,795.0
2008-11-21,795.0
2008-11-24,756.0
2008-11-25,801.0
2008-11-26,801.0
2008-11-27,801.0
2008-11-28,849.0
2008-12-01,800.0
2008-12-02,755.0
2008-12-03,760.0
2008-12-04,720.0
2008-12-05,720.0
2008-12-08,763.0
2008-12-11,808.0
2008-12-12,835.0
2008-12-15,835.0
2008-12-16,835.0
2008-12-17,830.0
2008-12-18,830.0
2008-12-19,795.0
2008-12-22,830.0
2008-12-23,818.0
2008-12-24,819.0
2008-12-25,819.0
2008-12-26,770.0
2008-12-30,816.0
2008-12-31,820.0
2009-01-02,820.0
2009-01-05,820.0
2009-01-06,820.0
2009-01-07,771.0
2009-01-08,751.0
2009-01-09,751.0
2009-01-12,751.0
2009-01-13,751.0
2009-01-14,751.0
2009-01-15,780.0
2009-01-16,780.0
2009-01-19,800.0
2009-01-20,800.0
2009-01-21,800.0
2009-01-22,752.0
2009-01-23,752.0
2009-01-26,752.0
2009-01-27,763.0
2009-01-28,730.0
2009-01-29,731.0
2009-01-30,731.0
2009-02-02,768.0
2009-02-03,770.0
2009-02-04,780.0
2009-02-05,780.0
2009-02-06,790.0
2009-02-09,790.0
2009-02-10,770.0
2009-02-11,775.0
2009-02-12,770.0
2009-02-13,750.0
2009-02-16,736.0
2009-02-17,736.0
2009-02-18,770.0
2009-02-19,752.0
2009-02-20,752.0
2009-02-23,790.0
2009-02-24,790.0
2009-02-25,790.0
2009-02-26,790.0
2009-02-27,790.0
2009-03-02,790.0
2009-03-03,790.0
2009-03-04,790.0
2009-03-05,790.0
2009-03-06,790.0
2009-03-09,790.0
2009-03-12,790.0
2009-03-13,790.0
2009-03-16,760.0
2009-03-17,760.0
2009-03-18,760.0
2009-03-19,761.0
2009-03-20,761.0
2009-03-23,760.0
2009-03-24,773.0
2009-03-25,760.0
2009-03-26,760.0
2009-03-27,760.0
2009-03-30,760.0
2009-03-31,760.0
2009-04-01,760.0
2009-04-02,750.0
2009-04-03,750.0
2009-04-06,707.0
2009-04-07,707.0
2009-04-08,707.0
2009-04-09,700.0
2009-04-10,675.0
2009-04-13,675.0
2009-04-14,685.0
2009-04-15,685.0
2009-04-16,685.0
2009-04-17,686.0
2009-04-20,686.0
2009-04-21,686.0
2009-04-22,686.0
2009-04-23,686.0
2009-04-24,686.0
2009-04-27,690.0
2009-04-28,690.0
2009-04-29,690.0
2009-04-30,690.0
2009-05-04,690.0
2009-05-05,731.0
2009-05-06,690.0
2009-05-07,731.0
2009-05-08,731.0
2009-05-11,731.0
2009-05-12,731.0
2009-05-13,694.0
2009-05-14,695.0
2009-05-15,695.0
2009-05-18,720.0
2009-05-19,697.0
2009-05-20,697.0
2009-05-21,705.0
2009-05-22,695.0
2009-05-25,695.0
2009-05-26,715.0
2009-05-27,717.0
2009-05-28,723.0
2009-05-29,723.0
2009-06-01,723.0
2009-06-02,731.0
2009-06-03,740.0
2009-06-04,749.0
2009-06-05,749.0
2009-06-08,760.0
2009-06-09,760.0
2009-06-10,760.0
2009-06-11,760.0
2009-06-12,760.0
2009-06-15,770.0
2009-06-16,730.0
2009-06-17,770.0
2009-06-18,770.0
2009-06-19,780.0
2009-06-22,780.0
2009-06-23,780.0
2009-06-24,780.0
2009-06-25,780.0
2009-06-26,750.0
2009-06-29,779.0
2009-06-30,779.0
2009-07-01,780.0
2009-07-02,780.0
2009-07-03,779.0
2009-07-06,780.0
2009-07-07,780.0
2009-07-08,780.0
2009-07-09,780.0
2009-07-10,780.0
2009-07-13,780.0
2009-07-14,780.0
2009-07-15,780.0
2009-07-16,780.0
2009-07-17,780.0
2009-07-20,780.0
2009-07-21,780.0
2009-07-22,780.0
2009-07-23,780.0
2009-07-24,780.0
2009-07-27,788.0
2009-07-28,788.0
2009-07-29,789.0
2009-07-31,789.0
2009-08-03,789.0
2009-08-04,789.0
2009-08-05,788.0
2009-08-06,788.0
2009-08-07,788.0
2009-08-10,788.0
2009-08-11,788.0
2009-08-12,787.0
2009-08-13,787.0
2009-08-17,787.0
2009-08-18,787.0
2009-08-19,787.0
2009-08-24,787.0
2009-08-25,787.0
2009-08-26,787.0
2009-08-27,787.0
2009-08-28,785.0
2009-08-31,785.0
2009-09-01,785.0
2009-09-02,785.0
2009-09-03,785.0
2009-09-04,785.0
2009-09-07,785.0
2009-09-08,785.0
2009-09-09,785.0
2009-09-10,785.0
2009-09-11,785.0
2009-09-14,742.0
2009-09-15,740.0
2009-09-16,783.0
2009-09-17,784.0
2009-09-18,784.0
2009-09-23,784.0
2009-09-24,784.0
2009-09-25,784.0
2009-09-28,784.0
2009-09-29,784.0
2009-09-30,780.0
2009-10-01,780.0
2009-10-02,780.0
2009-10-05,780.0
2009-10-06,780.0
2009-10-07,780.0
2009-10-08,780.0
2009-10-09,781.0
2009-10-12,781.0
2009-10-13,780.0
2009-10-14,734.0
2009-10-15,778.0
2009-10-16,778.0
2009-10-19,778.0
2009-10-20,778.0
2009-10-21,780.0
2009-10-22,740.0
2009-10-23,750.0
2009-10-26,750.0
2009-10-27,780.0
2009-10-28,780.0
2009-10-29,785.0
2009-10-30,770.0
2009-11-02,770.0
2009-11-03,770.0
2009-11-04,731.0
2009-11-05,731.0
2009-11-09,736.0
2009-11-10,736.0
2009-11-11,740.0
2009-11-12,740.0
2009-11-13,740.0
2009-11-16,768.0
2009-11-17,768.0
2009-11-19,768.0
2009-11-20,768.0
2009-11-23,768.0
2009-11-24,769.0
2009-11-25,769.0
2009-11-26,769.0
2009-11-27,769.0
2009-11-30,769.0
2009-12-01,741.0
2009-12-02,732.0
2009-12-03,740.0
2009-12-04,730.0
2009-12-07,720.0
2009-12-08,720.0
2009-12-09,720.0
2009-12-10,740.0
2009-12-11,739.0
2009-12-14,739.0
2009-12-15,744.0
2009-12-16,749.0
2009-12-17,740.0
2009-12-21,738.0
2009-12-22,738.0
2009-12-23,738.0
2009-12-24,738.0
2009-12-25,700.0
2009-12-28,700.0
2009-12-29,729.0
2009-12-30,691.0
2009-12-31,650.0
2010-01-04,650.0
2010-01-05,650.0
2010-01-06,688.0
2010-01-07,688.0
2010-01-08,729.0
2010-01-12,729.0
2010-01-13,701.0
2010-01-14,701.0
2010-01-15,701.0
2010-01-18,706.0
2010-01-19,706.0
2010-01-20,703.0
2010-01-21,681.0
2010-01-22,703.0
2010-01-25,703.0
2010-01-26,703.0
2010-01-27,703.0
2010-01-28,742.0
2010-01-29,742.0
2010-02-01,742.0
2010-02-02,742.0
2010-02-03,742.0
2010-02-04,742.0
2010-02-05,712.0
2010-02-08,720.0
2010-02-09,720.0
2010-02-10,720.0
2010-02-11,720.0
2010-02-12,740.0
2010-02-15,740.0
2010-02-16,784.0
2010-02-17,745.0
2010-02-18,789.0
2010-02-19,830.0
2010-02-22,870.0
2010-02-23,818.0
2010-02-24,831.0
2010-02-25,818.0
2010-02-26,820.0
2010-03-01,781.0
2010-03-02,780.0
2010-03-03,751.0
2010-03-04,796.0
2010-03-05,796.0
2010-03-08,796.0
2010-03-09,796.0
2010-03-10,796.0
2010-03-11,805.0
2010-03-12,800.0
2010-03-15,800.0
2010-03-16,800.0
2010-03-17,752.0
2010-03-18,752.0
2010-03-19,752.0
2010-03-22,752.0
2010-03-23,752.0
2010-03-24,752.0
2010-03-25,755.0
2010-03-26,755.0
2010-03-29,755.0
2010-03-30,785.0
2010-03-31,785.0
2010-04-01,760.0
2010-04-02,760.0
2010-04-05,760.0
2010-04-06,803.0
2010-04-07,803.0
2010-04-08,803.0
2010-04-09,803.0
2010-04-12,803.0
2010-04-13,803.0
2010-04-14,803.0
2010-04-15,803.0
2010-04-16,800.0
2010-04-19,768.0
2010-04-20,814.0
2010-04-21,825.0
2010-04-22,844.0
2010-04-23,843.0
2010-04-26,843.0
2010-04-27,843.0
2010-04-28,843.0
2010-04-29,840.0
2010-04-30,843.0
2010-05-03,843.0
2010-05-04,845.0
2010-05-05,844.0
2010-05-06,843.0
2010-05-07,843.0
2010-05-10,859.0
2010-05-11,859.0
2010-05-12,859.0
2010-05-13,859.0
2010-05-14,855.0
2010-05-17,855.0
2010-05-18,856.0
2010-05-19,880.0
2010-05-20,855.0
2010-05-21,858.0
2010-05-24,880.0
2010-05-25,880.0
2010-05-26,880.0
2010-05-27,879.0
2010-05-28,879.0
2010-05-31,879.0
2010-06-01,880.0
2010-06-02,880.0
2010-06-03,883.0
2010-06-04,853.0
2010-06-07,853.0
2010-06-08,878.0
2010-06-09,857.0
2010-06-10,861.0
2010-06-11,883.0
2010-06-14,883.0
2010-06-15,870.0
2010-06-16,835.0
2010-06-17,835.0
2010-06-18,835.0
2010-06-21,835.0
2010-06-22,835.0
2010-06-23,835.0
2010-06-24,835.0
2010-06-25,835.0
2010-06-29,835.0
2010-06-30,806.0
2010-07-01,833.0
2010-07-02,833.0
2010-07-05,833.0
2010-07-06,833.0
2010-07-07,833.0
2010-07-08,833.0
2010-07-09,833.0
2010-07-12,869.0
2010-07-13,869.0
2010-07-14,834.0
2010-07-15,834.0
2010-07-16,834.0
2010-07-19,834.0
2010-07-20,834.0
2010-07-21,834.0
2010-07-22,863.0
2010-07-26,853.0
2010-07-27,853.0
2010-07-28,853.0
2010-07-29,853.0
2010-08-02,853.0
2010-08-03,853.0
2010-08-04,853.0
2010-08-05,805.0
2010-08-06,805.0
2010-08-11,805.0
2010-08-12,803.0
2010-08-13,803.0
2010-08-16,803.0
2010-08-17,803.0
2010-08-18,810.0
2010-08-19,810.0
2010-08-23,810.0
2010-08-24,800.0
2010-08-25,800.0
2010-08-26,800.0
2010-08-27,805.0
2010-08-30,853.0
2010-08-31,860.0
2010-09-01,809.0
2010-09-02,813.0
2010-09-08,813.0
2010-09-13,810.0
2010-09-14,810.0
2010-09-15,810.0
2010-09-16,810.0
2010-09-20,810.0
2010-09-21,810.0
2010-09-22,810.0
2010-09-23,810.0
2010-09-24,810.0
2010-09-27,785.0
2010-09-28,810.0
2010-09-29,810.0
2010-09-30,810.0
2010-10-01,810.0
2010-10-04,810.0
2010-10-05,810.0
2010-10-06,810.0
2010-10-07,810.0
2010-10-08,776.0
2010-10-11,776.0
2010-10-12,822.0
2010-10-13,871.0
2010-10-14,827.0
2010-10-15,870.0
2010-10-18,882.0
2010-10-19,855.0
2010-10-20,880.0
2010-10-21,900.0
2010-10-22,900.0
2010-10-25,900.0
2010-10-26,900.0
2010-10-27,900.0
2010-10-28,900.0
2010-10-29,901.0
2010-11-01,901.0
2010-11-02,900.0
2010-11-03,900.0
2010-11-04,900.0
2010-11-05,900.0
2010-11-08,910.0
2010-11-09,870.0
2010-11-10,905.0
2010-11-11,905.0
2010-11-12,919.0
2010-11-15,919.0
2010-11-16,916.0
2010-11-19,916.0
2010-11-22,872.0
2010-11-23,917.0
2010-11-24,917.0
2010-11-25,915.0
2010-11-26,915.0
2010-11-29,915.0
2010-11-30,871.0
2010-12-01,880.0
2010-12-02,920.0
2010-12-03,940.0
2010-12-08,919.0
2010-12-09,901.0
2010-12-10,897.0
2010-12-13,897.0
2010-12-14,897.0
2010-12-15,897.0
2010-12-16,890.0
2010-12-17,890.0
2010-12-20,890.0
2010-12-21,890.0
2010-12-22,890.0
2010-12-23,873.0
2010-12-24,873.0
2010-12-27,880.0
2010-12-28,880.0
2010-12-29,851.0
2010-12-30,902.0
2010-12-31,905.0
2011-01-03,905.0
2011-01-04,890.0
2011-01-05,900.0
2011-01-06,910.0
2011-01-07,910.0
2011-01-10,910.0
2011-01-12,910.0
2011-01-13,910.0
2011-01-14,910.0
2011-01-17,910.0
2011-01-18,910.0
2011-01-19,910.0
2011-01-20,910.0
2011-01-21,900.0
2011-01-24,900.0
2011-01-25,910.0
2011-01-26,910.0
2011-01-27,910.0
2011-01-28,900.0
2011-01-31,900.0
2011-02-01,900.0
2011-02-02,925.0
2011-02-03,925.0
2011-02-04,900.0
2011-02-07,900.0
2011-02-08,917.0
2011-02-09,917.0
2011-02-10,917.0
2011-02-11,917.0
2011-02-14,910.0
2011-02-15,920.0
2011-02-18,920.0
2011-02-21,929.0
2011-02-22,929.0
2011-02-23,910.0
2011-02-24,925.0
2011-02-25,925.0
2011-02-28,905.0
2011-03-01,906.0
2011-03-02,906.0
2011-03-03,906.0
2011-03-04,925.0
2011-03-07,906.0
2011-03-08,906.0
2011-03-09,904.0
2011-03-10,904.0
2011-03-11,880.0
2011-03-14,850.0
2011-03-15,850.0
2011-03-16,850.0
2011-03-17,850.0
2011-03-18,889.0
2011-03-21,889.0
2011-03-22,888.0
2011-03-23,888.0
2011-03-24,888.0
2011-03-25,888.0
2011-03-28,888.0
2011-03-29,888.0
2011-03-30,888.0
2011-03-31,888.0
2011-04-01,888.0
2011-04-04,888.0
2011-04-05,888.0
2011-04-06,888.0
2011-04-07,879.0
2011-04-08,879.0
2011-04-11,879.0
2011-04-12,869.0
2011-04-13,869.0
2011-04-14,869.0
2011-04-15,869.0
2011-04-18,865.0
2011-04-19,865.0
2011-04-20,850.0
2011-04-21,850.0
2011-04-22,862.0
2011-04-25,862.0
2011-04-26,862.0
2011-04-27,862.0
2011-04-28,860.0
2011-04-29,855.0
2011-05-02,855.0
2011-05-03,855.0
2011-05-04,859.0
2011-05-05,859.0
2011-05-06,812.0
2011-05-09,858.0
2011-05-10,858.0
2011-05-11,858.0
2011-05-12,858.0
2011-05-13,807.0
2011-05-16,807.0
2011-05-17,807.0
2011-05-18,854.0
2011-05-19,854.0
2011-05-20,867.0
2011-05-23,867.0
2011-05-24,867.0
2011-05-25,867.0
2011-05-26,867.0
2011-05-27,850.0
2011-05-30,850.0
2011-05-31,850.0
2011-06-01,850.0
2011-06-02,850.0
2011-06-03,888.0
2011-06-06,888.0
2011-06-07,888.0
2011-06-08,888.0
2011-06-09,859.0
2011-06-10,859.0
2011-06-13,859.0
2011-06-14,859.0
2011-06-15,850.0
2011-06-16,811.0
2011-06-17,811.0
2011-06-20,811.0
2011-06-21,811.0
2011-06-22,811.0
2011-06-23,811.0
2011-06-24,811.0
2011-06-27,811.0
2011-06-28,811.0
2011-06-29,811.0
2011-06-30,848.0
2011-07-01,840.0
2011-07-04,840.0
2011-07-05,791.0
2011-07-06,791.0
2011-07-07,791.0
2011-07-08,791.0
2011-07-11,791.0
2011-07-12,810.0
2011-07-13,790.0
2011-07-14,790.0
2011-07-15,790.0
2011-07-18,790.0
2011-07-19,791.0
2011-07-20,761.0
2011-07-21,791.0
2011-07-22,791.0
2011-07-25,791.0
2011-07-26,791.0
2011-07-27,791.0
2011-07-28,791.0
2011-07-29,791.0
2011-08-01,791.0
2011-08-02,791.0
2011-08-03,791.0
2011-08-04,791.0
2011-08-05,750.0
2011-08-08,750.0
2011-08-09,780.0
2011-08-10,780.0
2011-08-11,798.0
2011-08-12,798.0
2011-08-15,798.0
2011-08-16,798.0
2011-08-17,798.0
2011-08-18,797.0
2011-08-19,797.0
2011-08-22,797.0
2011-08-23,797.0
2011-08-24,797.0
2011-08-25,797.0
2011-08-26,797.0
2011-08-29,797.0
2011-09-02,797.0
2011-09-05,797.0
2011-09-06,799.0
2011-09-07,797.0
2011-09-08,797.0
2011-09-09,797.0
2011-09-12,792.0
2011-09-13,792.0
2011-09-14,792.0
2011-09-15,789.0
2011-09-16,780.0
2011-09-19,780.0
2011-09-20,773.0
2011-09-21,760.0
2011-09-22,772.0
2011-09-23,750.0
2011-09-26,750.0
2011-09-27,750.0
2011-09-28,750.0
2011-09-29,750.0
2011-09-30,705.0
2011-10-03,705.0
2011-10-04,705.0
2011-10-05,705.0
2011-10-06,705.0
2011-10-07,746.0
2011-10-10,746.0
2011-10-11,746.0
2011-10-12,746.0
2011-10-13,746.0
2011-10-14,746.0
2011-10-17,746.0
2011-10-18,746.0
2011-10-19,746.0
2011-10-20,702.0
2011-10-21,743.0
2011-10-24,710.0
2011-10-25,710.0
2011-10-26,732.0
2011-10-27,732.0
2011-10-28,732.0
2011-10-31,732.0
2011-11-01,732.0
2011-11-02,732.0
2011-11-03,732.0
2011-11-04,760.0
2011-11-09,760.0
2011-11-10,715.0
2011-11-11,755.0
2011-11-14,760.0
2011-11-15,720.0
2011-11-16,724.0
2011-11-17,724.0
2011-11-21,764.0
2011-11-22,764.0
2011-11-23,764.0
2011-11-24,764.0
2011-11-25,764.0
2011-11-28,764.0
2011-11-29,764.0
2011-11-30,764.0
2011-12-01,798.0
2011-12-02,798.0
2011-12-05,798.0
2011-12-06,798.0
2011-12-07,798.0
2011-12-08,798.0
2011-12-09,798.0
2011-12-12,798.0
2011-12-13,798.0
2011-12-14,798.0
2011-12-15,798.0
2011-12-16,815.0
2011-12-19,800.0
2011-12-20,800.0
2011-12-21,800.0
2011-12-22,780.0
2011-12-23,780.0
2011-12-26,780.0
2011-12-27,819.0
2011-12-28,819.0
2011-12-29,798.0
2011-12-30,770.0
2012-01-02,770.0
2012-01-03,770.0
2012-01-04,770.0
2012-01-05,770.0
2012-01-06,770.0
2012-01-09,798.0
2012-01-10,798.0
2012-01-12,751.0
2012-01-13,751.0
2012-01-16,785.0
2012-01-17,785.0
2012-01-18,785.0
2012-01-19,785.0
2012-01-20,785.0
2012-01-23,785.0
2012-01-24,785.0
2012-01-25,785.0
2012-01-26,785.0
2012-01-27,785.0
2012-01-30,785.0
2012-01-31,739.0
2012-02-01,779.0
2012-02-02,779.0
2012-02-03,815.0
2012-02-07,768.0
2012-02-08,768.0
2012-02-09,798.0
2012-02-10,798.0
2012-02-13,798.0
2012-02-14,771.0
2012-02-15,771.0
2012-02-16,790.0
2012-02-17,790.0
2012-02-20,743.0
2012-02-21,755.0
2012-02-22,790.0
2012-02-23,790.0
2012-02-24,748.0
2012-02-27,748.0
2012-02-28,748.0
2012-02-29,748.0
2012-03-01,750.0
2012-03-02,790.0
2012-03-05,790.0
2012-03-06,790.0
2012-03-07,790.0
2012-03-08,790.0
2012-03-09,790.0
2012-03-12,790.0
2012-03-13,790.0
2012-03-14,744.0
2012-03-15,750.0
2012-03-16,720.0
2012-03-19,749.0
2012-03-20,740.0
2012-03-21,740.0
2012-03-22,700.0
2012-03-23,700.0
2012-03-26,700.0
2012-03-27,699.0
2012-03-28,690.0
2012-03-29,725.0
2012-03-30,750.0
2012-04-02,750.0
2012-04-03,750.0
2012-04-04,750.0
2012-04-05,750.0
2012-04-06,710.0
2012-04-09,712.0
2012-04-10,700.0
2012-04-11,700.0
2012-04-12,700.0
2012-04-13,700.0
2012-04-16,700.0
2012-04-17,685.0
2012-04-18,685.0
2012-04-19,718.0
2012-04-20,718.0
2012-04-23,700.0
2012-04-24,701.0
2012-04-25,725.0
2012-04-26,725.0
2012-04-27,701.0
2012-04-30,701.0
2012-05-02,701.0
2012-05-03,701.0
2012-05-04,701.0
2012-05-07,701.0
2012-05-08,701.0
2012-05-09,701.0
2012-05-10,699.0
2012-05-11,699.0
2012-05-14,699.0
2012-05-15,699.0
2012-05-16,658.0
2012-05-17,619.0
2012-05-18,601.0
2012-05-21,601.0
2012-05-22,625.0
2012-05-23,625.0
2012-05-24,636.0
2012-05-25,636.0
2012-05-28,636.0
2012-05-29,610.0
2012-05-30,610.0
2012-05-31,610.0
2012-06-01,610.0
2012-06-04,640.0
2012-06-05,655.0
2012-06-06,675.0
2012-06-07,675.0
2012-06-08,675.0
2012-06-11,675.0
2012-06-12,675.0
2012-06-13,699.0
2012-06-14,700.0
2012-06-15,700.0
2012-06-18,700.0
2012-06-19,700.0
2012-06-20,700.0
2012-06-21,697.0
2012-06-22,697.0
2012-06-25,697.0
2012-06-26,699.0
2012-06-27,699.0
2012-06-28,699.0
2012-06-29,699.0
2012-07-02,699.0
2012-07-03,699.0
2012-07-04,667.0
2012-07-05,667.0
2012-07-06,667.0
2012-07-09,667.0
2012-07-10,667.0
2012-07-11,667.0
2012-07-12,667.0
2012-07-13,667.0
2012-07-16,667.0
2012-07-17,667.0
2012-07-18,667.0
2012-07-19,660.0
2012-07-20,660.0
2012-07-23,660.0
2012-07-24,660.0
2012-07-25,660.0
2012-07-26,660.0
2012-07-27,660.0
2012-07-31,660.0
2012-08-01,660.0
2012-08-02,660.0
2012-08-03,621.0
2012-08-06,630.0
2012-08-07,630.0
2012-08-08,630.0
2012-08-09,630.0
2012-08-10,630.0
2012-08-13,630.0
2012-08-15,630.0
2012-08-16,630.0
2012-08-17,630.0
2012-08-22,612.0
2012-08-23,636.0
2012-08-24,636.0
2012-08-27,636.0
2012-08-28,603.0
2012-08-29,603.0
2012-08-30,607.0
2012-08-31,606.0
2012-09-03,606.0
2012-09-04,606.0
2012-09-05,606.0
2012-09-06,611.0
2012-09-07,611.0
2012-09-10,611.0
2012-09-11,611.0
2012-09-12,615.0
2012-09-13,615.0
2012-09-14,615.0
2012-09-17,618.0
2012-09-18,618.0
2012-09-19,618.0
2012-09-20,615.0
2012-09-21,615.0
2012-09-24,625.0
2012-09-25,624.0
2012-09-26,624.0
2012-09-27,616.0
2012-09-28,616.0
2012-10-01,616.0
2012-10-02,616.0
2012-10-03,616.0
2012-10-04,616.0
2012-10-05,616.0
2012-10-08,616.0
2012-10-09,616.0
2012-10-10,616.0
2012-10-11,616.0
2012-10-12,611.0
2012-10-15,611.0
2012-10-16,611.0
2012-10-17,611.0
2012-10-18,600.0
2012-10-19,600.0
2012-10-22,600.0
2012-10-23,600.0
2012-10-24,600.0
2012-10-25,600.0
2012-10-29,600.0
2012-10-30,600.0
2012-10-31,600.0
2012-11-01,600.0
2012-11-02,600.0
2012-11-05,619.0
2012-11-07,619.0
2012-11-08,619.0
2012-11-09,619.0
2012-11-12,619.0
2012-11-13,619.0
2012-11-14,619.0
2012-11-15,650.0
2012-11-19,650.0
2012-11-20,650.0
2012-11-21,620.0
2012-11-22,620.0
2012-11-23,620.0
2012-11-26,620.0
2012-11-27,650.0
2012-11-28,649.0
2012-11-29,649.0
2012-11-30,622.0
2012-12-03,622.0
2012-12-04,622.0
2012-12-05,640.0
2012-12-06,648.0
2012-12-07,625.0
2012-12-10,625.0
2012-12-11,630.0
2012-12-12,630.0
2012-12-13,630.0
2012-12-14,630.0
2012-12-17,630.0
2012-12-18,630.0
2012-12-19,630.0
2012-12-20,630.0
2012-12-21,630.0
2012-12-24,620.0
2012-12-25,617.0
2012-12-26,602.0
2012-12-27,599.0
2012-12-28,564.0
2012-12-31,575.0
2013-01-02,608.0
2013-01-03,608.0
2013-01-04,624.0
2013-01-07,624.0
2013-01-08,624.0
2013-01-09,624.0
2013-01-10,623.0
2013-01-14,623.0
2013-01-15,623.0
2013-01-16,586.0
2013-01-17,551.0
2013-01-18,518.0
2013-01-21,538.0
2013-01-22,538.0
2013-01-23,507.0
2013-01-28,507.0
2013-01-29,536.0
2013-01-30,504.0
2013-01-31,505.0
2013-02-01,505.0
2013-02-04,535.3
2013-02-05,535.0
2013-02-06,536.9
2013-02-07,536.9
2013-02-08,536.9
2013-02-11,536.9
2013-02-12,555.0
2013-02-13,555.0
2013-02-14,555.0
2013-02-15,522.0
2013-02-18,522.0
2013-02-19,522.0
2013-02-20,495.0
2013-02-21,500.0
2013-02-22,480.0
2013-02-25,508.8
2013-02-26,478.3
2013-02-27,478.0
2013-02-28,499.95
2013-03-01,476.0
2013-03-04,498.0
2013-03-05,498.0
2013-03-06,522.0
2013-03-07,522.0
2013-03-08,522.0
2013-03-11,522.0
2013-03-12,522.0
2013-03-13,500.0
2013-03-14,500.0
2013-03-15,470.0
2013-03-18,470.0
2013-03-19,497.8
2013-03-20,497.8
2013-03-21,496.4
2013-03-22,496.4
2013-03-25,496.4
2013-03-26,496.4
2013-03-27,496.4
2013-03-28,471.0
2013-03-29,471.0
2013-04-01,470.0
2013-04-02,470.0
2013-04-03,476.05
2013-04-04,480.05
2013-04-05,471.0
2013-04-08,471.0
2013-04-09,471.0
2013-04-10,471.0
2013-04-11,492.0
2013-04-12,491.0
2013-04-15,491.05
2013-04-16,491.05
2013-04-17,500.0
2013-04-18,500.0
2013-04-19,500.0
2013-04-22,518.0
2013-04-23,520.0
2013-04-24,520.0
2013-04-25,500.5
2013-04-26,500.5
2013-04-29,500.1
2013-04-30,500.0
2013-05-02,500.0
2013-05-03,500.0
2013-05-06,500.0
2013-05-07,518.0
2013-05-08,540.0
2013-05-09,570.0
2013-05-10,570.0
2013-05-13,570.0
2013-05-14,580.0
2013-05-15,585.0
2013-05-16,582.0
2013-05-17,579.9
2013-05-20,579.9
2013-05-21,579.9
2013-05-22,579.9
2013-05-23,579.9
2013-05-24,579.9
2013-05-27,579.9
2013-05-28,580.0
2013-05-29,575.0
2013-05-30,575.0
2013-05-31,580.0
2013-06-03,585.0
2013-06-04,587.0
2013-06-05,587.0
2013-06-06,587.0
2013-06-07,587.0
2013-06-10,587.0
2013-06-11,587.0
2013-06-12,587.0
2013-06-13,587.0
2013-06-14,555.0
2013-06-17,555.0
2013-06-18,555.0
2013-06-19,588.0
2013-06-20,600.0
2013-06-21,600.0
2013-06-24,600.0
2013-06-25,600.0
2013-06-26,565.0
2013-06-27,598.0
2013-06-28,610.0
2013-07-01,610.0
2013-07-02,610.0
2013-07-03,610.0
2013-07-04,573.4
2013-07-05,542.0
2013-07-08,510.1
2013-07-09,510.1
2013-07-10,510.1
2013-07-11,510.1
2013-07-12,510.1
2013-07-15,510.1
2013-07-16,510.1
2013-07-17,510.1
2013-07-18,510.1
2013-07-19,510.1
2013-07-22,510.1
2013-07-23,500.0
2013-07-24,500.0
2013-07-25,500.0
2013-07-26,500.0
2013-07-29,500.0
2013-07-31,500.0
2013-08-01,500.0
2013-08-02,500.1
2013-08-05,500.1
2013-08-06,500.1
2013-08-08,500.1
2013-08-12,501.0
2013-08-13,501.0
2013-08-15,501.0
2013-08-16,501.0
2013-08-19,501.0
2013-08-22,501.0
2013-08-23,501.0
2013-08-26,501.0
2013-08-27,501.0
2013-08-28,501.0
2013-08-29,501.0
2013-08-30,501.0
2013-09-02,501.0
2013-09-03,501.0
2013-09-04,501.0
2013-09-05,501.0
2013-09-06,501.0
2013-09-09,501.0
2013-09-10,501.0
2013-09-11,501.0
2013-09-12,501.0
2013-09-13,501.0
2013-09-16,503.0
2013-09-17,503.0
2013-09-18,503.0
2013-09-19,510.0
2013-09-20,510.0
2013-09-23,510.0
2013-09-24,510.0
2013-09-25,540.0
2013-09-26,540.0
2013-09-27,560.0
2013-09-30,572.4
2013-10-01,572.4
2013-10-02,572.4
2013-10-03,538.1
2013-10-04,538.1
2013-10-07,538.1
2013-10-08,538.1
2013-10-09,570.3
2013-10-10,570.3
2013-10-11,604.0
2013-10-14,640.0
2013-10-15,640.0
2013-10-21,640.0
2013-10-22,640.0
2013-10-23,640.0
2013-10-24,640.0
2013-10-25,640.0
2013-10-28,640.0
2013-10-29,640.0
2013-10-30,640.0
2013-10-31,640.0
2013-11-01,615.0
2013-11-07,600.0
2013-11-08,600.0
2013-11-11,600.0
2013-11-12,600.0
2013-11-13,600.0
2013-11-14,600.0
2013-11-15,600.0
2013-11-19,600.0
2013-11-20,600.0
2013-11-21,571.0
2013-11-22,571.0
2013-11-25,571.0
2013-11-26,571.0
2013-11-27,570.0
2013-11-28,570.0
2013-11-29,575.0
2013-12-02,575.0
2013-12-03,575.0
2013-12-04,577.0
2013-12-05,570.0
2013-12-06,570.0
2013-12-09,577.0
2013-12-10,600.0
2013-12-11,600.0
2013-12-12,600.0
2013-12-13,600.0
2013-12-16,600.0
2013-12-17,600.0
2013-12-18,600.0
2013-12-19,600.0
2013-12-20,577.0
2013-12-23,577.0
2013-12-24,577.0
2013-12-25,577.0
2013-12-26,577.0
2013-12-27,577.0
2013-12-30,610.0
2013-12-31,611.0
2014-01-02,611.0
2014-01-03,611.0
2014-01-06,611.0
2014-01-07,611.0
2014-01-08,611.0
2014-01-09,611.0
2014-01-10,611.0
2014-01-13,611.0
2014-01-16,611.0
2014-01-17,611.0
2014-01-20,611.0
2014-01-21,611.0
2014-01-22,611.0
2014-01-23,611.0
2014-01-24,611.0
2014-01-27,611.0
2014-01-28,611.0
2014-01-29,611.0
2014-01-30,611.0
2014-01-31,611.0
2014-02-03,611.0
2014-02-04,611.0
2014-02-05,611.0
2014-02-06,611.0
2014-02-07,611.0
2014-02-10,611.0
2014-02-11,611.0
2014-02-12,611.0
2014-02-13,611.0
2014-02-14,574.6
2014-02-17,574.6
2014-02-18,574.6
2014-02-19,574.6
2014-02-20,574.6
2014-02-21,609.0
2014-02-24,575.0
2014-02-25,582.0
2014-02-26,582.0
2014-02-27,582.0
2014-02-28,582.0
2014-03-03,582.0
2014-03-04,575.1
2014-03-05,575.1
2014-03-06,541.0
2014-03-07,541.0
2014-03-10,541.0
2014-03-11,541.0
2014-03-12,541.0
2014-03-13,541.0
2014-03-14,541.0
2014-03-17,541.0
2014-03-18,541.0
2014-03-19,541.0
2014-03-20,537.2
2014-03-21,538.0
2014-03-24,538.0
2014-03-25,538.0
2014-03-26,538.0
2014-03-27,538.0
2014-03-28,538.0
2014-03-31,538.0
2014-04-01,538.0
2014-04-02,538.0
2014-04-03,538.0
2014-04-04,516.0
2014-04-07,517.0
2014-04-08,517.0
2014-04-09,537.0
2014-04-10,538.0
2014-04-11,538.0
2014-04-14,538.0
2014-04-15,538.0
2014-04-16,538.0
2014-04-17,538.0
2014-04-18,538.0
2014-04-21,538.0
2014-04-22,530.0
2014-04-23,530.0
2014-04-24,530.0
2014-04-25,530.0
2014-04-28,530.0
2014-04-29,530.0
2014-04-30,530.0
2014-05-02,530.0
2014-05-05,530.0
2014-05-06,530.0
2014-05-07,530.0
2014-05-08,530.0
2014-05-09,530.0
2014-05-12,530.0
2014-05-13,530.0
2014-05-14,530.0
2014-05-15,530.0
2014-05-16,535.0
2014-05-19,535.0
2014-05-20,535.0
2014-05-21,535.0
2014-05-22,535.0
2014-05-23,535.0
2014-05-26,535.0
2014-05-27,540.0
2014-05-28,540.0
2014-05-29,540.0
2014-05-30,540.0
2014-06-02,540.0
2014-06-03,540.0
2014-06-04,540.0
2014-06-05,540.0
2014-06-06,540.0
2014-06-09,540.0
2014-06-10,540.0
2014-06-11,540.0
2014-06-12,540.0
2014-06-13,540.0
2014-06-16,540.0
2014-06-17,540.0
2014-06-18,540.0
2014-06-19,540.0
2014-06-20,540.0
2014-06-23,540.0
2014-06-24,540.0
2014-06-25,540.0
2014-06-26,572.4
2014-06-27,598.0
2014-06-30,598.0
2014-07-01,598.0
2014-07-02,598.0
2014-07-03,598.0
2014-07-04,598.0
2014-07-07,598.0
2014-07-08,598.0
2014-07-09,598.0
2014-07-10,598.0
2014-07-11,598.0
2014-07-14,598.0
2014-07-15,598.0
2014-07-16,598.0
2014-07-17,598.0
2014-07-18,598.0
2014-07-21,598.0
2014-07-22,598.0
2014-07-23,598.0
2014-07-24,598.0
2014-07-25,598.0
2014-07-31,598.0
2014-08-01,598.0
2014-08-04,598.0
2014-08-05,598.0
2014-08-06,598.0
2014-08-07,580.0
2014-08-08,580.0
2014-08-11,580.0
2014-08-12,580.0
2014-08-13,553.0
2014-08-15,553.0
2014-08-18,553.0
2014-08-19,553.0
2014-08-22,553.0
2014-08-25,553.0
2014-08-26,553.0
2014-08-27,540.0
2014-08-28,540.0
2014-08-29,553.0
2014-09-01,555.0
2014-09-02,588.3
2014-09-03,588.3
2014-09-04,588.3
2014-09-05,553.1
2014-09-08,543.0
2014-09-09,536.0
2014-09-10,536.0
2014-09-11,534.0
2014-09-12,545.0
2014-09-15,545.0
2014-09-16,569.8
2014-09-17,569.8
2014-09-18,569.8
2014-09-19,560.0
2014-09-22,560.0
2014-09-23,560.0
2014-09-24,560.0
2014-09-25,547.0
2014-09-26,547.0
2014-09-29,547.0
2014-09-30,547.0
2014-10-01,547.0
2014-10-02,547.0
2014-10-03,547.0
2014-10-07,547.0
2014-10-08,547.0
2014-10-09,534.2
2014-10-10,534.2
2014-10-13,534.2
2014-10-14,534.2
2014-10-15,534.2
2014-10-16,550.0
2014-10-17,535.0
2014-10-20,565.0
2014-10-21,565.0
2014-10-22,565.0
2014-10-23,565.0
2014-10-24,565.0
2014-10-27,565.0
2014-10-28,565.0
2014-10-29,565.0
2014-10-30,565.0
2014-10-31,565.0
2014-11-03,565.0
2014-11-04,565.0
2014-11-05,565.0
2014-11-07,565.0
2014-11-10,565.0
2014-11-11,565.0
2014-11-12,565.0
2014-11-13,550.0
2014-11-14,550.0
2014-11-17,550.0
2014-11-19,550.0
2014-11-20,550.0
2014-11-21,550.0
2014-11-24,547.0
2014-11-25,547.0
2014-11-26,555.0
2014-11-27,555.0
2014-11-28,555.0
2014-12-01,555.0
2014-12-02,555.0
2014-12-03,555.0
2014-12-04,555.0
2014-12-05,555.0
2014-12-08,555.0
2014-12-09,555.0
2014-12-10,555.0
2014-12-11,555.0
2014-12-12,555.0
2014-12-15,555.0
2014-12-16,555.0
2014-12-17,555.0
2014-12-18,555.0
2014-12-19,555.0
2014-12-22,555.0
2014-12-23,555.0
2014-12-24,555.0
2014-12-25,569.5
2014-12-26,535.4
2014-12-29,567.0
2014-12-30,585.0
2014-12-31,585.0
2015-01-02,585.0
2015-01-06,585.0
2015-01-07,585.0
2015-01-08,585.0
2015-01-09,580.0
2015-01-12,580.0
2015-01-13,580.0
2015-01-14,580.0
2015-01-15,580.0
2015-01-16,580.0
2015-01-19,580.0
2015-01-20,580.0
2015-01-21,580.0
2015-01-22,545.2
2015-01-23,520.5
2015-01-26,520.5
2015-01-27,541.0
2015-01-28,541.0
2015-01-29,550.0
2015-01-30,550.0
2015-02-02,550.0
2015-02-03,550.0
2015-02-04,550.0
2015-02-05,550.0
2015-02-06,550.0
2015-02-09,550.0
2015-02-10,550.0
2015-02-11,550.0
2015-02-12,550.0
2015-02-13,550.0
2015-02-16,550.0
2015-02-17,531.0
2015-02-18,531.0
2015-02-19,550.0
2015-02-20,550.0
2015-02-23,550.0
2015-02-24,550.0
2015-02-25,550.0
2015-02-26,550.0
2015-02-27,531.0
2015-03-02,531.0
2015-03-03,531.0
2015-03-04,531.0
2015-03-05,531.0
2015-03-06,550.0
2015-03-09,550.0
2015-03-10,540.0
2015-03-11,540.0
2015-03-12,540.0
2015-03-13,540.0
2015-03-16,540.0
2015-03-17,524.0
2015-03-18,524.0
2015-03-19,524.0
2015-03-20,524.0
2015-03-23,524.0
2015-03-24,524.0
2015-03-25,524.0
2015-03-26,524.0
2015-03-27,524.0
2015-03-30,524.0
2015-03-31,524.0
2015-04-01,524.0
2015-04-02,524.0
2015-04-03,524.0
2015-04-06,524.0
2015-04-07,524.0
2015-04-08,524.0
2015-04-09,524.0
2015-04-10,524.0
2015-04-13,524.0
2015-04-14,524.0
2015-04-15,549.2
2015-04-16,549.2
2015-04-17,549.2
2015-04-20,549.2
2015-04-21,549.2
2015-04-22,549.2
2015-04-23,549.2
2015-04-24,549.2
2015-04-27,549.2
2015-04-28,549.2
2015-04-29,545.0
2015-04-30,545.0
2015-05-04,545.0
2015-05-05,545.0
2015-05-06,544.9
2015-05-07,544.9
2015-05-08,544.9
2015-05-11,544.9
2015-05-12,544.9
2015-05-13,544.9
2015-05-14,544.9
2015-05-15,544.9
2015-05-18,544.9
2015-05-19,544.9
2015-05-20,544.9
2015-05-21,544.9
2015-05-22,544.9
2015-05-25,544.9
2015-05-26,544.9
2015-05-27,544.9
2015-05-28,544.9
2015-05-29,544.9
2015-06-01,544.9
2015-06-02,544.9
2015-06-03,544.9
2015-06-04,544.9
2015-06-05,544.9
2015-06-08,544.9
2015-06-09,544.9
2015-06-10,555.0
2015-06-11,555.0
2015-06-12,555.0
2015-06-15,555.0
2015-06-16,555.0
2015-06-17,555.0
2015-06-18,555.0
2015-06-19,555.0
2015-06-22,555.0
2015-06-23,555.0
2015-06-24,555.0
2015-06-25,555.0
2015-06-26,521.7
2015-06-29,521.7
2015-06-30,535.0
2015-07-01,535.0
2015-07-02,535.0
2015-07-03,521.0
2015-07-06,521.0
2015-07-07,521.0
2015-07-08,521.0
2015-07-09,521.0
2015-07-10,521.0
2015-07-13,521.0
2015-07-14,521.0
2015-07-15,521.0
2015-07-16,521.0
2015-07-20,521.0
2015-07-21,521.0
2015-07-22,521.0
2015-07-23,521.0
2015-07-24,489.75
2015-07-27,489.75
2015-07-28,489.75
2015-07-29,492.0
2015-07-31,492.0
2015-08-03,492.0
2015-08-04,492.0
2015-08-05,492.0
2015-08-06,493.5
2015-08-07,493.5
2015-08-10,493.5
2015-08-11,493.3
2015-08-12,518.0
2015-08-13,518.0
2015-08-17,518.0
2015-08-18,518.0
2015-08-19,518.0
2015-08-24,491.1
2015-08-25,491.1
2015-08-26,491.1
2015-08-27,491.1
2015-08-28,491.1
2015-08-31,520.5
2015-09-01,520.5
2015-09-02,520.5
2015-09-03,520.5
2015-09-04,520.5
2015-09-07,520.5
2015-09-08,520.5
2015-09-09,520.5
2015-09-10,520.5
2015-09-11,520.5
2015-09-14,520.5
2015-09-15,489.3
2015-09-16,489.3
2015-09-17,489.3
2015-09-18,489.3
2015-09-21,489.3
2015-09-22,460.0
2015-09-23,437.0
2015-09-28,460.0
2015-09-29,460.0
2015-09-30,460.0
2015-10-01,460.0
2015-10-02,487.6
2015-10-05,487.6
2015-10-06,487.6
2015-10-07,487.6
2015-10-08,487.6
2015-10-09,487.6
2015-10-12,487.6
2015-10-14,487.6
2015-10-16,487.6
2015-10-19,487.6
2015-10-20,487.6
2015-10-21,458.35
2015-10-22,430.85
2015-10-23,456.0
2015-10-26,456.0
2015-10-27,460.0
2015-10-28,460.0
2015-10-29,460.0
2015-10-30,460.0
2015-11-02,460.0
2015-11-03,460.0
2015-11-04,460.0
2015-11-05,460.0
2015-11-09,460.0
2015-11-10,434.0
2015-11-11,435.0
2015-11-12,435.0
2015-11-13,421.95
2015-11-16,421.95
2015-11-17,421.95
2015-11-19,421.95
2015-11-20,421.95
2015-11-23,426.5
2015-11-24,425.0
2015-11-25,425.0
2015-11-26,415.0
2015-11-27,405.0
2015-11-30,400.0
2015-12-01,424.0
2015-12-02,449.0
2015-12-03,449.0
2015-12-04,460.0
2015-12-07,484.0
2015-12-08,490.0
2015-12-09,490.0
2015-12-10,460.6
2015-12-11,433.0
2015-12-14,433.0
2015-12-15,433.0
2015-12-16,410.0
2015-12-17,430.0
2015-12-18,433.0
2015-12-21,433.0
2015-12-22,433.0
2015-12-23,433.0
2015-12-28,433.0
2015-12-29,458.95
2015-12-30,486.45
2015-12-31,515.6
2016-01-04,484.7
2016-01-05,455.65
2016-01-06,428.35
2016-01-07,428.35
2016-01-08,428.35
2016-01-12,454.05
2016-01-13,481.25
2016-01-14,510.0
2016-01-15,479.4
2016-01-18,450.65
2016-01-19,450.65
2016-01-20,408.1
2016-01-21,408.1
2016-01-22,408.1
2016-01-25,408.1
2016-01-26,408.1
2016-01-27,408.1
2016-01-28,408.1
2016-01-29,408.1
2016-02-01,408.1
2016-02-02,432.55
2016-02-03,432.55
2016-02-04,432.55
2016-02-05,432.55
2016-02-08,432.55
2016-02-09,413.05
2016-02-10,413.05
2016-02-11,413.05
2016-02-12,413.05
2016-02-15,413.05
2016-02-16,413.05
2016-02-17,413.05
2016-02-18,408.1
2016-02-19,408.1
2016-02-22,408.1
2016-02-23,408.1
2016-02-24,408.1
2016-02-25,408.1
2016-02-26,405.0
2016-02-29,405.0
2016-03-01,405.0
2016-03-02,405.0
2016-03-03,405.0
2016-03-04,405.0
2016-03-07,405.0
2016-03-08,405.0
2016-03-09,405.0
2016-03-10,405.0
2016-03-11,405.0
2016-03-14,386.1
2016-03-15,387.1
2016-03-16,387.1
2016-03-17,375.05
2016-03-18,380.0
2016-03-21,376.0
2016-03-22,376.0
2016-03-23,376.0
2016-03-24,398.55
2016-03-25,385.0
2016-03-28,385.5
2016-03-29,400.0
2016-03-30,400.0
2016-03-31,400.0
2016-04-01,386.1
2016-04-04,386.1
2016-04-05,400.0
2016-04-06,439.8
2016-04-07,395.85
2016-04-08,395.85
2016-04-11,395.85
2016-04-12,395.85
2016-04-13,390.0
2016-04-14,389.0
2016-04-15,389.0
2016-04-18,389.0
2016-04-19,389.0
2016-04-20,389.0
2016-04-21,389.0
2016-04-22,389.0
2016-04-25,389.0
2016-04-26,389.0
2016-04-27,389.0
2016-04-28,389.0
2016-04-29,400.0
2016-05-02,400.0
2016-05-03,400.0
2016-05-04,400.0
2016-05-05,423.9
2016-05-06,433.0
2016-05-09,413.0
2016-05-10,413.0
2016-05-11,412.0
2016-05-12,425.0
2016-05-13,436.4
2016-05-16,436.4
2016-05-17,436.4
2016-05-18,410.25
2016-05-19,410.25
2016-05-20,434.85
2016-05-23,460.9
2016-05-24,460.9
2016-05-25,433.25
2016-05-26,459.0
2016-05-27,434.0
2016-05-30,440.0
2016-05-31,440.0
2016-06-01,440.0
2016-06-02,460.0
2016-06-03,440.0
2016-06-06,466.4
2016-06-07,440.0
2016-06-08,440.0
2016-06-09,440.0
2016-06-10,430.0
2016-06-13,430.0
2016-06-14,422.0
2016-06-15,422.0
2016-06-16,422.0
2016-06-17,420.0
2016-06-20,420.0
2016-06-21,420.0
2016-06-22,420.0
2016-06-23,435.0
2016-06-24,443.9
2016-06-27,443.9
2016-06-28,443.9
2016-06-29,468.0
2016-06-30,439.95
2016-07-01,439.95
2016-07-04,460.0
2016-07-05,460.0
2016-07-11,460.0
2016-07-12,459.8
2016-07-13,459.8
2016-07-14,459.8
2016-07-15,459.8
2016-07-18,459.8
2016-07-19,459.8
2016-07-20,459.8
2016-07-21,459.0
2016-07-22,459.0
2016-07-25,459.0
2016-07-26,431.5
2016-07-27,431.5
2016-07-28,431.5
2016-07-29,431.5
2016-08-01,431.5
2016-08-02,474.0
2016-08-03,474.0
2016-08-04,474.0
2016-08-05,451.0
2016-08-08,455.0
2016-08-09,445.0
2016-08-10,445.0
2016-08-11,445.0
2016-08-12,445.0
2016-08-15,440.0
2016-08-16,440.0
2016-08-17,440.0
2016-08-18,440.0
2016-08-19,440.0
2016-08-22,436.2
2016-08-23,436.2
2016-08-24,436.2
2016-08-25,436.1
2016-08-26,436.1
2016-08-29,436.1
2016-08-30,436.1
2016-08-31,436.1
2016-09-01,436.1
2016-09-02,436.1
2016-09-05,436.1
2016-09-06,436.1
2016-09-07,436.1
2016-09-08,436.1
2016-09-09,436.1
2016-09-14,436.1
2016-09-15,436.1
2016-09-16,436.1
2016-09-19,436.1
2016-09-20,436.1
2016-09-21,436.1
2016-09-22,436.1
2016-09-23,436.1
2016-09-26,458.75
2016-09-27,458.75
2016-09-28,458.75
2016-09-29,458.75
2016-09-30,458.75
2016-10-04,458.75
2016-10-05,458.75
2016-10-06,440.0
2016-10-07,440.0
2016-10-10,440.0
2016-10-11,440.0
2016-10-12,440.0
2016-10-13,440.0
2016-10-14,440.0
2016-10-17,440.0
2016-10-18,460.0
2016-10-19,485.95
2016-10-20,485.95
2016-10-21,485.95
2016-10-24,485.95
2016-10-25,485.95
2016-10-26,485.95
2016-10-27,485.95
2016-10-28,460.0
2016-10-31,460.0
2016-11-01,460.0
2016-11-02,480.0
2016-11-03,480.0
2016-11-04,480.0
2016-11-07,480.0
2016-11-08,480.0
2016-11-09,480.0
2016-11-10,462.0
2016-11-11,462.0
2016-11-14,450.0
2016-11-15,450.0
2016-11-16,450.0
2016-11-17,480.0
2016-11-21,488.0
2016-11-22,480.0
2016-11-23,480.0
2016-11-24,480.0
2016-11-25,480.0
2016-11-28,480.0
2016-11-29,480.0
2016-11-30,480.0
2016-12-01,480.0
2016-12-02,480.0
2016-12-05,480.0
2016-12-06,480.0
2016-12-07,475.0
2016-12-08,475.0
2016-12-09,480.5
2016-12-14,485.0
2016-12-15,485.0
2016-12-16,485.0
2016-12-19,490.0
2016-12-20,490.0
2016-12-21,490.0
2016-12-22,490.0
2016-12-23,520.0
2016-12-26,520.0
2016-12-27,520.0
2016-12-28,517.0
2016-12-29,490.0
2016-12-30,490.0
2017-01-02,490.0
2017-01-03,490.0
2017-01-04,511.9
2017-01-05,511.9
2017-01-06,520.0
2017-01-09,520.0
2017-01-10,493.0
2017-01-12,520.0
2017-01-13,520.0
2017-01-16,530.0
2017-01-17,530.0
2017-01-18,530.0
2017-01-19,530.0
2017-01-20,520.0
2017-01-23,520.0
2017-01-24,520.0
2017-01-25,548.0
2017-01-26,548.0
2017-01-27,548.0
2017-01-30,548.0
2017-01-31,548.0
2017-02-01,548.0
2017-02-02,548.0
2017-02-03,540.0
2017-02-06,520.0
2017-02-07,502.0
2017-02-08,502.0
2017-02-09,502.0
2017-02-10,502.0
2017-02-13,502.0
2017-02-14,530.0
2017-02-15,501.5
2017-02-16,503.0
2017-02-17,472.85
2017-02-20,472.85
2017-02-21,470.0
2017-02-22,470.0
2017-02-23,470.0
2017-02-24,498.15
2017-02-27,498.15
2017-02-28,498.15
2017-03-01,500.0
2017-03-02,500.0
2017-03-03,500.0
2017-03-06,500.0
2017-03-07,490.0
2017-03-08,490.0
2017-03-09,499.0
2017-03-10,497.0
2017-03-13,497.0
2017-03-14,470.5
2017-03-15,470.5
2017-03-16,483.0
2017-03-17,483.0
2017-03-20,483.0
2017-03-21,483.0
2017-03-22,454.05
2017-03-23,454.05
2017-03-24,480.0
2017-03-27,480.0
2017-03-28,480.0
2017-03-29,480.0
2017-03-30,480.0
2017-03-31,480.0
2017-04-03,480.0
2017-04-04,480.0
2017-04-05,480.0
2017-04-06,480.0
2017-04-07,480.0
2017-04-10,480.0
2017-04-11,480.0
2017-04-12,480.0
2017-04-13,480.0
2017-04-14,480.0
2017-04-17,480.0
2017-04-18,480.0
2017-04-19,480.0
2017-04-20,480.0
2017-04-21,480.0
2017-04-24,452.0
2017-04-25,452.0
2017-04-26,452.0
2017-04-27,452.0
2017-04-28,450.0
2017-05-02,450.0
2017-05-03,450.0
2017-05-04,450.0
2017-05-05,450.0
2017-05-08,450.0
2017-05-09,450.0
2017-05-10,450.0
2017-05-11,450.0
2017-05-12,450.0
2017-05-15,450.0
2017-05-16,450.0
2017-05-17,465.0
2017-05-18,465.0
2017-05-19,465.0
2017-05-22,465.0
2017-05-23,465.0
2017-05-24,465.0
2017-05-25,465.0
2017-05-26,462.0
2017-05-29,462.0
2017-05-30,462.0
2017-05-31,462.0
2017-06-01,462.0
2017-06-02,460.0
2017-06-05,460.0
2017-06-06,460.0
2017-06-07,460.0
2017-06-08,460.0
2017-06-09,460.0
2017-06-12,470.0
2017-06-13,460.0
2017-06-14,460.0
2017-06-15,460.0
2017-06-16,460.0
2017-06-19,460.0
2017-06-20,465.0
2017-06-21,465.0
2017-06-22,480.0
2017-06-23,492.5
2017-06-28,492.5
2017-06-29,492.5
2017-06-30,470.0
2017-07-03,470.0
2017-07-04,470.0
2017-07-05,470.0
2017-07-06,470.0
2017-07-07,498.1
2017-07-10,498.1
2017-07-11,480.0
2017-07-12,480.0
2017-07-13,480.0
2017-07-14,508.7
2017-07-17,511.9
2017-07-18,495.0
2017-07-19,495.0
2017-07-20,495.0
2017-07-21,467.0
2017-07-24,467.0
2017-07-25,467.0
2017-07-26,467.0
2017-07-27,495.0
2017-07-28,510.0
2017-07-31,510.0
2017-08-01,510.0
2017-08-02,510.0
2017-08-03,510.0
2017-08-04,510.0
2017-08-07,510.0
2017-08-08,510.0
2017-08-09,510.0
2017-08-10,510.0
2017-08-11,510.0
2017-08-15,510.0
2017-08-16,510.0
2017-08-17,510.0
2017-08-18,510.0
2017-08-22,510.0
2017-08-23,510.0
2017-08-24,510.0
2017-08-25,510.0
2017-08-28,510.0
2017-08-29,510.0
2017-08-30,511.0
2017-08-31,511.0
2017-09-04,511.0
2017-09-05,511.0
2017-09-06,509.0
2017-09-07,509.0
2017-09-08,509.0
2017-09-11,509.0
2017-09-12,509.0
2017-09-13,509.0
2017-09-14,535.0
2017-09-15,535.0
2017-09-18,535.0
2017-09-19,535.0
2017-09-20,535.0
2017-09-21,535.0
2017-09-25,535.0
2017-09-26,535.0
2017-09-27,535.0
2017-09-28,535.0
2017-09-29,535.0
2017-10-02,535.0
2017-10-03,535.0
2017-10-04,503.0
2017-10-05,503.0
2017-10-06,503.0
2017-10-09,503.0
2017-10-10,503.0
2017-10-11,503.0
2017-10-12,500.0
2017-10-13,529.9
2017-10-16,530.0
2017-10-17,530.0
2017-10-18,530.0
2017-10-19,530.0
2017-10-20,530.0
2017-10-23,530.0
2017-10-24,530.0
2017-10-25,548.0
2017-10-26,530.0
2017-10-27,560.0
2017-10-30,584.9
2017-10-31,584.9
2017-11-01,560.0
2017-11-02,560.0
2017-11-03,576.8
2017-11-07,576.8
2017-11-08,576.8
2017-11-09,576.8
2017-11-10,576.8
2017-11-13,576.8
2017-11-14,576.8
2017-11-15,576.8
2017-11-16,576.8
2017-11-17,576.8
2017-11-20,580.0
2017-11-21,550.0
2017-11-22,550.0
2017-11-23,550.0
2017-11-24,550.0
2017-11-27,550.0
2017-11-28,550.0
2017-11-29,550.0
2017-11-30,550.0
2017-12-04,518.0
2017-12-05,549.0
2017-12-06,549.0
2017-12-07,549.0
2017-12-08,560.0
2017-12-11,560.0
2017-12-12,576.0
2017-12-13,560.0
2017-12-14,560.0
2017-12-15,560.0
2017-12-18,560.0
2017-12-19,560.0
2017-12-20,560.0
2017-12-21,530.0
2017-12-22,559.0
2017-12-25,559.0
2017-12-26,559.0
2017-12-27,559.0
2017-12-28,559.0
2017-12-29,559.0
2018-01-02,559.0
2018-01-03,559.0
2018-01-04,559.0
2018-01-05,575.0
2018-01-08,575.0
2018-01-09,575.0
2018-01-10,575.0
2018-01-12,609.0
2018-01-15,609.0
2018-01-16,609.0
2018-01-17,609.0
2018-01-18,609.0
2018-01-19,609.0
2018-01-22,573.0
2018-01-23,573.0
2018-01-24,573.0
2018-01-25,590.0
2018-01-26,590.0
2018-01-29,590.0
2018-01-30,590.0
2018-01-31,590.0
2018-02-01,590.0
2018-02-02,590.0
2018-02-05,590.0
2018-02-06,590.0
2018-02-07,590.0
2018-02-08,590.0
2018-02-09,590.0
2018-02-12,590.0
2018-02-13,589.0
2018-02-14,589.0
2018-02-15,554.0
2018-02-16,586.0
2018-02-19,555.0
2018-02-20,556.0
2018-02-21,556.0
2018-02-22,560.0
2018-02-23,560.0
2018-02-26,560.0
2018-02-27,560.0
2018-02-28,570.0
2018-03-01,570.0
2018-03-02,573.0
2018-03-05,573.0
2018-03-06,590.1
2018-03-07,588.9
2018-03-08,588.9
2018-03-09,580.0
2018-03-12,580.0
2018-03-13,580.0
2018-03-14,580.0
2018-03-15,580.0
2018-03-16,580.0
2018-03-19,580.0
2018-03-20,580.0
2018-03-21,597.4
2018-03-22,597.4
2018-03-23,610.0
2018-03-26,610.0
2018-03-27,610.0
2018-03-28,610.0
2018-03-29,610.0
2018-03-30,610.0
2018-04-02,610.0
2018-04-03,610.0
2018-04-04,610.0
2018-04-05,610.0
2018-04-06,599.0
2018-04-09,599.0
2018-04-10,600.0
2018-04-11,600.0
2018-04-12,600.0
2018-04-13,600.0
2018-04-16,571.7
2018-04-17,571.7
2018-04-18,560.0
2018-04-19,580.0
2018-04-20,580.0
2018-04-23,580.0
2018-04-24,550.0
2018-04-25,550.0
2018-04-26,550.0
2018-04-27,550.0
2018-04-30,550.0
2018-05-02,580.0
2018-05-03,580.0
2018-05-04,580.0
2018-05-07,580.0
2018-05-08,580.0
2018-05-09,580.0
2018-05-10,580.0
2018-05-11,580.0
2018-05-14,565.0
2018-05-15,565.0
2018-05-16,565.0
2018-05-17,565.0
2018-05-18,565.0
2018-05-21,565.0
2018-05-22,565.0
2018-05-23,565.0
2018-05-24,531.2
2018-05-25,550.0
2018-05-28,550.0
2018-05-29,550.0
2018-05-30,550.0
2018-05-31,550.0
2018-06-01,555.0
2018-06-04,555.0
2018-06-05,555.0
2018-06-06,555.0
2018-06-07,555.0
2018-06-08,588.2
2018-06-11,588.2
2018-06-12,550.0
2018-06-13,550.0
2018-06-14,550.0
2018-06-18,550.0
2018-06-19,550.0
2018-06-20,550.0
2018-06-21,550.0
2018-06-22,560.0
2018-06-25,560.0
2018-06-26,560.0
2018-06-27,560.0
2018-06-28,560.0
2018-06-29,560.0
2018-07-02,560.0
2018-07-03,560.0
2018-07-04,560.0
2018-07-05,560.0
2018-07-06,544.0
2018-07-09,544.0
2018-07-10,544.0
2018-07-11,544.0
2018-07-12,544.0
2018-07-13,544.0
2018-07-16,544.0
2018-07-17,544.0
2018-07-18,544.0
2018-07-19,544.0
2018-07-20,512.0
2018-07-23,512.0
2018-07-24,512.0
2018-07-25,512.0
2018-07-26,512.0
2018-07-27,540.0
2018-07-31,540.0
2018-08-01,540.0
2018-08-02,540.0
2018-08-03,553.0
2018-08-06,553.0
2018-08-07,553.0
2018-08-08,572.0
2018-08-09,572.0
2018-08-10,572.0
2018-08-13,572.0
2018-08-15,572.0
2018-08-16,572.0
2018-08-17,580.0
2018-08-24,580.0
2018-08-27,580.0
2018-08-28,580.0
2018-08-29,580.0
2018-08-30,580.0
2018-08-31,580.0
2018-09-03,580.0
2018-09-04,580.0
2018-09-05,580.0
2018-09-06,580.0
2018-09-07,580.0
2018-09-10,580.0
2018-09-12,580.0
2018-09-13,580.0
2018-09-14,580.0
2018-09-17,580.0
2018-09-18,590.0
2018-09-19,590.0
2018-09-20,590.0
2018-09-21,590.0
2018-09-24,590.0
2018-09-25,590.0
2018-09-26,597.4
2018-09-27,597.4
2018-09-28,597.0
2018-10-01,597.0
2018-10-02,597.0
2018-10-03,597.0
2018-10-04,597.0
2018-10-05,597.0
2018-10-08,597.0
2018-10-09,597.0
2018-10-10,597.0
2018-10-11,597.0
2018-10-12,597.0
2018-10-15,563.0
2018-10-16,563.0
2018-10-17,529.3
2018-10-18,529.3
2018-10-19,529.3
2018-10-22,529.3
2018-10-23,529.3
2018-10-24,529.3
2018-10-25,529.3
2018-10-26,529.3
2018-10-29,529.3
2018-10-30,529.3
2018-10-31,529.3
2018-11-01,529.3
2018-11-02,529.3
2018-11-05,529.3
2018-11-07,529.3
2018-11-08,529.3
2018-11-09,529.3
2018-11-12,529.3
2018-11-13,530.0
2018-11-14,530.0
2018-11-15,530.0
2018-11-16,530.0
2018-11-19,530.0
2018-11-22,530.0
2018-11-23,530.0
2018-11-26,530.0
2018-11-27,530.0
2018-11-28,530.0
2018-11-29,530.0
2018-11-30,530.0
2018-12-03,530.0
2018-12-04,530.0
2018-12-05,530.0
2018-12-06,530.0
2018-12-07,540.0
2018-12-10,540.0
2018-12-11,540.0
2018-12-12,540.0
2018-12-13,540.0
2018-12-14,520.0
2018-12-17,520.0
2018-12-18,520.0
2018-12-19,520.0
2018-12-20,520.0
2018-12-21,520.0
2018-12-24,550.0
2018-12-25,570.0
2018-12-26,570.0
2018-12-27,570.0
2018-12-28,598.0
2018-12-31,598.0
2019-01-02,598.0
2019-01-03,598.0
2019-01-04,598.0
2019-01-07,598.0
2019-01-08,598.0
2019-01-09,598.0
2019-01-10,598.0
2019-01-14,598.0
2019-01-15,598.0
2019-01-16,598.0
2019-01-17,598.0
2019-01-18,598.0
2019-01-21,598.0
2019-01-22,598.0
2019-01-23,598.0
2019-01-24,598.0
2019-01-25,598.0
2019-01-28,598.0
2019-01-29,598.0
2019-01-30,580.0
2019-01-31,580.0
2019-02-01,585.0
2019-02-04,581.0
2019-02-05,581.0
2019-02-06,581.0
2019-02-07,581.0
2019-02-08,581.0
2019-02-11,581.0
2019-02-12,581.0
2019-02-13,581.0
2019-02-14,550.0
2019-02-15,550.0
2019-02-18,580.0
2019-02-19,580.0
2019-02-20,580.0
2019-02-21,580.0
2019-02-22,580.0
2019-02-25,580.0
2019-02-26,608.0
2019-02-27,608.0
2019-02-28,608.0
2019-03-01,580.0
2019-03-04,551.0
2019-03-05,551.0
2019-03-06,551.0
2019-03-07,551.0
2019-03-08,551.0
2019-03-11,584.0
2019-03-12,584.0
2019-03-13,584.0
2019-03-14,584.0
2019-03-15,584.0
2019-03-18,584.0
2019-03-19,584.0
2019-03-20,584.0
2019-03-21,584.0
2019-03-22,584.0
2019-03-25,584.0
2019-03-26,584.0
2019-03-27,580.0
2019-03-28,580.0
2019-03-29,603.0
2019-04-01,603.0
2019-04-02,603.0
2019-04-03,603.0
2019-04-04,603.0
2019-04-05,603.0
2019-04-08,603.0
2019-04-09,603.0
2019-04-10,603.0
2019-04-11,603.0
2019-04-12,603.0
2019-04-15,603.0
2019-04-16,603.0
2019-04-17,603.0
2019-04-18,603.0
2019-04-19,603.0
2019-04-22,603.0
2019-04-23,603.0
2019-04-24,603.0
2019-04-25,603.0
2019-04-26,603.0
2019-04-29,603.0
2019-04-30,603.0
2019-05-02,603.0
2019-05-03,603.0
2019-05-06,603.0
2019-05-07,603.0
2019-05-08,603.0
2019-05-09,603.0
2019-05-10,603.0
2019-05-13,603.0
2019-05-14,603.0
2019-05-15,603.0
2019-05-16,603.0
2019-05-17,603.0
2019-05-20,603.0
2019-05-21,603.0
2019-05-22,603.0
2019-05-23,603.0
2019-05-24,566.9
2019-05-27,566.9
2019-05-28,566.9
2019-05-29,566.9
2019-05-30,566.9
2019-05-31,532.9
2019-06-03,564.8
2019-06-04,564.8
2019-06-10,564.8
2019-06-11,564.8
2019-06-12,556.8
2019-06-13,556.8
2019-06-14,556.8
2019-06-17,556.8
2019-06-18,524.0
2019-06-19,524.0
2019-06-20,524.0
2019-06-21,493.0
2019-06-24,463.45
2019-06-25,455.0
2019-06-26,482.25
2019-06-27,511.1
2019-06-28,530.0
2019-07-01,530.0
2019-07-02,530.0
2019-07-03,530.0
2019-07-04,530.0
2019-07-05,530.0
2019-07-08,530.0
2019-07-09,498.3
2019-07-10,498.3
2019-07-11,498.3
2019-07-12,498.3
2019-07-15,498.3
2019-07-16,498.3
2019-07-17,498.3
2019-07-18,498.3
2019-07-19,498.3
2019-07-22,498.0
2019-07-23,498.0
2019-07-24,498.0
2019-07-25,498.0
2019-07-26,498.0
2019-07-29,498.3
2019-07-31,498.3
2019-08-01,498.0
2019-08-02,498.0
2019-08-05,498.0
2019-08-06,498.0
2019-08-07,498.0
2019-08-08,498.0
2019-08-09,498.0
2019-08-15,498.0
2019-08-16,498.0
2019-08-19,498.0
2019-08-22,498.0
2019-08-23,498.0
2019-08-26,498.0
2019-08-27,480.15
2019-08-28,481.0
2019-08-29,481.0
2019-08-30,481.0
2019-09-02,481.0
2019-09-03,482.0
2019-09-04,482.0
2019-09-05,482.0
2019-09-06,482.0
2019-09-09,482.0
2019-09-10,490.0
2019-09-11,490.0
2019-09-12,490.0
2019-09-13,490.0
2019-09-16,500.0
2019-09-17,500.0
2019-09-18,500.0
2019-09-19,500.0
2019-09-20,480.0
2019-09-23,480.0
2019-09-24,480.0
2019-09-25,480.0
2019-09-26,480.0
2019-09-27,480.0
2019-09-30,480.0
2019-10-01,480.0
2019-10-02,480.0
2019-10-03,480.0
2019-10-04,455.0
2019-10-07,455.0
2019-10-08,455.0
2019-10-09,455.0
2019-10-10,455.0
2019-10-11,460.0
2019-10-14,460.0
2019-10-15,460.0
2019-10-16,460.0
2019-10-17,460.0
2019-10-18,450.0
2019-10-21,450.0
2019-10-22,450.0
2019-10-23,450.0
2019-10-24,450.0
2019-10-25,430.0
2019-10-28,430.0
2019-10-29,431.25
2019-10-30,431.25
2019-10-31,431.25
2019-11-01,457.0
2019-11-04,457.0
2019-11-05,457.0
2019-11-07,457.0
2019-11-08,440.0
2019-11-12,466.0
2019-11-13,479.0
2019-11-14,464.0
2019-11-15,446.0
2019-11-19,446.0
2019-11-20,460.0
2019-11-21,460.0
2019-11-22,462.1
2019-11-25,485.0
2019-11-26,485.0
2019-11-27,485.0
2019-11-28,489.0
2019-11-29,462.0
2019-12-02,462.0
2019-12-03,489.0
2019-12-04,481.0
2019-12-05,472.0
2019-12-06,472.0
2019-12-09,498.9
2019-12-10,471.0
2019-12-11,471.0
2019-12-12,471.0
2019-12-13,473.55
2019-12-16,473.55
2019-12-17,473.55
2019-12-18,473.55
2019-12-19,480.0
2019-12-20,500.0
2019-12-23,480.0
2019-12-24,500.0
2019-12-25,529.9
2019-12-26,530.0
2019-12-27,530.0
2019-12-30,530.0
2019-12-31,560.0
2020-01-02,560.0
2020-01-03,560.0
2020-01-06,560.0
2020-01-07,560.0
2020-01-08,560.0
2020-01-09,560.0
2020-01-10,527.0
2020-01-13,527.0
2020-01-14,527.0
2020-01-15,527.0
2020-01-16,527.0
2020-01-17,527.0
2020-01-20,527.0
2020-01-21,527.0
2020-01-22,527.0
2020-01-23,527.0
2020-01-24,557.0
2020-01-27,557.0
2020-01-28,557.0
2020-01-29,557.0
2020-01-30,557.0
2020-01-31,550.0
2020-02-03,535.0
2020-02-04,519.0
2020-02-05,519.0
2020-02-06,510.0
2020-02-07,560.9
2020-02-10,560.9
2020-02-11,560.9
2020-02-12,560.9
2020-02-13,560.9
2020-02-14,540.0
2020-02-17,540.0
2020-02-18,540.0
2020-02-19,545.0
2020-02-20,545.0
2020-02-21,545.0
2020-02-24,545.0
2020-02-25,545.0
2020-02-26,575.0
2020-02-27,575.0
2020-02-28,555.0
2020-03-02,555.0
2020-03-03,555.0
2020-03-04,555.0
2020-03-05,555.0
2020-03-06,550.0
2020-03-09,550.0
2020-03-10,550.0
2020-03-11,550.0
2020-03-12,550.0
2020-03-13,500.0
2020-03-16,500.0
2020-03-17,500.0
2020-03-18,500.0
2020-03-19,500.0
2020-03-20,500.0
2020-03-23,500.0
2020-03-24,482.0
2020-03-25,482.0
2020-03-26,482.0
2020-03-27,482.0
2020-03-30,482.0
2020-03-31,482.0
2020-04-01,482.0
2020-04-02,482.0
2020-04-03,470.0
2020-04-06,470.0
2020-04-07,470.0
2020-04-08,470.0
2020-04-09,470.0
2020-04-10,470.0
2020-04-13,470.0
2020-04-14,470.0
2020-04-15,470.0
2020-04-16,470.0
2020-04-17,470.0
2020-04-20,470.0
2020-04-21,470.0
2020-04-22,470.0
2020-04-23,470.0
2020-04-24,470.0
2020-04-27,470.0
2020-04-28,460.0
2020-04-29,450.35
2020-04-30,450.35
2020-05-04,432.35
2020-05-05,432.35
2020-05-06,432.35
2020-05-07,430.0
2020-05-08,430.0
2020-05-11,430.0
2020-05-12,413.05
2020-05-13,413.05
2020-05-14,405.0
2020-05-15,405.0
2020-05-18,405.0
2020-05-19,397.0
2020-05-20,397.05
2020-05-21,397.05
2020-05-22,412.0
2020-05-26,420.0
2020-05-27,420.0
2020-05-28,412.0
2020-05-29,420.0
2020-06-01,425.0
2020-06-02,430.0
2020-06-03,446.95
2020-06-04,455.05
2020-06-05,460.0
2020-06-08,456.0
2020-06-09,456.0
2020-06-10,437.3
2020-06-11,437.3
2020-06-12,437.3
2020-06-15,437.3
2020-06-16,437.0
2020-06-17,454.45
2020-06-18,440.0
2020-06-19,440.0
2020-06-22,440.0
2020-06-23,440.0
2020-06-24,431.25
2020-06-25,431.25
2020-06-26,431.25
2020-06-29,431.25
2020-06-30,431.25
2020-07-01,431.25
2020-07-02,431.25
2020-07-03,448.45
2020-07-06,448.45
2020-07-07,448.45
2020-07-08,431.0
2020-07-09,430.0
2020-07-10,430.0
2020-07-13,426.0
2020-07-14,426.0
2020-07-15,426.0
2020-07-16,415.0
2020-07-17,418.0
2020-07-20,421.2
2020-07-21,425.0
2020-07-22,425.0
2020-07-23,425.0
2020-07-24,420.1
2020-07-27,420.1
2020-07-28,420.1
2020-07-29,423.0
2020-08-03,420.0
2020-08-04,420.0
2020-08-05,420.0
2020-08-06,420.0
2020-08-07,411.65
2020-08-10,411.65
2020-08-11,408.0
2020-08-12,416.15
2020-08-13,416.15
2020-08-17,416.15
2020-08-18,416.15
2020-08-19,416.15
2020-08-24,407.85
2020-08-25,400.0
2020-08-26,400.0
2020-08-27,400.0
2020-08-28,392.05
2020-08-31,392.05
2020-09-01,392.05
2020-09-02,392.05
2020-09-03,394.0
2020-09-04,394.0
2020-09-07,394.0
2020-09-08,394.0
2020-09-09,391.8
2020-09-10,390.0
2020-09-11,390.0
2020-09-14,390.0
2020-09-15,390.0
2020-09-16,396.0
2020-09-17,396.0
2020-09-18,388.1
2020-09-21,388.1
2020-09-22,388.1
2020-09-23,388.1
2020-09-24,388.1
2020-09-25,380.35
2020-09-28,377.0
2020-09-29,377.0
2020-09-30,377.0
2020-10-01,377.0
2020-10-02,380.0
2020-10-05,380.0
2020-10-06,381.0
2020-10-07,381.0
2020-10-08,381.0
2020-10-09,388.6
2020-10-12,388.6
2020-10-13,396.35
2020-10-14,404.0
2020-10-15,410.0
2020-10-16,410.0
2020-10-19,418.0
2020-10-20,418.0
2020-10-21,416.0
2020-10-22,418.0
2020-10-23,418.0
2020-10-26,418.0
2020-10-27,417.4
2020-10-28,416.0
2020-11-02,416.0
2020-11-03,416.0
2020-11-04,416.0
2020-11-05,420.0
2020-11-09,420.0
2020-11-10,420.0
2020-11-11,420.0
2020-11-12,420.0
2020-11-13,420.0
2020-11-16,428.0
2020-11-17,428.0
2020-11-19,428.0
2020-11-20,428.0
2020-11-23,428.0
2020-11-24,436.0
2020-11-25,436.0
2020-11-26,436.0
2020-11-27,436.0
2020-11-30,436.0
2020-12-01,436.0
2020-12-02,436.0
2020-12-03,443.0
2020-12-04,443.0
2020-12-07,443.1
2020-12-08,440.0
2020-12-09,448.0
2020-12-10,456.0
2020-12-11,465.0
2020-12-14,465.0
2020-12-15,455.75
2020-12-16,464.0
2020-12-17,464.0
2020-12-18,465.0
2020-12-21,469.0
2020-12-22,469.0
2020-12-23,478.0
2020-12-24,487.5
2020-12-25,487.5
2020-12-28,487.5
2020-12-29,477.8
2020-12-30,468.25
2020-12-31,458.9
2021-01-04,449.75
2021-01-05,445.0
2021-01-06,437.0
2021-01-07,437.0
2021-01-08,437.0
2021-01-12,437.0
2021-01-13,429.0
2021-01-14,429.0
2021-01-15,429.0
2021-01-18,429.0
2021-01-19,430.0
2021-01-20,430.0
2021-01-21,430.0
2021-01-22,430.0
2021-01-25,430.0
2021-01-26,430.0
2021-01-27,430.0
2021-01-28,447.15
2021-01-29,465.0
2021-02-01,465.0
2021-02-02,465.0
2021-02-03,465.0
2021-02-04,465.0
2021-02-05,465.0
2021-02-08,465.0
2021-02-09,470.0
2021-02-10,470.0
2021-02-11,470.0
2021-02-12,470.0
2021-02-15,470.0
2021-02-16,470.0
2021-02-17,470.0
2021-02-18,470.0
2021-02-19,470.0
2021-02-22,470.0
2021-02-23,460.0
2021-02-24,460.0
2021-02-25,460.0
2021-02-26,460.0
2021-03-01,460.0
2021-03-02,460.0
2021-03-03,460.0
2021-03-04,460.0
2021-03-05,460.0
2021-03-08,451.0
2021-03-09,451.0
2021-03-10,451.0
2021-03-11,451.0
2021-03-12,468.0
2021-03-15,468.0
2021-03-16,468.0
2021-03-17,468.0
2021-03-18,468.0
2021-03-19,451.0
2021-03-22,458.0
2021-03-23,455.0
2021-03-24,455.0
2021-03-25,455.0
2021-03-26,450.0
2021-03-29,450.0
2021-03-30,450.0
2021-03-31,450.0
2021-04-01,450.0
2021-04-02,467.95
2021-04-05,467.95
2021-04-06,467.95
2021-04-07,467.95
2021-04-08,450.0
2021-04-09,467.0
2021-04-12,450.1
2021-04-13,450.1
2021-04-14,450.1
2021-04-15,450.1
2021-04-16,450.1
2021-04-19,450.1
2021-04-20,450.1
2021-04-21,450.1
2021-04-22,450.1
2021-04-23,450.0
2021-04-26,450.0
2021-04-27,450.0
2021-04-28,450.0
2021-04-29,449.0
2021-04-30,449.0
2021-05-03,449.0
2021-05-04,457.0
2021-05-05,457.0
2021-05-06,457.0
2021-05-07,442.0
2021-05-10,450.0
2021-05-11,450.0
2021-05-12,450.0
2021-05-17,441.05
2021-05-18,445.0
2021-05-19,445.0
2021-05-20,427.25
2021-05-21,444.3
2021-05-24,444.3
2021-05-25,440.0
2021-05-26,441.0
2021-05-27,445.0
2021-05-28,450.0
2021-05-31,454.9
2021-06-01,450.0
2021-06-02,450.0
2021-06-03,457.0
2021-06-04,451.0
2021-06-07,451.0
2021-06-08,441.5
2021-06-09,442.0
2021-06-10,442.0
2021-06-11,450.0
2021-06-14,441.5
2021-06-15,441.5
2021-06-16,441.5
2021-06-17,441.5
2021-06-18,441.5
2021-06-21,455.0
2021-06-22,455.0
2021-06-23,455.0
2021-06-24,455.0
2021-06-25,454.9
2021-06-28,450.0
2021-06-29,445.45
2021-06-30,445.45
2021-07-01,445.45
2021-07-02,445.45
2021-07-05,445.45
2021-07-06,445.45
2021-07-07,445.45
2021-07-08,445.45
2021-07-09,445.45
2021-07-12,445.45
2021-07-13,445.45
2021-07-14,445.45
2021-07-15,445.45
2021-07-16,445.45
2021-07-19,436.55
2021-07-20,436.55
2021-07-23,440.0
2021-07-26,440.0
2021-07-27,440.0
2021-07-28,444.0
2021-07-29,444.0
2021-08-02,450.0
2021-08-03,450.0
2021-08-04,450.0
2021-08-05,455.95
2021-08-06,450.0
2021-08-09,450.0
2021-08-11,458.95
2021-08-12,458.95
2021-08-13,458.95
2021-08-16,468.0
2021-08-17,468.0
2021-08-18,470.0
2021-08-19,462.0
2021-08-23,462.0
2021-08-24,462.0
2021-08-25,464.0
2021-08-26,473.25
2021-08-27,475.0
2021-08-30,475.0
2021-08-31,480.0
2021-09-01,480.0
2021-09-02,489.0
2021-09-03,498.75
2021-09-06,498.0
2021-09-07,498.0
2021-09-08,498.0
2021-09-09,498.0
2021-09-10,507.9
2021-09-13,518.0
2021-09-14,519.0
2021-09-15,527.0
2021-09-16,527.0
2021-09-17,527.0
2021-09-20,520.0
2021-09-21,530.0
2021-09-22,535.0
2021-09-23,535.0
2021-09-24,535.0
2021-09-27,535.0
2021-09-28,535.0
2021-09-29,535.0
2021-09-30,538.0
2021-10-01,548.0
2021-10-04,558.9
2021-10-05,570.0
2021-10-06,575.0
2021-10-07,565.0
2021-10-08,572.0
2021-10-11,580.0
2021-10-12,590.0
2021-10-13,590.0
2021-10-14,596.0
2021-10-15,596.0
2021-10-18,596.0
2021-10-21,594.7
2021-10-22,594.7
2021-10-25,571.2
2021-10-26,550.0
2021-10-27,571.9
2021-10-28,580.0
2021-10-29,590.0
2021-11-01,590.0
2021-11-02,590.0
2021-11-03,590.1
2021-11-04,590.1
2021-11-05,590.1
2021-11-08,590.1
2021-11-09,590.1
2021-11-10,590.1
2021-11-11,590.1
2021-11-12,590.1
2021-11-15,590.1
2021-11-16,590.1
2021-11-17,590.2
2021-11-19,590.2
2021-11-22,590.2
2021-11-23,590.2
2021-11-24,590.2
2021-11-25,590.2
2021-11-26,590.0
2021-11-29,590.0
2021-11-30,590.0
2021-12-01,590.0
2021-12-02,590.0
2021-12-03,590.0
2021-12-06,590.0
2021-12-07,590.0
2021-12-08,590.0
2021-12-09,590.0
2021-12-10,594.0
2021-12-13,594.0
2021-12-14,580.0
2021-12-15,580.0
2021-12-16,585.0
2021-12-17,595.0
2021-12-20,595.0
2021-12-21,601.0
2021-12-22,601.0
2021-12-23,601.0
2021-12-24,602.0
2021-12-27,602.0
2021-12-28,602.0
2021-12-29,602.0
2021-12-30,602.0
2021-12-31,600.0
2022-01-03,600.0
2022-01-04,600.0
2022-01-05,605.0
2022-01-06,608.0
2022-01-07,625.0
2022-01-10,625.0
2022-01-12,606.0
2022-01-13,630.2
2022-01-14,655.0
2022-01-17,655.0
2022-01-18,655.0
2022-01-19,655.0
2022-01-20,655.0
2022-01-21,655.0
2022-01-24,681.0
2022-01-25,695.0
2022-01-26,695.0
2022-01-27,695.0
2022-01-28,695.0
2022-01-31,695.0
2022-02-01,701.0
2022-02-02,710.0
2022-02-03,703.0
2022-02-04,703.0
2022-02-07,703.0
2022-02-08,703.0
2022-02-09,705.0
2022-02-10,705.0
2022-02-11,700.0
2022-02-14,700.0
2022-02-15,700.0
2022-02-16,700.0
2022-02-17,700.0
2022-02-18,700.0
2022-02-21,700.0
2022-02-22,700.0
2022-02-23,705.0
2022-02-24,700.0
2022-02-25,700.0
2022-02-28,675.0
2022-03-01,675.0
2022-03-02,675.0
2022-03-03,675.0
2022-03-04,675.0
2022-03-07,675.0
2022-03-08,675.0
2022-03-09,675.0
2022-03-10,675.0
2022-03-11,698.0
2022-03-14,698.0
2022-03-15,675.0
2022-03-16,675.0
2022-03-17,675.0
2022-03-18,675.0
2022-03-21,675.0
2022-03-22,675.0
2022-03-23,648.1
2022-03-24,648.1
2022-03-25,649.0
2022-03-28,649.0
2022-03-29,649.0
2022-03-30,623.2
2022-03-31,623.2
2022-04-01,623.2
2022-04-04,623.2
2022-04-05,623.2
2022-04-06,601.0
2022-04-07,602.0
2022-04-08,615.1
2022-04-11,625.0
2022-04-12,625.0
2022-04-13,625.0
2022-04-14,625.0
2022-04-15,620.0
2022-04-18,620.0
2022-04-19,644.0
2022-04-20,644.0
2022-04-21,650.0
2022-04-22,650.0
2022-04-25,636.0
2022-04-26,660.0
2022-04-27,655.0
2022-04-28,681.1
2022-04-29,706.9
2022-05-04,735.0
2022-05-05,736.0
2022-05-06,730.0
2022-05-09,730.0
2022-05-10,758.0
2022-05-11,758.0
2022-05-12,758.0
2022-05-13,758.0
2022-05-16,754.0
2022-05-17,754.0
2022-05-18,754.0
2022-05-19,754.0
2022-05-20,754.0
2022-05-23,754.0
2022-05-24,754.0
2022-05-25,754.0
2022-05-26,754.0
2022-05-27,754.0
2022-05-30,754.0
2022-05-31,754.0
2022-06-01,754.0
2022-06-02,754.0
2022-06-03,754.0
2022-06-06,754.0
2022-06-07,754.0
2022-06-08,754.0
2022-06-09,754.0
2022-06-10,754.0
2022-06-13,723.9
2022-06-14,723.9
2022-06-15,700.0
2022-06-16,700.0
2022-06-17,700.0
2022-06-20,700.0
2022-06-21,699.0
2022-06-22,699.0
2022-06-23,699.0
2022-06-24,699.0
2022-06-27,699.0
2022-06-28,699.0
2022-06-29,699.0
2022-06-30,699.0
2022-07-01,672.0
2022-07-04,672.0
2022-07-05,672.0
2022-07-06,672.0
2022-07-07,672.0
2022-07-08,672.0
2022-07-12,672.0
2022-07-13,672.0
2022-07-14,647.0
2022-07-15,647.1
2022-07-18,647.1
2022-07-19,645.0
2022-07-20,670.0
2022-07-21,685.0
2022-07-22,658.0
2022-07-25,658.0
2022-07-26,658.0
2022-07-27,658.0
2022-07-28,658.0
2022-07-29,632.0
2022-08-01,632.0
2022-08-02,657.0
2022-08-03,657.0
2022-08-04,632.0
2022-08-05,610.0
2022-08-08,610.0
2022-08-09,634.0
2022-08-10,634.0
2022-08-11,659.0
2022-08-12,633.0
2022-08-15,620.0
2022-08-16,620.0
2022-08-17,620.0
2022-08-18,620.0
2022-08-19,620.0
2022-08-22,620.0
2022-08-23,620.0
2022-08-24,620.0
2022-08-25,596.0
2022-08-26,619.0
2022-08-29,619.0
2022-08-30,620.0
2022-08-31,620.0
2022-09-01,620.0
2022-09-02,620.0
2022-09-05,620.0
2022-09-06,620.0
2022-09-07,620.0
2022-09-08,620.0
2022-09-09,620.0
2022-09-12,620.0
2022-09-13,620.0
2022-09-14,620.0
2022-09-15,620.0
2022-09-16,610.0
2022-09-19,610.0
2022-09-20,586.0
2022-09-21,609.0
2022-09-22,603.0
2022-09-23,627.1
2022-09-26,652.1
2022-09-27,645.5
2022-09-28,645.5
2022-09-29,620.0
2022-09-30,644.7
2022-10-03,644.7
2022-10-04,644.7
2022-10-05,620.1
2022-10-06,620.1
2022-10-07,620.1
2022-10-11,620.1
2022-10-12,600.0
2022-10-13,606.0
2022-10-14,585.0
2022-10-17,585.0
2022-10-18,585.0
2022-10-19,585.0
2022-10-20,585.0
2022-10-21,585.0
2022-10-24,580.0
2022-10-25,580.0
2022-10-26,580.0
2022-10-27,585.0
2022-10-28,570.0
2022-10-31,575.0
2022-11-01,595.0
2022-11-02,615.0
2022-11-03,615.0
2022-11-04,615.0
2022-11-07,615.0
2022-11-08,615.0
2022-11-09,615.0
2022-11-10,590.5
2022-11-11,590.5
2022-11-14,590.5
2022-11-15,590.5
2022-11-16,590.5
2022-11-17,590.0
2022-11-21,590.0
2022-11-22,590.0
2022-11-23,590.0
2022-11-24,570.0
2022-11-25,570.0
2022-11-28,570.0
2022-11-29,570.0
2022-11-30,570.0
2022-12-01,570.0
2022-12-02,590.0
2022-12-05,590.0
2022-12-06,590.0
2022-12-07,590.0
2022-12-08,590.0
2022-12-09,600.0
2022-12-12,600.0
2023-01-19,510.0
2023-01-20,530.3
2023-01-23,550.0
2023-01-24,571.9
2023-01-25,594.7
2023-01-26,580.0
2023-01-27,570.0
2023-01-30,592.0
2023-01-31,615.6
2023-02-01,591.0
2023-02-02,567.5
2023-02-03,550.0
2023-02-06,571.9
2023-02-07,553.0
2023-02-08,575.0
2023-02-09,597.0
2023-02-10,614.0
2023-02-13,600.0
2023-02-14,582.5
2023-02-15,582.0
2023-02-16,605.2
2023-02-17,629.4
2023-02-20,654.5
2023-02-21,679.0
2023-02-22,679.0
2023-02-23,679.0
2023-02-24,679.0
2023-02-27,679.0
2023-02-28,679.0
2023-03-01,679.0
2023-03-02,679.0
2023-03-03,651.9
2023-03-06,651.9
2023-03-07,651.9
2023-03-08,651.9
2023-03-09,625.9
2023-03-10,625.9
2023-03-13,625.9
2023-03-14,625.9
2023-03-15,615.0
2023-03-16,620.0
2023-03-17,635.0
2023-03-20,635.0
2023-03-21,635.0
2023-03-22,635.0
2023-03-23,635.0
2023-03-24,635.0
2023-03-27,635.0
2023-03-28,635.0
2023-03-29,635.0
2023-03-30,611.1
2023-03-31,635.0
2023-04-03,635.0
2023-04-04,635.0
2023-04-05,635.0
2023-04-06,610.1
2023-04-07,610.0
2023-04-10,610.0
2023-04-11,610.0
2023-04-12,610.0
2023-04-13,610.0
2023-04-14,611.0
2023-04-17,611.0
2023-04-18,611.0
2023-04-19,600.0
2023-04-20,600.0
2023-04-21,615.0
2023-04-25,615.0
2023-04-26,630.0
2023-04-27,630.0
2023-04-28,630.0
2023-05-02,620.0
2023-05-03,620.0
2023-05-04,620.0
2023-05-05,620.0
2023-05-08,620.0
2023-05-09,620.0
2023-05-10,620.0
2023-05-11,620.0
2023-05-12,640.0
2023-05-15,640.0
2023-05-16,625.0
2023-05-17,649.9
2023-05-18,649.9
2023-05-19,675.0
2023-05-22,686.0
2023-05-23,686.0
2023-05-24,686.0
2023-05-25,686.0
2023-05-26,700.0
2023-05-29,700.0
2023-05-30,700.0
2023-05-31,705.0
2023-06-01,705.0
2023-06-02,705.0
2023-06-05,700.0
2023-06-06,700.0
2023-06-07,700.0
2023-06-08,705.0
2023-06-09,715.0
2023-06-12,715.0
2023-06-13,740.0
2023-06-14,740.0
2023-06-15,755.0
2023-06-16,750.0
2023-06-19,755.0
2023-06-20,780.0
2023-06-21,750.0
2023-06-22,750.0
2023-06-23,747.0
2023-06-26,730.0
2023-06-27,747.0
2023-06-28,747.0
2023-07-03,747.0
2023-07-04,747.0
2023-07-05,747.0
2023-07-06,750.0
2023-07-07,750.0
2023-07-10,750.0
2023-07-11,720.1
2023-07-12,721.0
2023-07-13,720.0
2023-07-14,720.0
2023-07-17,720.0
2023-07-18,720.0
2023-07-20,722.0
2023-07-21,722.0
2023-07-24,722.0
2023-07-25,722.0
2023-07-26,722.0
2023-07-27,722.0
2023-07-28,744.0
2023-07-31,744.0
2023-08-01,722.0
2023-08-02,703.0
2023-08-03,702.0
2023-08-04,730.0
2023-08-07,730.0
2023-08-08,730.0
2023-08-09,730.0
2023-08-10,730.0
2023-08-11,730.0
2023-08-15,730.0
2023-08-16,730.0
2023-08-17,730.0
2023-08-18,730.0
2023-08-22,730.0
2023-08-23,730.0
2023-08-24,730.0
2023-08-25,730.0
2023-08-28,735.0
2023-08-29,735.0
2023-08-30,735.0
2023-08-31,735.0
2023-09-01,735.0
2023-09-04,735.0
2023-09-05,720.0
2023-09-06,720.0
2023-09-07,735.0
2023-09-08,715.0
2023-09-11,705.0
2023-09-12,710.0
2023-09-13,710.0
2023-09-14,710.0
2023-09-15,710.0
2023-09-18,700.0
2023-09-19,700.0
2023-09-20,700.0
2023-09-21,700.0
2023-09-22,700.0
2023-09-25,700.0
2023-09-26,700.0
2023-09-27,700.0
2023-10-02,700.0
2023-10-03,700.0
2023-10-04,700.0
2023-10-05,736.0
2023-10-06,736.0
2023-10-09,745.0
2023-10-10,745.0
2023-10-11,755.0
2023-10-12,735.0
2023-10-13,735.0
2023-10-16,735.0
2023-10-17,735.0
2023-10-18,735.0
2023-10-19,735.0
2023-10-20,760.0
2023-10-23,760.0
2023-10-24,760.0
2023-10-25,760.0
2023-10-26,760.0
2023-10-27,760.0
2023-10-30,760.0
2023-10-31,760.0
2023-11-01,760.0
2023-11-02,760.0
2023-11-03,760.0
2023-11-07,760.0
2023-11-08,759.6
2023-11-09,759.6
2023-11-10,759.6
2023-11-13,755.0
2023-11-14,755.0
2023-11-15,755.0
2023-11-16,732.4
2023-11-17,750.0
2023-11-20,750.0
2023-11-21,750.0
2023-11-22,750.0
2023-11-23,750.0
2023-11-24,750.0
2023-11-27,750.0
2023-11-28,735.0
2023-11-29,735.0
2023-11-30,730.0
2023-12-01,730.0
2023-12-04,730.0
2023-12-05,730.0
2023-12-06,750.0
2023-12-07,750.0
2023-12-08,750.0
2023-12-11,750.0
2023-12-12,760.0
2023-12-13,760.0
2023-12-14,755.0
2023-12-15,759.0
2023-12-18,820.0
2023-12-19,820.0
2023-12-20,751.0
2023-12-21,737.0
2023-12-22,737.0
2023-12-25,737.0
2023-12-26,737.0
2023-12-27,759.0
2023-12-28,760.0
2023-12-29,797.0
2024-01-02,797.0
2024-01-03,797.0
2024-01-04,797.0
2024-01-05,818.0
2024-01-08,849.9
2024-01-09,850.0
2024-01-10,850.0
2024-01-12,839.0
2024-01-15,839.0
2024-01-16,839.0
2024-01-17,811.0
2024-01-18,811.0
2024-01-19,840.0
2024-01-22,840.0
2024-01-23,840.0
2024-01-24,840.0
2024-01-25,840.0
2024-01-26,820.0
2024-01-29,859.0
2024-01-30,859.0
2024-01-31,859.0
2024-02-01,859.0
2024-02-02,825.0
2024-02-05,825.0
2024-02-06,825.0
2024-02-07,825.0
2024-02-08,874.4
2024-02-09,875.0
2024-02-12,882.9
2024-02-13,882.9
2024-02-14,879.9
2024-02-15,879.9
2024-02-16,865.0
2024-02-19,860.0
2024-02-20,860.0
2024-02-21,825.0
2024-02-22,825.0
2024-02-23,830.0
2024-02-26,830.0
2024-02-27,830.0
2024-02-28,823.0
2024-02-29,821.0
2024-03-01,821.0
2024-03-04,821.0
2024-03-05,821.0
2024-03-06,819.9
2024-03-07,819.9
2024-03-08,819.9
2024-03-11,820.0
2024-03-12,820.0
2024-03-13,820.0
2024-03-14,869.0
2024-03-15,869.0
2024-03-18,880.0
2024-03-19,880.0
2024-03-20,880.0
2024-03-21,880.0
2024-03-22,879.0
2024-03-25,879.0
2024-03-26,880.0
2024-03-27,879.0
2024-03-28,879.0
2024-03-29,900.0
2024-04-01,920.0
2024-04-02,920.0
2024-04-03,920.0
2024-04-04,920.0
2024-04-05,920.0
2024-04-08,920.0
2024-04-09,920.0
2024-04-15,920.0
2024-04-16,919.0
2024-04-17,919.0
2024-04-18,919.0
2024-04-19,917.0
2024-04-22,917.0
2024-04-23,917.0
2024-04-24,890.0
2024-04-25,890.0
2024-04-26,920.0
2024-04-29,920.0
2024-04-30,903.0
2024-05-02,903.0
2024-05-03,902.8
2024-05-06,902.8
2024-05-07,902.8
2024-05-08,899.9
2024-05-09,900.0
2024-05-10,900.0
2024-05-13,899.9
2024-05-14,899.9
2024-05-15,899.9
2024-05-16,899.9
2024-05-17,898.0
2024-05-20,898.0
2024-05-21,898.0
2024-05-22,890.0
2024-05-23,890.0
2024-05-24,897.0
2024-05-27,890.0
2024-05-28,897.9
2024-05-29,890.0
2024-05-30,887.9
2024-05-31,899.9
2024-06-03,899.9
2024-06-04,897.9
2024-06-05,890.0
2024-06-06,890.0
2024-06-07,890.0
2024-06-10,890.0
2024-06-11,890.0
2024-06-12,870.0
2024-06-13,870.0
2024-06-14,870.0
2024-06-19,922.0
2024-06-20,880.0
2024-06-21,880.0
2024-06-24,880.0
2024-06-25,932.7
2024-06-26,932.7
2024-06-27,932.7
2024-06-28,950.0
2024-07-01,950.0
2024-07-02,950.0
2024-07-03,950.0
2024-07-04,950.0
2024-07-05,950.0
2024-07-08,950.0
2024-07-09,870.0
2024-07-10,818.0
2024-07-11,860.0
2024-07-12,859.0
2024-07-15,860.0
2024-07-16,905.0
2024-07-17,880.0
2024-07-18,880.0
2024-07-19,880.0
2024-07-22,880.0
2024-07-23,880.0
2024-07-24,870.0
2024-07-25,870.0
2024-07-26,874.9
2024-07-29,852.0
2024-07-31,887.9
2024-08-01,887.9
2024-08-02,900.0
2024-08-05,884.8
2024-08-06,884.8
2024-08-07,930.0
2024-08-08,930.0
2024-08-09,930.0
2024-08-12,930.0
2024-08-13,930.0
2024-08-15,930.0
2024-08-16,930.0
2024-08-19,930.0
2024-08-22,930.0
2024-08-23,930.0
2024-08-26,930.0
2024-08-27,930.0
2024-08-28,930.0
2024-08-29,930.0
2024-08-30,900.0
2024-09-02,900.0
2024-09-03,930.0
2024-09-04,930.0
2024-09-05,950.0
2024-09-06,945.0
2024-09-09,945.0
2024-09-10,945.0
2024-09-11,900.0
2024-09-12,900.0
2024-09-13,905.0
2024-09-18,905.0
2024-09-19,925.0
2024-09-20,940.0
2024-09-23,940.0
2024-09-24,940.0
2024-09-25,940.0
2024-09-26,950.0
2024-09-27,948.0
2024-09-30,891.2
2024-10-01,892.0
2024-10-02,890.0
2024-10-03,943.3
2024-10-04,930.0
2024-10-07,930.0
2024-10-08,911.0
2024-10-09,900.0
2024-10-10,900.0
2024-10-11,929.8
2024-10-14,940.0
2024-10-15,940.0
2024-10-16,940.0
2024-10-17,940.0
2024-10-18,850.1
2024-10-21,929.0
2024-10-22,899.0
2024-10-23,927.0
2024-10-24,927.0
2024-10-25,927.0
2024-10-28,965.0
2024-10-29,980.0
2024-10-30,911.0
2024-10-31,920.0
2024-11-01,950.0
2024-11-04,985.0
2024-11-05,1020.0
2024-11-07,1010.0
2024-11-08,1030.0
2024-11-11,1046.0
2024-11-12,1020.0
2024-11-13,997.4
2024-11-14,1000.0
2024-11-15,1025.0
2024-11-19,1030.0
2024-11-20,1021.0
2024-11-21,1024.0
2024-11-22,1021.0
2024-11-25,1012.0
2024-11-26,1001.0
2024-11-27,997.4
2024-11-28,999.1
2024-11-29,993.0
2024-12-02,990.0
2024-12-03,980.1
2024-12-04,980.0
2024-12-05,975.0
2024-12-06,955.0
2024-12-09,960.0
2024-12-10,980.0
2024-12-11,980.0
2024-12-12,980.0
2024-12-13,979.9
2024-12-16,960.0
2024-12-17,979.9
2024-12-18,962.2
2024-12-19,950.0
2024-12-20,949.0
2024-12-23,954.9
2024-12-24,960.0
2024-12-25,934.0
2024-12-26,930.0
2024-12-27,940.0
2024-12-30,938.0
2024-12-31,930.0
2025-01-02,950.0
2025-01-03,971.0
2025-01-06,979.8
2025-01-07,972.0
2025-01-08,999.0
2025-01-09,1014.0
2025-01-10,1044.0
2025-01-13,1050.0
2025-01-15,1045.0
2025-01-16,1040.0
2025-01-17,1050.0
2025-01-20,1050.0
2025-01-21,1044.0
2025-01-22,1040.0
2025-01-23,1049.0
2025-01-24,1050.0
2025-01-27,1069.0
2025-01-28,1096.0
2025-01-29,1102.0
2025-01-30,1120.0
2025-01-31,1110.0
2025-02-03,1110.0
2025-02-04,1110.0
2025-02-05,1110.0
2025-02-06,1126.0
2025-02-07,1130.0
2025-02-10,1140.0
2025-02-11,1121.0
2025-02-12,1130.0
2025-02-13,1131.0
2025-02-14,1150.0
2025-02-17,1160.0
2025-02-18,1180.0
2025-02-19,1170.0
2025-02-20,1167.0
2025-02-21,1169.0
2025-02-24,1170.0
2025-02-25,1159.0
2025-02-26,1179.0
2025-02-27,1160.0
2025-02-28,1101.0
2025-03-03,1105.0
2025-03-04,1125.0
2025-03-05,1101.0
2025-03-06,1102.0
2025-03-07,1120.0
2025-03-10,1104.0
2025-03-11,1072.0
2025-03-12,1032.0
2025-03-13,1088.0
2025-03-14,1100.0
2025-03-17,1090.0
2025-03-18,1100.0
2025-03-19,1165.0
2025-03-20,1115.0
2025-03-21,1160.0
2025-03-24,1160.0
2025-03-25,1132.0
2025-03-26,1116.0
2025-03-27,1170.0
2025-03-28,1175.0
2025-04-02,1141.0
2025-04-03,1141.0
2025-04-04,1100.0
2025-04-07,1004.0
2025-04-08,1012.0
2025-04-09,975.0
2025-04-10,1042.0
2025-04-11,1063.0
2025-04-14,1060.0
2025-04-15,1085.0
2025-04-16,1080.0
2025-04-17,1098.0
2025-04-18,1115.0
2025-04-21,1081.0
2025-04-22,1076.0
2025-04-23,1070.0
2025-04-24,1080.0
2025-04-25,1080.0
2025-04-28,1085.0
2025-04-29,1065.0
2025-04-30,1070.0
2025-05-02,1080.0
2025-05-05,1052.0
2025-05-06,1100.0
2025-05-07,1068.0
2025-05-08,1100.0
2025-05-09,1064.0
