date,COL
2006-10-31,38.419
2006-11-02,46.463
2006-11-07,52.144
2006-11-09,58.5
2006-11-13,65.7
2006-11-15,65.475
2006-11-17,57.938
2006-11-21,55.181
2006-11-22,56.25
2006-11-23,55.969
2006-11-24,56.25
2006-11-27,56.25
2006-11-28,57.375
2006-11-29,55.688
2006-11-30,57.319
2006-12-01,57.375
2006-12-04,59.738
2006-12-05,63.281
2006-12-06,67.05
2006-12-07,71.044
2006-12-08,75.263
2006-12-11,71.156
2006-12-12,67.5
2006-12-13,67.5
2006-12-14,67.5
2006-12-15,63.45
2006-12-18,59.681
2006-12-19,56.25
2006-12-20,54.394
2006-12-21,57.656
2006-12-22,61.087
2006-12-26,64.688
2006-12-27,60.637
2006-12-28,60.637
2006-12-29,59.344
2007-01-02,61.425
2007-01-03,59.906
2007-01-04,59.512
2007-01-05,61.875
2007-01-08,60.413
2007-01-09,60.525
2007-01-10,60.244
2007-01-12,60.188
2007-01-15,59.4
2007-01-16,59.738
2007-01-17,59.344
2007-01-18,59.4
2007-01-19,59.063
2007-01-22,57.656
2007-01-23,59.063
2007-01-24,59.344
2007-01-25,58.219
2007-01-26,60.188
2007-01-29,58.5
2007-01-30,58.556
2007-01-31,58.5
2007-02-01,56.25
2007-02-02,58.163
2007-02-05,57.375
2007-02-06,57.375
2007-02-07,56.587
2007-02-08,56.306
2007-02-09,59.063
2007-02-12,61.313
2007-02-13,61.988
2007-02-14,65.7
2007-02-15,65.813
2007-02-16,65.7
2007-02-19,66.262
2007-02-20,64.688
2007-02-21,64.688
2007-02-22,61.875
2007-02-23,63.844
2007-02-26,63.844
2007-02-27,64.688
2007-02-28,64.575
2007-03-01,64.406
2007-03-02,64.631
2007-03-05,62.438
2007-03-06,63.506
2007-03-07,62.719
2007-03-08,63.225
2007-03-09,61.762
2007-03-12,60.525
2007-03-13,63.506
2007-03-14,61.087
2007-03-15,61.875
2007-03-19,61.256
2007-03-20,61.087
2007-03-21,60.188
2007-03-22,59.063
2007-03-23,59.063
2007-03-26,59.063
2007-03-27,59.231
2007-03-28,59.288
2007-03-29,58.556
2007-03-30,59.063
2007-04-03,58.5
2007-04-04,56.306
2007-04-05,58.219
2007-04-06,59.456
2007-04-09,58.556
2007-04-10,59.063
2007-04-11,57.656
2007-04-12,57.656
2007-04-13,57.825
2007-04-16,57.769
2007-04-17,57.994
2007-04-18,59.4
2007-04-19,58.556
2007-04-20,58.05
2007-04-23,57.938
2007-04-24,56.925
2007-04-25,56.925
2007-04-26,57.094
2007-04-27,57.206
2007-04-30,57.094
2007-05-02,57.375
2007-05-03,57.094
2007-05-04,57.375
2007-05-07,58.894
2007-05-08,57.938
2007-05-09,56.419
2007-05-10,54.9
2007-05-11,53.438
2007-05-14,50.625
2007-05-15,50.625
2007-05-16,53.663
2007-05-17,56.194
2007-05-18,55.688
2007-05-21,56.25
2007-05-22,56.25
2007-05-23,54.788
2007-05-24,54.788
2007-05-25,56.25
2007-05-28,54.0
2007-05-29,56.7
2007-05-30,54.281
2007-05-31,54.9
2007-06-01,54.563
2007-06-04,54.563
2007-06-05,56.081
2007-06-06,54.731
2007-06-07,54.675
2007-06-08,54.563
2007-06-11,54.281
2007-06-12,53.775
2007-06-13,53.719
2007-06-14,56.025
2007-06-15,54.9
2007-06-18,53.775
2007-06-19,54.563
2007-06-20,54.0
2007-06-21,54.0
2007-06-22,54.0
2007-06-25,54.0
2007-06-27,52.313
2007-06-28,52.369
2007-06-29,54.45
2007-07-02,54.394
2007-07-03,54.45
2007-07-04,54.45
2007-07-05,54.45
2007-07-06,52.425
2007-07-10,52.594
2007-07-11,50.794
2007-07-12,50.625
2007-07-13,50.625
2007-07-16,50.625
2007-07-17,50.119
2007-07-18,53.1
2007-07-19,50.063
2007-07-20,50.512
2007-07-23,48.375
2007-07-24,48.656
2007-07-25,48.375
2007-07-26,48.656
2007-07-27,50.512
2007-07-31,50.569
2007-08-01,50.625
2007-08-02,51.188
2007-08-03,53.438
2007-08-06,54.506
2007-08-07,52.875
2007-08-08,53.438
2007-08-09,53.494
2007-08-10,53.438
2007-08-13,53.606
2007-08-15,53.438
2007-08-16,52.875
2007-08-17,52.875
2007-08-22,52.2
2007-08-23,52.2
2007-08-24,52.819
2007-08-27,54.337
2007-08-28,55.688
2007-08-29,56.813
2007-08-30,56.25
2007-08-31,56.081
2007-09-03,56.306
2007-09-04,55.181
2007-09-05,56.194
2007-09-06,53.831
2007-09-07,52.369
2007-09-10,54.0
2007-09-11,52.762
2007-09-12,53.438
2007-09-13,53.156
2007-09-14,51.863
2007-09-17,51.975
2007-09-18,52.313
2007-09-19,52.2
2007-09-20,53.438
2007-09-21,53.438
2007-09-24,52.988
2007-09-25,53.156
2007-09-26,52.594
2007-09-27,53.663
2007-09-28,53.438
2007-10-01,52.087
2007-10-02,52.087
2007-10-03,53.044
2007-10-04,53.438
2007-10-05,54.0
2007-10-08,53.438
2007-10-09,52.369
2007-10-10,53.381
2007-10-11,52.2
2007-10-12,52.2
2007-10-15,51.75
2007-10-16,51.75
2007-10-17,53.438
2007-10-18,52.875
2007-10-19,53.438
2007-10-22,54.563
2007-10-23,55.125
2007-10-24,55.125
2007-10-25,54.0
2007-10-26,54.844
2007-10-29,52.875
2007-10-30,53.719
2007-10-31,51.975
2007-11-01,51.75
2007-11-02,52.819
2007-11-05,51.919
2007-11-07,51.75
2007-11-08,52.819
2007-11-09,51.75
2007-11-12,52.313
2007-11-13,51.637
2007-11-14,52.256
2007-11-15,51.694
2007-11-16,50.906
2007-11-19,51.131
2007-11-20,50.962
2007-11-21,50.85
2007-11-22,50.625
2007-11-23,50.569
2007-11-26,50.569
2007-11-27,50.456
2007-11-28,50.4
2007-11-29,49.106
2007-11-30,49.106
2007-12-03,48.938
2007-12-04,50.063
2007-12-05,50.288
2007-12-06,47.588
2007-12-07,49.331
2007-12-10,47.588
2007-12-11,47.813
2007-12-12,47.25
2007-12-13,47.531
2007-12-14,46.969
2007-12-17,47.306
2007-12-18,47.813
2007-12-19,48.375
2007-12-20,47.813
2007-12-24,47.306
2007-12-25,45.956
2007-12-26,47.756
2007-12-27,47.756
2007-12-28,48.375
2007-12-31,47.25
2008-01-02,47.813
2008-01-03,47.869
2008-01-04,48.938
2008-01-07,48.206
2008-01-08,49.219
2008-01-09,48.938
2008-01-14,48.994
2008-01-15,49.5
2008-01-16,50.063
2008-01-17,49.556
2008-01-18,48.094
2008-01-21,48.375
2008-01-22,48.094
2008-01-23,48.094
2008-01-24,48.094
2008-01-25,47.531
2008-01-28,48.769
2008-01-30,48.094
2008-01-31,48.938
2008-02-01,48.938
2008-02-05,47.869
2008-02-06,47.869
2008-02-07,49.5
2008-02-08,49.781
2008-02-11,49.5
2008-02-12,49.5
2008-02-13,48.15
2008-02-14,48.431
2008-02-15,49.275
2008-02-18,48.431
2008-02-19,48.15
2008-02-20,48.994
2008-02-21,46.238
2008-02-22,48.488
2008-02-25,47.194
2008-02-26,46.688
2008-02-27,46.8
2008-02-28,47.475
2008-02-29,48.938
2008-03-03,47.644
2008-03-04,47.531
2008-03-05,47.531
2008-03-06,47.813
2008-03-07,47.813
2008-03-10,46.406
2008-03-11,48.375
2008-03-12,48.375
2008-03-13,46.575
2008-03-14,46.688
2008-03-17,46.688
2008-03-18,46.688
2008-03-19,46.688
2008-03-24,46.688
2008-03-25,46.631
2008-03-26,47.813
2008-03-27,47.306
2008-03-28,46.688
2008-03-31,47.25
2008-04-01,47.25
2008-04-02,45.956
2008-04-03,45.563
2008-04-04,45.056
2008-04-07,45.844
2008-04-08,46.969
2008-04-09,45.563
2008-04-10,45.563
2008-04-11,45.563
2008-04-14,44.438
2008-04-15,45.563
2008-04-16,45.563
2008-04-17,45.619
2008-04-18,45.619
2008-04-21,45.844
2008-04-22,43.931
2008-04-23,43.875
2008-04-24,42.356
2008-04-25,42.188
2008-04-28,42.188
2008-04-29,43.875
2008-04-30,43.875
2008-05-02,43.031
2008-05-05,43.875
2008-05-06,44.887
2008-05-07,43.875
2008-05-08,43.875
2008-05-09,42.188
2008-05-12,43.706
2008-05-13,42.469
2008-05-14,42.863
2008-05-15,42.356
2008-05-16,42.356
2008-05-19,42.75
2008-05-20,43.875
2008-05-21,42.413
2008-05-22,42.863
2008-05-23,42.806
2008-05-26,42.188
2008-05-27,42.244
2008-05-28,42.75
2008-05-29,42.244
2008-05-30,42.188
2008-06-02,42.356
2008-06-03,42.188
2008-06-04,41.738
2008-06-05,42.188
2008-06-06,42.188
2008-06-09,42.694
2008-06-10,42.469
2008-06-11,42.469
2008-06-12,41.625
2008-06-13,43.031
2008-06-16,42.75
2008-06-17,42.188
2008-06-18,43.481
2008-06-19,43.988
2008-06-20,44.156
2008-06-23,43.031
2008-06-24,43.031
2008-06-25,41.85
2008-06-26,43.875
2008-06-27,43.931
2008-06-30,43.875
2008-07-01,44.944
2008-07-02,43.875
2008-07-03,45.056
2008-07-04,46.688
2008-07-07,45.338
2008-07-08,45.0
2008-07-09,45.0
2008-07-10,45.0
2008-07-11,46.125
2008-07-14,46.125
2008-07-15,43.369
2008-07-16,43.144
2008-07-17,42.75
2008-07-18,44.494
2008-07-21,42.863
2008-07-22,42.919
2008-07-23,43.875
2008-07-24,43.875
2008-07-25,43.594
2008-07-28,42.919
2008-07-29,41.569
2008-07-31,42.75
2008-08-01,45.0
2008-08-04,44.663
2008-08-05,42.975
2008-08-06,42.244
2008-08-07,41.963
2008-08-08,41.963
2008-08-11,42.188
2008-08-12,43.988
2008-08-13,43.988
2008-08-15,42.975
2008-08-18,42.975
2008-08-19,43.65
2008-08-22,41.681
2008-08-25,41.738
2008-08-26,41.681
2008-08-27,42.75
2008-08-28,41.906
2008-08-29,42.019
2008-09-01,42.019
2008-09-02,41.794
2008-09-03,42.75
2008-09-04,42.75
2008-09-05,42.188
2008-09-08,41.794
2008-09-09,41.963
2008-09-10,40.556
2008-09-11,40.275
2008-09-12,40.05
2008-09-15,38.363
2008-09-16,36.394
2008-09-17,35.156
2008-09-18,37.238
2008-09-19,38.25
2008-09-22,40.5
2008-09-23,39.375
2008-09-24,40.387
2008-09-25,38.25
2008-09-26,39.375
2008-09-29,37.012
2008-09-30,35.438
2008-10-03,37.125
2008-10-06,36.281
2008-10-07,36.956
2008-10-08,34.762
2008-10-09,33.806
2008-10-10,32.512
2008-10-13,32.963
2008-10-14,33.3
2008-10-15,32.119
2008-10-16,33.075
2008-10-17,33.131
2008-10-20,32.625
2008-10-21,32.175
2008-10-22,33.075
2008-10-23,32.119
2008-10-24,31.5
2008-10-27,31.5
2008-10-28,29.644
2008-10-29,29.531
2008-10-30,29.644
2008-10-31,28.125
2008-11-03,29.25
2008-11-04,28.912
2008-11-05,30.6
2008-11-07,31.781
2008-11-10,31.669
2008-11-11,30.375
2008-11-12,30.375
2008-11-13,31.162
2008-11-14,30.375
2008-11-17,30.375
2008-11-19,30.938
2008-11-20,29.531
2008-11-21,28.575
2008-11-24,27.0
2008-11-25,28.125
2008-11-26,28.294
2008-11-27,28.688
2008-11-28,28.688
2008-12-01,28.181
2008-12-02,29.813
2008-12-03,28.463
2008-12-04,28.294
2008-12-05,28.688
2008-12-08,29.194
2008-12-11,29.925
2008-12-12,29.813
2008-12-15,29.813
2008-12-16,29.025
2008-12-17,29.25
2008-12-18,29.25
2008-12-19,29.25
2008-12-22,29.7
2008-12-23,29.363
2008-12-24,28.744
2008-12-25,28.294
2008-12-26,26.775
2008-12-30,26.775
2008-12-31,28.125
2009-01-02,28.125
2009-01-05,26.55
2009-01-06,25.313
2009-01-07,25.313
2009-01-08,25.313
2009-01-09,25.313
2009-01-12,25.313
2009-01-13,25.313
2009-01-14,25.313
2009-01-15,25.313
2009-01-16,25.313
2009-01-19,24.469
2009-01-20,25.2
2009-01-21,25.2
2009-01-22,23.85
2009-01-23,23.85
2009-01-26,24.131
2009-01-27,24.131
2009-01-28,25.577
2009-01-29,26.944
2009-01-30,28.012
2009-02-02,28.912
2009-02-03,27.18
2009-02-04,25.875
2009-02-05,25.594
2009-02-06,25.031
2009-02-09,25.2
2009-02-10,25.327
2009-02-11,25.327
2009-02-12,25.537
2009-02-13,27.0
2009-02-16,28.125
2009-02-17,28.8
2009-02-18,30.488
2009-02-19,30.488
2009-02-20,29.644
2009-02-23,31.387
2009-02-24,31.387
2009-02-25,33.188
2009-02-26,34.537
2009-02-27,34.537
2009-03-02,34.313
2009-03-03,32.906
2009-03-04,31.781
2009-03-05,33.637
2009-03-06,33.75
2009-03-09,31.781
2009-03-12,32.063
2009-03-13,32.063
2009-03-16,32.906
2009-03-17,32.906
2009-03-18,32.063
2009-03-19,30.994
2009-03-20,30.994
2009-03-23,31.5
2009-03-24,31.5
2009-03-25,33.356
2009-03-26,33.188
2009-03-27,33.75
2009-03-30,33.188
2009-03-31,32.231
2009-04-01,33.75
2009-04-02,33.75
2009-04-03,32.625
2009-04-06,32.625
2009-04-07,32.625
2009-04-08,32.625
2009-04-09,33.188
2009-04-10,32.175
2009-04-13,32.175
2009-04-14,32.175
2009-04-15,32.344
2009-04-16,32.625
2009-04-17,32.625
2009-04-20,32.625
2009-04-21,33.637
2009-04-22,32.231
2009-04-23,32.231
2009-04-24,33.75
2009-04-27,32.456
2009-04-28,32.625
2009-04-29,32.625
2009-04-30,33.075
2009-05-04,33.019
2009-05-05,32.681
2009-05-06,32.681
2009-05-07,33.131
2009-05-08,33.131
2009-05-11,32.906
2009-05-12,33.188
2009-05-13,32.906
2009-05-14,33.244
2009-05-15,33.244
2009-05-18,33.188
2009-05-19,33.244
2009-05-20,33.244
2009-05-21,33.244
2009-05-22,32.738
2009-05-25,33.3
2009-05-26,33.75
2009-05-27,33.863
2009-05-28,34.313
2009-05-29,34.088
2009-06-01,35.156
2009-06-02,35.438
2009-06-03,35.438
2009-06-04,35.438
2009-06-05,37.519
2009-06-08,38.813
2009-06-09,37.913
2009-06-10,40.163
2009-06-11,41.063
2009-06-12,41.063
2009-06-15,41.063
2009-06-16,40.781
2009-06-17,42.188
2009-06-18,40.838
2009-06-19,42.188
2009-06-22,42.188
2009-06-23,42.075
2009-06-24,42.188
2009-06-25,42.188
2009-06-26,41.063
2009-06-29,41.119
2009-06-30,42.188
2009-07-01,41.119
2009-07-02,40.669
2009-07-03,40.613
2009-07-06,40.613
2009-07-07,41.625
2009-07-08,41.625
2009-07-09,41.625
2009-07-10,41.625
2009-07-13,40.5
2009-07-14,40.781
2009-07-15,40.781
2009-07-16,40.219
2009-07-17,40.219
2009-07-20,39.431
2009-07-21,40.219
2009-07-22,40.5
2009-07-23,40.219
2009-07-24,41.625
2009-07-27,41.625
2009-07-28,41.625
2009-07-29,42.356
2009-07-31,42.188
2009-08-03,41.625
2009-08-04,40.275
2009-08-05,40.387
2009-08-06,40.387
2009-08-07,40.5
2009-08-10,40.5
2009-08-11,42.075
2009-08-12,42.075
2009-08-13,40.669
2009-08-17,40.669
2009-08-18,40.669
2009-08-19,40.669
2009-08-24,40.725
2009-08-25,40.669
2009-08-26,40.5
2009-08-27,40.5
2009-08-28,40.5
2009-08-31,40.5
2009-09-01,41.063
2009-09-02,41.063
2009-09-03,41.344
2009-09-04,40.725
2009-09-07,40.725
2009-09-08,40.781
2009-09-09,40.5
2009-09-10,40.5
2009-09-11,40.5
2009-09-14,40.5
2009-09-15,40.5
2009-09-16,40.669
2009-09-17,40.669
2009-09-18,41.625
2009-09-23,41.063
2009-09-24,41.063
2009-09-25,41.063
2009-09-28,41.063
2009-09-29,41.063
2009-09-30,41.063
2009-10-01,41.063
2009-10-02,41.906
2009-10-05,43.875
2009-10-06,45.563
2009-10-07,46.125
2009-10-08,46.35
2009-10-09,46.125
2009-10-12,46.069
2009-10-13,46.012
2009-10-14,46.181
2009-10-15,46.125
2009-10-16,46.181
2009-10-19,46.406
2009-10-20,47.475
2009-10-21,47.25
2009-10-22,46.125
2009-10-23,46.125
2009-10-26,45.169
2009-10-27,45.169
2009-10-28,46.125
2009-10-29,45.675
2009-10-30,46.125
2009-11-02,46.125
2009-11-03,46.125
2009-11-04,46.125
2009-11-05,46.125
2009-11-09,46.125
2009-11-10,46.125
2009-11-11,46.406
2009-11-12,46.406
2009-11-13,46.688
2009-11-16,46.125
2009-11-17,46.125
2009-11-19,46.688
2009-11-20,46.688
2009-11-23,46.688
2009-11-24,47.025
2009-11-25,47.025
2009-11-26,46.688
2009-11-27,45.675
2009-11-30,45.675
2009-12-01,45.056
2009-12-02,44.156
2009-12-03,46.463
2009-12-04,46.463
2009-12-07,45.0
2009-12-08,45.0
2009-12-09,45.225
2009-12-10,45.563
2009-12-11,45.563
2009-12-14,46.406
2009-12-15,45.956
2009-12-16,45.0
2009-12-17,47.25
2009-12-21,46.688
2009-12-22,46.688
2009-12-23,45.0
2009-12-24,45.0
2009-12-25,46.631
2009-12-28,45.45
2009-12-29,46.406
2009-12-30,46.406
2009-12-31,47.25
2010-01-04,47.25
2010-01-05,44.438
2010-01-06,47.081
2010-01-07,47.081
2010-01-08,47.194
2010-01-12,47.756
2010-01-13,47.756
2010-01-14,47.756
2010-01-15,45.956
2010-01-18,46.125
2010-01-19,47.25
2010-01-20,46.519
2010-01-21,46.688
2010-01-22,46.969
2010-01-25,46.969
2010-01-26,46.969
2010-01-27,47.531
2010-01-28,47.531
2010-01-29,47.531
2010-02-01,47.531
2010-02-02,47.531
2010-02-03,46.969
2010-02-04,47.813
2010-02-05,46.856
2010-02-08,46.856
2010-02-09,47.531
2010-02-10,47.531
2010-02-11,47.363
2010-02-12,47.363
2010-02-15,47.475
2010-02-16,47.475
2010-02-17,47.813
2010-02-18,47.813
2010-02-19,49.5
2010-02-22,50.625
2010-02-23,50.906
2010-02-24,51.637
2010-02-25,53.438
2010-02-26,54.0
2010-03-01,52.313
2010-03-02,52.875
2010-03-03,52.031
2010-03-04,52.031
2010-03-05,52.031
2010-03-08,51.3
2010-03-09,51.356
2010-03-10,51.3
2010-03-11,51.188
2010-03-12,51.188
2010-03-15,52.031
2010-03-16,52.031
2010-03-17,52.031
2010-03-18,52.031
2010-03-19,52.031
2010-03-22,51.244
2010-03-23,51.356
2010-03-24,51.469
2010-03-25,51.413
2010-03-26,51.919
2010-03-29,52.875
2010-03-30,53.438
2010-03-31,53.381
2010-04-01,51.244
2010-04-02,51.75
2010-04-05,54.506
2010-04-06,56.25
2010-04-07,55.125
2010-04-08,54.337
2010-04-09,57.544
2010-04-12,57.375
2010-04-13,56.531
2010-04-14,57.15
2010-04-15,57.094
2010-04-16,60.188
2010-04-19,59.063
2010-04-20,59.063
2010-04-21,59.119
2010-04-22,59.063
2010-04-23,59.063
2010-04-26,57.375
2010-04-27,59.063
2010-04-28,59.063
2010-04-29,58.556
2010-04-30,60.188
2010-05-03,60.188
2010-05-04,58.837
2010-05-05,60.188
2010-05-06,58.894
2010-05-07,60.188
2010-05-10,61.875
2010-05-11,64.688
2010-05-12,61.875
2010-05-13,64.688
2010-05-14,66.375
2010-05-17,69.75
2010-05-18,69.188
2010-05-19,68.231
2010-05-20,66.375
2010-05-21,67.444
2010-05-24,66.938
2010-05-25,63.844
2010-05-26,63.844
2010-05-27,63.844
2010-05-28,67.5
2010-05-31,67.5
2010-06-01,69.75
2010-06-02,68.063
2010-06-03,67.5
2010-06-04,66.938
2010-06-07,66.938
2010-06-08,66.375
2010-06-09,66.516
2010-06-10,67.5
2010-06-11,67.5
2010-06-14,67.5
2010-06-15,67.5
2010-06-16,67.022
2010-06-17,68.625
2010-06-18,67.5
2010-06-21,68.625
2010-06-22,68.625
2010-06-23,67.5
2010-06-24,67.5
2010-06-25,68.063
2010-06-29,68.625
2010-06-30,68.625
2010-07-01,67.5
2010-07-02,67.219
2010-07-05,67.163
2010-07-06,68.063
2010-07-07,67.5
2010-07-08,67.556
2010-07-09,66.403
2010-07-12,65.925
2010-07-13,63.563
2010-07-14,66.347
2010-07-15,66.797
2010-07-16,65.644
2010-07-19,65.644
2010-07-20,64.688
2010-07-21,63.844
2010-07-22,65.194
2010-07-23,64.688
2010-07-26,63.563
2010-07-27,63.563
2010-07-28,64.716
2010-07-29,64.969
2010-08-02,64.688
2010-08-03,65.813
2010-08-04,64.125
2010-08-05,64.153
2010-08-06,64.688
2010-08-09,64.716
2010-08-11,64.688
2010-08-12,64.209
2010-08-13,64.209
2010-08-16,65.813
2010-08-17,65.813
2010-08-18,65.813
2010-08-19,63.844
2010-08-23,64.688
2010-08-24,62.719
2010-08-25,64.688
2010-08-26,64.125
2010-08-27,64.688
2010-08-30,64.688
2010-08-31,63.0
2010-09-02,64.688
2010-09-03,64.603
2010-09-06,63.563
2010-09-07,64.688
2010-09-08,63.591
2010-09-09,63.591
2010-09-15,63.591
2010-09-16,64.406
2010-09-17,63.759
2010-09-20,63.788
2010-09-21,63.788
2010-09-22,64.688
2010-09-23,64.688
2010-09-24,64.688
2010-09-27,64.688
2010-09-28,64.688
2010-09-29,63.788
2010-09-30,64.631
2010-10-01,65.813
2010-10-04,62.494
2010-10-05,62.494
2010-10-06,63.0
2010-10-07,63.0
2010-10-08,64.406
2010-10-11,64.406
2010-10-12,61.875
2010-10-13,61.313
2010-10-14,61.594
2010-10-15,61.313
2010-10-18,61.875
2010-10-19,60.244
2010-10-20,61.087
2010-10-21,61.087
2010-10-22,60.863
2010-10-25,60.863
2010-10-26,59.681
2010-10-27,59.934
2010-10-28,59.625
2010-10-29,60.188
2010-11-01,60.188
2010-11-02,59.063
2010-11-03,59.063
2010-11-04,59.063
2010-11-05,59.906
2010-11-08,58.5
2010-11-09,58.5
2010-11-10,58.725
2010-11-11,58.556
2010-11-12,58.5
2010-11-15,58.5
2010-11-16,58.5
2010-11-19,58.528
2010-11-22,57.938
2010-11-23,58.275
2010-11-24,57.938
2010-11-25,57.938
2010-11-26,56.813
2010-11-29,56.813
2010-11-30,57.938
2010-12-01,56.363
2010-12-02,57.909
2010-12-03,57.881
2010-12-06,56.25
2010-12-08,58.106
2010-12-09,56.239
2010-12-10,56.239
2010-12-13,55.688
2010-12-14,56.194
2010-12-15,55.125
2010-12-16,54.315
2010-12-17,54.315
2010-12-20,54.563
2010-12-21,54.563
2010-12-22,54.101
2010-12-23,53.438
2010-12-24,53.134
2010-12-27,51.244
2010-12-28,51.548
2010-12-29,50.636
2010-12-30,50.693
2010-12-31,52.875
2011-01-03,53.978
2011-01-04,53.37
2011-01-05,53.438
2011-01-06,51.773
2011-01-07,52.875
2011-01-10,52.875
2011-01-12,53.134
2011-01-13,53.426
2011-01-14,52.864
2011-01-17,51.525
2011-01-18,49.545
2011-01-19,50.625
2011-01-20,52.02
2011-01-21,51.75
2011-01-24,51.975
2011-01-25,51.75
2011-01-26,50.625
2011-01-27,49.534
2011-01-28,50.344
2011-01-31,49.219
2011-02-01,48.15
2011-02-02,47.869
2011-02-03,47.992
2011-02-04,50.029
2011-02-07,50.625
2011-02-08,49.387
2011-02-09,49.5
2011-02-10,49.5
2011-02-11,50.051
2011-02-14,50.063
2011-02-15,48.69
2011-02-18,48.938
2011-02-21,46.001
2011-02-22,46.125
2011-02-23,46.463
2011-02-24,45.788
2011-02-25,47.644
2011-02-28,47.644
2011-03-01,46.744
2011-03-02,48.758
2011-03-03,47.7
2011-03-04,47.25
2011-03-07,47.813
2011-03-08,48.375
2011-03-09,48.375
2011-03-10,47.813
2011-03-11,48.071
2011-03-14,47.981
2011-03-15,47.981
2011-03-16,47.25
2011-03-17,47.79
2011-03-18,47.756
2011-03-21,47.756
2011-03-22,47.25
2011-03-23,47.318
2011-03-24,47.756
2011-03-25,47.813
2011-03-28,47.756
2011-03-29,47.25
2011-03-30,45.0
2011-03-31,46.688
2011-04-01,47.813
2011-04-04,47.464
2011-04-05,47.194
2011-04-06,46.688
2011-04-07,45.563
2011-04-08,45.034
2011-04-11,46.688
2011-04-12,45.068
2011-04-13,46.688
2011-04-14,46.676
2011-04-15,46.62
2011-04-18,46.676
2011-04-19,47.25
2011-04-20,47.25
2011-04-21,47.25
2011-04-22,46.688
2011-04-25,45.585
2011-04-26,46.125
2011-04-27,46.125
2011-04-28,45.349
2011-04-29,46.688
2011-05-02,45.563
2011-05-03,46.688
2011-05-04,46.969
2011-05-05,47.813
2011-05-06,47.813
2011-05-09,47.813
2011-05-10,47.813
2011-05-11,47.588
2011-05-12,47.633
2011-05-13,47.824
2011-05-16,47.869
2011-05-17,48.375
2011-05-18,47.925
2011-05-19,48.094
2011-05-20,48.094
2011-05-23,48.375
2011-05-24,48.375
2011-05-25,48.375
2011-05-26,49.5
2011-05-27,49.466
2011-05-30,49.77
2011-05-31,49.703
2011-06-01,49.556
2011-06-02,49.23
2011-06-03,49.781
2011-06-06,50.49
2011-06-07,49.5
2011-06-08,48.656
2011-06-09,50.029
2011-06-10,50.006
2011-06-13,49.703
2011-06-14,50.029
2011-06-15,49.95
2011-06-16,48.656
2011-06-17,48.656
2011-06-20,48.938
2011-06-21,49.5
2011-06-22,48.656
2011-06-23,50.288
2011-06-24,50.625
2011-06-27,51.188
2011-06-28,50.625
2011-06-29,50.625
2011-06-30,50.344
2011-07-01,49.5
2011-07-04,50.614
2011-07-05,50.063
2011-07-06,50.614
2011-07-07,50.085
2011-07-08,50.13
2011-07-11,51.109
2011-07-12,50.625
2011-07-13,50.895
2011-07-14,50.625
2011-07-15,50.625
2011-07-18,47.588
2011-07-19,46.688
2011-07-20,46.688
2011-07-21,46.688
2011-07-22,47.914
2011-07-25,46.688
2011-07-26,46.688
2011-07-27,45.911
2011-07-28,47.621
2011-07-29,46.688
2011-08-01,46.688
2011-08-02,46.384
2011-08-03,46.688
2011-08-04,46.688
2011-08-05,45.09
2011-08-08,45.079
2011-08-09,46.091
2011-08-10,44.483
2011-08-11,45.563
2011-08-12,45.563
2011-08-15,47.25
2011-08-16,46.125
2011-08-17,46.125
2011-08-18,46.125
2011-08-19,46.125
2011-08-22,46.125
2011-08-23,45.686
2011-08-24,45.686
2011-08-25,47.408
2011-08-26,45.709
2011-08-29,45.709
2011-08-30,46.181
2011-09-02,46.125
2011-09-05,46.125
2011-09-06,47.52
2011-09-07,46.688
2011-09-08,46.688
2011-09-09,46.688
2011-09-12,46.688
2011-09-13,45.788
2011-09-14,47.464
2011-09-15,47.464
2011-09-16,47.464
2011-09-19,45.855
2011-09-20,45.788
2011-09-21,45.788
2011-09-22,45.731
2011-09-23,45.72
2011-09-26,45.731
2011-09-27,46.62
2011-09-28,46.62
2011-09-29,45.011
2011-09-30,45.113
2011-10-03,45.113
2011-10-04,46.125
2011-10-05,45.18
2011-10-06,45.18
2011-10-07,46.125
2011-10-10,46.676
2011-10-11,46.125
2011-10-12,47.813
2011-10-13,47.813
2011-10-14,48.364
2011-10-17,47.813
2011-10-18,47.306
2011-10-19,47.813
2011-10-20,46.969
2011-10-21,47.25
2011-10-24,46.699
2011-10-25,47.464
2011-10-26,45.563
2011-10-27,45.563
2011-10-28,45.652
2011-10-31,45.652
2011-11-01,45.574
2011-11-02,45.574
2011-11-03,45.574
2011-11-04,45.585
2011-11-09,45.585
2011-11-10,47.07
2011-11-11,47.07
2011-11-14,47.07
2011-11-15,47.081
2011-11-16,46.744
2011-11-17,46.744
2011-11-21,45.855
2011-11-22,45.169
2011-11-23,45.011
2011-11-24,45.011
2011-11-25,45.0
2011-11-28,45.0
2011-11-29,45.0
2011-11-30,45.563
2011-12-01,45.0
2011-12-02,45.0
2011-12-05,47.137
2011-12-06,45.0
2011-12-07,45.0
2011-12-08,46.913
2011-12-09,46.89
2011-12-12,45.281
2011-12-13,43.875
2011-12-14,46.496
2011-12-15,46.496
2011-12-16,44.438
2011-12-19,44.46
2011-12-20,44.224
2011-12-21,44.438
2011-12-22,44.978
2011-12-23,44.978
2011-12-26,44.978
2011-12-27,43.988
2011-12-28,45.225
2011-12-29,44.989
2011-12-30,43.38
2012-01-02,43.313
2012-01-03,45.0
2012-01-04,44.438
2012-01-05,43.875
2012-01-06,44.438
2012-01-09,44.438
2012-01-10,44.438
2012-01-12,44.719
2012-01-13,45.281
2012-01-16,43.988
2012-01-17,43.988
2012-01-18,45.259
2012-01-19,43.976
2012-01-20,44.021
2012-01-23,44.269
2012-01-24,45.27
2012-01-25,45.0
2012-01-26,45.225
2012-01-27,42.683
2012-01-30,44.944
2012-01-31,43.234
2012-02-01,43.256
2012-02-02,43.268
2012-02-03,43.268
2012-02-07,43.268
2012-02-08,43.031
2012-02-09,42.75
2012-02-10,42.75
2012-02-13,42.75
2012-02-14,42.829
2012-02-15,42.829
2012-02-16,43.076
2012-02-17,42.863
2012-02-20,42.863
2012-02-21,42.863
2012-02-22,42.986
2012-02-23,44.359
2012-02-24,43.875
2012-02-27,43.875
2012-02-28,44.134
2012-02-29,43.864
2012-03-01,43.864
2012-03-02,42.75
2012-03-05,42.75
2012-03-06,42.75
2012-03-07,42.75
2012-03-08,43.031
2012-03-09,43.256
2012-03-12,40.86
2012-03-13,41.096
2012-03-14,42.188
2012-03-15,42.188
2012-03-16,41.355
2012-03-19,41.355
2012-03-20,42.188
2012-03-21,42.739
2012-03-22,41.063
2012-03-23,38.745
2012-03-26,38.745
2012-03-27,38.61
2012-03-28,38.61
2012-03-29,37.688
2012-03-30,36.855
2012-04-02,36.855
2012-04-03,36.855
2012-04-04,36.855
2012-04-05,35.438
2012-04-06,36.281
2012-04-09,36.281
2012-04-10,36.281
2012-04-11,37.08
2012-04-12,37.08
2012-04-13,37.001
2012-04-16,36.45
2012-04-17,36.45
2012-04-18,35.156
2012-04-19,36.506
2012-04-20,36.506
2012-04-23,34.875
2012-04-24,34.954
2012-04-25,36.0
2012-04-26,36.214
2012-04-27,35.438
2012-04-30,36.439
2012-05-02,36.394
2012-05-03,34.875
2012-05-04,34.875
2012-05-07,36.968
2012-05-08,36.968
2012-05-09,35.1
2012-05-10,35.156
2012-05-11,35.876
2012-05-14,35.887
2012-05-15,35.719
2012-05-16,34.38
2012-05-17,34.391
2012-05-18,34.864
2012-05-21,34.875
2012-05-22,34.313
2012-05-23,34.245
2012-05-24,34.594
2012-05-25,34.819
2012-05-28,34.234
2012-05-29,33.188
2012-05-30,33.75
2012-05-31,33.3
2012-06-01,33.3
2012-06-04,33.188
2012-06-05,33.3
2012-06-06,34.47
2012-06-07,33.3
2012-06-08,34.571
2012-06-11,34.56
2012-06-12,33.57
2012-06-13,33.57
2012-06-14,35.145
2012-06-15,34.875
2012-06-18,34.875
2012-06-19,34.875
2012-06-20,34.313
2012-06-21,35.719
2012-06-22,35.651
2012-06-25,36.315
2012-06-26,36.315
2012-06-27,34.886
2012-06-28,36.169
2012-06-29,36.27
2012-07-02,35.775
2012-07-03,35.156
2012-07-04,36.203
2012-07-05,36.0
2012-07-06,36.281
2012-07-09,35.438
2012-07-10,36.214
2012-07-11,35.213
2012-07-12,34.043
2012-07-13,34.043
2012-07-16,33.75
2012-07-17,33.75
2012-07-18,33.75
2012-07-19,35.1
2012-07-20,33.548
2012-07-23,33.75
2012-07-24,33.48
2012-07-25,33.75
2012-07-26,34.571
2012-07-27,33.773
2012-07-31,34.313
2012-08-01,35.044
2012-08-02,33.75
2012-08-03,35.01
2012-08-06,33.806
2012-08-07,34.313
2012-08-08,32.254
2012-08-09,32.231
2012-08-10,32.22
2012-08-13,32.063
2012-08-15,31.556
2012-08-16,30.949
2012-08-17,31.95
2012-08-22,31.95
2012-08-23,30.938
2012-08-24,30.938
2012-08-27,31.106
2012-08-28,30.938
2012-08-29,30.938
2012-08-30,30.375
2012-08-31,30.037
2012-09-03,28.238
2012-09-04,28.125
2012-09-05,28.125
2012-09-06,28.8
2012-09-07,27.844
2012-09-10,27.574
2012-09-11,28.125
2012-09-12,28.62
2012-09-13,27.844
2012-09-14,27.844
2012-09-17,27.844
2012-09-18,27.0
2012-09-19,26.37
2012-09-20,25.481
2012-09-21,24.75
2012-09-24,25.301
2012-09-25,23.794
2012-09-26,23.906
2012-09-27,23.906
2012-09-28,23.906
2012-10-01,23.906
2012-10-02,23.625
2012-10-03,23.906
2012-10-04,24.188
2012-10-05,23.906
2012-10-08,24.064
2012-10-09,24.131
2012-10-10,23.906
2012-10-11,24.075
2012-10-12,23.625
2012-10-15,24.199
2012-10-16,23.906
2012-10-17,23.906
2012-10-18,23.692
2012-10-19,23.704
2012-10-22,24.188
2012-10-23,24.548
2012-10-24,24.188
2012-10-25,23.749
2012-10-29,24.188
2012-10-30,23.929
2012-10-31,23.749
2012-11-01,25.144
2012-11-02,25.02
2012-11-05,25.144
2012-11-07,25.875
2012-11-08,26.381
2012-11-09,24.806
2012-11-12,25.988
2012-11-13,25.988
2012-11-14,24.604
2012-11-15,24.604
2012-11-19,26.077
2012-11-20,26.213
2012-11-21,26.336
2012-11-22,26.438
2012-11-23,26.775
2012-11-26,26.887
2012-11-27,26.438
2012-11-28,26.876
2012-11-29,26.719
2012-11-30,26.876
2012-12-03,28.012
2012-12-04,27.563
2012-12-05,27.0
2012-12-06,27.0
2012-12-07,26.618
2012-12-10,27.281
2012-12-11,27.787
2012-12-12,27.563
2012-12-13,27.563
2012-12-14,27.563
2012-12-17,27.563
2012-12-18,27.563
2012-12-19,27.563
2012-12-20,27.394
2012-12-21,28.125
2012-12-24,28.069
2012-12-25,27.563
2012-12-26,26.618
2012-12-27,25.909
2012-12-28,26.438
2012-12-31,25.695
2013-01-02,25.875
2013-01-03,25.853
2013-01-04,24.773
2013-01-07,24.469
2013-01-08,25.2
2013-01-09,25.223
2013-01-10,25.223
2013-01-14,25.2
2013-01-15,25.2
2013-01-16,25.2
2013-01-17,25.2
2013-01-18,25.2
2013-01-21,25.2
2013-01-22,25.853
2013-01-23,25.2
2013-01-28,25.313
2013-01-29,25.324
2013-01-30,25.324
2013-01-31,25.762
2013-02-01,25.313
2013-02-04,25.313
2013-02-05,24.761
2013-02-06,24.761
2013-02-07,25.313
2013-02-08,24.75
2013-02-11,23.631
2013-02-12,24.75
2013-02-13,24.356
2013-02-14,25.301
2013-02-15,25.301
2013-02-18,24.188
2013-02-19,24.75
2013-02-20,24.75
2013-02-21,24.75
2013-02-22,25.875
2013-02-25,25.875
2013-02-26,25.875
2013-02-27,27.428
2013-02-28,27.428
2013-03-01,25.875
2013-03-04,25.875
2013-03-05,25.875
2013-03-06,27.428
2013-03-07,28.631
2013-03-08,28.406
2013-03-11,28.406
2013-03-12,28.406
2013-03-13,28.35
2013-03-14,28.125
2013-03-15,27.023
2013-03-18,28.125
2013-03-19,28.294
2013-03-20,28.406
2013-03-21,28.125
2013-03-22,28.406
2013-03-25,27.174
2013-03-26,28.125
2013-03-27,28.294
2013-03-28,28.288
2013-03-29,28.288
2013-04-01,28.125
2013-04-02,28.125
2013-04-03,28.125
2013-04-04,28.125
2013-04-05,28.125
2013-04-08,28.125
2013-04-09,27.844
2013-04-10,27.844
2013-04-11,27.118
2013-04-12,27.118
2013-04-15,27.124
2013-04-16,27.118
2013-04-17,28.125
2013-04-18,28.125
2013-04-19,28.125
2013-04-22,27.225
2013-04-23,28.344
2013-04-24,28.125
2013-04-25,28.344
2013-04-26,28.344
2013-04-29,28.344
2013-04-30,28.344
2013-05-02,28.344
2013-05-03,28.344
2013-05-06,28.344
2013-05-07,28.344
2013-05-08,28.344
2013-05-09,27.062
2013-05-10,28.682
2013-05-13,29.25
2013-05-14,29.25
2013-05-15,28.125
2013-05-16,27.675
2013-05-17,27.675
2013-05-20,27.675
2013-05-21,28.631
2013-05-22,28.575
2013-05-23,28.575
2013-05-24,27.0
2013-05-27,28.62
2013-05-28,28.125
2013-05-29,28.125
2013-05-30,27.169
2013-05-31,27.197
2013-06-03,28.62
2013-06-04,28.125
2013-06-05,29.25
2013-06-06,29.25
2013-06-07,29.25
2013-06-10,29.25
2013-06-11,29.25
2013-06-12,30.375
2013-06-13,30.375
2013-06-14,31.005
2013-06-17,29.531
2013-06-18,29.531
2013-06-19,31.303
2013-06-20,33.176
2013-06-21,33.176
2013-06-24,32.085
2013-06-25,32.625
2013-06-26,32.625
2013-06-27,32.625
2013-06-28,31.838
2013-07-01,31.838
2013-07-02,31.219
2013-07-03,31.219
2013-07-04,31.219
2013-07-05,31.219
2013-07-08,31.219
2013-07-09,31.219
2013-07-10,31.219
2013-07-11,31.219
2013-07-12,30.037
2013-07-15,30.037
2013-07-16,27.113
2013-07-17,27.113
2013-07-18,27.113
2013-07-19,27.338
2013-07-22,27.343
2013-07-23,26.91
2013-07-24,26.899
2013-07-25,26.887
2013-07-26,26.887
2013-07-29,26.887
2013-07-31,26.887
2013-08-01,26.887
2013-08-02,26.893
2013-08-05,26.887
2013-08-06,26.893
2013-08-08,28.406
2013-08-12,26.944
2013-08-13,26.944
2013-08-15,26.944
2013-08-16,26.91
2013-08-19,27.006
2013-08-22,26.91
2013-08-23,26.91
2013-08-26,26.91
2013-08-27,26.91
2013-08-28,26.91
2013-08-29,26.91
2013-08-30,26.91
2013-09-02,26.91
2013-09-03,28.406
2013-09-04,29.25
2013-09-05,29.25
2013-09-06,29.25
2013-09-09,29.25
2013-09-10,29.25
2013-09-11,29.239
2013-09-12,29.239
2013-09-13,29.239
2013-09-16,29.216
2013-09-17,29.216
2013-09-18,29.216
2013-09-19,29.216
2013-09-20,29.216
2013-09-23,29.216
2013-09-24,29.216
2013-09-25,27.619
2013-09-26,27.619
2013-09-27,28.434
2013-09-30,27.298
2013-10-01,28.659
2013-10-02,28.682
2013-10-03,28.682
2013-10-04,28.682
2013-10-07,28.682
2013-10-08,28.125
2013-10-09,27.563
2013-10-10,28.575
2013-10-11,28.688
2013-10-14,28.125
2013-10-15,28.125
2013-10-21,28.131
2013-10-22,28.958
2013-10-23,28.688
2013-10-24,30.347
2013-10-25,30.375
2013-10-28,30.375
2013-10-29,30.656
2013-10-30,30.375
2013-10-31,30.409
2013-11-01,30.656
2013-11-04,30.938
2013-11-07,30.938
2013-11-08,30.656
2013-11-11,30.662
2013-11-12,30.684
2013-11-13,30.684
2013-11-14,30.375
2013-11-15,30.375
2013-11-19,30.375
2013-11-20,30.375
2013-11-21,30.403
2013-11-22,30.375
2013-11-25,30.375
2013-11-26,30.375
2013-11-27,29.813
2013-11-28,30.375
2013-11-29,29.959
2013-12-02,29.959
2013-12-03,29.959
2013-12-04,30.375
2013-12-05,29.835
2013-12-06,29.824
2013-12-09,29.824
2013-12-10,30.938
2013-12-11,30.909
2013-12-12,30.375
2013-12-13,31.191
2013-12-16,32.141
2013-12-17,32.141
2013-12-18,32.141
2013-12-19,31.5
2013-12-20,33.188
2013-12-23,33.39
2013-12-24,31.5
2013-12-25,31.5
2013-12-26,33.39
2013-12-27,33.294
2013-12-30,33.188
2013-12-31,33.75
2014-01-02,33.75
2014-01-03,31.781
2014-01-06,30.713
2014-01-07,30.713
2014-01-08,32.552
2014-01-09,33.182
2014-01-10,33.188
2014-01-13,33.176
2014-01-16,33.176
2014-01-17,33.013
2014-01-20,32.963
2014-01-21,31.5
2014-01-22,31.5
2014-01-23,31.5
2014-01-24,32.625
2014-01-27,31.5
2014-01-28,31.5
2014-01-29,31.5
2014-01-30,31.5
2014-01-31,31.219
2014-02-03,31.219
2014-02-04,31.219
2014-02-05,31.219
2014-02-06,31.5
2014-02-07,31.5
2014-02-10,32.541
2014-02-11,30.656
2014-02-12,30.656
2014-02-13,30.656
2014-02-14,32.85
2014-02-17,32.85
2014-02-18,32.85
2014-02-19,32.625
2014-02-20,32.625
2014-02-21,31.894
2014-02-24,31.894
2014-02-25,31.894
2014-02-26,32.603
2014-02-27,32.603
2014-02-28,32.625
2014-03-03,33.469
2014-03-04,32.074
2014-03-05,33.188
2014-03-06,32.344
2014-03-07,33.806
2014-03-10,35.381
2014-03-11,36.563
2014-03-12,36.563
2014-03-13,36.45
2014-03-14,36.563
2014-03-17,36.563
2014-03-18,34.425
2014-03-19,35.156
2014-03-20,37.125
2014-03-21,38.531
2014-03-24,38.25
2014-03-25,37.125
2014-03-26,39.938
2014-03-27,43.256
2014-03-28,44.606
2014-03-31,47.25
2014-04-01,44.719
2014-04-02,44.438
2014-04-03,43.988
2014-04-04,42.919
2014-04-07,44.719
2014-04-08,44.044
2014-04-09,44.044
2014-04-10,44.944
2014-04-11,45.557
2014-04-14,44.438
2014-04-15,44.719
2014-04-16,44.719
2014-04-17,45.0
2014-04-18,44.438
2014-04-21,44.438
2014-04-22,45.225
2014-04-23,44.438
2014-04-24,44.438
2014-04-25,44.381
2014-04-28,44.381
2014-04-29,44.426
2014-04-30,44.426
2014-05-02,44.37
2014-05-05,43.819
2014-05-06,44.381
2014-05-07,44.381
2014-05-08,44.156
2014-05-09,43.144
2014-05-12,43.622
2014-05-13,43.313
2014-05-14,42.75
2014-05-15,41.906
2014-05-16,41.923
2014-05-19,40.5
2014-05-20,39.488
2014-05-21,41.063
2014-05-22,39.375
2014-05-23,41.625
2014-05-26,42.188
2014-05-27,42.75
2014-05-28,44.438
2014-05-29,44.387
2014-05-30,43.847
2014-06-02,43.819
2014-06-03,43.313
2014-06-04,43.313
2014-06-05,42.75
2014-06-06,42.75
2014-06-09,43.256
2014-06-10,43.313
2014-06-11,43.031
2014-06-12,43.031
2014-06-13,43.031
2014-06-16,43.284
2014-06-17,41.653
2014-06-18,43.284
2014-06-19,43.172
2014-06-20,41.625
2014-06-23,39.381
2014-06-24,39.943
2014-06-25,39.662
2014-06-26,41.901
2014-06-27,41.991
2014-06-30,41.991
2014-07-01,41.991
2014-07-02,41.991
2014-07-03,41.625
2014-07-04,41.625
2014-07-07,41.625
2014-07-08,41.839
2014-07-09,41.839
2014-07-10,41.839
2014-07-11,41.738
2014-07-14,41.738
2014-07-15,41.738
2014-07-16,41.625
2014-07-17,39.375
2014-07-18,41.034
2014-07-21,38.813
2014-07-22,38.813
2014-07-23,39.6
2014-07-24,39.459
2014-07-25,39.009
2014-07-31,39.431
2014-08-01,38.824
2014-08-04,38.824
2014-08-05,38.813
2014-08-06,38.278
2014-08-07,40.14
2014-08-08,40.106
2014-08-11,40.078
2014-08-12,40.022
2014-08-13,40.022
2014-08-15,40.106
2014-08-18,40.106
2014-08-19,40.106
2014-08-22,40.5
2014-08-25,41.063
2014-08-26,40.528
2014-08-27,40.5
2014-08-28,40.5
2014-08-29,39.375
2014-09-01,39.375
2014-09-02,41.057
2014-09-03,39.488
2014-09-04,39.488
2014-09-05,39.488
2014-09-08,41.063
2014-09-09,41.063
2014-09-10,41.063
2014-09-11,39.938
2014-09-12,42.188
2014-09-15,42.188
2014-09-16,42.188
2014-09-17,42.188
2014-09-18,41.625
2014-09-19,41.625
2014-09-22,40.528
2014-09-23,41.963
2014-09-24,40.5
2014-09-25,41.484
2014-09-26,41.85
2014-09-29,41.063
2014-09-30,41.063
2014-10-01,41.063
2014-10-02,41.063
2014-10-03,42.131
2014-10-07,42.131
2014-10-08,42.131
2014-10-09,40.528
2014-10-10,40.528
2014-10-13,42.041
2014-10-14,41.344
2014-10-15,41.344
2014-10-16,40.781
2014-10-17,41.625
2014-10-20,41.625
2014-10-21,41.625
2014-10-22,41.625
2014-10-23,41.625
2014-10-24,41.203
2014-10-27,41.625
2014-10-28,41.906
2014-10-29,41.906
2014-10-30,41.906
2014-10-31,41.906
2014-11-03,41.906
2014-11-04,41.906
2014-11-05,42.075
2014-11-07,41.119
2014-11-10,41.906
2014-11-11,41.063
2014-11-12,43.003
2014-11-13,43.003
2014-11-14,43.279
2014-11-17,43.279
2014-11-19,41.934
2014-11-20,43.251
2014-11-21,43.144
2014-11-24,43.144
2014-11-25,41.625
2014-11-26,41.063
2014-11-27,41.063
2014-11-28,41.063
2014-12-01,42.75
2014-12-02,42.75
2014-12-03,42.75
2014-12-04,42.75
2014-12-05,40.669
2014-12-08,40.669
2014-12-09,41.344
2014-12-10,42.666
2014-12-11,42.637
2014-12-12,42.637
2014-12-15,42.581
2014-12-16,42.581
2014-12-17,42.525
2014-12-18,42.469
2014-12-19,41.372
2014-12-22,41.372
2014-12-23,41.372
2014-12-24,41.372
2014-12-25,43.734
2014-12-26,46.125
2014-12-29,46.125
2014-12-30,46.125
2014-12-31,45.816
2015-01-02,43.313
2015-01-06,45.0
2015-01-07,45.534
2015-01-08,45.534
2015-01-09,45.534
2015-01-12,44.719
2015-01-13,45.506
2015-01-14,45.506
2015-01-15,45.506
2015-01-16,45.506
2015-01-19,45.0
2015-01-20,45.0
2015-01-21,45.0
2015-01-22,45.0
2015-01-23,42.356
2015-01-26,42.356
2015-01-27,44.438
2015-01-28,41.771
2015-01-29,44.269
2015-01-30,44.269
2015-02-02,44.269
2015-02-03,42.188
2015-02-04,43.875
2015-02-05,43.875
2015-02-06,42.75
2015-02-09,43.875
2015-02-10,43.875
2015-02-11,43.875
2015-02-12,43.875
2015-02-13,42.3
2015-02-16,44.213
2015-02-17,44.213
2015-02-18,44.213
2015-02-19,44.213
2015-02-20,44.128
2015-02-23,44.128
2015-02-24,44.128
2015-02-25,44.128
2015-02-26,44.128
2015-02-27,45.0
2015-03-02,45.0
2015-03-03,45.0
2015-03-04,45.0
2015-03-05,45.0
2015-03-06,45.563
2015-03-09,47.25
2015-03-10,48.375
2015-03-11,47.813
2015-03-12,49.5
2015-03-13,50.625
2015-03-16,50.85
2015-03-17,50.625
2015-03-18,50.625
2015-03-19,48.712
2015-03-20,49.5
2015-03-23,49.5
2015-03-24,50.344
2015-03-25,50.569
2015-03-26,50.569
2015-03-27,50.569
2015-03-30,50.625
2015-03-31,48.966
2015-04-01,50.619
2015-04-02,48.966
2015-04-03,48.966
2015-04-06,48.966
2015-04-07,48.966
2015-04-08,48.966
2015-04-09,48.966
2015-04-10,48.966
2015-04-13,50.619
2015-04-14,50.619
2015-04-15,50.614
2015-04-16,50.614
2015-04-17,47.582
2015-04-20,47.582
2015-04-21,47.728
2015-04-22,47.728
2015-04-23,47.728
2015-04-24,47.728
2015-04-27,48.881
2015-04-28,47.25
2015-04-29,47.25
2015-04-30,48.938
2015-05-04,46.181
2015-05-05,46.181
2015-05-06,46.181
2015-05-07,48.909
2015-05-08,48.909
2015-05-11,46.659
2015-05-12,48.938
2015-05-13,46.125
2015-05-14,45.0
2015-05-15,47.25
2015-05-18,47.25
2015-05-19,46.238
2015-05-20,45.534
2015-05-21,45.0
2015-05-22,42.469
2015-05-25,40.303
2015-05-26,40.275
2015-05-27,40.5
2015-05-28,40.275
2015-05-29,40.5
2015-06-01,40.5
2015-06-02,40.5
2015-06-03,42.188
2015-06-04,41.063
2015-06-05,41.074
2015-06-08,41.074
2015-06-09,40.781
2015-06-10,40.781
2015-06-11,40.781
2015-06-12,40.5
2015-06-15,41.063
2015-06-16,41.063
2015-06-17,41.063
2015-06-18,41.063
2015-06-19,41.063
2015-06-22,41.063
2015-06-23,40.5
2015-06-24,42.75
2015-06-25,42.75
2015-06-26,43.301
2015-06-29,43.031
2015-06-30,40.556
2015-07-01,40.556
2015-07-02,42.75
2015-07-03,40.5
2015-07-06,38.396
2015-07-07,40.5
2015-07-08,39.381
2015-07-09,40.5
2015-07-10,40.5
2015-07-13,42.75
2015-07-14,40.556
2015-07-15,40.556
2015-07-16,40.556
2015-07-20,40.5
2015-07-21,40.781
2015-07-22,41.906
2015-07-23,41.906
2015-07-24,41.906
2015-07-27,41.906
2015-07-28,41.906
2015-07-29,40.5
2015-07-31,40.5
2015-08-03,40.528
2015-08-04,40.528
2015-08-05,40.528
2015-08-06,40.528
2015-08-07,40.528
2015-08-10,40.528
2015-08-11,40.528
2015-08-12,41.063
2015-08-13,40.556
2015-08-17,40.556
2015-08-18,40.556
2015-08-19,41.063
2015-08-24,41.063
2015-08-25,41.063
2015-08-26,40.584
2015-08-27,40.584
2015-08-28,40.584
2015-08-31,40.584
2015-09-01,39.938
2015-09-02,39.938
2015-09-03,39.938
2015-09-04,39.938
2015-09-07,39.938
2015-09-08,39.949
2015-09-09,39.949
2015-09-10,40.781
2015-09-11,39.381
2015-09-14,39.381
2015-09-15,39.381
2015-09-16,39.381
2015-09-17,39.381
2015-09-18,39.476
2015-09-21,39.476
2015-09-22,39.476
2015-09-23,39.488
2015-09-28,39.476
2015-09-29,39.403
2015-09-30,39.403
2015-10-01,39.403
2015-10-02,41.063
2015-10-05,41.063
2015-10-06,38.599
2015-10-07,38.599
2015-10-08,40.905
2015-10-09,38.813
2015-10-12,39.403
2015-10-14,41.625
2015-10-16,42.188
2015-10-19,40.584
2015-10-20,43.014
2015-10-21,42.975
2015-10-22,43.566
2015-10-23,43.2
2015-10-26,41.119
2015-10-27,41.152
2015-10-28,43.313
2015-10-29,41.462
2015-10-30,41.529
2015-11-02,41.529
2015-11-03,43.116
2015-11-04,41.586
2015-11-05,43.172
2015-11-09,43.116
2015-11-10,43.65
2015-11-11,43.65
2015-11-12,43.318
2015-11-13,43.313
2015-11-16,43.313
2015-11-17,41.625
2015-11-19,41.625
2015-11-20,41.625
2015-11-23,43.313
2015-11-24,43.313
2015-11-25,41.738
2015-11-26,41.738
2015-11-27,41.85
2015-11-30,41.906
2015-12-01,44.269
2015-12-02,44.269
2015-12-03,44.269
2015-12-04,46.92
2015-12-07,46.425
2015-12-08,46.5
2015-12-09,46.425
2015-12-10,46.5
2015-12-11,43.898
2015-12-14,43.665
2015-12-15,43.665
2015-12-16,44.85
2015-12-17,45.0
2015-12-18,45.0
2015-12-21,44.925
2015-12-22,44.925
2015-12-23,44.925
2015-12-28,44.925
2015-12-29,45.0
2015-12-30,45.0
2015-12-31,45.0
2016-01-04,45.0
2016-01-05,47.7
2016-01-06,48.75
2016-01-07,51.0
2016-01-08,47.94
2016-01-12,47.94
2016-01-13,47.94
2016-01-14,50.775
2016-01-15,50.775
2016-01-18,50.775
2016-01-19,50.775
2016-01-20,45.698
2016-01-21,43.875
2016-01-22,41.25
2016-01-25,41.25
2016-01-26,43.125
2016-01-27,41.91
2016-01-28,41.91
2016-01-29,43.125
2016-02-01,43.125
2016-02-02,43.125
2016-02-03,41.91
2016-02-04,41.91
2016-02-05,39.398
2016-02-08,41.648
2016-02-09,41.648
2016-02-10,39.15
2016-02-11,41.25
2016-02-12,39.75
2016-02-15,42.0
2016-02-16,42.0
2016-02-17,44.25
2016-02-18,44.25
2016-02-19,43.875
2016-02-22,42.75
2016-02-23,42.758
2016-02-24,43.088
2016-02-25,42.9
2016-02-26,42.0
2016-02-29,42.375
2016-03-01,44.175
2016-03-02,44.175
2016-03-03,43.875
2016-03-04,41.4
2016-03-07,43.5
2016-03-08,43.5
2016-03-09,43.995
2016-03-10,43.995
2016-03-11,44.475
2016-03-14,44.475
2016-03-15,44.243
2016-03-16,44.475
2016-03-17,44.25
2016-03-18,44.625
2016-03-21,44.993
2016-03-22,44.993
2016-03-23,44.993
2016-03-24,44.993
2016-03-25,45.0
2016-03-28,43.912
2016-03-29,44.625
2016-03-30,45.3
2016-03-31,44.25
2016-04-01,44.25
2016-04-04,44.25
2016-04-05,44.25
2016-04-06,45.0
2016-04-07,44.25
2016-04-08,43.658
2016-04-11,45.878
2016-04-12,45.743
2016-04-13,45.0
2016-04-14,44.243
2016-04-15,44.25
2016-04-18,44.25
2016-04-19,44.25
2016-04-20,44.25
2016-04-21,44.25
2016-04-22,44.1
2016-04-25,44.25
2016-04-26,44.25
2016-04-27,44.213
2016-04-28,44.1
2016-04-29,44.025
2016-05-02,44.25
2016-05-03,43.59
2016-05-04,44.25
2016-05-05,44.213
2016-05-06,43.905
2016-05-09,44.25
2016-05-10,46.5
2016-05-11,45.225
2016-05-12,45.412
2016-05-13,45.09
2016-05-16,45.375
2016-05-17,44.25
2016-05-18,41.19
2016-05-19,40.995
2016-05-20,39.743
2016-05-23,40.5
2016-05-24,40.493
2016-05-25,40.493
2016-05-26,40.5
2016-05-27,40.5
2016-05-30,40.2
2016-05-31,40.425
2016-06-01,40.425
2016-06-02,39.832
2016-06-03,40.793
2016-06-06,40.838
2016-06-07,40.838
2016-06-08,40.838
2016-06-09,40.425
2016-06-10,39.84
2016-06-13,39.825
2016-06-14,37.44
2016-06-15,40.118
2016-06-16,40.125
2016-06-17,39.037
2016-06-20,40.088
2016-06-21,39.818
2016-06-22,39.0
2016-06-23,39.825
2016-06-24,39.0
2016-06-27,39.825
2016-06-28,39.825
2016-06-29,40.5
2016-06-30,40.875
2016-07-01,40.5
2016-07-04,40.793
2016-07-05,40.77
2016-07-11,40.493
2016-07-12,39.84
2016-07-13,40.125
2016-07-14,40.125
2016-07-15,39.75
2016-07-18,39.75
2016-07-19,37.5
2016-07-20,38.325
2016-07-21,39.0
2016-07-22,39.3
2016-07-25,39.0
2016-07-26,37.5
2016-07-27,37.5
2016-07-28,36.75
2016-07-29,37.5
2016-08-01,38.438
2016-08-02,38.4
2016-08-03,38.25
2016-08-04,38.25
2016-08-05,39.75
2016-08-08,39.75
2016-08-09,39.0
2016-08-10,39.0
2016-08-11,37.5
2016-08-12,38.925
2016-08-15,39.0
2016-08-16,38.993
2016-08-17,38.25
2016-08-18,39.0
2016-08-19,39.0
2016-08-22,37.875
2016-08-23,39.0
2016-08-24,39.0
2016-08-25,38.01
2016-08-26,37.5
2016-08-29,37.912
2016-08-30,38.993
2016-08-31,38.25
2016-09-01,38.25
2016-09-02,37.725
2016-09-05,38.775
2016-09-06,37.725
2016-09-07,38.775
2016-09-08,38.775
2016-09-09,38.88
2016-09-14,38.88
2016-09-15,38.88
2016-09-16,38.843
2016-09-19,38.843
2016-09-20,37.965
2016-09-21,38.813
2016-09-22,38.775
2016-09-23,38.73
2016-09-26,38.723
2016-09-27,37.875
2016-09-28,38.715
2016-09-29,38.723
2016-09-30,37.5
2016-10-04,37.5
2016-10-05,38.25
2016-10-06,37.875
2016-10-07,38.25
2016-10-10,38.25
2016-10-11,38.625
2016-10-12,37.875
2016-10-13,38.25
2016-10-14,38.25
2016-10-17,37.725
2016-10-18,37.658
2016-10-19,37.5
2016-10-20,37.5
2016-10-21,38.25
2016-10-24,38.25
2016-10-25,38.25
2016-10-26,37.515
2016-10-27,36.75
2016-10-28,38.175
2016-10-31,38.175
2016-11-01,38.025
2016-11-02,38.025
2016-11-03,38.25
2016-11-04,38.175
2016-11-07,38.22
2016-11-08,38.243
2016-11-09,37.575
2016-11-10,37.058
2016-11-11,37.058
2016-11-14,37.365
2016-11-15,38.1
2016-11-16,37.8
2016-11-17,37.388
2016-11-21,37.17
2016-11-22,37.875
2016-11-23,37.5
2016-11-24,38.235
2016-11-25,38.235
2016-11-28,38.25
2016-11-29,38.25
2016-11-30,38.25
2016-12-01,36.765
2016-12-02,38.213
2016-12-05,38.213
2016-12-06,38.213
2016-12-07,38.25
2016-12-08,38.25
2016-12-09,38.25
2016-12-14,38.625
2016-12-15,40.125
2016-12-16,40.928
2016-12-19,39.975
2016-12-20,39.75
2016-12-21,39.75
2016-12-22,39.75
2016-12-23,41.243
2016-12-26,40.125
2016-12-27,40.125
2016-12-28,40.125
2016-12-29,41.168
2016-12-30,40.493
2017-01-02,40.493
2017-01-03,40.95
2017-01-04,40.125
2017-01-05,41.025
2017-01-06,40.5
2017-01-09,40.14
2017-01-10,39.743
2017-01-12,40.5
2017-01-13,40.575
2017-01-16,42.15
2017-01-17,41.625
2017-01-18,43.478
2017-01-19,42.75
2017-01-20,41.7
2017-01-23,42.75
2017-01-24,41.775
2017-01-25,42.0
2017-01-26,42.75
2017-01-27,42.713
2017-01-30,42.0
2017-01-31,42.0
2017-02-01,41.25
2017-02-02,42.0
2017-02-03,42.0
2017-02-06,42.113
2017-02-07,42.075
2017-02-08,42.225
2017-02-09,42.0
2017-02-10,43.8
2017-02-13,43.8
2017-02-14,44.138
2017-02-15,43.485
2017-02-16,43.5
2017-02-17,43.125
2017-02-20,43.86
2017-02-21,43.86
2017-02-22,42.75
2017-02-23,42.743
2017-02-24,41.325
2017-02-27,42.0
2017-02-28,42.0
2017-03-01,43.485
2017-03-02,43.5
2017-03-03,43.875
2017-03-06,43.5
2017-03-07,43.83
2017-03-08,42.75
2017-03-09,42.75
2017-03-10,43.5
2017-03-13,43.35
2017-03-14,43.5
2017-03-15,43.5
2017-03-16,42.758
2017-03-17,43.5
2017-03-20,43.5
2017-03-21,42.75
2017-03-22,42.563
2017-03-23,43.118
2017-03-24,43.125
2017-03-27,43.125
2017-03-28,42.0
2017-03-29,42.75
2017-03-30,42.75
2017-03-31,42.75
2017-04-03,42.15
2017-04-04,43.5
2017-04-05,44.625
2017-04-06,44.993
2017-04-07,45.0
2017-04-10,45.0
2017-04-11,45.0
2017-04-12,44.625
2017-04-13,43.537
2017-04-14,44.993
2017-04-17,44.985
2017-04-18,44.25
2017-04-19,45.0
2017-04-20,45.0
2017-04-21,45.0
2017-04-24,44.985
2017-04-25,45.0
2017-04-26,45.0
2017-04-27,45.375
2017-04-28,45.75
2017-05-02,45.75
2017-05-03,46.11
2017-05-04,45.825
2017-05-05,47.258
2017-05-08,47.325
2017-05-09,46.5
2017-05-10,46.5
2017-05-11,46.575
2017-05-12,47.4
2017-05-15,47.4
2017-05-16,47.4
2017-05-17,47.588
2017-05-18,47.595
2017-05-19,47.588
2017-05-22,47.76
2017-05-23,47.543
2017-05-24,47.775
2017-05-25,47.662
2017-05-26,46.95
2017-05-29,46.103
2017-05-30,46.103
2017-05-31,46.103
2017-06-01,46.103
2017-06-02,46.103
2017-06-05,46.125
2017-06-06,46.125
2017-06-07,46.35
2017-06-08,46.35
2017-06-09,46.35
2017-06-12,46.35
2017-06-13,46.5
2017-06-14,46.5
2017-06-15,46.5
2017-06-16,48.75
2017-06-19,48.742
2017-06-20,46.5
2017-06-21,48.518
2017-06-22,48.518
2017-06-23,48.518
2017-06-28,46.5
2017-06-29,46.125
2017-06-30,48.375
2017-07-03,46.5
2017-07-04,46.5
2017-07-05,47.933
2017-07-06,47.25
2017-07-07,48.375
2017-07-10,48.375
2017-07-11,48.285
2017-07-12,52.463
2017-07-13,54.3
2017-07-14,53.25
2017-07-17,50.625
2017-07-18,50.625
2017-07-19,51.75
2017-07-20,51.75
2017-07-21,49.988
2017-07-24,51.338
2017-07-25,51.668
2017-07-26,51.668
2017-07-27,55.5
2017-07-28,53.325
2017-07-31,51.75
2017-08-01,52.56
2017-08-02,52.5
2017-08-03,52.492
2017-08-04,52.5
2017-08-07,50.273
2017-08-08,50.55
2017-08-09,50.4
2017-08-10,52.305
2017-08-11,53.25
2017-08-15,50.49
2017-08-16,52.492
2017-08-17,51.037
2017-08-18,51.75
2017-08-22,52.05
2017-08-23,53.25
2017-08-24,51.825
2017-08-25,54.75
2017-08-28,52.125
2017-08-29,53.925
2017-08-30,51.825
2017-08-31,51.45
2017-09-04,52.5
2017-09-05,52.5
2017-09-06,52.5
2017-09-07,52.5
2017-09-08,52.5
2017-09-11,52.5
2017-09-12,52.5
2017-09-13,52.5
2017-09-14,52.5
2017-09-15,52.5
2017-09-18,52.5
2017-09-19,52.5
2017-09-20,51.825
2017-09-21,52.5
2017-09-25,52.5
2017-09-26,52.575
2017-09-27,52.5
2017-09-28,52.5
2017-09-29,51.15
2017-10-02,51.15
2017-10-03,51.375
2017-10-04,51.375
2017-10-05,52.508
2017-10-06,52.5
2017-10-09,51.113
2017-10-10,52.5
2017-10-11,52.875
2017-10-12,53.25
2017-10-13,53.925
2017-10-16,53.925
2017-10-17,53.925
2017-10-18,52.5
2017-10-19,52.575
2017-10-20,53.287
2017-10-23,53.287
2017-10-24,53.25
2017-10-25,53.25
2017-10-26,53.25
2017-10-27,55.238
2017-10-30,55.298
2017-10-31,54.0
2017-11-01,54.0
2017-11-02,54.0
2017-11-03,56.242
2017-11-07,53.7
2017-11-08,54.0
2017-11-09,55.425
2017-11-10,60.953
2017-11-13,60.938
2017-11-14,61.5
2017-11-15,60.0
2017-11-16,60.0
2017-11-17,64.5
2017-11-20,61.613
2017-11-21,61.613
2017-11-22,61.613
2017-11-23,62.573
2017-11-24,64.343
2017-11-27,63.0
2017-11-28,63.0
2017-11-29,63.0
2017-11-30,63.0
2017-12-04,63.75
2017-12-05,62.25
2017-12-06,61.5
2017-12-07,61.5
2017-12-08,61.5
2017-12-11,62.25
2017-12-12,62.25
2017-12-13,63.075
2017-12-14,63.0
2017-12-15,63.75
2017-12-18,60.0
2017-12-19,58.238
2017-12-20,58.35
2017-12-21,58.358
2017-12-22,59.992
2017-12-25,60.0
2017-12-26,58.65
2017-12-27,60.473
2017-12-28,61.5
2017-12-29,61.448
2018-01-02,58.95
2018-01-03,60.742
2018-01-04,60.742
2018-01-05,60.75
2018-01-08,60.75
2018-01-09,60.75
2018-01-10,60.75
2018-01-12,62.925
2018-01-15,61.238
2018-01-16,61.35
2018-01-17,62.963
2018-01-18,62.25
2018-01-19,63.675
2018-01-22,65.85
2018-01-23,66.525
2018-01-24,69.0
2018-01-25,68.25
2018-01-26,68.25
2018-01-29,68.25
2018-01-30,67.5
2018-01-31,66.15
2018-02-01,66.75
2018-02-02,66.0
2018-02-05,65.325
2018-02-06,66.75
2018-02-07,66.0
2018-02-08,64.875
2018-02-09,65.25
2018-02-12,66.75
2018-02-13,64.875
2018-02-14,66.75
2018-02-15,64.575
2018-02-16,65.25
2018-02-19,65.25
2018-02-20,65.25
2018-02-21,66.75
2018-02-22,67.125
2018-02-23,67.268
2018-02-26,66.75
2018-02-27,65.475
2018-02-28,66.742
2018-03-01,65.25
2018-03-02,66.75
2018-03-05,65.363
2018-03-06,67.117
2018-03-07,65.363
2018-03-08,65.25
2018-03-09,66.742
2018-03-12,66.742
2018-03-13,67.065
2018-03-14,66.0
2018-03-15,66.675
2018-03-16,66.713
2018-03-19,66.713
2018-03-20,65.325
2018-03-21,66.0
2018-03-22,65.25
2018-03-23,66.675
2018-03-26,64.912
2018-03-27,66.188
2018-03-28,66.188
2018-03-29,66.188
2018-03-30,66.0
2018-04-02,66.0
2018-04-03,66.0
2018-04-04,64.5
2018-04-05,66.0
2018-04-06,65.813
2018-04-09,65.813
2018-04-10,65.325
2018-04-11,64.5
2018-04-12,64.575
2018-04-13,66.0
2018-04-16,66.6
2018-04-17,66.668
2018-04-18,64.5
2018-04-19,64.5
2018-04-20,66.0
2018-04-23,65.25
2018-04-24,65.25
2018-04-25,63.383
2018-04-26,63.383
2018-04-27,64.5
2018-04-30,64.5
2018-05-02,64.5
2018-05-03,64.5
2018-05-04,64.5
2018-05-07,65.25
2018-05-08,65.903
2018-05-09,65.903
2018-05-10,65.903
2018-05-11,65.25
2018-05-14,62.633
2018-05-15,62.633
2018-05-16,62.633
2018-05-17,63.0
2018-05-18,66.75
2018-05-21,66.675
2018-05-22,62.85
2018-05-23,63.037
2018-05-24,63.075
2018-05-25,66.66
2018-05-28,66.66
2018-05-29,66.75
2018-05-30,66.367
2018-05-31,66.0
2018-06-01,62.483
2018-06-04,62.325
2018-06-05,62.325
2018-06-06,62.325
2018-06-07,63.375
2018-06-08,64.5
2018-06-11,64.5
2018-06-12,64.125
2018-06-13,61.35
2018-06-14,60.75
2018-06-18,60.75
2018-06-19,60.75
2018-06-20,60.75
2018-06-21,60.75
2018-06-22,60.75
2018-06-25,60.0
2018-06-26,60.0
2018-06-27,60.0
2018-06-28,60.0
2018-06-29,58.5
2018-07-02,62.235
2018-07-03,61.387
2018-07-04,61.387
2018-07-05,61.387
2018-07-06,61.387
2018-07-09,61.387
2018-07-10,60.0
2018-07-11,60.0
2018-07-12,60.0
2018-07-13,60.0
2018-07-16,59.85
2018-07-17,58.425
2018-07-18,57.75
2018-07-19,58.35
2018-07-20,57.75
2018-07-23,58.35
2018-07-24,57.75
2018-07-25,59.1
2018-07-26,58.5
2018-07-27,58.5
2018-07-31,58.5
2018-08-01,58.5
2018-08-02,57.0
2018-08-03,54.75
2018-08-06,51.75
2018-08-07,51.75
2018-08-08,56.85
2018-08-09,52.875
2018-08-10,55.117
2018-08-13,55.125
2018-08-15,53.25
2018-08-16,53.25
2018-08-17,53.25
2018-08-24,53.25
2018-08-27,53.25
2018-08-28,53.25
2018-08-29,54.75
2018-08-30,55.125
2018-08-31,54.75
2018-09-03,49.875
2018-09-04,53.85
2018-09-05,53.85
2018-09-06,53.85
2018-09-07,53.805
2018-09-10,54.75
2018-09-12,57.75
2018-09-13,57.75
2018-09-14,57.75
2018-09-17,55.5
2018-09-18,55.117
2018-09-19,55.117
2018-09-20,52.5
2018-09-21,54.742
2018-09-24,52.5
2018-09-25,51.0
2018-09-26,51.008
2018-09-27,51.008
2018-09-28,54.75
2018-10-01,54.75
2018-10-02,54.75
2018-10-03,54.75
2018-10-04,54.75
2018-10-05,50.25
2018-10-08,51.75
2018-10-09,52.5
2018-10-10,52.5
2018-10-11,52.5
2018-10-12,52.5
2018-10-15,52.5
2018-10-16,51.0
2018-10-17,51.0
2018-10-18,50.25
2018-10-19,53.85
2018-10-22,53.85
2018-10-23,54.367
2018-10-24,54.367
2018-10-25,54.367
2018-10-26,54.367
2018-10-29,54.367
2018-10-30,50.265
2018-10-31,51.0
2018-11-01,52.5
2018-11-02,51.0
2018-11-05,51.0
2018-11-07,51.0
2018-11-08,51.0
2018-11-09,51.0
2018-11-12,51.0
2018-11-13,51.0
2018-11-14,51.0
2018-11-15,53.925
2018-11-16,52.5
2018-11-19,51.0
2018-11-22,50.25
2018-11-23,50.25
2018-11-26,47.7
2018-11-27,50.183
2018-11-28,50.175
2018-11-29,50.175
2018-11-30,45.923
2018-12-03,46.178
2018-12-04,46.875
2018-12-05,48.0
2018-12-06,47.993
2018-12-07,46.5
2018-12-10,46.508
2018-12-11,46.508
2018-12-12,46.508
2018-12-13,47.25
2018-12-14,46.125
2018-12-17,47.213
2018-12-18,47.213
2018-12-19,47.213
2018-12-20,47.213
2018-12-21,46.5
2018-12-24,46.875
2018-12-25,47.063
2018-12-26,47.063
2018-12-27,47.063
2018-12-28,45.488
2018-12-31,46.5
2019-01-02,47.16
2019-01-03,47.025
2019-01-04,45.0
2019-01-07,45.0
2019-01-08,45.975
2019-01-09,46.125
2019-01-10,45.0
2019-01-14,45.375
2019-01-15,45.75
2019-01-16,45.9
2019-01-17,45.75
2019-01-18,45.375
2019-01-21,46.875
2019-01-22,46.875
2019-01-23,46.838
2019-01-24,46.838
2019-01-25,45.75
2019-01-28,45.75
2019-01-29,46.725
2019-01-30,46.125
2019-01-31,45.488
2019-02-01,45.0
2019-02-04,48.735
2019-02-05,45.037
2019-02-06,45.082
2019-02-07,45.128
2019-02-08,46.425
2019-02-11,45.75
2019-02-12,45.787
2019-02-13,46.5
2019-02-14,46.5
2019-02-15,46.725
2019-02-18,47.25
2019-02-19,47.25
2019-02-20,47.625
2019-02-21,47.25
2019-02-22,47.775
2019-02-25,47.25
2019-02-26,47.775
2019-02-27,47.775
2019-02-28,47.775
2019-03-01,45.75
2019-03-04,45.75
2019-03-05,47.25
2019-03-06,47.25
2019-03-07,47.588
2019-03-08,47.25
2019-03-11,47.775
2019-03-12,48.0
2019-03-13,48.0
2019-03-14,48.0
2019-03-15,48.0
2019-03-18,48.0
2019-03-19,47.1
2019-03-20,46.5
2019-03-21,46.5
2019-03-22,45.75
2019-03-25,48.0
2019-03-26,48.0
2019-03-27,47.993
2019-03-28,45.758
2019-03-29,47.25
2019-04-01,47.25
2019-04-02,47.25
2019-04-03,47.25
2019-04-04,47.25
2019-04-05,47.25
2019-04-08,46.5
2019-04-09,45.758
2019-04-10,45.758
2019-04-11,45.75
2019-04-12,45.412
2019-04-15,45.398
2019-04-16,45.39
2019-04-17,47.205
2019-04-18,47.205
2019-04-19,45.0
2019-04-22,45.375
2019-04-23,45.0
2019-04-24,46.455
2019-04-25,46.455
2019-04-26,46.455
2019-04-29,46.41
2019-04-30,46.328
2019-05-02,46.305
2019-05-03,46.313
2019-05-06,46.268
2019-05-07,46.253
2019-05-08,46.253
2019-05-09,46.253
2019-05-10,46.253
2019-05-13,46.125
2019-05-14,45.975
2019-05-15,45.975
2019-05-16,45.975
2019-05-17,45.975
2019-05-20,45.975
2019-05-21,47.25
2019-05-22,47.25
2019-05-23,47.25
2019-05-24,46.125
2019-05-27,46.125
2019-05-28,46.125
2019-05-29,46.125
2019-05-30,50.175
2019-05-31,46.125
2019-06-03,48.75
2019-06-04,46.125
2019-06-10,48.6
2019-06-11,45.263
2019-06-12,48.525
2019-06-13,48.525
2019-06-14,48.518
2019-06-17,48.518
2019-06-18,44.625
2019-06-19,44.625
2019-06-20,44.625
2019-06-21,48.518
2019-06-24,48.375
2019-06-25,48.375
2019-06-26,48.375
2019-06-27,45.503
2019-06-28,41.25
2019-07-01,41.25
2019-07-02,45.0
2019-07-03,45.0
2019-07-04,45.0
2019-07-05,45.0
2019-07-08,45.0
2019-07-09,47.243
2019-07-10,47.243
2019-07-11,47.243
2019-07-12,44.7
2019-07-15,47.175
2019-07-16,47.175
2019-07-17,45.0
2019-07-18,45.0
2019-07-19,46.343
2019-07-22,43.912
2019-07-23,46.298
2019-07-24,46.26
2019-07-25,46.23
2019-07-26,46.23
2019-07-29,46.23
2019-07-31,45.0
2019-08-01,45.0
2019-08-02,45.0
2019-08-05,45.0
2019-08-06,45.75
2019-08-07,45.825
2019-08-08,46.5
2019-08-09,46.5
2019-08-15,46.5
2019-08-16,46.5
2019-08-19,46.5
2019-08-22,46.5
2019-08-23,46.5
2019-08-26,46.5
2019-08-27,46.425
2019-08-28,45.0
2019-08-29,45.0
2019-08-30,43.613
2019-09-02,45.75
2019-09-03,45.75
2019-09-04,45.75
2019-09-05,45.75
2019-09-06,45.75
2019-09-09,45.75
2019-09-10,45.75
2019-09-11,45.75
2019-09-12,45.75
2019-09-13,45.75
2019-09-16,46.2
2019-09-17,46.2
2019-09-18,45.75
2019-09-19,45.75
2019-09-20,43.5
2019-09-23,46.268
2019-09-24,46.268
2019-09-25,45.0
2019-09-26,45.0
2019-09-27,45.0
2019-09-30,43.912
2019-10-01,46.193
2019-10-02,44.813
2019-10-03,43.912
2019-10-04,39.525
2019-10-07,39.75
2019-10-08,43.118
2019-10-09,43.118
2019-10-10,43.118
2019-10-11,38.813
2019-10-14,41.25
2019-10-15,41.258
2019-10-16,41.325
2019-10-17,42.0
2019-10-18,42.188
2019-10-21,45.0
2019-10-22,45.0
2019-10-23,45.0
2019-10-24,45.0
2019-10-25,42.075
2019-10-28,42.075
2019-10-29,42.75
2019-10-30,42.75
2019-10-31,42.75
2019-11-01,43.5
2019-11-04,43.5
2019-11-05,42.195
2019-11-07,41.25
2019-11-08,41.25
2019-11-12,41.25
2019-11-13,41.25
2019-11-14,41.25
2019-11-15,41.25
2019-11-19,41.25
2019-11-20,41.4
2019-11-21,41.625
2019-11-22,41.625
2019-11-25,41.475
2019-11-26,42.525
2019-11-27,42.518
2019-11-28,42.518
2019-11-29,41.325
2019-12-02,41.25
2019-12-03,39.9
2019-12-04,40.5
2019-12-05,41.25
2019-12-06,44.25
2019-12-09,44.25
2019-12-10,43.388
2019-12-11,43.388
2019-12-12,42.0
2019-12-13,42.75
2019-12-16,43.463
2019-12-17,43.493
2019-12-18,43.493
2019-12-19,43.463
2019-12-20,43.463
2019-12-23,43.125
2019-12-24,42.75
2019-12-25,42.75
2019-12-26,43.125
2019-12-27,42.57
2019-12-30,42.57
2019-12-31,41.925
2020-01-02,43.485
2020-01-03,43.5
2020-01-06,43.5
2020-01-07,44.25
2020-01-08,44.25
2020-01-09,44.25
2020-01-10,44.25
2020-01-13,44.993
2020-01-14,42.87
2020-01-15,42.87
2020-01-16,44.985
2020-01-17,44.985
2020-01-20,44.985
2020-01-21,44.985
2020-01-22,43.125
2020-01-23,43.088
2020-01-24,44.25
2020-01-27,44.25
2020-01-28,44.25
2020-01-29,44.25
2020-01-30,43.425
2020-01-31,43.425
2020-02-03,43.425
2020-02-04,43.425
2020-02-05,43.125
2020-02-06,43.125
2020-02-07,43.125
2020-02-10,43.5
2020-02-11,43.5
2020-02-12,41.662
2020-02-13,41.685
2020-02-14,43.125
2020-02-17,43.125
2020-02-18,43.425
2020-02-19,43.425
2020-02-20,43.425
2020-02-21,43.425
2020-02-24,42.75
2020-02-25,42.75
2020-02-26,42.75
2020-02-27,42.75
2020-02-28,42.75
2020-03-02,43.35
2020-03-03,41.625
2020-03-04,41.287
2020-03-05,43.343
2020-03-06,43.343
2020-03-09,40.5
2020-03-10,40.5
2020-03-11,40.5
2020-03-12,40.5
2020-03-13,37.5
2020-03-16,36.75
2020-03-17,36.0
2020-03-18,34.575
2020-03-19,33.195
2020-03-20,33.975
2020-03-23,35.325
2020-03-24,36.735
2020-03-25,35.625
2020-03-26,36.728
2020-03-27,36.728
2020-03-30,36.728
2020-03-31,36.728
2020-04-01,37.455
2020-04-02,37.455
2020-04-03,37.455
2020-04-06,36.0
2020-04-07,36.0
2020-04-08,34.568
2020-04-09,35.843
2020-04-10,36.675
2020-04-13,36.675
2020-04-14,36.675
2020-04-15,36.675
2020-04-16,35.993
2020-04-17,35.25
2020-04-20,35.25
2020-04-21,35.25
2020-04-22,35.25
2020-04-23,35.25
2020-04-24,34.5
2020-04-27,34.5
2020-04-28,34.5
2020-04-29,34.5
2020-04-30,34.5
2020-05-04,34.5
2020-05-05,33.75
2020-05-06,33.75
2020-05-07,33.75
2020-05-08,33.75
2020-05-11,33.75
2020-05-12,33.75
2020-05-13,34.418
2020-05-14,35.243
2020-05-15,33.9
2020-05-18,33.9
2020-05-19,33.75
2020-05-20,33.75
2020-05-21,33.75
2020-05-22,34.5
2020-05-26,35.873
2020-05-27,37.305
2020-05-28,37.305
2020-05-29,38.168
2020-06-01,39.69
2020-06-02,41.175
2020-06-03,41.25
2020-06-04,40.875
2020-06-05,40.875
2020-06-08,40.875
2020-06-09,40.875
2020-06-10,40.875
2020-06-11,42.375
2020-06-12,42.375
2020-06-15,42.375
2020-06-16,42.375
2020-06-17,40.688
2020-06-18,39.075
2020-06-19,39.0
2020-06-22,40.463
2020-06-23,40.463
2020-06-24,40.463
2020-06-25,40.463
2020-06-26,40.463
2020-06-29,40.463
2020-06-30,40.463
2020-07-01,40.463
2020-07-02,39.0
2020-07-03,40.05
2020-07-06,40.05
2020-07-07,39.0
2020-07-08,39.0
2020-07-09,40.5
2020-07-10,38.888
2020-07-13,40.35
2020-07-14,40.35
2020-07-15,40.35
2020-07-16,38.888
2020-07-17,38.888
2020-07-20,37.5
2020-07-21,37.5
2020-07-22,37.5
2020-07-23,38.993
2020-07-24,39.69
2020-07-27,39.668
2020-07-28,39.668
2020-07-29,38.085
2020-08-03,37.5
2020-08-04,37.5
2020-08-05,37.5
2020-08-06,37.5
2020-08-07,37.493
2020-08-10,37.493
2020-08-11,37.125
2020-08-12,37.125
2020-08-13,35.648
2020-08-17,37.073
2020-08-18,37.073
2020-08-19,37.073
2020-08-24,36.893
2020-08-25,36.893
2020-08-26,35.423
2020-08-27,34.5
2020-08-28,35.873
2020-08-31,37.283
2020-09-01,37.283
2020-09-02,37.275
2020-09-03,37.275
2020-09-04,37.283
2020-09-07,37.283
2020-09-08,37.283
2020-09-09,37.283
2020-09-10,37.283
2020-09-11,37.283
2020-09-14,37.275
2020-09-15,37.275
2020-09-16,37.275
2020-09-17,37.275
2020-09-18,37.275
2020-09-21,35.805
2020-09-22,37.2
2020-09-23,37.2
2020-09-24,36.75
2020-09-25,36.75
2020-09-28,36.743
2020-09-29,36.743
2020-09-30,37.162
2020-10-01,37.162
2020-10-02,37.162
2020-10-05,35.7
2020-10-06,34.988
2020-10-07,35.843
2020-10-08,35.843
2020-10-09,35.625
2020-10-12,35.625
2020-10-13,35.625
2020-10-14,36.368
2020-10-15,35.258
2020-10-16,35.633
2020-10-19,35.265
2020-10-20,35.265
2020-10-21,36.0
2020-10-22,36.0
2020-10-23,36.0
2020-10-26,34.59
2020-10-27,35.963
2020-10-28,35.963
2020-11-02,35.963
2020-11-03,34.53
2020-11-04,34.53
2020-11-05,35.91
2020-11-09,36.218
2020-11-10,36.188
2020-11-11,36.15
2020-11-12,34.875
2020-11-13,36.0
2020-11-16,36.218
2020-11-17,36.188
2020-11-19,37.388
2020-11-20,37.388
2020-11-23,37.14
2020-11-24,36.15
2020-11-25,36.225
2020-11-26,36.75
2020-11-27,36.0
2020-11-30,36.0
2020-12-01,35.625
2020-12-02,35.633
2020-12-03,35.633
2020-12-04,35.775
2020-12-07,36.375
2020-12-08,36.75
2020-12-09,36.675
2020-12-10,36.743
2020-12-11,36.0
2020-12-14,36.0
2020-12-15,36.6
2020-12-16,35.775
2020-12-17,35.813
2020-12-18,36.375
2020-12-21,35.25
2020-12-22,36.518
2020-12-23,36.518
2020-12-24,37.043
2020-12-25,37.035
2020-12-28,37.035
2020-12-29,37.035
2020-12-30,36.968
2020-12-31,36.368
2021-01-04,35.633
2021-01-05,36.368
2021-01-06,36.368
2021-01-07,36.3
2021-01-08,36.3
2021-01-12,36.3
2021-01-13,36.368
2021-01-14,35.025
2021-01-15,34.508
2021-01-18,34.898
2021-01-19,35.468
2021-01-20,35.235
2021-01-21,35.423
2021-01-22,35.25
2021-01-25,35.25
2021-01-26,35.543
2021-01-27,35.513
2021-01-28,35.55
2021-01-29,34.2
2021-02-01,35.25
2021-02-02,35.175
2021-02-03,34.875
2021-02-04,35.138
2021-02-05,35.543
2021-02-08,36.0
2021-02-09,35.918
2021-02-10,35.91
2021-02-11,35.88
2021-02-12,35.805
2021-02-15,36.375
2021-02-16,36.3
2021-02-17,36.3
2021-02-18,35.287
2021-02-19,36.053
2021-02-22,35.25
2021-02-23,35.902
2021-02-24,35.25
2021-02-25,35.843
2021-02-26,36.75
2021-03-01,36.758
2021-03-02,36.743
2021-03-03,36.0
2021-03-04,36.743
2021-03-05,36.0
2021-03-08,36.72
2021-03-09,36.412
2021-03-10,36.412
2021-03-11,36.412
2021-03-12,36.0
2021-03-15,36.728
2021-03-16,36.728
2021-03-17,36.728
2021-03-18,36.728
2021-03-19,38.19
2021-03-22,39.713
2021-03-23,41.295
2021-03-24,42.75
2021-03-25,42.075
2021-03-26,42.57
2021-03-29,42.375
2021-03-30,42.75
2021-03-31,42.75
2021-04-01,43.425
2021-04-02,42.533
2021-04-05,42.0
2021-04-06,42.75
2021-04-07,42.75
2021-04-08,43.02
2021-04-09,43.095
2021-04-12,42.0
2021-04-13,41.775
2021-04-14,41.805
2021-04-15,41.52
2021-04-16,41.625
2021-04-19,41.625
2021-04-20,41.7
2021-04-21,41.775
2021-04-22,41.475
2021-04-23,42.375
2021-04-26,42.375
2021-04-27,42.375
2021-04-28,43.5
2021-04-29,43.275
2021-04-30,43.26
2021-05-03,44.625
2021-05-04,44.55
2021-05-05,44.093
2021-05-06,43.83
2021-05-07,45.578
2021-05-10,47.175
2021-05-11,47.58
2021-05-12,47.265
2021-05-17,47.175
2021-05-18,44.25
2021-05-19,43.845
2021-05-20,42.945
2021-05-21,43.56
2021-05-24,43.493
2021-05-25,42.75
2021-05-26,43.425
2021-05-27,43.425
2021-05-28,43.125
2021-05-31,43.125
2021-06-01,42.75
2021-06-02,42.113
2021-06-03,42.0
2021-06-04,42.0
2021-06-07,42.75
2021-06-08,43.043
2021-06-09,43.38
2021-06-10,43.875
2021-06-11,43.8
2021-06-14,43.793
2021-06-15,43.8
2021-06-16,43.785
2021-06-17,43.748
2021-06-18,42.75
2021-06-21,43.8
2021-06-22,43.575
2021-06-23,43.05
2021-06-24,43.5
2021-06-25,43.875
2021-06-28,43.5
2021-06-29,44.138
2021-06-30,44.243
2021-07-01,44.588
2021-07-02,45.0
2021-07-05,45.0
2021-07-06,44.37
2021-07-07,45.75
2021-07-08,47.573
2021-07-09,47.573
2021-07-12,47.438
2021-07-13,47.363
2021-07-14,47.13
2021-07-15,47.813
2021-07-16,47.813
2021-07-19,47.91
2021-07-20,47.91
2021-07-23,48.0
2021-07-26,48.0
2021-07-27,48.203
2021-07-28,48.375
2021-07-29,48.338
2021-08-02,48.75
2021-08-03,48.75
2021-08-04,49.125
2021-08-05,49.125
2021-08-06,49.043
2021-08-09,49.5
2021-08-11,49.5
2021-08-12,49.5
2021-08-13,49.5
2021-08-16,47.535
2021-08-17,48.668
2021-08-18,48.518
2021-08-19,48.488
2021-08-23,48.675
2021-08-24,48.75
2021-08-25,48.75
2021-08-26,48.75
2021-08-27,48.75
2021-08-30,49.41
2021-08-31,49.335
2021-09-01,49.335
2021-09-02,49.343
2021-09-03,49.343
2021-09-06,49.23
2021-09-07,48.75
2021-09-08,48.75
2021-09-09,48.75
2021-09-10,49.125
2021-09-13,49.125
2021-09-14,49.125
2021-09-15,49.05
2021-09-16,49.05
2021-09-17,48.75
2021-09-20,48.75
2021-09-21,48.75
2021-09-22,48.735
2021-09-23,47.745
2021-09-24,48.742
2021-09-27,47.625
2021-09-28,48.653
2021-09-29,48.653
2021-09-30,48.0
2021-10-01,46.125
2021-10-04,46.838
2021-10-05,48.518
2021-10-06,48.443
2021-10-07,48.435
2021-10-08,46.875
2021-10-11,46.875
2021-10-12,48.405
2021-10-13,48.367
2021-10-14,48.338
2021-10-15,48.367
2021-10-18,48.398
2021-10-21,47.993
2021-10-22,47.25
2021-10-25,45.75
2021-10-26,45.9
2021-10-27,46.05
2021-10-28,47.25
2021-10-29,48.0
2021-11-01,47.993
2021-11-02,47.993
2021-11-03,48.45
2021-11-04,48.585
2021-11-05,48.585
2021-11-08,48.293
2021-11-09,48.293
2021-11-10,48.293
2021-11-11,48.278
2021-11-12,48.0
2021-11-15,45.908
2021-11-16,45.75
2021-11-17,47.13
2021-11-19,45.75
2021-11-22,47.243
2021-11-23,47.243
2021-11-24,47.243
2021-11-25,46.65
2021-11-26,46.86
2021-11-29,44.7
2021-11-30,46.5
2021-12-01,45.75
2021-12-02,45.0
2021-12-03,44.723
2021-12-06,47.22
2021-12-07,47.198
2021-12-08,45.023
2021-12-09,45.0
2021-12-10,47.213
2021-12-13,46.5
2021-12-14,46.485
2021-12-15,46.455
2021-12-16,46.455
2021-12-17,47.093
2021-12-20,47.085
2021-12-21,47.063
2021-12-22,47.063
2021-12-23,47.063
2021-12-24,49.875
2021-12-27,49.875
2021-12-28,49.875
2021-12-29,49.875
2021-12-30,49.875
2021-12-31,51.0
2022-01-03,50.925
2022-01-04,50.925
2022-01-05,50.925
2022-01-06,50.925
2022-01-07,50.933
2022-01-10,50.933
2022-01-12,50.933
2022-01-13,50.933
2022-01-14,51.037
2022-01-17,49.582
2022-01-18,51.037
2022-01-19,51.75
2022-01-20,51.75
2022-01-21,52.5
2022-01-24,51.75
2022-01-25,51.75
2022-01-26,51.75
2022-01-27,51.75
2022-01-28,51.375
2022-01-31,51.3
2022-02-01,51.3
2022-02-02,51.0
2022-02-03,51.0
2022-02-04,51.0
2022-02-07,50.25
2022-02-08,51.0
2022-02-09,52.26
2022-02-10,52.275
2022-02-11,52.275
2022-02-14,51.75
2022-02-15,51.75
2022-02-16,52.125
2022-02-17,52.125
2022-02-18,52.125
2022-02-21,52.485
2022-02-22,51.0
2022-02-23,50.393
2022-02-24,48.675
2022-02-25,51.225
2022-02-28,51.218
2022-03-01,51.0
2022-03-02,48.0
2022-03-03,49.425
2022-03-04,46.95
2022-03-07,45.525
2022-03-08,45.0
2022-03-09,45.0
2022-03-10,47.475
2022-03-11,47.175
2022-03-14,46.5
2022-03-15,47.325
2022-03-16,47.325
2022-03-17,46.162
2022-03-18,47.768
2022-03-21,47.768
2022-03-22,48.75
2022-03-23,47.25
2022-03-24,48.375
2022-03-25,46.537
2022-03-28,48.36
2022-03-29,48.75
2022-03-30,48.375
2022-03-31,48.75
2022-04-01,48.75
2022-04-04,48.75
2022-04-05,49.5
2022-04-06,49.492
2022-04-07,49.425
2022-04-08,49.125
2022-04-11,49.425
2022-04-12,49.5
2022-04-13,49.5
2022-04-14,48.75
2022-04-15,48.0
2022-04-18,48.0
2022-04-19,47.25
2022-04-20,47.625
2022-04-21,48.75
2022-04-22,48.0
2022-04-25,49.5
2022-04-26,48.75
2022-04-27,48.75
2022-04-28,49.5
2022-04-29,49.5
2022-05-04,49.5
2022-05-05,49.867
2022-05-06,49.5
2022-05-09,49.86
2022-05-10,48.75
2022-05-11,48.0
2022-05-12,48.675
2022-05-13,49.05
2022-05-16,49.5
2022-05-17,49.5
2022-05-18,48.188
2022-05-19,48.0
2022-05-20,48.262
2022-05-23,48.262
2022-05-24,48.262
2022-05-25,47.993
2022-05-26,47.625
2022-05-27,47.625
2022-05-30,47.625
2022-05-31,47.625
2022-06-01,47.25
2022-06-02,48.375
2022-06-03,47.963
2022-06-06,47.963
2022-06-07,47.813
2022-06-08,46.5
2022-06-09,46.65
2022-06-10,48.375
2022-06-13,51.27
2022-06-14,54.34
2022-06-15,57.6
2022-06-16,61.0
2022-06-17,58.0
2022-06-20,54.53
2022-06-21,53.0
2022-06-22,52.45
2022-06-23,52.0
2022-06-24,50.96
2022-06-27,49.05
2022-06-28,50.42
2022-06-29,50.39
2022-06-30,50.39
2022-07-01,49.99
2022-07-04,49.99
2022-07-05,49.0
2022-07-06,48.5
2022-07-07,48.0
2022-07-08,49.4
2022-07-12,46.91
2022-07-13,49.4
2022-07-14,49.39
2022-07-15,49.39
2022-07-18,49.0
2022-07-19,47.7
2022-07-20,48.1
2022-07-21,47.95
2022-07-22,45.1
2022-07-25,45.9
2022-07-26,46.49
2022-07-27,46.28
2022-07-28,46.28
2022-07-29,45.0
2022-08-01,45.97
2022-08-02,45.01
2022-08-03,46.0
2022-08-04,45.0
2022-08-05,45.0
2022-08-08,46.0
2022-08-09,47.35
2022-08-10,47.0
2022-08-11,47.0
2022-08-12,47.36
2022-08-15,48.9
2022-08-16,49.2
2022-08-17,49.99
2022-08-18,50.95
2022-08-19,50.22
2022-08-22,51.8
2022-08-23,50.98
2022-08-24,50.98
2022-08-25,50.97
2022-08-26,51.49
2022-08-29,51.38
2022-08-30,49.99
2022-08-31,50.9
2022-09-01,51.2
2022-09-02,51.64
2022-09-05,51.0
2022-09-06,51.65
2022-09-07,51.65
2022-09-08,51.78
2022-09-09,50.9
2022-09-12,51.83
2022-09-13,51.83
2022-09-14,50.55
2022-09-15,51.8
2022-09-16,51.7
2022-09-19,49.5
2022-09-20,49.0
2022-09-21,51.4
2022-09-22,49.0
2022-09-23,49.99
2022-09-26,48.0
2022-09-27,46.0
2022-09-28,46.0
2022-09-29,46.0
2022-09-30,46.0
2022-10-03,48.0
2022-10-04,45.13
2022-10-05,45.5
2022-10-06,44.0
2022-10-07,46.6
2022-10-11,46.48
2022-10-12,45.0
2022-10-13,46.54
2022-10-14,46.74
2022-10-17,44.5
2022-10-18,44.02
2022-10-19,46.24
2022-10-20,46.24
2022-10-21,45.9
2022-10-24,45.94
2022-10-25,45.95
2022-10-26,45.86
2022-10-27,45.5
2022-10-28,45.1
2022-10-31,44.0
2022-11-01,45.4
2022-11-02,45.69
2022-11-03,45.35
2022-11-04,45.35
2022-11-07,44.2
2022-11-08,44.2
2022-11-09,45.33
2022-11-10,44.1
2022-11-11,44.1
2022-11-14,45.33
2022-11-15,44.9
2022-11-16,44.95
2022-11-17,44.95
2022-11-21,44.95
2022-11-22,44.55
2022-11-23,44.95
2022-11-24,44.97
2022-11-25,44.99
2022-11-28,44.5
2022-11-29,44.99
2022-11-30,44.5
2022-12-01,45.0
2022-12-02,46.0
2022-12-05,46.0
2022-12-06,47.0
2022-12-07,45.5
2022-12-08,45.5
2022-12-09,45.5
2022-12-12,45.5
2022-12-13,45.5
2022-12-14,45.42
2022-12-15,45.0
2022-12-16,45.5
2022-12-19,45.5
2022-12-20,45.49
2022-12-21,45.48
2022-12-22,45.35
2022-12-23,45.46
2022-12-26,45.1
2022-12-27,45.1
2022-12-28,44.99
2022-12-29,45.0
2022-12-30,45.5
2023-01-02,45.95
2023-01-03,43.2
2023-01-04,40.61
2023-01-05,40.7
2023-01-06,42.73
2023-01-09,40.6
2023-01-10,40.01
2023-01-12,41.99
2023-01-13,42.0
2023-01-16,40.7
2023-01-17,40.7
2023-01-18,42.0
2023-01-19,42.0
2023-01-20,42.0
2023-01-23,43.89
2023-01-24,43.0
2023-01-25,41.01
2023-01-26,41.01
2023-01-27,42.0
2023-01-30,42.0
2023-01-31,40.76
2023-02-01,43.2
2023-02-02,42.0
2023-02-03,42.0
2023-02-06,42.95
2023-02-07,42.95
2023-02-08,42.9
2023-02-09,42.9
2023-02-10,42.9
2023-02-13,42.96
2023-02-14,43.95
2023-02-15,43.91
2023-02-16,43.95
2023-02-17,44.0
2023-02-20,43.95
2023-02-21,43.2
2023-02-22,42.95
2023-02-23,42.9
2023-02-24,43.45
2023-02-27,43.94
2023-02-28,43.94
2023-03-01,43.94
2023-03-02,43.0
2023-03-03,43.91
2023-03-06,43.79
2023-03-07,42.9
2023-03-08,42.9
2023-03-09,42.9
2023-03-10,42.9
2023-03-13,42.9
2023-03-14,42.1
2023-03-15,41.19
2023-03-16,42.9
2023-03-17,42.9
2023-03-20,42.94
2023-03-21,42.9
2023-03-22,42.9
2023-03-23,42.9
2023-03-24,42.89
2023-03-27,42.89
2023-03-28,42.9
2023-03-29,42.94
2023-03-30,41.9
2023-03-31,41.9
2023-04-03,41.93
2023-04-04,41.5
2023-04-05,40.5
2023-04-06,41.49
2023-04-07,42.0
2023-04-10,41.99
2023-04-11,42.0
2023-04-12,41.9
2023-04-13,41.99
2023-04-14,41.75
2023-04-17,41.75
2023-04-18,41.99
2023-04-19,41.99
2023-04-20,41.97
2023-04-21,41.1
2023-04-25,41.1
2023-04-26,42.12
2023-04-27,41.99
2023-04-28,41.5
2023-05-02,41.5
2023-05-03,42.07
2023-05-04,42.04
2023-05-05,42.0
2023-05-08,42.08
2023-05-09,42.15
2023-05-10,43.1
2023-05-11,43.1
2023-05-12,44.0
2023-05-15,44.0
2023-05-16,43.2
2023-05-17,44.55
2023-05-18,44.55
2023-05-19,44.5
2023-05-22,45.0
2023-05-23,44.49
2023-05-24,44.0
2023-05-25,43.89
2023-05-26,43.89
2023-05-29,44.99
2023-05-30,43.5
2023-05-31,44.5
2023-06-01,44.1
2023-06-02,45.0
2023-06-05,44.95
2023-06-06,43.0
2023-06-07,43.7
2023-06-08,44.0
2023-06-09,43.5
2023-06-12,42.6
2023-06-13,42.6
2023-06-14,43.2
2023-06-15,42.2
2023-06-16,43.35
2023-06-19,43.35
2023-06-20,43.0
2023-06-21,42.51
2023-06-22,43.45
2023-06-23,43.5
2023-06-26,43.5
2023-06-27,43.45
2023-06-28,43.45
2023-07-03,43.68
2023-07-04,43.67
2023-07-05,43.5
2023-07-06,43.65
2023-07-07,43.6
2023-07-10,43.5
2023-07-11,42.76
2023-07-12,43.5
2023-07-13,43.5
2023-07-14,43.21
2023-07-17,43.2
2023-07-18,43.5
2023-07-20,43.65
2023-07-21,43.84
2023-07-24,43.85
2023-07-25,43.6
2023-07-26,43.8
2023-07-27,43.4
2023-07-28,43.6
2023-07-31,44.0
2023-08-01,44.4
2023-08-02,43.2
2023-08-03,44.39
2023-08-04,44.2
2023-08-07,44.3
2023-08-08,44.1
2023-08-09,44.2
2023-08-10,44.2
2023-08-11,44.0
2023-08-15,44.39
2023-08-16,44.39
2023-08-17,44.39
2023-08-18,44.29
2023-08-22,44.24
2023-08-23,43.5
2023-08-24,43.5
2023-08-25,44.0
2023-08-28,44.0
2023-08-29,44.0
2023-08-30,44.28
2023-08-31,43.4
2023-09-01,43.4
2023-09-04,43.4
2023-09-05,44.0
2023-09-06,43.5
2023-09-07,43.8
2023-09-08,43.8
2023-09-11,43.5
2023-09-12,42.71
2023-09-13,44.59
2023-09-14,44.0
2023-09-15,44.0
2023-09-18,43.55
2023-09-19,43.0
2023-09-20,45.57
2023-09-21,47.0
2023-09-22,44.19
2023-09-25,45.5
2023-09-26,45.44
2023-09-27,45.0
2023-10-02,45.0
2023-10-03,44.2
2023-10-04,44.0
2023-10-05,46.63
2023-10-06,46.63
2023-10-09,47.0
2023-10-10,47.0
2023-10-11,47.0
2023-10-12,47.49
2023-10-13,43.0
2023-10-16,46.47
2023-10-17,44.8
2023-10-18,46.15
2023-10-19,46.91
2023-10-20,47.5
2023-10-23,46.5
2023-10-24,47.0
2023-10-25,46.95
2023-10-26,47.49
2023-10-27,47.5
2023-10-30,47.5
2023-10-31,47.88
2023-11-01,47.5
2023-11-02,47.5
2023-11-03,47.1
2023-11-07,47.1
2023-11-08,46.8
2023-11-09,45.4
2023-11-10,46.99
2023-11-13,45.51
2023-11-14,46.98
2023-11-15,46.5
2023-11-16,46.5
2023-11-17,47.5
2023-11-20,47.4
2023-11-21,46.5
2023-11-22,46.5
2023-11-23,46.0
2023-11-24,47.0
2023-11-27,46.99
2023-11-28,45.11
2023-11-29,46.8
2023-11-30,45.05
2023-12-01,46.99
2023-12-04,46.49
2023-12-05,46.4
2023-12-06,46.99
2023-12-07,46.5
2023-12-08,46.5
2023-12-11,45.3
2023-12-12,46.49
2023-12-13,46.4
2023-12-14,46.49
2023-12-15,47.0
2023-12-18,47.4
2023-12-19,47.4
2023-12-20,47.4
2023-12-21,44.5
2023-12-22,46.99
2023-12-25,47.0
2023-12-26,47.0
2023-12-27,47.0
2023-12-28,46.98
2023-12-29,46.5
2024-01-02,46.9
2024-01-03,46.76
2024-01-04,46.7
2024-01-05,46.5
2024-01-08,45.61
2024-01-09,46.4
2024-01-10,47.09
2024-01-12,45.68
2024-01-15,45.51
2024-01-16,46.46
2024-01-17,45.5
2024-01-18,45.5
2024-01-19,46.0
2024-01-22,46.0
2024-01-23,46.0
2024-01-24,45.99
2024-01-25,45.9
2024-01-26,45.6
2024-01-29,45.89
2024-01-30,45.75
2024-01-31,45.69
2024-02-01,45.0
2024-02-02,45.7
2024-02-05,45.7
2024-02-06,45.5
2024-02-07,45.69
2024-02-08,44.5
2024-02-09,45.69
2024-02-12,45.6
2024-02-13,45.6
2024-02-14,45.6
2024-02-15,45.0
2024-02-16,44.2
2024-02-19,44.4
2024-02-20,44.17
2024-02-21,45.49
2024-02-22,44.25
2024-02-23,45.5
2024-02-26,45.49
2024-02-27,45.45
2024-02-28,45.44
2024-02-29,45.3
2024-03-01,45.5
2024-03-04,44.8
2024-03-05,44.9
2024-03-06,44.24
2024-03-07,45.0
2024-03-08,45.5
2024-03-11,45.5
2024-03-12,45.5
2024-03-13,46.19
2024-03-14,46.15
2024-03-15,45.2
2024-03-18,46.0
2024-03-19,46.4
2024-03-20,46.55
2024-03-21,47.0
2024-03-22,47.0
2024-03-25,47.0
2024-03-26,46.16
2024-03-27,46.98
2024-03-28,50.0
2024-03-29,49.5
2024-04-01,49.5
2024-04-02,49.0
2024-04-03,48.4
2024-04-04,49.0
2024-04-05,49.39
2024-04-08,48.0
2024-04-09,49.29
2024-04-15,49.9
2024-04-16,48.9
2024-04-17,51.0
2024-04-18,54.85
2024-04-19,54.0
2024-04-22,52.0
2024-04-23,52.0
2024-04-24,51.99
2024-04-25,53.5
2024-04-26,53.99
2024-04-29,53.99
2024-04-30,53.0
2024-05-02,53.0
2024-05-03,52.95
2024-05-06,52.79
2024-05-07,52.8
2024-05-08,52.82
2024-05-09,53.0
2024-05-10,53.95
2024-05-13,53.95
2024-05-14,56.97
2024-05-15,56.5
2024-05-16,55.2
2024-05-17,56.48
2024-05-20,56.38
2024-05-21,54.5
2024-05-22,54.9
2024-05-23,55.85
2024-05-24,55.0
2024-05-27,55.5
2024-05-28,55.5
2024-05-29,55.85
2024-05-30,55.0
2024-05-31,54.9
2024-06-03,55.99
2024-06-04,55.98
2024-06-05,55.0
2024-06-06,53.0
2024-06-07,54.0
2024-06-10,53.99
2024-06-11,53.97
2024-06-12,52.02
2024-06-13,53.0
2024-06-14,52.98
2024-06-19,53.4
2024-06-20,52.99
2024-06-21,53.71
2024-06-24,50.11
2024-06-25,52.0
2024-06-26,52.98
2024-06-27,52.69
2024-06-28,52.97
2024-07-01,52.93
2024-07-02,50.06
2024-07-03,51.19
2024-07-04,51.13
2024-07-05,51.13
2024-07-08,50.99
2024-07-09,51.34
2024-07-10,51.95
2024-07-11,51.95
2024-07-12,51.99
2024-07-15,51.95
2024-07-16,51.3
2024-07-17,51.0
2024-07-18,50.0
2024-07-19,51.99
2024-07-22,51.99
2024-07-23,52.0
2024-07-24,53.89
2024-07-25,52.99
2024-07-26,53.6
2024-07-29,53.8
2024-07-31,53.45
2024-08-01,53.45
2024-08-02,53.73
2024-08-05,53.0
2024-08-06,53.0
2024-08-07,52.99
2024-08-08,52.0
2024-08-09,52.0
2024-08-12,52.0
2024-08-13,52.0
2024-08-15,50.0
2024-08-16,50.5
2024-08-19,51.5
2024-08-22,52.95
2024-08-23,53.0
2024-08-26,52.39
2024-08-27,51.96
2024-08-28,51.72
2024-08-29,51.94
2024-08-30,52.0
2024-09-02,51.99
2024-09-03,51.98
2024-09-04,51.0
2024-09-05,51.7
2024-09-06,51.0
2024-09-09,51.5
2024-09-10,51.39
2024-09-11,51.56
2024-09-12,51.57
2024-09-13,51.58
2024-09-18,51.54
2024-09-19,51.47
2024-09-20,51.0
2024-09-23,50.99
2024-09-24,50.9
2024-09-25,50.98
2024-09-26,50.5
2024-09-27,54.0
2024-09-30,53.7
2024-10-01,51.5
2024-10-02,51.5
2024-10-03,51.8
2024-10-04,52.0
2024-10-07,51.2
2024-10-08,51.4
2024-10-09,53.0
2024-10-10,52.7
2024-10-11,52.7
2024-10-14,52.55
2024-10-15,51.99
2024-10-16,51.0
2024-10-17,51.19
2024-10-18,52.8
2024-10-21,51.5
2024-10-22,51.99
2024-10-23,51.0
2024-10-24,51.0
2024-10-25,51.0
2024-10-28,51.0
2024-10-29,51.98
2024-10-30,50.99
2024-10-31,50.25
2024-11-01,50.99
2024-11-04,51.88
2024-11-05,50.5
2024-11-07,51.89
2024-11-08,50.4
2024-11-11,52.0
2024-11-12,52.9
2024-11-13,50.21
2024-11-14,52.5
2024-11-15,52.52
2024-11-19,51.0
2024-11-20,51.06
2024-11-21,52.47
2024-11-22,52.6
2024-11-25,52.6
2024-11-26,52.69
2024-11-27,52.5
2024-11-28,51.26
2024-11-29,52.52
2024-12-02,52.38
2024-12-03,52.79
2024-12-04,52.5
2024-12-05,52.72
2024-12-06,52.5
2024-12-09,51.51
2024-12-10,52.0
2024-12-11,52.3
2024-12-12,52.29
2024-12-13,53.0
2024-12-16,53.0
2024-12-17,51.9
2024-12-18,53.0
2024-12-19,53.0
2024-12-20,52.97
2024-12-23,52.97
2024-12-24,52.97
2024-12-25,52.9
2024-12-26,53.0
2024-12-27,53.5
2024-12-30,54.99
2024-12-31,56.0
2025-01-02,58.85
2025-01-03,61.98
2025-01-06,59.0
2025-01-07,60.0
2025-01-08,60.58
2025-01-09,61.94
2025-01-10,61.0
2025-01-13,60.99
2025-01-15,60.49
2025-01-16,60.4
2025-01-17,60.0
2025-01-20,59.9
2025-01-21,59.8
2025-01-22,58.01
2025-01-23,59.67
2025-01-24,59.0
2025-01-27,59.5
2025-01-28,59.39
2025-01-29,59.5
2025-01-30,61.0
2025-01-31,59.5
2025-02-03,59.99
2025-02-04,59.9
2025-02-05,59.79
2025-02-06,58.3
2025-02-07,59.5
2025-02-10,58.6
2025-02-11,58.61
2025-02-12,59.75
2025-02-13,60.5
2025-02-14,60.49
2025-02-17,59.0
2025-02-18,57.5
2025-02-19,57.5
2025-02-20,59.0
2025-02-21,59.7
2025-02-24,59.7
2025-02-25,59.0
2025-02-26,59.0
2025-02-27,58.7
2025-02-28,59.48
2025-03-03,57.5
2025-03-04,59.34
2025-03-05,59.33
2025-03-06,58.99
2025-03-07,58.0
2025-03-10,58.99
2025-03-11,58.9
2025-03-12,58.7
2025-03-13,58.5
2025-03-14,58.69
2025-03-17,58.69
2025-03-18,60.0
2025-03-19,59.0
2025-03-20,64.89
2025-03-21,65.5
2025-03-24,64.0
2025-03-25,62.53
2025-03-26,61.0
2025-03-27,61.9
2025-03-28,62.89
2025-04-02,63.0
2025-04-03,61.1
2025-04-04,62.3
2025-04-07,57.5
2025-04-08,59.0
2025-04-09,59.6
2025-04-10,59.5
2025-04-11,59.0
2025-04-14,59.49
2025-04-15,61.9
2025-04-16,60.0
2025-04-17,60.5
2025-04-18,60.49
2025-04-21,60.0
2025-04-22,60.0
2025-04-23,58.56
2025-04-24,59.75
2025-04-25,59.85
2025-04-28,59.5
2025-04-29,59.48
2025-04-30,59.47
2025-05-02,58.51
2025-05-05,58.72
2025-05-06,58.51
2025-05-07,59.49
2025-05-08,59.49
