date,CRS
2006-06-21,15.833
2006-06-22,15.417
2006-06-23,15.5
2006-06-26,15.5
2006-06-27,15.4
2006-06-28,15.417
2006-06-29,15.5
2006-06-30,16.0
2006-07-03,16.167
2006-07-04,16.167
2006-07-05,15.917
2006-07-06,15.917
2006-07-07,15.742
2006-07-10,15.417
2006-07-11,15.417
2006-07-12,15.4
2006-07-13,15.167
2006-07-14,15.167
2006-07-17,15.0
2006-07-18,15.0
2006-07-19,15.417
2006-07-20,15.333
2006-07-21,15.167
2006-07-24,15.0
2006-07-25,15.0
2006-07-26,15.0
2006-07-27,15.0
2006-07-28,14.583
2006-07-31,14.583
2006-08-01,14.833
2006-08-02,14.833
2006-08-03,14.833
2006-08-04,15.083
2006-08-07,15.0
2006-08-08,15.417
2006-08-09,15.417
2006-08-10,15.417
2006-08-11,15.417
2006-08-15,15.625
2006-08-16,15.417
2006-08-17,15.417
2006-08-18,15.0
2006-08-22,15.083
2006-08-23,15.0
2006-08-24,15.167
2006-08-25,15.167
2006-08-28,15.167
2006-08-29,15.167
2006-08-30,15.167
2006-08-31,15.0
2006-09-01,15.167
2006-09-04,15.083
2006-09-05,15.6
2006-09-06,15.417
2006-09-07,15.417
2006-09-08,15.333
2006-09-11,15.258
2006-09-12,15.25
2006-09-13,15.408
2006-09-14,15.0
2006-09-15,15.0
2006-09-18,15.0
2006-09-19,15.0
2006-09-20,15.0
2006-09-21,15.0
2006-09-22,15.0
2006-09-25,15.0
2006-09-26,15.167
2006-09-27,15.25
2006-09-28,15.167
2006-09-29,15.0
2006-10-02,15.125
2006-10-03,15.083
2006-10-04,15.079
2006-10-05,15.0
2006-10-06,15.0
2006-10-09,15.0
2006-10-10,15.0
2006-10-11,14.917
2006-10-12,14.917
2006-10-13,14.583
2006-10-16,14.583
2006-10-17,14.5
2006-10-18,14.508
2006-10-19,14.583
2006-10-20,14.583
2006-10-23,14.583
2006-10-26,14.75
2006-10-27,14.667
2006-10-30,14.667
2006-10-31,14.917
2006-11-01,14.758
2006-11-02,14.667
2006-11-03,14.75
2006-11-07,15.417
2006-11-08,15.55
2006-11-09,15.167
2006-11-10,15.167
2006-11-13,15.083
2006-11-14,15.167
2006-11-15,15.167
2006-11-16,14.833
2006-11-17,15.083
2006-11-20,14.833
2006-11-21,14.875
2006-11-22,14.842
2006-11-23,14.75
2006-11-24,14.667
2006-11-27,14.583
2006-11-28,14.25
2006-11-29,14.25
2006-11-30,14.421
2006-12-01,14.583
2006-12-04,14.583
2006-12-05,14.75
2006-12-06,14.917
2006-12-07,15.083
2006-12-08,15.167
2006-12-11,15.417
2006-12-12,15.583
2006-12-13,15.833
2006-12-14,15.417
2006-12-15,15.167
2006-12-18,15.167
2006-12-19,15.083
2006-12-20,15.042
2006-12-21,15.0
2006-12-22,15.083
2006-12-26,15.0
2006-12-27,14.508
2006-12-28,15.167
2006-12-29,15.167
2007-01-02,15.083
2007-01-03,15.0
2007-01-04,14.917
2007-01-05,15.0
2007-01-08,15.0
2007-01-09,15.0
2007-01-10,15.083
2007-01-12,15.167
2007-01-15,15.083
2007-01-16,15.0
2007-01-17,14.917
2007-01-18,15.0
2007-01-19,15.0
2007-01-22,14.917
2007-01-23,15.0
2007-01-24,14.983
2007-01-25,15.458
2007-01-26,15.417
2007-01-29,15.417
2007-01-30,15.417
2007-01-31,15.417
2007-02-01,15.667
2007-02-02,15.483
2007-02-05,15.0
2007-02-06,15.458
2007-02-07,15.417
2007-02-08,15.583
2007-02-09,15.917
2007-02-12,15.75
2007-02-13,15.667
2007-02-14,16.25
2007-02-15,16.083
2007-02-16,17.046
2007-02-19,18.067
2007-02-20,18.417
2007-02-21,18.992
2007-02-22,17.854
2007-02-23,18.25
2007-02-26,17.5
2007-02-27,17.25
2007-02-28,18.083
2007-03-01,18.0
2007-03-02,18.083
2007-03-05,18.125
2007-03-06,19.0
2007-03-07,19.667
2007-03-08,20.758
2007-03-09,21.167
2007-03-12,20.667
2007-03-13,19.833
2007-03-14,20.083
2007-03-15,20.0
2007-03-16,19.9
2007-03-19,19.75
2007-03-20,19.667
2007-03-21,19.775
2007-03-22,19.75
2007-03-23,19.417
2007-03-26,19.167
2007-03-27,19.583
2007-03-28,19.158
2007-03-29,19.083
2007-03-30,18.333
2007-04-03,18.258
2007-04-04,18.167
2007-04-05,18.288
2007-04-06,18.333
2007-04-09,18.7
2007-04-10,18.75
2007-04-11,18.5
2007-04-12,18.625
2007-04-13,19.167
2007-04-16,19.917
2007-04-17,20.75
2007-04-18,21.417
2007-04-19,22.067
2007-04-20,21.671
2007-04-23,22.083
2007-04-24,22.242
2007-04-25,22.329
2007-04-26,23.579
2007-04-27,23.417
2007-04-30,24.167
2007-05-02,22.833
2007-05-03,21.683
2007-05-04,22.917
2007-05-07,22.75
2007-05-08,22.5
2007-05-09,21.917
2007-05-10,21.5
2007-05-11,21.083
2007-05-14,20.0
2007-05-15,21.167
2007-05-16,22.417
2007-05-17,23.0
2007-05-18,22.829
2007-05-21,22.417
2007-05-22,22.083
2007-05-23,21.667
2007-05-24,21.667
2007-05-25,21.667
2007-05-28,21.5
2007-05-29,21.417
2007-05-30,21.417
2007-05-31,22.083
2007-06-01,21.958
2007-06-04,22.0
2007-06-05,21.833
2007-06-06,21.917
2007-06-07,21.75
2007-06-08,21.667
2007-06-11,21.667
2007-06-12,21.583
2007-06-13,21.083
2007-06-14,21.238
2007-06-15,21.321
2007-06-18,21.167
2007-06-19,21.158
2007-06-20,21.0
2007-06-21,20.667
2007-06-22,20.5
2007-06-25,20.417
2007-06-26,20.833
2007-06-27,20.833
2007-06-28,21.658
2007-06-29,21.996
2007-07-02,22.083
2007-07-03,22.0
2007-07-04,22.083
2007-07-05,21.917
2007-07-06,21.833
2007-07-09,21.838
2007-07-10,20.833
2007-07-11,21.608
2007-07-12,21.5
2007-07-13,21.4
2007-07-16,21.458
2007-07-17,21.333
2007-07-18,21.217
2007-07-19,21.225
2007-07-20,21.0
2007-07-23,20.908
2007-07-24,20.983
2007-07-25,21.0
2007-07-26,21.15
2007-07-27,21.167
2007-07-31,21.25
2007-08-01,21.5
2007-08-02,21.417
2007-08-03,22.25
2007-08-06,22.25
2007-08-07,22.0
2007-08-08,22.333
2007-08-09,22.25
2007-08-10,22.167
2007-08-13,22.083
2007-08-15,21.667
2007-08-16,21.821
2007-08-17,21.583
2007-08-22,21.667
2007-08-23,21.583
2007-08-24,21.5
2007-08-27,21.5
2007-08-28,22.079
2007-08-29,22.083
2007-08-30,22.083
2007-08-31,22.0
2007-09-05,25.6
2007-09-06,25.0
2007-09-07,24.6
2007-09-10,24.6
2007-09-11,24.0
2007-09-12,23.9
2007-09-13,23.9
2007-09-14,23.55
2007-09-17,23.4
2007-09-18,22.5
2007-09-19,22.4
2007-09-20,22.7
2007-09-21,22.4
2007-09-24,22.3
2007-09-25,22.0
2007-09-26,22.4
2007-09-27,22.4
2007-09-28,22.005
2007-10-01,22.8
2007-10-02,22.8
2007-10-03,22.6
2007-10-04,22.6
2007-10-05,22.525
2007-10-08,22.4
2007-10-09,22.45
2007-10-10,22.25
2007-10-11,22.1
2007-10-12,22.4
2007-10-15,22.3
2007-10-16,22.24
2007-10-17,22.2
2007-10-18,22.0
2007-10-19,22.6
2007-10-22,23.4
2007-10-23,24.7
2007-10-24,25.0
2007-10-25,24.39
2007-10-26,23.9
2007-10-29,23.5
2007-10-30,23.3
2007-10-31,22.9
2007-11-01,23.0
2007-11-02,23.9
2007-11-05,24.0
2007-11-07,23.7
2007-11-08,23.26
2007-11-09,23.5
2007-11-12,22.6
2007-11-13,22.8
2007-11-14,22.4
2007-11-15,22.8
2007-11-16,22.8
2007-11-19,22.7
2007-11-20,21.4
2007-11-21,21.74
2007-11-22,21.6
2007-11-23,21.41
2007-11-26,21.36
2007-11-27,22.595
2007-11-28,22.35
2007-11-29,22.0
2007-11-30,22.04
2007-12-03,22.68
2007-12-04,22.5
2007-12-05,22.5
2007-12-06,22.46
2007-12-07,22.0
2007-12-10,21.5
2007-12-11,21.74
2007-12-12,21.4
2007-12-13,21.3
2007-12-14,21.23
2007-12-17,21.23
2007-12-18,21.3
2007-12-19,20.73
2007-12-20,20.83
2007-12-24,20.83
2007-12-25,20.7
2007-12-26,20.1
2007-12-27,19.8
2007-12-28,20.2
2007-12-31,20.8
2008-01-02,21.0
2008-01-03,21.195
2008-01-04,21.05
2008-01-07,20.63
2008-01-08,20.42
2008-01-09,21.0
2008-01-14,21.0
2008-01-15,21.4
2008-01-16,20.71
2008-01-17,21.37
2008-01-18,21.5
2008-01-21,21.13
2008-01-22,20.8
2008-01-23,21.2
2008-01-24,20.81
2008-01-25,21.03
2008-01-28,21.0
2008-01-29,20.73
2008-01-30,20.7
2008-01-31,20.9
2008-02-01,20.995
2008-02-04,20.6
2008-02-05,20.9
2008-02-06,20.9
2008-02-07,20.94
2008-02-08,20.73
2008-02-11,20.8
2008-02-12,20.89
2008-02-13,20.4
2008-02-14,20.7
2008-02-15,20.4
2008-02-18,20.575
2008-02-19,20.45
2008-02-20,20.46
2008-02-21,20.4
2008-02-22,20.75
2008-02-25,20.63
2008-02-26,20.56
2008-02-27,20.3
2008-02-28,20.5
2008-02-29,20.45
2008-03-03,20.445
2008-03-04,20.1
2008-03-05,20.2
2008-03-06,20.4
2008-03-07,20.4
2008-03-10,20.39
2008-03-11,20.38
2008-03-12,20.24
2008-03-13,20.02
2008-03-14,20.38
2008-03-17,20.14
2008-03-18,19.9
2008-03-19,20.34
2008-03-24,21.0
2008-03-25,20.8
2008-03-26,20.2
2008-03-27,20.0
2008-03-28,19.94
2008-03-31,19.91
2008-04-01,19.99
2008-04-02,19.67
2008-04-03,20.0
2008-04-04,20.0
2008-04-07,19.94
2008-04-08,19.94
2008-04-09,19.94
2008-04-10,19.43
2008-04-11,19.4
2008-04-14,19.0
2008-04-15,19.1
2008-04-16,18.995
2008-04-17,18.1
2008-04-18,18.2
2008-04-21,18.2
2008-04-22,17.75
2008-04-23,17.79
2008-04-24,16.9
2008-04-25,16.9
2008-04-28,16.8
2008-04-29,16.66
2008-04-30,15.88
2008-05-02,16.5
2008-05-05,16.6
2008-05-06,16.3
2008-05-07,16.36
2008-05-08,16.2
2008-05-09,17.17
2008-05-12,17.2
2008-05-13,17.2
2008-05-14,17.2
2008-05-15,16.8
2008-05-16,17.0
2008-05-19,16.9
2008-05-20,17.195
2008-05-21,16.7
2008-05-22,16.7
2008-05-23,16.7
2008-05-26,16.65
2008-05-27,16.77
2008-05-28,16.67
2008-05-29,16.54
2008-05-30,17.2
2008-06-02,16.9
2008-06-03,17.0
2008-06-04,17.18
2008-06-05,16.97
2008-06-06,17.13
2008-06-09,18.15
2008-06-10,18.85
2008-06-11,18.945
2008-06-12,19.1
2008-06-13,18.5
2008-06-16,18.44
2008-06-17,18.0
2008-06-18,17.9
2008-06-19,17.115
2008-06-20,17.3
2008-06-23,17.3
2008-06-24,17.48
2008-06-25,17.3
2008-06-26,17.0
2008-06-27,17.405
2008-06-30,17.1
2008-07-01,17.0
2008-07-02,16.7
2008-07-03,17.5
2008-07-04,17.4
2008-07-07,17.3
2008-07-08,17.2
2008-07-09,17.37
2008-07-10,17.7
2008-07-11,17.985
2008-07-14,17.635
2008-07-15,17.995
2008-07-16,17.7
2008-07-17,17.51
2008-07-18,17.86
2008-07-21,17.68
2008-07-22,17.62
2008-07-23,17.91
2008-07-24,17.89
2008-07-25,17.62
2008-07-28,17.635
2008-07-29,17.5
2008-07-31,17.8
2008-08-01,17.505
2008-08-04,17.7
2008-08-05,17.505
2008-08-06,17.0
2008-08-07,17.8
2008-08-08,17.59
2008-08-11,17.2
2008-08-12,17.385
2008-08-13,17.115
2008-08-15,17.385
2008-08-18,17.11
2008-08-19,17.11
2008-08-22,17.115
2008-08-25,17.105
2008-08-26,17.15
2008-08-27,17.18
2008-08-28,17.3
2008-08-29,17.33
2008-09-01,17.48
2008-09-02,17.5
2008-09-03,18.0
2008-09-04,18.4
2008-09-05,18.0
2008-09-08,17.8
2008-09-09,18.2
2008-09-10,17.6
2008-09-11,17.24
2008-09-12,17.385
2008-09-15,16.8
2008-09-16,15.795
2008-09-17,15.9
2008-09-18,15.605
2008-09-19,16.54
2008-09-22,17.3
2008-09-23,17.5
2008-09-24,18.0
2008-09-25,17.4
2008-09-26,17.0
2008-09-29,16.795
2008-09-30,16.63
2008-10-03,15.805
2008-10-06,15.39
2008-10-07,15.675
2008-10-08,14.8
2008-10-09,14.75
2008-10-10,14.88
2008-10-13,15.6
2008-10-14,15.7
2008-10-15,15.8
2008-10-16,16.745
2008-10-17,17.745
2008-10-20,17.75
2008-10-21,17.11
2008-10-22,17.0
2008-10-23,16.12
2008-10-24,16.0
2008-10-27,16.5
2008-10-28,16.84
2008-10-29,17.5
2008-10-30,17.52
2008-10-31,18.095
2008-11-03,19.18
2008-11-04,19.31
2008-11-05,19.2
2008-11-07,18.8
2008-11-10,19.0
2008-11-11,18.8
2008-11-12,18.9
2008-11-13,19.39
2008-11-14,18.84
2008-11-17,19.16
2008-11-19,19.0
2008-11-20,18.1
2008-11-21,18.1
2008-11-24,17.5
2008-11-25,17.64
2008-11-26,17.96
2008-11-27,17.96
2008-11-28,17.98
2008-12-01,17.9
2008-12-02,17.86
2008-12-03,17.5
2008-12-04,17.74
2008-12-05,17.6
2008-12-08,17.5
2008-12-11,17.78
2008-12-12,17.86
2008-12-15,17.2
2008-12-16,17.16
2008-12-17,16.8
2008-12-18,16.98
2008-12-19,16.98
2008-12-22,17.0
2008-12-23,17.0
2008-12-24,16.98
2008-12-25,16.98
2008-12-26,17.0
2008-12-30,17.0
2008-12-31,17.1
2009-01-02,17.14
2009-01-05,16.98
2009-01-06,17.02
2009-01-07,17.08
2009-01-08,17.0
2009-01-09,16.9
2009-01-12,16.94
2009-01-13,16.92
2009-01-14,17.0
2009-01-15,17.0
2009-01-16,17.04
2009-01-19,17.2
2009-01-20,17.18
2009-01-21,17.16
2009-01-22,17.16
2009-01-23,17.16
2009-01-26,16.78
2009-01-27,16.98
2009-01-28,16.98
2009-01-29,17.0
2009-01-30,17.2
2009-02-02,17.9
2009-02-03,17.62
2009-02-04,17.34
2009-02-05,17.62
2009-02-06,17.62
2009-02-09,17.5
2009-02-10,17.5
2009-02-11,18.0
2009-02-12,17.96
2009-02-13,17.96
2009-02-16,18.0
2009-02-17,17.96
2009-02-18,17.94
2009-02-19,17.88
2009-02-20,17.78
2009-02-23,18.0
2009-02-24,17.86
2009-02-25,17.54
2009-02-26,16.68
2009-02-27,17.66
2009-03-02,17.88
2009-03-03,17.92
2009-03-04,17.22
2009-03-05,17.28
2009-03-06,17.8
2009-03-09,17.72
2009-03-12,17.76
2009-03-13,17.5
2009-03-16,17.34
2009-03-17,18.0
2009-03-18,17.74
2009-03-19,18.0
2009-03-20,17.46
2009-03-23,17.42
2009-03-24,17.0
2009-03-25,17.54
2009-03-26,17.7
2009-03-27,17.46
2009-03-30,17.2
2009-03-31,17.5
2009-04-01,17.2
2009-04-02,17.32
2009-04-03,17.48
2009-04-06,17.48
2009-04-07,17.44
2009-04-08,17.3
2009-04-09,16.68
2009-04-10,17.3
2009-04-13,17.24
2009-04-14,17.3
2009-04-15,17.0
2009-04-16,17.3
2009-04-17,17.2
2009-04-20,17.0
2009-04-21,17.14
2009-04-22,17.3
2009-04-23,17.2
2009-04-24,17.0
2009-04-27,17.12
2009-04-28,17.14
2009-04-29,17.04
2009-04-30,17.0
2009-05-04,17.0
2009-05-05,17.0
2009-05-06,17.12
2009-05-07,17.04
2009-05-08,16.78
2009-05-11,17.04
2009-05-12,16.98
2009-05-13,16.98
2009-05-14,16.78
2009-05-15,16.9
2009-05-18,16.9
2009-05-19,16.96
2009-05-20,16.96
2009-05-21,16.9
2009-05-22,16.86
2009-05-25,17.02
2009-05-26,17.0
2009-05-27,17.1
2009-05-28,17.1
2009-05-29,16.8
2009-06-01,17.0
2009-06-02,17.04
2009-06-03,17.04
2009-06-04,17.04
2009-06-05,17.06
2009-06-08,17.08
2009-06-09,17.06
2009-06-10,16.8
2009-06-11,16.98
2009-06-12,16.82
2009-06-15,17.0
2009-06-16,17.0
2009-06-17,17.0
2009-06-18,16.76
2009-06-19,16.8
2009-06-22,17.0
2009-06-23,17.0
2009-06-24,16.84
2009-06-25,16.9
2009-06-26,16.86
2009-06-29,16.88
2009-06-30,17.22
2009-07-01,17.94
2009-07-02,17.5
2009-07-03,17.5
2009-07-06,17.02
2009-07-07,17.42
2009-07-08,17.42
2009-07-09,17.0
2009-07-10,17.2
2009-07-13,17.2
2009-07-14,17.0
2009-07-15,17.0
2009-07-16,16.88
2009-07-17,16.88
2009-07-20,16.86
2009-07-21,17.18
2009-07-22,17.0
2009-07-23,17.0
2009-07-24,16.98
2009-07-27,17.0
2009-07-28,17.0
2009-07-29,17.0
2009-07-31,17.0
2009-08-03,17.5
2009-08-04,17.0
2009-08-05,17.0
2009-08-06,17.0
2009-08-07,17.0
2009-08-10,16.5
2009-08-11,16.5
2009-08-12,16.96
2009-08-13,16.96
2009-08-17,17.0
2009-08-18,16.98
2009-08-19,17.0
2009-08-24,17.0
2009-08-25,17.0
2009-08-26,17.0
2009-08-27,17.0
2009-08-28,17.0
2009-08-31,17.0
2009-09-01,17.0
2009-09-02,17.18
2009-09-03,17.0
2009-09-04,17.0
2009-09-07,17.0
2009-09-08,17.0
2009-09-09,17.0
2009-09-10,17.0
2009-09-11,17.0
2009-09-14,16.98
2009-09-15,16.8
2009-09-16,17.0
2009-09-17,17.0
2009-09-18,17.0
2009-09-23,17.0
2009-09-24,17.0
2009-09-25,17.0
2009-09-28,16.96
2009-09-29,16.96
2009-09-30,16.5
2009-10-01,16.5
2009-10-02,16.88
2009-10-05,16.5
2009-10-06,16.88
2009-10-07,16.88
2009-10-08,16.88
2009-10-09,16.84
2009-10-12,16.84
2009-10-13,16.86
2009-10-14,16.86
2009-10-15,16.86
2009-10-16,16.86
2009-10-19,16.94
2009-10-20,16.88
2009-10-21,16.88
2009-10-22,16.88
2009-10-23,16.88
2009-10-26,16.88
2009-10-27,16.88
2009-10-28,16.88
2009-10-29,16.88
2009-10-30,16.88
2009-11-02,17.34
2009-11-03,17.2
2009-11-04,17.18
2009-11-05,17.0
2009-11-09,16.7
2009-11-10,17.18
2009-11-11,17.16
2009-11-12,17.12
2009-11-13,17.12
2009-11-16,17.14
2009-11-17,17.1
2009-11-19,17.1
2009-11-20,16.56
2009-11-23,16.54
2009-11-24,16.52
2009-11-25,16.52
2009-11-26,16.52
2009-11-27,16.54
2009-11-30,17.0
2009-12-01,16.98
2009-12-02,16.98
2009-12-03,16.96
2009-12-04,16.96
2009-12-07,16.94
2009-12-08,16.94
2009-12-09,17.0
2009-12-10,17.0
2009-12-11,17.0
2009-12-14,17.0
2009-12-15,17.0
2009-12-16,17.0
2009-12-17,17.5
2009-12-21,18.48
2009-12-22,17.56
2009-12-23,17.98
2009-12-24,18.0
2009-12-25,17.7
2009-12-28,17.98
2009-12-29,17.8
2009-12-30,17.7
2009-12-31,17.98
2010-01-04,17.98
2010-01-05,17.98
2010-01-06,18.4
2010-01-07,18.18
2010-01-08,18.2
2010-01-12,18.2
2010-01-13,18.18
2010-01-14,18.18
2010-01-15,18.16
2010-01-18,18.16
2010-01-19,18.16
2010-01-20,18.14
2010-01-21,18.08
2010-01-22,17.98
2010-01-25,17.98
2010-01-26,18.12
2010-01-27,18.08
2010-01-28,18.08
2010-01-29,18.08
2010-02-01,18.46
2010-02-02,18.46
2010-02-03,17.98
2010-02-04,17.96
2010-02-05,18.16
2010-02-08,18.12
2010-02-09,18.12
2010-02-10,18.12
2010-02-11,18.0
2010-02-12,18.0
2010-02-15,17.96
2010-02-16,17.96
2010-02-17,17.96
2010-02-18,17.96
2010-02-19,17.84
2010-02-22,17.62
2010-02-23,17.62
2010-02-24,17.0
2010-02-25,17.0
2010-02-26,17.68
2010-03-01,17.66
2010-03-02,17.02
2010-03-03,17.68
2010-03-04,17.48
2010-03-05,17.72
2010-03-08,17.52
2010-03-09,17.22
2010-03-10,17.68
2010-03-11,17.2
2010-03-12,17.28
2010-03-15,17.42
2010-03-16,17.48
2010-03-17,17.48
2010-03-18,17.48
2010-03-19,17.48
2010-03-22,17.48
2010-03-23,17.0
2010-03-24,17.38
2010-03-25,17.36
2010-03-26,17.36
2010-03-29,17.36
2010-03-30,17.36
2010-03-31,17.36
2010-04-01,17.34
2010-04-02,17.34
2010-04-05,17.34
2010-04-06,17.34
2010-04-07,17.32
2010-04-08,17.32
2010-04-09,17.2
2010-04-12,17.18
2010-04-13,17.16
2010-04-14,17.16
2010-04-15,16.98
2010-04-16,16.9
2010-04-19,16.7
2010-04-20,17.18
2010-04-21,17.12
2010-04-22,17.18
2010-04-23,17.2
2010-04-26,17.6
2010-04-27,17.68
2010-04-28,17.7
2010-04-29,17.52
2010-04-30,17.52
2010-05-03,17.6
2010-05-04,17.58
2010-05-05,17.76
2010-05-06,17.76
2010-05-07,17.8
2010-05-10,17.86
2010-05-11,17.96
2010-05-12,18.3
2010-05-13,18.2
2010-05-14,18.0
2010-05-17,18.26
2010-05-18,18.36
2010-05-19,18.0
2010-05-20,17.78
2010-05-21,17.78
2010-05-24,17.9
2010-05-25,17.8
2010-05-26,18.28
2010-05-27,18.32
2010-05-28,18.3
2010-05-31,18.3
2010-06-01,18.28
2010-06-02,17.84
2010-06-03,18.5
2010-06-04,18.9
2010-06-07,18.9
2010-06-08,18.7
2010-06-09,18.88
2010-06-10,18.8
2010-06-11,18.9
2010-06-14,18.94
2010-06-15,18.8
2010-06-16,19.88
2010-06-17,21.06
2010-06-18,21.0
2010-06-21,21.7
2010-06-22,21.8
2010-06-23,21.24
2010-06-24,21.86
2010-06-25,21.5
2010-06-28,21.98
2010-06-29,22.28
2010-06-30,22.2
2010-07-01,22.2
2010-07-02,21.9
2010-07-05,22.16
2010-07-06,22.1
2010-07-07,21.5
2010-07-08,21.98
2010-07-09,21.2
2010-07-12,21.92
2010-07-13,21.0
2010-07-14,21.0
2010-07-15,21.0
2010-07-16,21.0
2010-07-19,21.4
2010-07-20,21.16
2010-07-21,20.9
2010-07-22,20.14
2010-07-23,20.78
2010-07-26,21.14
2010-07-27,21.12
2010-07-28,21.12
2010-07-29,20.92
2010-08-02,20.94
2010-08-03,20.94
2010-08-04,20.94
2010-08-05,20.94
2010-08-06,20.94
2010-08-09,21.0
2010-08-10,21.0
2010-08-11,20.38
2010-08-12,20.38
2010-08-13,20.5
2010-08-16,20.88
2010-08-17,20.88
2010-08-18,20.78
2010-08-19,20.8
2010-08-23,20.88
2010-08-24,20.88
2010-08-25,20.84
2010-08-26,20.5
2010-08-27,19.5
2010-08-30,20.46
2010-08-31,20.86
2010-09-01,20.84
2010-09-02,21.0
2010-09-03,20.98
2010-09-06,20.98
2010-09-07,20.9
2010-09-08,20.5
2010-09-09,20.18
2010-09-13,20.18
2010-09-14,20.8
2010-09-15,21.3
2010-09-16,21.3
2010-09-17,20.8
2010-09-20,20.9
2010-09-21,20.7
2010-09-22,20.7
2010-09-23,20.4
2010-09-24,20.4
2010-09-27,20.38
2010-09-28,20.5
2010-09-29,20.4
2010-09-30,20.38
2010-10-01,20.0
2010-10-04,20.1
2010-10-05,20.16
2010-10-06,20.0
2010-10-07,20.2
2010-10-08,20.2
2010-10-11,20.38
2010-10-12,20.36
2010-10-13,20.2
2010-10-14,20.0
2010-10-15,20.0
2010-10-18,20.0
2010-10-19,20.0
2010-10-20,20.2
2010-10-21,20.2
2010-10-22,20.0
2010-10-25,20.18
2010-10-26,20.16
2010-10-27,20.0
2010-10-28,19.98
2010-10-29,19.98
2010-11-01,20.0
2010-11-02,19.92
2010-11-03,20.2
2010-11-04,20.1
2010-11-05,20.0
2010-11-08,20.24
2010-11-09,21.0
2010-11-10,20.98
2010-11-11,20.96
2010-11-12,21.4
2010-11-15,21.0
2010-11-16,21.0
2010-11-19,21.4
2010-11-22,21.4
2010-11-23,21.4
2010-11-24,21.26
2010-11-25,21.22
2010-11-26,21.22
2010-11-29,21.36
2010-11-30,21.9
2010-12-01,21.8
2010-12-02,21.7
2010-12-03,21.68
2010-12-06,21.4
2010-12-08,21.02
2010-12-09,21.0
2010-12-10,20.5
2010-12-13,20.5
2010-12-14,21.0
2010-12-15,20.98
2010-12-16,21.46
2010-12-17,21.46
2010-12-20,21.4
2010-12-21,21.0
2010-12-22,21.0
2010-12-23,20.98
2010-12-24,20.98
2010-12-27,20.94
2010-12-28,20.96
2010-12-29,20.66
2010-12-30,20.98
2010-12-31,20.98
2011-01-03,20.88
2011-01-04,20.9
2011-01-05,20.56
2011-01-06,20.7
2011-01-07,20.88
2011-01-10,20.72
2011-01-12,20.72
2011-01-13,20.6
2011-01-14,20.6
2011-01-17,20.76
2011-01-18,20.78
2011-01-19,20.8
2011-01-20,21.0
2011-01-21,21.5
2011-01-24,21.0
2011-01-25,21.0
2011-01-26,21.0
2011-01-27,21.0
2011-01-28,19.8
2011-01-31,20.0
2011-02-01,20.78
2011-02-02,20.8
2011-02-03,20.5
2011-02-04,20.5
2011-02-07,20.5
2011-02-08,20.5
2011-02-09,20.5
2011-02-10,20.48
2011-02-11,20.0
2011-02-14,20.5
2011-02-15,20.78
2011-02-18,20.5
2011-02-21,20.38
2011-02-22,20.46
2011-02-23,20.46
2011-02-24,20.44
2011-02-25,20.46
2011-02-28,20.48
2011-03-01,20.94
2011-03-02,21.0
2011-03-03,20.92
2011-03-04,19.9
2011-03-07,20.48
2011-03-08,19.88
2011-03-09,19.9
2011-03-10,19.88
2011-03-11,20.44
2011-03-14,20.0
2011-03-15,19.5
2011-03-16,20.0
2011-03-17,19.98
2011-03-18,20.0
2011-03-21,20.0
2011-03-22,21.0
2011-03-23,19.86
2011-03-24,19.94
2011-03-25,19.92
2011-03-28,20.2
2011-03-29,19.8
2011-03-30,20.18
2011-03-31,19.34
2011-04-01,19.34
2011-04-04,20.2
2011-04-05,19.22
2011-04-06,20.36
2011-04-07,20.52
2011-04-08,20.48
2011-04-11,20.48
2011-04-12,20.46
2011-04-13,20.46
2011-04-14,20.38
2011-04-15,20.38
2011-04-18,20.74
2011-04-19,19.5
2011-04-20,19.0
2011-04-21,19.02
2011-04-22,20.16
2011-04-25,20.12
2011-04-26,20.04
2011-04-27,19.22
2011-04-28,19.0
2011-04-29,19.02
2011-05-02,19.02
2011-05-03,19.92
2011-05-04,19.94
2011-05-05,19.36
2011-05-06,19.16
2011-05-09,19.04
2011-05-10,19.04
2011-05-11,19.04
2011-05-12,19.14
2011-05-13,19.86
2011-05-16,19.88
2011-05-17,19.8
2011-05-18,19.8
2011-05-19,19.8
2011-05-20,20.0
2011-05-23,19.98
2011-05-24,19.98
2011-05-25,19.98
2011-05-26,19.98
2011-05-27,20.0
2011-05-30,19.98
2011-05-31,19.98
2011-06-01,19.98
2011-06-02,19.98
2011-06-03,20.0
2011-06-06,20.32
2011-06-07,20.2
2011-06-08,20.2
2011-06-09,19.94
2011-06-10,19.98
2011-06-13,19.22
2011-06-14,19.04
2011-06-15,19.74
2011-06-16,19.64
2011-06-17,18.48
2011-06-20,18.8
2011-06-21,19.58
2011-06-22,19.58
2011-06-23,19.54
2011-06-24,18.74
2011-06-27,18.78
2011-06-28,18.72
2011-06-29,18.7
2011-06-30,18.7
2011-07-01,18.7
2011-07-04,19.0
2011-07-05,18.1
2011-07-06,19.14
2011-07-07,18.5
2011-07-08,18.5
2011-07-11,18.52
2011-07-12,18.86
2011-07-13,18.8
2011-07-14,18.04
2011-07-15,18.8
2011-07-18,18.12
2011-07-19,18.12
2011-07-20,18.12
2011-07-21,18.12
2011-07-22,18.06
2011-07-25,18.06
2011-07-26,18.06
2011-07-27,18.06
2011-07-28,17.82
2011-07-29,17.8
2011-08-01,18.32
2011-08-02,17.32
2011-08-03,18.0
2011-08-04,18.34
2011-08-05,18.28
2011-08-08,17.28
2011-08-09,17.3
2011-08-10,18.12
2011-08-11,17.98
2011-08-12,18.14
2011-08-15,18.0
2011-08-16,18.0
2011-08-17,18.0
2011-08-18,18.0
2011-08-19,17.98
2011-08-22,17.98
2011-08-23,17.98
2011-08-24,17.96
2011-08-25,17.4
2011-08-26,17.6
2011-08-29,17.6
2011-08-30,17.96
2011-09-02,17.9
2011-09-05,17.9
2011-09-06,17.94
2011-09-07,17.94
2011-09-08,18.5
2011-09-09,19.6
2011-09-12,20.32
2011-09-13,19.24
2011-09-14,19.68
2011-09-15,19.68
2011-09-16,18.62
2011-09-19,18.86
2011-09-20,19.36
2011-09-21,18.8
2011-09-22,18.8
2011-09-23,18.8
2011-09-26,19.36
2011-09-27,19.82
2011-09-28,19.82
2011-09-29,18.76
2011-09-30,19.8
2011-10-03,19.7
2011-10-04,19.84
2011-10-05,19.8
2011-10-06,19.56
2011-10-07,19.56
2011-10-10,19.56
2011-10-11,18.4
2011-10-12,18.8
2011-10-13,19.5
2011-10-14,19.34
2011-10-17,19.32
2011-10-18,19.3
2011-10-19,19.3
2011-10-20,19.14
2011-10-21,19.0
2011-10-24,19.14
2011-10-25,18.88
2011-10-26,19.26
2011-10-27,19.18
2011-10-28,18.32
2011-10-31,19.18
2011-11-01,19.0
2011-11-02,19.18
2011-11-03,19.16
2011-11-04,19.16
2011-11-09,19.16
2011-11-10,18.62
2011-11-11,18.68
2011-11-14,18.5
2011-11-15,19.14
2011-11-16,18.64
2011-11-17,18.8
2011-11-21,18.8
2011-11-22,18.6
2011-11-23,18.24
2011-11-24,18.66
2011-11-25,18.7
2011-11-28,18.88
2011-11-29,18.86
2011-11-30,18.4
2011-12-01,18.4
2011-12-02,18.46
2011-12-05,18.46
2011-12-06,18.46
2011-12-07,18.84
2011-12-08,18.84
2011-12-09,18.96
2011-12-12,18.96
2011-12-13,18.94
2011-12-14,18.4
2011-12-15,18.98
2011-12-16,18.0
2011-12-19,18.0
2011-12-20,18.96
2011-12-21,18.96
2011-12-22,18.82
2011-12-23,18.82
2011-12-26,18.82
2011-12-27,18.0
2011-12-28,17.0
2011-12-29,17.0
2011-12-30,17.94
2012-01-02,18.0
2012-01-03,17.5
2012-01-04,18.0
2012-01-05,17.7
2012-01-06,18.0
2012-01-09,17.8
2012-01-10,18.22
2012-01-12,17.5
2012-01-13,18.0
2012-01-16,17.52
2012-01-17,18.0
2012-01-18,18.2
2012-01-19,18.0
2012-01-20,18.0
2012-01-23,18.02
2012-01-24,18.02
2012-01-25,18.26
2012-01-26,18.0
2012-01-27,17.8
2012-01-30,17.82
2012-01-31,18.0
2012-02-01,18.0
2012-02-02,18.0
2012-02-03,18.3
2012-02-07,18.3
2012-02-08,18.52
2012-02-09,18.0
2012-02-10,18.7
2012-02-13,18.68
2012-02-14,18.3
2012-02-15,18.7
2012-02-16,18.7
2012-02-17,19.0
2012-02-20,19.0
2012-02-21,19.0
2012-02-22,19.0
2012-02-23,19.0
2012-02-24,19.0
2012-02-27,19.0
2012-02-28,19.0
2012-02-29,19.0
2012-03-01,19.0
2012-03-02,19.0
2012-03-05,19.0
2012-03-06,19.5
2012-03-07,19.5
2012-03-08,19.0
2012-03-09,19.5
2012-03-12,19.8
2012-03-13,19.94
2012-03-14,19.5
2012-03-15,19.5
2012-03-16,19.22
2012-03-19,19.5
2012-03-20,19.5
2012-03-21,19.5
2012-03-22,19.04
2012-03-23,19.04
2012-03-26,19.04
2012-03-27,19.74
2012-03-28,19.78
2012-03-29,19.5
2012-03-30,19.5
2012-04-02,19.5
2012-04-03,19.0
2012-04-04,19.0
2012-04-05,19.0
2012-04-06,19.0
2012-04-09,19.0
2012-04-10,19.0
2012-04-11,19.5
2012-04-12,19.5
2012-04-13,19.5
2012-04-16,19.5
2012-04-17,19.68
2012-04-18,19.5
2012-04-19,19.48
2012-04-20,19.48
2012-04-23,19.48
2012-04-24,19.48
2012-04-25,19.46
2012-04-26,19.48
2012-04-27,19.0
2012-04-30,19.0
2012-05-02,19.0
2012-05-03,19.0
2012-05-04,19.0
2012-05-07,19.0
2012-05-08,19.54
2012-05-09,19.54
2012-05-10,19.5
2012-05-11,19.6
2012-05-14,19.6
2012-05-15,19.6
2012-05-16,19.68
2012-05-17,19.8
2012-05-18,19.78
2012-05-21,19.78
2012-05-22,19.78
2012-05-23,19.0
2012-05-24,19.0
2012-05-25,19.04
2012-05-28,19.5
2012-05-29,19.5
2012-05-30,19.5
2012-05-31,19.68
2012-06-01,19.68
2012-06-04,19.68
2012-06-05,19.68
2012-06-06,19.68
2012-06-07,19.68
2012-06-08,19.6
2012-06-11,19.6
2012-06-12,19.06
2012-06-13,19.06
2012-06-14,19.12
2012-06-15,19.0
2012-06-18,19.0
2012-06-19,19.0
2012-06-20,19.5
2012-06-21,19.52
2012-06-22,19.52
2012-06-25,19.0
2012-06-26,19.0
2012-06-27,19.0
2012-06-28,19.0
2012-06-29,19.0
2012-07-02,19.0
2012-07-03,19.4
2012-07-04,19.4
2012-07-05,19.4
2012-07-06,19.48
2012-07-09,19.48
2012-07-10,19.0
2012-07-11,19.0
2012-07-12,19.0
2012-07-13,19.0
2012-07-16,18.54
2012-07-17,18.54
2012-07-18,18.54
2012-07-19,18.54
2012-07-20,19.0
2012-07-23,19.5
2012-07-24,19.46
2012-07-25,19.44
2012-07-26,19.44
2012-07-27,19.44
2012-07-31,19.0
2012-08-01,19.0
2012-08-02,19.0
2012-08-03,19.0
2012-08-06,19.0
2012-08-07,19.0
2012-08-08,19.5
2012-08-09,19.5
2012-08-10,19.0
2012-08-13,19.0
2012-08-15,19.0
2012-08-16,19.0
2012-08-17,19.0
2012-08-22,19.0
2012-08-23,19.0
2012-08-24,19.0
2012-08-27,18.5
2012-08-28,19.1
2012-08-29,19.2
2012-08-30,19.2
2012-08-31,19.2
2012-09-03,19.5
2012-09-04,19.5
2012-09-05,19.34
2012-09-06,19.28
2012-09-07,19.32
2012-09-10,19.0
2012-09-11,19.0
2012-09-12,18.5
2012-09-13,19.5
2012-09-14,19.6
2012-09-17,20.74
2012-09-18,20.7
2012-09-19,20.3
2012-09-20,20.12
2012-09-21,20.12
2012-09-24,19.68
2012-09-25,19.64
2012-09-26,19.2
2012-09-27,19.2
2012-09-28,18.98
2012-10-01,18.86
2012-10-02,18.0
2012-10-03,18.0
2012-10-04,18.0
2012-10-05,18.86
2012-10-08,18.86
2012-10-09,18.5
2012-10-10,18.5
2012-10-11,17.8
2012-10-12,18.82
2012-10-15,17.82
2012-10-16,18.0
2012-10-17,18.0
2012-10-18,18.0
2012-10-19,18.0
2012-10-22,18.0
2012-10-23,17.98
2012-10-24,18.0
2012-10-25,17.74
2012-10-29,17.74
2012-10-30,17.74
2012-10-31,17.9
2012-11-01,17.98
2012-11-02,18.0
2012-11-05,18.0
2012-11-07,17.9
2012-11-08,18.0
2012-11-09,17.52
2012-11-12,17.5
2012-11-13,17.98
2012-11-14,17.96
2012-11-15,17.98
2012-11-19,17.5
2012-11-20,17.5
2012-11-21,18.0
2012-11-22,17.1
2012-11-23,17.5
2012-11-26,17.5
2012-11-27,17.1
2012-11-28,17.1
2012-11-29,17.22
2012-11-30,17.22
2012-12-03,17.22
2012-12-04,17.22
2012-12-05,17.22
2012-12-06,17.22
2012-12-07,17.22
2012-12-10,17.22
2012-12-11,17.24
2012-12-12,18.0
2012-12-13,17.12
2012-12-14,17.12
2012-12-17,17.98
2012-12-18,17.12
2012-12-19,17.16
2012-12-20,17.9
2012-12-21,17.12
2012-12-24,17.88
2012-12-25,17.88
2012-12-26,17.5
2012-12-27,17.5
2012-12-28,17.5
2012-12-31,17.48
2013-01-02,17.48
2013-01-03,17.0
2013-01-04,17.86
2013-01-07,17.86
2013-01-08,17.58
2013-01-09,17.54
2013-01-10,17.54
2013-01-14,17.54
2013-01-15,17.0
2013-01-16,17.22
2013-01-17,17.48
2013-01-18,17.48
2013-01-21,17.46
2013-01-22,17.48
2013-01-23,16.5
2013-01-28,17.48
2013-01-29,17.46
2013-01-30,17.38
2013-01-31,17.0
2013-02-01,15.98
2013-02-04,16.93
2013-02-05,17.24
2013-02-06,17.24
2013-02-07,17.24
2013-02-08,17.24
2013-02-11,17.24
2013-02-12,17.24
2013-02-13,17.24
2013-02-14,16.3
2013-02-15,16.98
2013-02-18,16.97
2013-02-19,16.93
2013-02-20,16.93
2013-02-21,16.98
2013-02-22,17.0
2013-02-25,17.0
2013-02-26,17.24
2013-02-27,17.0
2013-02-28,16.98
2013-03-01,16.98
2013-03-04,16.97
2013-03-05,16.97
2013-03-06,16.98
2013-03-07,17.0
2013-03-08,17.0
2013-03-11,17.0
2013-03-12,17.0
2013-03-13,16.99
2013-03-14,16.99
2013-03-15,16.99
2013-03-18,16.99
2013-03-19,16.99
2013-03-20,16.99
2013-03-21,16.99
2013-03-22,16.98
2013-03-25,16.99
2013-03-26,16.99
2013-03-27,16.99
2013-03-28,16.99
2013-03-29,16.99
2013-04-01,16.99
2013-04-02,16.99
2013-04-03,15.98
2013-04-04,16.89
2013-04-05,16.89
2013-04-08,16.8
2013-04-09,16.8
2013-04-10,17.0
2013-04-11,16.92
2013-04-12,16.01
2013-04-15,16.0
2013-04-16,16.04
2013-04-17,16.99
2013-04-18,16.97
2013-04-19,16.97
2013-04-22,17.0
2013-04-23,17.0
2013-04-24,17.0
2013-04-25,17.0
2013-04-26,16.9
2013-04-29,16.9
2013-04-30,16.9
2013-05-02,17.0
2013-05-03,16.8
2013-05-06,16.8
2013-05-07,16.8
2013-05-08,16.09
2013-05-09,16.98
2013-05-10,16.97
2013-05-13,16.97
2013-05-14,16.8
2013-05-15,16.98
2013-05-16,16.98
2013-05-17,16.8
2013-05-20,16.8
2013-05-21,16.8
2013-05-22,16.8
2013-05-23,16.5
2013-05-24,16.5
2013-05-27,16.5
2013-05-28,16.7
2013-05-29,16.8
2013-05-30,16.8
2013-05-31,16.95
2013-06-03,16.95
2013-06-04,16.98
2013-06-05,16.98
2013-06-06,17.0
2013-06-07,17.25
2013-06-10,17.2
2013-06-11,17.0
2013-06-12,17.0
2013-06-13,17.0
2013-06-14,17.0
2013-06-17,17.5
2013-06-18,17.5
2013-06-19,17.5
2013-06-20,17.0
2013-06-21,17.5
2013-06-24,17.5
2013-06-25,17.5
2013-06-26,17.5
2013-06-27,17.5
2013-06-28,17.5
2013-07-01,17.5
2013-07-02,17.5
2013-07-03,17.5
2013-07-04,17.5
2013-07-05,17.5
2013-07-08,17.5
2013-07-09,17.5
2013-07-10,17.5
2013-07-11,17.5
2013-07-12,17.5
2013-07-15,17.5
2013-07-16,18.0
2013-07-17,18.0
2013-07-18,18.0
2013-07-19,18.0
2013-07-22,18.0
2013-07-23,18.0
2013-07-24,18.0
2013-07-25,18.0
2013-07-26,18.0
2013-07-29,18.3
2013-07-31,18.3
2013-08-01,18.53
2013-08-02,18.5
2013-08-05,18.5
2013-08-06,18.0
2013-08-07,18.0
2013-08-08,18.0
2013-08-12,18.0
2013-08-13,18.0
2013-08-15,18.2
2013-08-16,18.2
2013-08-19,18.25
2013-08-22,18.5
2013-08-23,18.5
2013-08-26,19.0
2013-08-27,19.0
2013-08-28,19.0
2013-08-29,19.0
2013-08-30,19.0
2013-09-02,19.0
2013-09-03,19.5
2013-09-04,19.5
2013-09-05,19.5
2013-09-06,19.5
2013-09-09,19.5
2013-09-10,19.5
2013-09-11,19.5
2013-09-12,19.5
2013-09-13,19.5
2013-09-16,19.0
2013-09-17,19.0
2013-09-18,18.2
2013-09-19,18.2
2013-09-20,18.2
2013-09-23,18.2
2013-09-24,18.2
2013-09-25,18.2
2013-09-26,18.2
2013-09-27,18.2
2013-09-30,18.5
2013-10-01,18.5
2013-10-02,18.5
2013-10-03,18.5
2013-10-04,18.5
2013-10-07,18.5
2013-10-08,18.5
2013-10-09,17.6
2013-10-10,17.6
2013-10-11,17.6
2013-10-14,18.5
2013-10-15,18.5
2013-10-21,18.5
2013-10-22,18.5
2013-10-23,18.5
2013-10-24,18.5
2013-10-25,18.5
2013-10-28,18.5
2013-10-29,18.5
2013-10-30,19.0
2013-10-31,18.8
2013-11-01,18.8
2013-11-07,18.0
2013-11-08,18.0
2013-11-11,18.0
2013-11-12,18.0
2013-11-13,18.6
2013-11-14,19.0
2013-11-15,19.0
2013-11-19,19.5
2013-11-20,19.5
2013-11-21,18.7
2013-11-22,18.7
2013-11-25,18.7
2013-11-26,18.7
2013-11-27,18.7
2013-11-28,18.7
2013-11-29,18.7
2013-12-02,18.6
2013-12-03,18.5
2013-12-04,18.04
2013-12-05,18.1
2013-12-06,18.0
2013-12-09,18.68
2013-12-10,18.68
2013-12-11,18.68
2013-12-12,18.04
2013-12-13,18.68
2013-12-16,18.68
2013-12-17,18.68
2013-12-18,18.68
2013-12-19,18.68
2013-12-20,18.4
2013-12-23,18.4
2013-12-24,18.4
2013-12-25,18.06
2013-12-26,18.4
2013-12-27,18.4
2013-12-30,18.4
2013-12-31,18.4
2014-01-02,18.4
2014-01-03,18.4
2014-01-06,18.4
2014-01-07,17.7
2014-01-08,17.7
2014-01-09,18.4
2014-01-10,17.7
2014-01-13,17.7
2014-01-16,18.0
2014-01-17,18.0
2014-01-20,18.0
2014-01-21,18.0
2014-01-22,18.0
2014-01-23,17.75
2014-01-24,17.75
2014-01-27,17.75
2014-01-28,17.75
2014-01-29,18.0
2014-01-30,18.0
2014-01-31,17.8
2014-02-03,18.1
2014-02-04,18.1
2014-02-05,18.1
2014-02-06,18.1
2014-02-07,18.1
2014-02-10,18.1
2014-02-11,18.1
2014-02-12,18.49
2014-02-13,18.49
2014-02-14,18.49
2014-02-17,18.0
2014-02-18,18.5
2014-02-19,18.5
2014-02-20,18.0
2014-02-21,17.27
2014-02-24,18.5
2014-02-25,18.74
2014-02-26,18.74
2014-02-27,18.75
2014-02-28,18.08
2014-03-03,18.08
2014-03-04,18.1
2014-03-05,18.1
2014-03-06,18.1
2014-03-07,18.1
2014-03-10,18.1
2014-03-11,18.1
2014-03-12,18.1
2014-03-13,18.1
2014-03-14,18.46
2014-03-17,18.04
2014-03-18,18.99
2014-03-19,18.99
2014-03-20,18.99
2014-03-21,18.04
2014-03-24,18.04
2014-03-25,18.04
2014-03-26,18.04
2014-03-27,18.04
2014-03-28,18.04
2014-03-31,18.04
2014-04-01,18.04
2014-04-02,18.04
2014-04-03,17.2
2014-04-04,17.2
2014-04-07,18.92
2014-04-08,18.92
2014-04-09,19.48
2014-04-10,19.48
2014-04-11,19.48
2014-04-14,19.47
2014-04-15,19.47
2014-04-16,19.4
2014-04-17,19.46
2014-04-18,19.46
2014-04-21,19.46
2014-04-22,19.4
2014-04-23,18.4
2014-04-24,18.4
2014-04-25,18.4
2014-04-28,18.4
2014-04-29,18.4
2014-04-30,18.4
2014-05-02,19.4
2014-05-05,19.4
2014-05-06,18.24
2014-05-07,18.94
2014-05-08,18.6
2014-05-09,18.5
2014-05-12,18.88
2014-05-13,18.88
2014-05-14,18.88
2014-05-15,18.88
2014-05-16,18.25
2014-05-19,18.25
2014-05-20,18.25
2014-05-21,18.5
2014-05-22,18.5
2014-05-23,17.4
2014-05-26,17.4
2014-05-27,17.4
2014-05-28,17.5
2014-05-29,18.48
2014-05-30,17.52
2014-06-02,18.5
2014-06-03,18.5
2014-06-04,18.5
2014-06-05,18.1
2014-06-06,18.25
2014-06-09,18.5
2014-06-10,18.5
2014-06-11,18.5
2014-06-12,19.12
2014-06-13,18.0
2014-06-16,19.08
2014-06-17,19.08
2014-06-18,19.08
2014-06-19,18.2
2014-06-20,18.0
2014-06-23,18.0
2014-06-24,18.0
2014-06-25,18.0
2014-06-26,18.0
2014-06-27,18.88
2014-06-30,18.5
2014-07-01,18.5
2014-07-02,18.5
2014-07-03,18.5
2014-07-04,18.5
2014-07-07,18.5
2014-07-08,18.5
2014-07-09,18.5
2014-07-10,18.88
2014-07-11,18.88
2014-07-14,18.88
2014-07-15,18.88
2014-07-16,18.88
2014-07-17,18.1
2014-07-18,18.1
2014-07-21,18.1
2014-07-22,18.1
2014-07-23,19.05
2014-07-24,19.05
2014-07-25,18.95
2014-07-31,18.95
2014-08-01,18.95
2014-08-04,18.5
2014-08-05,18.5
2014-08-06,18.7
2014-08-07,18.7
2014-08-08,18.75
2014-08-11,18.75
2014-08-12,18.75
2014-08-13,18.75
2014-08-15,18.75
2014-08-18,18.75
2014-08-19,18.75
2014-08-22,18.75
2014-08-25,18.75
2014-08-26,18.8
2014-08-27,18.8
2014-08-28,18.8
2014-08-29,18.8
2014-09-01,18.8
2014-09-02,18.8
2014-09-03,18.8
2014-09-04,18.8
2014-09-05,18.8
2014-09-08,19.9
2014-09-09,19.9
2014-09-10,19.9
2014-09-11,18.75
2014-09-12,18.75
2014-09-15,18.76
2014-09-16,19.0
2014-09-17,19.7
2014-09-18,19.7
2014-09-19,19.5
2014-09-22,19.0
2014-09-23,19.0
2014-09-24,18.55
2014-09-25,18.55
2014-09-26,19.5
2014-09-29,19.5
2014-09-30,19.5
2014-10-01,19.49
2014-10-02,19.49
2014-10-03,18.6
2014-10-07,19.0
2014-10-08,18.51
2014-10-09,18.52
2014-10-10,18.52
2014-10-13,19.0
2014-10-14,19.0
2014-10-15,19.0
2014-10-16,19.0
2014-10-17,19.5
2014-10-20,19.5
2014-10-21,18.55
2014-10-22,18.55
2014-10-23,18.55
2014-10-24,18.6
2014-10-27,18.6
2014-10-28,18.6
2014-10-29,18.8
2014-10-30,18.8
2014-10-31,18.5
2014-11-03,18.5
2014-11-04,18.5
2014-11-05,18.5
2014-11-07,18.6
2014-11-10,18.6
2014-11-11,18.6
2014-11-12,18.62
2014-11-13,18.62
2014-11-14,19.47
2014-11-17,19.47
2014-11-19,18.55
2014-11-20,18.55
2014-11-21,18.95
2014-11-24,18.95
2014-11-25,18.6
2014-11-26,18.6
2014-11-27,18.6
2014-11-28,18.6
2014-12-01,19.0
2014-12-02,19.0
2014-12-03,19.0
2014-12-04,19.0
2014-12-05,19.0
2014-12-08,19.0
2014-12-09,19.0
2014-12-10,19.0
2014-12-11,19.0
2014-12-12,19.0
2014-12-15,19.0
2014-12-16,19.0
2014-12-17,19.0
2014-12-18,18.5
2014-12-19,18.5
2014-12-22,18.5
2014-12-23,19.0
2014-12-24,18.5
2014-12-25,18.5
2014-12-26,18.5
2014-12-29,18.5
2014-12-30,19.0
2014-12-31,19.0
2015-01-02,19.0
2015-01-06,19.0
2015-01-07,19.95
2015-01-08,19.95
2015-01-09,19.95
2015-01-12,19.0
2015-01-13,19.0
2015-01-14,18.76
2015-01-15,18.76
2015-01-16,18.76
2015-01-19,18.76
2015-01-20,18.76
2015-01-21,18.76
2015-01-22,18.76
2015-01-23,18.76
2015-01-26,18.76
2015-01-27,18.76
2015-01-28,18.76
2015-01-29,18.76
2015-01-30,18.0
2015-02-02,18.0
2015-02-03,19.0
2015-02-04,19.0
2015-02-05,19.0
2015-02-06,19.99
2015-02-09,19.99
2015-02-10,19.99
2015-02-11,19.5
2015-02-12,19.5
2015-02-13,18.02
2015-02-16,19.1
2015-02-17,19.5
2015-02-18,19.0
2015-02-19,19.0
2015-02-20,19.3
2015-02-23,19.3
2015-02-24,19.3
2015-02-25,19.3
2015-02-26,19.3
2015-02-27,18.9
2015-03-02,18.9
2015-03-03,18.9
2015-03-04,18.9
2015-03-05,18.96
2015-03-06,19.3
2015-03-09,19.0
2015-03-10,18.98
2015-03-11,19.4
2015-03-12,19.4
2015-03-13,19.2
2015-03-16,18.95
2015-03-17,19.0
2015-03-18,19.0
2015-03-19,19.0
2015-03-20,19.0
2015-03-23,19.0
2015-03-24,19.0
2015-03-25,19.0
2015-03-26,18.95
2015-03-27,18.75
2015-03-30,19.0
2015-03-31,19.0
2015-04-01,19.0
2015-04-02,19.0
2015-04-03,19.0
2015-04-06,18.75
2015-04-07,19.0
2015-04-08,18.75
2015-04-09,18.78
2015-04-10,18.75
2015-04-13,18.75
2015-04-14,18.75
2015-04-15,18.75
2015-04-16,18.0
2015-04-17,18.0
2015-04-20,18.0
2015-04-21,18.0
2015-04-22,17.8
2015-04-23,19.15
2015-04-24,19.1
2015-04-27,19.1
2015-04-28,18.5
2015-04-29,18.5
2015-04-30,18.5
2015-05-04,18.5
2015-05-05,18.02
2015-05-06,18.97
2015-05-07,18.97
2015-05-08,18.97
2015-05-11,18.97
2015-05-12,18.97
2015-05-13,18.97
2015-05-14,18.97
2015-05-15,18.86
2015-05-18,18.86
2015-05-19,18.86
2015-05-20,18.86
2015-05-21,18.86
2015-05-22,18.86
2015-05-25,18.5
2015-05-26,19.0
2015-05-27,18.5
2015-05-28,18.5
2015-05-29,18.5
2015-06-01,18.5
2015-06-02,18.5
2015-06-03,18.5
2015-06-04,18.5
2015-06-05,18.5
2015-06-08,18.5
2015-06-09,18.5
2015-06-10,19.0
2015-06-11,19.0
2015-06-12,19.0
2015-06-15,19.0
2015-06-16,19.0
2015-06-17,19.0
2015-06-18,19.0
2015-06-19,19.0
2015-06-22,19.0
2015-06-23,19.0
2015-06-24,18.05
2015-06-25,18.05
2015-06-26,19.0
2015-06-29,19.0
2015-06-30,19.0
2015-07-01,19.0
2015-07-02,19.0
2015-07-03,19.0
2015-07-06,19.0
2015-07-07,19.0
2015-07-08,18.7
2015-07-09,18.7
2015-07-10,18.7
2015-07-13,18.7
2015-07-14,19.13
2015-07-15,19.13
2015-07-16,19.1
2015-07-20,19.33
2015-07-21,19.3
2015-07-22,19.49
2015-07-23,19.0
2015-07-24,19.0
2015-07-27,19.49
2015-07-28,19.5
2015-07-29,19.5
2015-07-31,19.5
2015-08-03,20.26
2015-08-04,21.26
2015-08-05,21.25
2015-08-06,19.98
2015-08-07,19.05
2015-08-10,19.05
2015-08-11,19.55
2015-08-12,19.55
2015-08-13,19.55
2015-08-17,19.55
2015-08-18,19.2
2015-08-19,19.2
2015-08-24,19.2
2015-08-25,19.2
2015-08-26,19.5
2015-08-27,19.2
2015-08-28,19.2
2015-08-31,19.2
2015-09-01,19.2
2015-09-02,19.2
2015-09-03,19.2
2015-09-04,19.5
2015-09-07,19.5
2015-09-08,19.5
2015-09-09,19.5
2015-09-10,19.5
2015-09-11,19.5
2015-09-14,19.5
2015-09-15,18.9
2015-09-16,18.9
2015-09-17,18.9
2015-09-18,18.9
2015-09-21,18.9
2015-09-22,18.9
2015-09-23,18.0
2015-09-28,18.2
2015-09-29,18.3
2015-09-30,18.3
2015-10-01,18.3
2015-10-02,18.2
2015-10-05,19.1
2015-10-06,18.46
2015-10-07,18.46
2015-10-08,18.46
2015-10-09,18.46
2015-10-12,19.1
2015-10-14,19.1
2015-10-16,19.1
2015-10-19,19.1
2015-10-20,19.1
2015-10-21,19.1
2015-10-22,19.1
2015-10-23,19.1
2015-10-26,19.1
2015-10-27,19.1
2015-10-28,19.1
2015-10-29,19.1
2015-10-30,18.5
2015-11-02,18.5
2015-11-03,18.5
2015-11-04,18.5
2015-11-05,18.5
2015-11-09,18.5
2015-11-10,18.5
2015-11-11,18.5
2015-11-12,18.5
2015-11-13,20.33
2015-11-16,18.52
2015-11-17,18.5
2015-11-19,18.5
2015-11-20,18.5
2015-11-23,18.5
2015-11-24,18.5
2015-11-25,18.5
2015-11-26,18.5
2015-11-27,18.5
2015-11-30,18.5
2015-12-01,18.5
2015-12-02,18.5
2015-12-03,18.5
2015-12-04,18.5
2015-12-07,18.5
2015-12-08,18.5
2015-12-09,18.5
2015-12-10,18.5
2015-12-11,18.5
2015-12-14,18.5
2015-12-15,18.5
2015-12-16,18.5
2015-12-17,18.5
2015-12-18,18.5
2015-12-21,18.5
2015-12-22,18.5
2015-12-23,18.5
2015-12-28,18.5
2015-12-29,18.5
2015-12-30,18.5
2015-12-31,18.5
2016-01-04,17.4
2016-01-05,17.4
2016-01-06,17.4
2016-01-07,17.4
2016-01-08,17.4
2016-01-12,17.4
2016-01-13,17.4
2016-01-14,17.4
2016-01-15,18.0
2016-01-18,17.02
2016-01-19,17.02
2016-01-20,17.02
2016-01-21,17.25
2016-01-22,17.25
2016-01-25,17.25
2016-01-26,17.25
2016-01-27,17.25
2016-01-28,17.0
2016-01-29,17.0
2016-02-01,17.0
2016-02-02,17.0
2016-02-03,17.0
2016-02-04,17.0
2016-02-05,15.98
2016-02-08,16.93
2016-02-09,17.94
2016-02-10,18.2
2016-02-11,18.4
2016-02-12,19.29
2016-02-15,19.29
2016-02-16,19.29
2016-02-17,19.29
2016-02-18,19.29
2016-02-19,19.29
2016-02-22,19.29
2016-02-23,19.29
2016-02-24,19.29
2016-02-25,19.29
2016-02-26,19.29
2016-02-29,19.29
2016-03-01,19.29
2016-03-02,19.29
2016-03-03,19.29
2016-03-04,18.16
2016-03-07,18.16
2016-03-08,18.16
2016-03-09,18.16
2016-03-10,18.16
2016-03-11,18.16
2016-03-14,18.16
2016-03-15,19.1
2016-03-16,19.1
2016-03-17,19.1
2016-03-18,19.1
2016-03-21,19.0
2016-03-22,19.0
2016-03-23,19.0
2016-03-24,19.0
2016-03-25,19.0
2016-03-28,18.0
2016-03-29,18.9
2016-03-30,18.9
2016-03-31,18.9
2016-04-01,18.9
2016-04-04,18.9
2016-04-05,18.9
2016-04-06,18.9
2016-04-07,18.9
2016-04-08,18.0
2016-04-11,18.85
2016-04-12,18.85
2016-04-13,18.85
2016-04-14,18.85
2016-04-15,18.85
2016-04-18,17.72
2016-04-19,18.78
2016-04-20,19.9
2016-04-21,17.96
2016-04-22,17.73
2016-04-25,18.0
2016-04-26,18.1
2016-04-27,18.1
2016-04-28,18.1
2016-04-29,18.1
2016-05-02,18.1
2016-05-03,18.1
2016-05-04,18.1
2016-05-05,19.0
2016-05-06,19.0
2016-05-09,19.0
2016-05-10,18.2
2016-05-11,18.2
2016-05-12,19.9
2016-05-13,19.9
2016-05-16,19.88
2016-05-17,19.87
2016-05-18,19.0
2016-05-19,19.0
2016-05-20,18.0
2016-05-23,19.1
2016-05-24,19.1
2016-05-25,19.1
2016-05-26,19.1
2016-05-27,19.1
2016-05-30,19.1
2016-05-31,19.1
2016-06-01,19.1
2016-06-02,20.24
2016-06-03,19.5
2016-06-06,19.5
2016-06-07,19.5
2016-06-08,21.0
2016-06-09,20.99
2016-06-10,21.0
2016-06-13,21.0
2016-06-14,21.0
2016-06-15,21.0
2016-06-16,21.0
2016-06-17,20.7
2016-06-20,20.5
2016-06-21,20.5
2016-06-22,19.3
2016-06-23,19.0
2016-06-24,20.0
2016-06-27,20.0
2016-06-28,20.0
2016-06-29,20.0
2016-06-30,20.0
2016-07-01,20.0
2016-07-04,20.0
2016-07-05,18.8
2016-07-11,18.0
2016-07-12,18.0
2016-07-13,18.0
2016-07-14,18.05
2016-07-15,18.05
2016-07-18,18.05
2016-07-19,19.0
2016-07-20,19.0
2016-07-21,18.0
2016-07-22,18.0
2016-07-25,18.05
2016-07-26,18.05
2016-07-27,18.05
2016-07-28,18.05
2016-07-29,18.05
2016-08-01,18.59
2016-08-02,18.04
2016-08-03,18.0
2016-08-04,18.0
2016-08-05,18.0
2016-08-08,18.0
2016-08-09,18.0
2016-08-10,18.0
2016-08-11,19.02
2016-08-12,19.3
2016-08-15,19.3
2016-08-16,19.3
2016-08-17,19.05
2016-08-18,19.05
2016-08-19,19.05
2016-08-22,19.02
2016-08-23,19.02
2016-08-24,19.02
2016-08-25,19.02
2016-08-26,19.3
2016-08-29,19.02
2016-08-30,19.3
2016-08-31,19.3
2016-09-01,19.3
2016-09-02,19.3
2016-09-05,19.85
2016-09-06,19.85
2016-09-07,19.85
2016-09-08,19.3
2016-09-09,19.0
2016-09-14,19.0
2016-09-15,19.0
2016-09-16,19.5
2016-09-19,18.5
2016-09-20,18.5
2016-09-21,18.5
2016-09-22,18.5
2016-09-23,18.5
2016-09-26,18.5
2016-09-27,18.5
2016-09-28,18.8
2016-09-29,19.92
2016-09-30,20.1
2016-10-04,20.1
2016-10-05,21.3
2016-10-06,21.5
2016-10-07,21.5
2016-10-10,21.0
2016-10-11,21.0
2016-10-12,20.0
2016-10-13,21.0
2016-10-14,21.0
2016-10-17,20.0
2016-10-18,20.0
2016-10-19,20.0
2016-10-20,20.0
2016-10-21,20.0
2016-10-24,20.0
2016-10-25,21.0
2016-10-26,21.0
2016-10-27,21.0
2016-10-28,21.0
2016-10-31,19.75
2016-11-01,19.07
2016-11-02,20.0
2016-11-03,20.0
2016-11-04,20.0
2016-11-07,21.16
2016-11-08,20.0
2016-11-09,20.0
2016-11-10,19.23
2016-11-11,19.23
2016-11-14,19.23
2016-11-15,19.51
2016-11-16,19.51
2016-11-17,19.52
2016-11-21,20.69
2016-11-22,20.69
2016-11-23,20.69
2016-11-24,20.69
2016-11-25,20.69
2016-11-28,19.52
2016-11-29,19.52
2016-11-30,20.69
2016-12-01,20.69
2016-12-02,20.69
2016-12-05,20.69
2016-12-06,20.69
2016-12-07,19.54
2016-12-08,19.9
2016-12-09,19.62
2016-12-14,19.62
2016-12-15,19.62
2016-12-16,20.69
2016-12-19,20.9
2016-12-20,20.88
2016-12-21,20.88
2016-12-22,20.87
2016-12-23,20.95
2016-12-26,20.95
2016-12-27,20.9
2016-12-28,20.95
2016-12-29,20.5
2016-12-30,20.95
2017-01-02,20.01
2017-01-03,20.01
2017-01-04,21.0
2017-01-05,21.0
2017-01-06,21.0
2017-01-09,21.0
2017-01-10,20.5
2017-01-12,20.5
2017-01-13,20.5
2017-01-16,20.51
2017-01-17,20.9
2017-01-18,20.6
2017-01-19,20.54
2017-01-20,20.54
2017-01-23,21.0
2017-01-24,20.7
2017-01-25,21.2
2017-01-26,21.5
2017-01-27,21.12
2017-01-30,22.95
2017-01-31,24.9
2017-02-01,25.3
2017-02-02,24.2
2017-02-03,23.8
2017-02-06,24.9
2017-02-07,24.5
2017-02-08,24.0
2017-02-09,24.0
2017-02-10,24.78
2017-02-13,24.9
2017-02-14,24.84
2017-02-15,24.71
2017-02-16,23.52
2017-02-17,24.68
2017-02-20,24.0
2017-02-21,23.86
2017-02-22,23.5
2017-02-23,23.51
2017-02-24,22.01
2017-02-27,23.48
2017-02-28,22.21
2017-03-01,22.0
2017-03-02,23.28
2017-03-03,23.15
2017-03-06,23.15
2017-03-07,23.34
2017-03-08,22.2
2017-03-09,23.14
2017-03-10,22.94
2017-03-13,23.97
2017-03-14,23.78
2017-03-15,22.27
2017-03-16,23.4
2017-03-17,23.28
2017-03-20,23.6
2017-03-21,23.6
2017-03-22,22.95
2017-03-23,23.65
2017-03-24,23.65
2017-03-27,23.55
2017-03-28,23.55
2017-03-29,23.45
2017-03-30,21.8
2017-03-31,23.4
2017-04-03,23.4
2017-04-04,23.25
2017-04-05,23.99
2017-04-06,23.96
2017-04-07,23.96
2017-04-10,23.96
2017-04-11,23.0
2017-04-12,22.99
2017-04-13,22.99
2017-04-14,23.0
2017-04-17,23.0
2017-04-18,23.0
2017-04-19,23.0
2017-04-20,22.99
2017-04-21,22.99
2017-04-24,22.99
2017-04-25,22.99
2017-04-26,22.97
2017-04-27,22.97
2017-04-28,22.99
2017-05-02,22.97
2017-05-03,22.09
2017-05-04,23.0
2017-05-05,22.98
2017-05-08,23.0
2017-05-09,22.57
2017-05-10,22.52
2017-05-11,23.5
2017-05-12,23.2
2017-05-15,23.92
2017-05-16,23.92
2017-05-17,23.92
2017-05-18,23.89
2017-05-19,22.99
2017-05-22,22.99
2017-05-23,22.99
2017-05-24,22.99
2017-05-25,22.6
2017-05-26,22.65
2017-05-29,22.65
2017-05-30,22.57
2017-05-31,22.57
2017-06-01,22.57
2017-06-02,22.99
2017-06-05,22.99
2017-06-06,22.99
2017-06-07,22.99
2017-06-08,23.82
2017-06-09,23.82
2017-06-12,23.82
2017-06-13,22.8
2017-06-14,23.0
2017-06-15,23.0
2017-06-16,23.0
2017-06-19,22.8
2017-06-20,22.86
2017-06-21,23.0
2017-06-22,23.0
2017-06-23,23.0
2017-06-28,23.55
2017-06-29,23.59
2017-06-30,23.6
2017-07-03,23.6
2017-07-04,23.6
2017-07-05,22.6
2017-07-06,23.6
2017-07-07,24.5
2017-07-10,24.6
2017-07-11,25.48
2017-07-12,23.15
2017-07-13,25.0
2017-07-14,25.0
2017-07-17,25.0
2017-07-18,26.0
2017-07-19,27.19
2017-07-20,25.67
2017-07-21,25.0
2017-07-24,25.0
2017-07-25,24.01
2017-07-26,24.2
2017-07-27,25.44
2017-07-28,24.54
2017-07-31,24.65
2017-08-01,24.65
2017-08-02,24.0
2017-08-03,24.0
2017-08-04,24.99
2017-08-07,24.88
2017-08-08,24.88
2017-08-09,24.8
2017-08-10,24.02
2017-08-11,24.1
2017-08-15,24.9
2017-08-16,24.22
2017-08-17,24.0
2017-08-18,24.8
2017-08-22,24.8
2017-08-23,24.85
2017-08-24,24.75
2017-08-25,24.75
2017-08-28,24.75
2017-08-29,24.75
2017-08-30,24.0
2017-08-31,23.1
2017-09-04,23.7
2017-09-05,23.74
2017-09-06,23.74
2017-09-07,24.0
2017-09-08,24.0
2017-09-11,24.0
2017-09-12,24.0
2017-09-13,24.45
2017-09-14,24.1
2017-09-15,24.0
2017-09-18,23.75
2017-09-19,23.75
2017-09-20,23.35
2017-09-21,23.6
2017-09-25,23.6
2017-09-26,25.0
2017-09-27,25.0
2017-09-28,25.0
2017-09-29,25.0
2017-10-02,23.51
2017-10-03,23.51
2017-10-04,25.0
2017-10-05,24.5
2017-10-06,24.5
2017-10-09,24.5
2017-10-10,25.0
2017-10-11,25.0
2017-10-12,25.0
2017-10-13,25.0
2017-10-16,24.5
2017-10-17,25.0
2017-10-18,24.8
2017-10-19,24.99
2017-10-20,24.2
2017-10-23,24.5
2017-10-24,24.2
2017-10-25,23.7
2017-10-26,23.75
2017-10-27,25.45
2017-10-30,25.45
2017-10-31,25.45
2017-11-01,24.1
2017-11-02,24.1
2017-11-03,24.1
2017-11-07,25.45
2017-11-08,26.3
2017-11-09,26.3
2017-11-10,26.79
2017-11-13,26.79
2017-11-14,25.25
2017-11-15,24.3
2017-11-16,25.97
2017-11-17,25.9
2017-11-20,25.9
2017-11-21,25.94
2017-11-22,25.93
2017-11-23,25.92
2017-11-24,25.91
2017-11-27,26.66
2017-11-28,25.01
2017-11-29,26.31
2017-11-30,24.8
2017-12-04,24.85
2017-12-05,24.8
2017-12-06,24.8
2017-12-07,24.8
2017-12-08,24.8
2017-12-11,24.5
2017-12-12,25.8
2017-12-13,25.8
2017-12-14,25.8
2017-12-15,25.72
2017-12-18,25.72
2017-12-19,25.72
2017-12-20,25.72
2017-12-21,24.8
2017-12-22,24.8
2017-12-25,24.8
2017-12-26,24.78
2017-12-27,24.25
2017-12-28,24.25
2017-12-29,24.25
2018-01-02,24.25
2018-01-03,24.26
2018-01-04,24.26
2018-01-05,24.26
2018-01-08,24.26
2018-01-09,24.26
2018-01-10,24.26
2018-01-12,25.35
2018-01-15,25.35
2018-01-16,25.35
2018-01-17,25.35
2018-01-18,25.35
2018-01-19,24.55
2018-01-22,24.55
2018-01-23,25.0
2018-01-24,25.75
2018-01-25,25.75
2018-01-26,25.75
2018-01-29,25.5
2018-01-30,23.8
2018-01-31,25.75
2018-02-01,25.5
2018-02-02,25.75
2018-02-05,25.02
2018-02-06,24.8
2018-02-07,24.5
2018-02-08,24.61
2018-02-09,24.66
2018-02-12,25.0
2018-02-13,25.0
2018-02-14,25.0
2018-02-15,25.0
2018-02-16,25.0
2018-02-19,25.05
2018-02-20,25.05
2018-02-21,25.05
2018-02-22,25.05
2018-02-23,24.82
2018-02-26,24.81
2018-02-27,24.81
2018-02-28,24.81
2018-03-01,24.81
2018-03-02,23.05
2018-03-05,23.05
2018-03-06,23.67
2018-03-07,24.0
2018-03-08,24.5
2018-03-09,24.5
2018-03-12,24.5
2018-03-13,24.0
2018-03-14,24.5
2018-03-15,24.5
2018-03-16,24.0
2018-03-19,23.81
2018-03-20,24.0
2018-03-21,24.0
2018-03-22,24.0
2018-03-23,24.0
2018-03-26,24.0
2018-03-27,24.0
2018-03-28,24.4
2018-03-29,24.0
2018-03-30,25.0
2018-04-02,25.0
2018-04-03,24.55
2018-04-04,23.0
2018-04-05,24.5
2018-04-06,24.0
2018-04-09,24.0
2018-04-10,23.3
2018-04-11,23.3
2018-04-12,23.5
2018-04-13,23.5
2018-04-16,23.3
2018-04-17,23.3
2018-04-18,23.3
2018-04-19,23.3
2018-04-20,23.5
2018-04-23,23.5
2018-04-24,23.5
2018-04-25,23.5
2018-04-26,24.2
2018-04-27,24.2
2018-04-30,23.5
2018-05-02,24.5
2018-05-03,24.5
2018-05-04,23.77
2018-05-07,23.77
2018-05-08,23.77
2018-05-09,23.77
2018-05-10,23.77
2018-05-11,24.89
2018-05-14,24.79
2018-05-15,24.0
2018-05-16,24.0
2018-05-17,24.0
2018-05-18,24.0
2018-05-21,24.78
2018-05-22,24.78
2018-05-23,24.01
2018-05-24,24.0
2018-05-25,24.76
2018-05-28,24.76
2018-05-29,24.76
2018-05-30,24.76
2018-05-31,24.76
2018-06-01,24.0
2018-06-04,24.0
2018-06-05,24.0
2018-06-06,24.0
2018-06-07,24.0
2018-06-08,24.67
2018-06-11,24.67
2018-06-12,24.7
2018-06-13,24.7
2018-06-14,24.7
2018-06-18,23.06
2018-06-19,23.06
2018-06-20,23.06
2018-06-21,24.56
2018-06-22,24.56
2018-06-25,23.0
2018-06-26,23.0
2018-06-27,23.0
2018-06-28,23.5
2018-06-29,23.0
2018-07-02,23.0
2018-07-03,23.5
2018-07-04,23.5
2018-07-05,23.5
2018-07-06,23.51
2018-07-09,24.34
2018-07-10,24.34
2018-07-11,24.49
2018-07-12,24.49
2018-07-13,24.49
2018-07-16,24.0
2018-07-17,24.4
2018-07-18,24.2
2018-07-19,24.2
2018-07-20,24.4
2018-07-23,24.4
2018-07-24,24.4
2018-07-25,24.4
2018-07-26,24.0
2018-07-27,24.0
2018-07-31,24.0
2018-08-01,24.0
2018-08-02,24.0
2018-08-03,24.0
2018-08-06,24.4
2018-08-07,24.4
2018-08-08,24.4
2018-08-09,24.4
2018-08-10,23.52
2018-08-13,23.52
2018-08-15,23.52
2018-08-16,23.52
2018-08-17,23.52
2018-08-24,23.52
2018-08-27,24.5
2018-08-28,24.5
2018-08-29,24.5
2018-08-30,24.5
2018-08-31,24.56
2018-09-03,24.56
2018-09-04,24.56
2018-09-05,24.56
2018-09-06,24.56
2018-09-07,24.2
2018-09-10,24.2
2018-09-12,24.25
2018-09-13,24.25
2018-09-14,24.25
2018-09-17,24.27
2018-09-18,23.27
2018-09-19,23.27
2018-09-20,23.27
2018-09-21,23.27
2018-09-24,23.27
2018-09-25,23.27
2018-09-26,23.05
2018-09-27,23.05
2018-09-28,23.05
2018-10-01,23.05
2018-10-02,23.05
2018-10-03,23.05
2018-10-04,23.05
2018-10-05,23.07
2018-10-08,23.25
2018-10-09,23.25
2018-10-10,23.25
2018-10-11,23.25
2018-10-12,23.25
2018-10-15,23.25
2018-10-16,23.25
2018-10-17,23.25
2018-10-18,24.0
2018-10-19,23.07
2018-10-22,23.07
2018-10-23,23.07
2018-10-24,23.07
2018-10-25,23.07
2018-10-26,23.07
2018-10-29,23.07
2018-10-30,23.07
2018-10-31,23.07
2018-11-01,23.07
2018-11-02,23.07
2018-11-05,23.07
2018-11-07,23.07
2018-11-08,23.07
2018-11-09,22.8
2018-11-12,22.8
2018-11-13,22.8
2018-11-14,22.8
2018-11-15,23.0
2018-11-16,23.0
2018-11-19,23.0
2018-11-22,23.8
2018-11-23,23.8
2018-11-26,23.89
2018-11-27,23.89
2018-11-28,23.89
2018-11-29,23.89
2018-11-30,23.89
2018-12-03,23.89
2018-12-04,23.0
2018-12-05,23.0
2018-12-06,23.0
2018-12-07,22.8
2018-12-10,24.0
2018-12-11,24.0
2018-12-12,24.01
2018-12-13,24.0
2018-12-14,24.0
2018-12-17,24.0
2018-12-18,24.0
2018-12-19,25.55
2018-12-20,25.55
2018-12-21,25.6
2018-12-24,28.15
2018-12-25,28.0
2018-12-26,28.0
2018-12-27,30.0
2018-12-28,30.0
2018-12-31,30.0
2019-01-02,32.0
2019-01-03,35.19
2019-01-04,35.19
2019-01-07,31.68
2019-01-08,30.0
2019-01-09,30.0
2019-01-10,30.0
2019-01-14,31.99
2019-01-15,31.99
2019-01-16,31.99
2019-01-17,31.99
2019-01-18,31.99
2019-01-21,32.5
2019-01-22,34.7
2019-01-23,34.69
2019-01-24,34.99
2019-01-25,38.4
2019-01-28,38.22
2019-01-29,39.99
2019-01-30,38.31
2019-01-31,35.5
2019-02-01,38.8
2019-02-04,39.3
2019-02-05,39.3
2019-02-06,43.19
2019-02-07,41.1
2019-02-08,41.4
2019-02-11,41.0
2019-02-12,41.0
2019-02-13,43.0
2019-02-14,41.72
2019-02-15,42.0
2019-02-18,40.75
2019-02-19,40.1
2019-02-20,40.8
2019-02-21,40.8
2019-02-22,40.0
2019-02-25,37.61
2019-02-26,38.0
2019-02-27,37.5
2019-02-28,37.5
2019-03-01,37.5
2019-03-04,37.5
2019-03-05,37.5
2019-03-06,37.5
2019-03-07,37.5
2019-03-08,37.1
2019-03-11,36.0
2019-03-12,36.0
2019-03-13,35.01
2019-03-14,35.0
2019-03-15,33.2
2019-03-18,33.05
2019-03-19,35.45
2019-03-20,35.45
2019-03-21,32.0
2019-03-22,34.4
2019-03-25,34.4
2019-03-26,34.4
2019-03-27,34.4
2019-03-28,34.3
2019-03-29,31.8
2019-04-01,34.0
2019-04-02,34.0
2019-04-03,34.0
2019-04-04,34.0
2019-04-05,34.0
2019-04-08,34.0
2019-04-09,34.0
2019-04-10,34.0
2019-04-11,32.0
2019-04-12,32.0
2019-04-15,32.0
2019-04-16,31.5
2019-04-17,31.5
2019-04-18,31.5
2019-04-19,31.0
2019-04-22,31.0
2019-04-23,31.0
2019-04-24,31.0
2019-04-25,31.0
2019-04-26,31.0
2019-04-29,31.0
2019-04-30,31.48
2019-05-02,31.48
2019-05-03,32.4
2019-05-06,32.0
2019-05-07,32.3
2019-05-08,32.3
2019-05-09,31.4
2019-05-10,31.4
2019-05-13,30.5
2019-05-14,31.4
2019-05-15,31.27
2019-05-16,29.0
2019-05-17,30.0
2019-05-20,31.0
2019-05-21,29.0
2019-05-22,30.99
2019-05-23,30.99
2019-05-24,30.99
2019-05-27,30.99
2019-05-28,30.7
2019-05-29,30.7
2019-05-30,30.7
2019-05-31,33.76
2019-06-03,35.0
2019-06-04,35.0
2019-06-10,35.0
2019-06-11,35.0
2019-06-12,35.0
2019-06-13,35.0
2019-06-14,35.0
2019-06-17,35.0
2019-06-18,31.52
2019-06-19,31.52
2019-06-20,34.65
2019-06-21,34.65
2019-06-24,34.65
2019-06-25,34.65
2019-06-26,34.65
2019-06-27,34.0
2019-06-28,34.0
2019-07-01,30.61
2019-07-02,30.61
2019-07-03,33.66
2019-07-04,31.0
2019-07-05,32.0
2019-07-08,30.1
2019-07-09,31.35
2019-07-10,32.0
2019-07-11,32.0
2019-07-12,32.0
2019-07-15,32.0
2019-07-16,32.0
2019-07-17,32.0
2019-07-18,31.5
2019-07-19,31.5
2019-07-22,32.0
2019-07-23,32.0
2019-07-24,31.35
2019-07-25,32.0
2019-07-26,32.0
2019-07-29,31.35
2019-07-31,31.3
2019-08-01,32.0
2019-08-02,31.5
2019-08-05,31.5
2019-08-06,31.5
2019-08-07,32.0
2019-08-08,32.0
2019-08-09,32.0
2019-08-15,32.0
2019-08-16,32.0
2019-08-19,32.0
2019-08-22,32.0
2019-08-23,33.0
2019-08-26,33.0
2019-08-27,33.0
2019-08-28,33.0
2019-08-29,34.2
2019-08-30,33.1
2019-09-02,34.1
2019-09-03,33.6
2019-09-04,35.0
2019-09-05,35.0
2019-09-06,35.0
2019-09-09,33.61
2019-09-10,35.0
2019-09-11,35.0
2019-09-12,34.0
2019-09-13,34.5
2019-09-16,34.5
2019-09-17,34.5
2019-09-18,33.5
2019-09-19,33.5
2019-09-20,33.5
2019-09-23,33.0
2019-09-24,32.05
2019-09-25,35.0
2019-09-26,35.0
2019-09-27,35.0
2019-09-30,35.0
2019-10-01,33.0
2019-10-02,33.0
2019-10-03,32.0
2019-10-04,30.51
2019-10-07,33.5
2019-10-08,33.5
2019-10-09,33.5
2019-10-10,33.5
2019-10-11,33.5
2019-10-14,33.5
2019-10-15,33.5
2019-10-16,32.1
2019-10-17,32.1
2019-10-18,32.1
2019-10-21,32.1
2019-10-22,32.1
2019-10-23,32.1
2019-10-24,32.1
2019-10-25,32.1
2019-10-28,31.5
2019-10-29,30.99
2019-10-30,30.79
2019-10-31,30.7
2019-11-01,30.7
2019-11-04,30.7
2019-11-05,30.7
2019-11-07,30.98
2019-11-08,30.98
2019-11-12,30.98
2019-11-13,30.87
2019-11-14,30.87
2019-11-15,30.87
2019-11-19,30.87
2019-11-20,30.87
2019-11-21,29.95
2019-11-22,29.95
2019-11-25,29.95
2019-11-26,30.94
2019-11-27,30.94
2019-11-28,30.91
2019-11-29,30.91
2019-12-02,29.6
2019-12-03,29.0
2019-12-04,30.94
2019-12-05,32.95
2019-12-06,32.95
2019-12-09,31.3
2019-12-10,32.98
2019-12-11,31.3
2019-12-12,31.3
2019-12-13,32.19
2019-12-16,32.19
2019-12-17,32.98
2019-12-18,32.98
2019-12-19,33.0
2019-12-20,33.5
2019-12-23,31.5
2019-12-24,33.42
2019-12-25,32.0
2019-12-26,32.99
2019-12-27,31.55
2019-12-30,31.3
2019-12-31,32.0
2020-01-02,32.0
2020-01-03,30.7
2020-01-06,30.52
2020-01-07,29.0
2020-01-08,31.49
2020-01-09,31.56
2020-01-10,29.96
2020-01-13,30.0
2020-01-14,30.5
2020-01-15,30.9
2020-01-16,30.0
2020-01-17,31.4
2020-01-20,31.0
2020-01-21,31.0
2020-01-22,31.0
2020-01-23,31.0
2020-01-24,30.0
2020-01-27,30.96
2020-01-28,30.46
2020-01-29,30.9
2020-01-30,30.05
2020-01-31,30.05
2020-02-03,30.05
2020-02-04,30.05
2020-02-05,30.05
2020-02-06,30.05
2020-02-07,30.86
2020-02-10,30.86
2020-02-11,30.9
2020-02-12,30.9
2020-02-13,30.9
2020-02-14,30.9
2020-02-17,30.9
2020-02-18,30.04
2020-02-19,30.04
2020-02-20,30.04
2020-02-21,30.04
2020-02-24,30.04
2020-02-25,30.04
2020-02-26,29.14
2020-02-27,29.14
2020-02-28,28.49
2020-03-02,28.49
2020-03-03,28.49
2020-03-04,29.34
2020-03-05,30.98
2020-03-06,30.98
2020-03-09,29.1
2020-03-10,29.97
2020-03-11,29.97
2020-03-12,29.5
2020-03-13,29.0
2020-03-16,26.4
2020-03-17,26.4
2020-03-18,26.4
2020-03-19,25.35
2020-03-20,26.35
2020-03-23,26.8
2020-03-24,27.33
2020-03-25,28.4
2020-03-26,29.0
2020-03-27,27.9
2020-03-30,28.7
2020-03-31,29.7
2020-04-01,29.7
2020-04-02,29.5
2020-04-03,29.5
2020-04-06,29.0
2020-04-07,29.0
2020-04-08,29.0
2020-04-09,29.0
2020-04-10,28.5
2020-04-13,28.5
2020-04-14,28.5
2020-04-15,28.5
2020-04-16,27.6
2020-04-17,28.38
2020-04-20,28.38
2020-04-21,28.38
2020-04-22,27.25
2020-04-23,26.7
2020-04-24,26.4
2020-04-27,26.4
2020-04-28,26.45
2020-04-29,27.44
2020-04-30,27.44
2020-05-04,27.44
2020-05-05,27.44
2020-05-06,27.44
2020-05-07,26.35
2020-05-08,26.9
2020-05-11,27.95
2020-05-12,27.95
2020-05-13,27.95
2020-05-14,27.95
2020-05-15,28.45
2020-05-18,29.5
2020-05-19,28.33
2020-05-20,28.4
2020-05-21,28.4
2020-05-22,29.53
2020-05-26,30.0
2020-05-27,30.0
2020-05-28,28.81
2020-05-29,28.81
2020-06-01,28.81
2020-06-02,28.9
2020-06-03,29.4
2020-06-04,30.49
2020-06-05,29.28
2020-06-08,29.28
2020-06-09,29.28
2020-06-10,29.28
2020-06-11,29.3
2020-06-12,29.3
2020-06-15,29.3
2020-06-16,29.3
2020-06-17,30.24
2020-06-18,30.24
2020-06-19,29.1
2020-06-22,29.1
2020-06-23,29.1
2020-06-24,29.1
2020-06-25,29.0
2020-06-26,30.1
2020-06-29,30.1
2020-06-30,30.1
2020-07-01,30.1
2020-07-02,29.9
2020-07-03,29.85
2020-07-06,29.85
2020-07-07,29.85
2020-07-08,29.85
2020-07-09,29.8
2020-07-10,29.8
2020-07-13,29.8
2020-07-14,30.99
2020-07-15,30.99
2020-07-16,30.99
2020-07-17,29.76
2020-07-20,28.58
2020-07-21,28.58
2020-07-22,28.58
2020-07-23,28.58
2020-07-24,28.61
2020-07-27,29.75
2020-07-28,29.75
2020-07-29,29.75
2020-08-03,29.75
2020-08-04,29.5
2020-08-05,29.5
2020-08-06,29.0
2020-08-07,27.91
2020-08-10,27.91
2020-08-11,27.91
2020-08-12,27.91
2020-08-13,27.91
2020-08-17,27.91
2020-08-18,27.91
2020-08-19,28.9
2020-08-24,28.9
2020-08-25,28.9
2020-08-26,27.8
2020-08-27,27.85
2020-08-28,27.8
2020-08-31,27.8
2020-09-01,27.8
2020-09-02,27.8
2020-09-03,27.8
2020-09-04,27.8
2020-09-07,28.75
2020-09-08,28.75
2020-09-09,28.75
2020-09-10,28.75
2020-09-11,28.75
2020-09-14,28.75
2020-09-15,29.0
2020-09-16,29.0
2020-09-17,29.0
2020-09-18,29.0
2020-09-21,29.0
2020-09-22,29.0
2020-09-23,29.0
2020-09-24,29.0
2020-09-25,29.0
2020-09-28,29.0
2020-09-29,27.87
2020-09-30,28.98
2020-10-01,28.98
2020-10-02,28.98
2020-10-05,28.95
2020-10-06,28.9
2020-10-07,28.94
2020-10-08,28.37
2020-10-09,28.5
2020-10-12,28.5
2020-10-13,28.5
2020-10-14,28.5
2020-10-15,28.5
2020-10-16,27.42
2020-10-19,27.05
2020-10-20,27.01
2020-10-21,28.09
2020-10-22,28.95
2020-10-23,28.95
2020-10-26,27.81
2020-10-27,27.9
2020-10-28,28.9
2020-11-02,28.9
2020-11-03,28.9
2020-11-04,28.9
2020-11-05,30.0
2020-11-09,29.9
2020-11-10,29.9
2020-11-11,29.74
2020-11-12,30.74
2020-11-13,30.74
2020-11-16,29.52
2020-11-17,29.52
2020-11-19,28.36
2020-11-20,29.49
2020-11-23,29.49
2020-11-24,29.49
2020-11-25,29.49
2020-11-26,28.45
2020-11-27,28.36
2020-11-30,27.6
2020-12-01,27.6
2020-12-02,28.0
2020-12-03,28.0
2020-12-04,28.0
2020-12-07,28.0
2020-12-08,29.11
2020-12-09,29.11
2020-12-10,29.11
2020-12-11,29.11
2020-12-14,29.11
2020-12-15,29.15
2020-12-16,29.15
2020-12-17,29.15
2020-12-18,29.15
2020-12-21,29.68
2020-12-22,29.55
2020-12-23,29.0
2020-12-24,29.6
2020-12-25,29.6
2020-12-28,29.0
2020-12-29,29.0
2020-12-30,29.0
2020-12-31,29.93
2021-01-04,29.93
2021-01-05,29.93
2021-01-06,29.94
2021-01-07,29.94
2021-01-08,29.94
2021-01-12,28.8
2021-01-13,29.37
2021-01-14,29.9
2021-01-15,29.9
2021-01-18,29.9
2021-01-19,29.0
2021-01-20,29.0
2021-01-21,29.5
2021-01-22,29.5
2021-01-25,29.5
2021-01-26,29.5
2021-01-27,29.5
2021-01-28,29.5
2021-01-29,29.5
2021-02-01,29.5
2021-02-02,29.5
2021-02-03,29.0
2021-02-04,28.05
2021-02-05,28.0
2021-02-08,26.9
2021-02-09,26.0
2021-02-10,26.0
2021-02-11,26.0
2021-02-12,26.07
2021-02-15,26.07
2021-02-16,26.07
2021-02-17,26.07
2021-02-18,26.07
2021-02-19,26.07
2021-02-22,26.07
2021-02-23,26.07
2021-02-24,25.15
2021-02-25,26.15
2021-02-26,27.19
2021-03-01,27.19
2021-03-02,27.19
2021-03-03,27.19
2021-03-04,27.0
2021-03-05,27.39
2021-03-08,27.38
2021-03-09,27.37
2021-03-10,27.37
2021-03-11,27.37
2021-03-12,27.37
2021-03-15,27.37
2021-03-16,27.35
2021-03-17,27.36
2021-03-18,27.0
2021-03-19,27.0
2021-03-22,26.99
2021-03-23,26.99
2021-03-24,28.0
2021-03-25,26.9
2021-03-26,26.5
2021-03-29,26.5
2021-03-30,26.5
2021-03-31,27.55
2021-04-01,27.55
2021-04-02,27.55
2021-04-05,27.0
2021-04-06,27.0
2021-04-07,27.0
2021-04-08,27.0
2021-04-09,27.5
2021-04-12,27.5
2021-04-13,27.5
2021-04-14,27.5
2021-04-15,27.0
2021-04-16,27.0
2021-04-19,27.0
2021-04-20,27.0
2021-04-21,27.0
2021-04-22,27.0
2021-04-23,27.0
2021-04-26,27.0
2021-04-27,27.0
2021-04-28,27.5
2021-04-29,27.5
2021-04-30,27.5
2021-05-03,27.5
2021-05-04,27.5
2021-05-05,27.5
2021-05-06,27.5
2021-05-07,27.5
2021-05-10,26.41
2021-05-11,26.41
2021-05-12,26.41
2021-05-17,26.41
2021-05-18,27.46
2021-05-19,28.2
2021-05-20,28.2
2021-05-21,28.2
2021-05-24,28.2
2021-05-25,28.2
2021-05-26,28.2
2021-05-27,28.2
2021-05-28,28.2
2021-05-31,28.0
2021-06-01,28.0
2021-06-02,27.2
2021-06-03,26.66
2021-06-04,26.66
2021-06-07,27.72
2021-06-08,28.17
2021-06-09,28.2
2021-06-10,28.2
2021-06-11,28.2
2021-06-14,28.2
2021-06-15,28.2
2021-06-16,28.2
2021-06-17,28.0
2021-06-18,27.0
2021-06-21,27.97
2021-06-22,27.98
2021-06-23,27.98
2021-06-24,27.1
2021-06-25,27.0
2021-06-28,27.0
2021-06-29,26.6
2021-06-30,26.6
2021-07-01,26.5
2021-07-02,27.55
2021-07-05,27.5
2021-07-06,27.5
2021-07-07,27.5
2021-07-08,27.3
2021-07-09,27.3
2021-07-12,27.3
2021-07-13,27.3
2021-07-14,27.3
2021-07-15,27.3
2021-07-16,27.98
2021-07-19,27.89
2021-07-20,27.0
2021-07-23,27.1
2021-07-26,27.1
2021-07-27,27.1
2021-07-28,27.1
2021-07-29,27.1
2021-08-02,27.1
2021-08-03,27.1
2021-08-04,28.03
2021-08-05,28.03
2021-08-06,28.1
2021-08-09,28.1
2021-08-11,27.54
2021-08-12,27.1
2021-08-13,27.1
2021-08-16,27.99
2021-08-17,27.99
2021-08-18,27.99
2021-08-19,27.99
2021-08-23,27.5
2021-08-24,28.0
2021-08-25,28.0
2021-08-26,27.95
2021-08-27,27.95
2021-08-30,27.31
2021-08-31,27.35
2021-09-01,27.8
2021-09-02,27.95
2021-09-03,27.95
2021-09-06,27.95
2021-09-07,27.4
2021-09-08,28.45
2021-09-09,28.0
2021-09-10,27.45
2021-09-13,28.0
2021-09-14,28.0
2021-09-15,28.0
2021-09-16,26.89
2021-09-17,25.82
2021-09-20,26.85
2021-09-21,26.85
2021-09-22,27.92
2021-09-23,27.92
2021-09-24,27.5
2021-09-27,28.0
2021-09-28,28.0
2021-09-29,28.0
2021-09-30,28.0
2021-10-01,26.9
2021-10-04,26.9
2021-10-05,26.75
2021-10-06,26.75
2021-10-07,26.75
2021-10-08,27.28
2021-10-11,27.49
2021-10-12,27.49
2021-10-13,26.9
2021-10-14,27.0
2021-10-15,27.0
2021-10-18,27.5
2021-10-21,27.5
2021-10-22,27.49
2021-10-25,27.3
2021-10-26,27.3
2021-10-27,27.3
2021-10-28,27.3
2021-10-29,27.0
2021-11-01,28.61
2021-11-02,30.32
2021-11-03,32.13
2021-11-04,34.05
2021-11-05,34.1
2021-11-08,34.0
2021-11-09,31.97
2021-11-10,30.06
2021-11-11,31.69
2021-11-12,29.8
2021-11-15,29.05
2021-11-16,29.1
2021-11-17,29.6
2021-11-19,29.6
2021-11-22,29.6
2021-11-23,28.73
2021-11-24,30.0
2021-11-25,30.05
2021-11-26,30.5
2021-11-29,30.04
2021-11-30,29.0
2021-12-01,29.9
2021-12-02,30.0
2021-12-03,31.65
2021-12-06,31.5
2021-12-07,31.5
2021-12-08,31.0
2021-12-09,30.02
2021-12-10,31.0
2021-12-13,30.08
2021-12-14,30.09
2021-12-15,30.09
2021-12-16,30.09
2021-12-17,30.0
2021-12-20,30.0
2021-12-21,28.51
2021-12-22,30.16
2021-12-23,29.95
2021-12-24,29.92
2021-12-27,30.0
2021-12-28,30.0
2021-12-29,30.9
2021-12-30,30.99
2021-12-31,30.5
2022-01-03,30.5
2022-01-04,30.5
2022-01-05,31.0
2022-01-06,31.0
2022-01-07,30.01
2022-01-10,30.5
2022-01-12,31.0
2022-01-13,30.5
2022-01-14,30.5
2022-01-17,31.0
2022-01-18,31.49
2022-01-19,31.49
2022-01-20,31.49
2022-01-21,31.49
2022-01-24,31.0
2022-01-25,30.0
2022-01-26,30.13
2022-01-27,30.13
2022-01-28,30.13
2022-01-31,30.13
2022-02-01,30.13
2022-02-02,30.51
2022-02-03,31.0
2022-02-04,30.3
2022-02-07,30.3
2022-02-08,30.99
2022-02-09,31.5
2022-02-10,31.0
2022-02-11,31.5
2022-02-14,31.8
2022-02-15,31.55
2022-02-16,31.76
2022-02-17,30.62
2022-02-18,31.0
2022-02-21,30.1
2022-02-22,31.0
2022-02-23,31.0
2022-02-24,29.52
2022-02-25,28.21
2022-02-28,29.9
2022-03-01,29.9
2022-03-02,31.0
2022-03-03,30.9
2022-03-04,30.0
2022-03-07,28.21
2022-03-08,29.0
2022-03-09,29.0
2022-03-10,29.0
2022-03-11,29.0
2022-03-14,29.0
2022-03-15,29.0
2022-03-16,29.94
2022-03-17,29.94
2022-03-18,29.94
2022-03-21,29.86
2022-03-22,29.0
2022-03-23,29.0
2022-03-24,28.2
2022-03-25,28.2
2022-03-28,29.89
2022-03-29,29.88
2022-03-30,30.25
2022-03-31,30.25
2022-04-01,30.25
2022-04-04,30.25
2022-04-05,30.0
2022-04-06,30.0
2022-04-07,29.0
2022-04-08,28.62
2022-04-11,29.9
2022-04-12,29.9
2022-04-13,29.9
2022-04-14,29.9
2022-04-15,28.77
2022-04-18,30.25
2022-04-19,30.0
2022-04-20,30.25
2022-04-21,30.0
2022-04-22,30.0
2022-04-25,28.9
2022-04-26,28.9
2022-04-27,28.9
2022-04-28,30.0
2022-04-29,30.5
2022-05-04,30.5
2022-05-05,30.0
2022-05-06,30.7
2022-05-09,31.0
2022-05-10,29.15
2022-05-11,28.0
2022-05-12,28.0
2022-05-13,28.0
2022-05-16,28.0
2022-05-17,28.0
2022-05-18,28.0
2022-05-19,29.6
2022-05-20,29.6
2022-05-23,29.6
2022-05-24,29.0
2022-05-25,28.0
2022-05-26,27.17
2022-05-27,27.17
2022-05-30,27.17
2022-05-31,28.8
2022-06-01,28.8
2022-06-02,28.8
2022-06-03,28.8
2022-06-06,27.17
2022-06-07,28.0
2022-06-08,28.0
2022-06-09,28.0
2022-06-10,28.0
2022-06-13,27.33
2022-06-14,27.33
2022-06-15,27.33
2022-06-16,28.44
2022-06-17,28.44
2022-06-20,28.44
2022-06-21,28.44
2022-06-22,28.44
2022-06-23,28.44
2022-06-24,28.0
2022-06-27,26.33
2022-06-28,26.0
2022-06-29,26.0
2022-06-30,26.0
2022-07-01,26.0
2022-07-04,26.33
2022-07-05,24.8
2022-07-06,25.0
2022-07-07,25.0
2022-07-08,25.0
2022-07-12,25.0
2022-07-13,25.02
2022-07-14,26.52
2022-07-15,26.52
2022-07-18,26.52
2022-07-19,26.52
2022-07-20,26.4
2022-07-21,26.4
2022-07-22,26.4
2022-07-25,25.01
2022-07-26,25.01
2022-07-27,26.51
2022-07-28,24.92
2022-07-29,24.92
2022-08-01,24.92
2022-08-02,24.9
2022-08-03,24.9
2022-08-04,24.9
2022-08-05,24.9
2022-08-08,26.39
2022-08-09,26.39
2022-08-10,27.97
2022-08-11,28.0
2022-08-12,28.0
2022-08-15,28.0
2022-08-16,28.0
2022-08-17,28.6
2022-08-18,28.0
2022-08-19,28.0
2022-08-22,28.0
2022-08-23,27.45
2022-08-24,28.0
2022-08-25,28.0
2022-08-26,28.0
2022-08-29,27.7
2022-08-30,27.55
2022-08-31,27.0
2022-09-01,27.0
2022-09-02,27.0
2022-09-05,27.0
2022-09-06,27.0
2022-09-07,27.0
2022-09-08,27.0
2022-09-09,28.49
2022-09-12,28.47
2022-09-13,28.0
2022-09-14,28.0
2022-09-15,26.91
2022-09-16,26.91
2022-09-19,27.0
2022-09-20,28.3
2022-09-21,28.0
2022-09-22,28.0
2022-09-23,28.0
2022-09-26,26.65
2022-09-27,26.65
2022-09-28,26.2
2022-09-29,26.1
2022-09-30,26.05
2022-10-03,26.99
2022-10-04,26.99
2022-10-05,27.0
2022-10-06,27.0
2022-10-07,26.5
2022-10-11,26.5
2022-10-12,26.0
2022-10-13,26.0
2022-10-14,26.0
2022-10-17,25.01
2022-10-18,25.1
2022-10-19,25.1
2022-10-20,25.1
2022-10-21,25.1
2022-10-24,25.1
2022-10-25,25.0
2022-10-26,25.0
2022-10-27,25.0
2022-10-28,23.51
2022-10-31,23.51
2022-11-01,23.51
2022-11-02,23.51
2022-11-03,23.51
2022-11-04,23.51
2022-11-07,23.51
2022-11-08,23.51
2022-11-09,23.51
2022-11-10,24.05
2022-11-11,24.05
2022-11-14,25.2
2022-11-15,24.03
2022-11-16,24.8
2022-11-17,24.8
2022-11-21,24.8
2022-11-22,24.8
2022-11-23,24.0
2022-11-24,24.8
2022-11-25,25.5
2022-11-28,25.5
2022-11-29,25.5
2022-11-30,25.5
2022-12-01,25.5
2022-12-02,26.99
2022-12-05,26.99
2022-12-06,25.4
2022-12-07,25.4
2022-12-08,25.4
2022-12-09,26.0
2022-12-12,26.9
2022-12-13,26.9
2022-12-14,26.9
2022-12-15,26.9
2022-12-16,26.9
2022-12-19,26.8
2022-12-20,26.8
2022-12-21,27.0
2022-12-22,27.0
2022-12-23,27.0
2022-12-26,27.0
2022-12-27,26.5
2022-12-28,26.5
2022-12-29,26.5
2022-12-30,26.5
2023-01-02,26.0
2023-01-03,26.89
2023-01-04,25.28
2023-01-05,25.5
2023-01-06,25.5
2023-01-09,25.5
2023-01-10,25.5
2023-01-12,25.5
2023-01-13,25.5
2023-01-16,25.0
2023-01-17,25.0
2023-01-18,26.0
2023-01-19,24.51
2023-01-20,23.81
2023-01-23,25.23
2023-01-24,26.34
2023-01-25,24.8
2023-01-26,24.0
2023-01-27,23.8
2023-01-30,23.8
2023-01-31,23.8
2023-02-01,23.8
2023-02-02,23.8
2023-02-03,23.8
2023-02-06,24.0
2023-02-07,24.0
2023-02-08,24.0
2023-02-09,24.8
2023-02-10,24.0
2023-02-13,24.8
2023-02-14,26.28
2023-02-15,26.3
2023-02-16,26.0
2023-02-17,26.3
2023-02-20,27.7
2023-02-21,27.0
2023-02-22,25.39
2023-02-23,26.91
2023-02-24,25.42
2023-02-27,26.8
2023-02-28,26.79
2023-03-01,26.79
2023-03-02,26.79
2023-03-03,26.7
2023-03-06,26.5
2023-03-07,26.6
2023-03-08,26.79
2023-03-09,26.79
2023-03-10,26.7
2023-03-13,25.1
2023-03-14,25.1
2023-03-15,25.1
2023-03-16,25.1
2023-03-17,25.9
2023-03-20,25.9
2023-03-21,26.4
2023-03-22,26.79
2023-03-23,26.0
2023-03-24,26.0
2023-03-27,26.0
2023-03-28,26.0
2023-03-29,26.0
2023-03-30,26.0
2023-03-31,26.0
2023-04-03,26.0
2023-04-04,25.7
2023-04-05,25.5
2023-04-06,26.0
2023-04-07,27.0
2023-04-10,26.99
2023-04-11,26.98
2023-04-12,26.98
2023-04-13,26.98
2023-04-14,26.5
2023-04-17,26.5
2023-04-18,26.5
2023-04-19,26.5
2023-04-20,26.5
2023-04-21,26.5
2023-04-25,26.5
2023-04-26,26.8
2023-04-27,26.9
2023-04-28,26.9
2023-05-02,26.96
2023-05-03,26.8
2023-05-04,26.7
2023-05-05,25.45
2023-05-08,26.2
2023-05-09,25.45
2023-05-10,25.45
2023-05-11,25.45
2023-05-12,25.45
2023-05-15,25.45
2023-05-16,25.45
2023-05-17,26.9
2023-05-18,26.9
2023-05-19,26.8
2023-05-22,26.8
2023-05-23,26.8
2023-05-24,27.7
2023-05-25,26.04
2023-05-26,24.51
2023-05-29,25.98
2023-05-30,25.5
2023-05-31,25.5
2023-06-01,26.0
2023-06-02,27.55
2023-06-05,27.53
2023-06-06,27.6
2023-06-07,27.5
2023-06-08,27.5
2023-06-09,27.5
2023-06-12,26.21
2023-06-13,24.64
2023-06-14,23.17
2023-06-15,23.5
2023-06-16,24.0
2023-06-19,23.8
2023-06-20,24.44
2023-06-21,23.99
2023-06-22,23.6
2023-06-23,23.65
2023-06-26,24.35
2023-06-27,24.0
2023-06-28,24.0
2023-07-03,24.0
2023-07-04,24.17
2023-07-05,24.11
2023-07-06,23.9
2023-07-07,23.85
2023-07-10,23.95
2023-07-11,23.9
2023-07-12,23.9
2023-07-13,23.21
2023-07-14,23.21
2023-07-17,23.5
2023-07-18,23.95
2023-07-20,24.35
2023-07-21,24.35
2023-07-24,24.97
2023-07-25,24.74
2023-07-26,24.69
2023-07-27,24.05
2023-07-28,24.5
2023-07-31,24.55
2023-08-01,24.51
2023-08-02,24.6
2023-08-03,24.6
2023-08-04,24.5
2023-08-07,24.94
2023-08-08,24.8
2023-08-09,24.79
2023-08-10,24.0
2023-08-11,24.0
2023-08-15,24.3
2023-08-16,24.3
2023-08-17,24.3
2023-08-18,24.2
2023-08-22,24.3
2023-08-23,23.7
2023-08-24,23.7
2023-08-25,23.9
2023-08-28,24.3
2023-08-29,24.1
2023-08-30,24.3
2023-08-31,24.57
2023-09-01,24.57
2023-09-04,23.75
2023-09-05,24.3
2023-09-06,24.0
2023-09-07,24.37
2023-09-08,24.1
2023-09-11,24.3
2023-09-12,24.3
2023-09-13,24.29
2023-09-14,23.67
2023-09-15,24.43
2023-09-18,23.7
2023-09-19,23.55
2023-09-20,23.5
2023-09-21,23.5
2023-09-22,23.1
2023-09-25,22.0
2023-09-26,22.99
2023-09-27,23.04
2023-10-02,23.05
2023-10-03,23.05
2023-10-04,22.99
2023-10-05,23.05
2023-10-06,23.05
2023-10-09,22.9
2023-10-10,23.0
2023-10-11,22.85
2023-10-12,22.49
2023-10-13,22.71
2023-10-16,21.85
2023-10-17,22.67
2023-10-18,22.6
2023-10-19,22.55
2023-10-20,22.89
2023-10-23,21.8
2023-10-24,22.39
2023-10-25,22.38
2023-10-26,22.5
2023-10-27,22.46
2023-10-30,22.46
2023-10-31,22.39
2023-11-01,22.4
2023-11-02,22.1
2023-11-03,22.36
2023-11-07,22.27
2023-11-08,21.16
2023-11-09,22.28
2023-11-10,21.24
2023-11-13,22.27
2023-11-14,22.19
2023-11-15,21.52
2023-11-16,22.11
2023-11-17,21.99
2023-11-20,21.98
2023-11-21,22.09
2023-11-22,21.7
2023-11-23,22.0
2023-11-24,22.0
2023-11-27,21.53
2023-11-28,21.5
2023-11-29,21.4
2023-11-30,21.88
2023-12-01,21.94
2023-12-04,21.5
2023-12-05,21.5
2023-12-06,21.5
2023-12-07,21.5
2023-12-08,21.79
2023-12-11,21.89
2023-12-12,21.4
2023-12-13,21.6
2023-12-14,21.6
2023-12-15,21.89
2023-12-18,21.5
2023-12-19,22.5
2023-12-20,22.5
2023-12-21,21.55
2023-12-22,22.49
2023-12-25,22.07
2023-12-26,21.7
2023-12-27,22.49
2023-12-28,22.0
2023-12-29,22.0
2024-01-02,22.01
2024-01-03,22.0
2024-01-04,22.0
2024-01-05,22.6
2024-01-08,22.2
2024-01-09,22.0
2024-01-10,22.87
2024-01-12,22.87
2024-01-15,22.87
2024-01-16,22.87
2024-01-17,21.82
2024-01-18,22.02
2024-01-19,22.05
2024-01-22,22.05
2024-01-23,22.11
2024-01-24,22.79
2024-01-25,21.85
2024-01-26,22.8
2024-01-29,22.85
2024-01-30,21.86
2024-01-31,22.3
2024-02-01,22.1
2024-02-02,22.58
2024-02-05,22.75
2024-02-06,22.7
2024-02-07,22.75
2024-02-08,22.3
2024-02-09,22.3
2024-02-12,22.0
2024-02-13,22.0
2024-02-14,22.3
2024-02-15,22.2
2024-02-16,22.0
2024-02-19,22.79
2024-02-20,22.65
2024-02-21,22.65
2024-02-22,22.59
2024-02-23,22.1
2024-02-26,22.16
2024-02-27,22.73
2024-02-28,22.0
2024-02-29,22.58
2024-03-01,22.55
2024-03-04,22.11
2024-03-05,22.0
2024-03-06,22.6
2024-03-07,22.59
2024-03-08,22.59
2024-03-11,22.49
2024-03-12,22.87
2024-03-13,22.72
2024-03-14,23.3
2024-03-15,23.3
2024-03-18,23.5
2024-03-19,22.54
2024-03-20,22.56
2024-03-21,22.57
2024-03-22,23.4
2024-03-25,23.75
2024-03-26,23.95
2024-03-27,24.5
2024-03-28,24.49
2024-03-29,24.5
2024-04-01,24.5
2024-04-02,23.3
2024-04-03,23.3
2024-04-04,23.51
2024-04-05,23.99
2024-04-08,24.4
2024-04-09,23.03
2024-04-15,24.47
2024-04-16,23.98
2024-04-17,25.24
2024-04-18,24.74
2024-04-19,25.99
2024-04-22,25.99
2024-04-23,25.5
2024-04-24,25.3
2024-04-25,25.3
2024-04-26,25.4
2024-04-29,25.0
2024-04-30,25.0
2024-05-02,25.0
2024-05-03,25.99
2024-05-06,25.99
2024-05-07,25.7
2024-05-08,25.75
2024-05-09,26.0
2024-05-10,26.75
2024-05-13,26.2
2024-05-14,26.0
2024-05-15,26.0
2024-05-16,26.3
2024-05-17,26.75
2024-05-20,28.3
2024-05-21,31.12
2024-05-22,34.23
2024-05-23,33.49
2024-05-24,33.0
2024-05-27,32.0
2024-05-28,32.0
2024-05-29,31.2
2024-05-30,33.5
2024-05-31,32.01
2024-06-03,33.47
2024-06-04,33.47
2024-06-05,33.0
2024-06-06,31.5
2024-06-07,32.49
2024-06-10,30.02
2024-06-11,30.1
2024-06-12,31.39
2024-06-13,31.0
2024-06-14,31.93
2024-06-19,31.93
2024-06-20,31.69
2024-06-21,31.64
2024-06-24,31.63
2024-06-25,31.63
2024-06-26,31.63
2024-06-27,31.6
2024-06-28,31.59
2024-07-01,31.59
2024-07-02,31.25
2024-07-03,31.55
2024-07-04,31.5
2024-07-05,31.5
2024-07-08,32.69
2024-07-09,32.0
2024-07-10,30.1
2024-07-11,30.81
2024-07-12,31.49
2024-07-15,31.0
2024-07-16,31.0
2024-07-17,30.22
2024-07-18,31.48
2024-07-19,31.39
2024-07-22,31.39
2024-07-23,30.0
2024-07-24,30.0
2024-07-25,30.0
2024-07-26,30.72
2024-07-29,30.11
2024-07-31,30.0
2024-08-01,29.8
2024-08-02,30.0
2024-08-05,30.0
2024-08-06,29.99
2024-08-07,29.94
2024-08-08,29.5
2024-08-09,29.0
2024-08-12,29.3
2024-08-13,29.0
2024-08-15,30.0
2024-08-16,30.72
2024-08-19,30.0
2024-08-22,30.5
2024-08-23,29.63
2024-08-26,30.46
2024-08-27,33.5
2024-08-28,36.84
2024-08-29,40.52
2024-08-30,40.54
2024-09-02,41.0
2024-09-03,40.0
2024-09-04,39.94
2024-09-05,37.95
2024-09-06,37.81
2024-09-09,38.02
2024-09-10,39.0
2024-09-11,37.5
2024-09-12,37.84
2024-09-13,37.79
2024-09-18,37.11
2024-09-19,39.37
2024-09-20,38.5
2024-09-23,37.5
2024-09-24,37.99
2024-09-25,37.79
2024-09-26,36.4
2024-09-27,36.4
2024-09-30,37.0
2024-10-01,35.0
2024-10-02,37.0
2024-10-03,36.84
2024-10-04,36.69
2024-10-07,36.5
2024-10-08,36.23
2024-10-09,36.18
2024-10-10,36.18
2024-10-11,35.8
2024-10-14,34.11
2024-10-15,35.8
2024-10-16,34.99
2024-10-17,34.5
2024-10-18,33.2
2024-10-21,34.81
2024-10-22,34.74
2024-10-23,34.75
2024-10-24,34.74
2024-10-25,34.75
2024-10-28,34.05
2024-10-29,34.05
2024-10-30,34.2
2024-10-31,34.05
2024-11-01,31.33
2024-11-04,34.03
2024-11-05,34.1
2024-11-07,34.1
2024-11-08,34.0
2024-11-11,32.42
2024-11-12,33.98
2024-11-13,33.51
2024-11-14,33.02
2024-11-15,34.2
2024-11-19,34.9
2024-11-20,32.7
2024-11-21,33.06
2024-11-22,34.78
2024-11-25,34.78
2024-11-26,33.7
2024-11-27,34.49
2024-11-28,34.0
2024-11-29,34.55
2024-12-02,33.36
2024-12-03,33.36
2024-12-04,33.99
2024-12-05,33.5
2024-12-06,33.2
2024-12-09,33.0
2024-12-10,33.0
2024-12-11,32.36
2024-12-12,32.36
2024-12-13,33.05
2024-12-16,33.02
2024-12-17,33.5
2024-12-18,34.0
2024-12-19,33.5
2024-12-20,33.66
2024-12-23,34.74
2024-12-24,34.0
2024-12-25,34.95
2024-12-26,34.8
2024-12-27,34.49
2024-12-30,34.65
2024-12-31,35.0
2025-01-02,35.0
2025-01-03,34.0
2025-01-06,34.24
2025-01-07,34.1
2025-01-08,35.0
2025-01-09,35.78
2025-01-10,35.7
2025-01-13,35.0
2025-01-15,35.48
2025-01-16,35.98
2025-01-17,35.22
2025-01-20,35.0
2025-01-21,35.0
2025-01-22,34.49
2025-01-23,34.5
2025-01-24,34.92
2025-01-27,34.95
2025-01-28,34.5
2025-01-29,34.04
2025-01-30,34.88
2025-01-31,34.72
2025-02-03,33.8
2025-02-04,34.77
2025-02-05,34.0
2025-02-06,33.0
2025-02-07,33.0
2025-02-10,32.77
2025-02-11,32.81
2025-02-12,33.0
2025-02-13,33.47
2025-02-14,33.0
2025-02-17,33.4
2025-02-18,32.9
2025-02-19,32.7
2025-02-20,32.0
2025-02-21,33.38
2025-02-24,33.95
2025-02-25,34.39
2025-02-26,34.38
2025-02-27,33.5
2025-02-28,32.77
2025-03-03,32.8
2025-03-04,33.9
2025-03-05,33.5
2025-03-06,32.56
2025-03-07,32.5
2025-03-10,33.56
2025-03-11,33.5
2025-03-12,32.25
2025-03-13,33.3
2025-03-14,33.89
2025-03-17,32.6
2025-03-18,34.0
2025-03-19,34.5
2025-03-20,34.5
2025-03-21,34.0
2025-03-24,34.0
2025-03-25,33.89
2025-03-26,33.78
2025-03-27,33.0
2025-03-28,33.0
2025-04-02,34.0
2025-04-03,33.0
2025-04-04,33.76
2025-04-07,32.5
2025-04-08,32.25
2025-04-09,32.2
2025-04-10,33.0
2025-04-11,32.0
2025-04-14,32.11
2025-04-15,33.0
2025-04-16,32.98
2025-04-17,32.12
2025-04-18,33.0
2025-04-21,32.98
2025-04-22,32.15
2025-04-23,32.01
2025-04-24,32.3
2025-04-25,32.3
2025-04-28,32.5
2025-04-29,32.66
2025-04-30,32.0
2025-05-02,32.5
2025-05-05,32.5
2025-05-06,32.0
2025-05-07,32.5
2025-05-08,32.49
2025-05-09,32.45
