date,DHO
2008-05-15,47.5
2008-05-16,49.0
2008-05-19,53.9
2008-05-20,57.7
2008-05-21,57.4
2008-05-22,60.5
2008-05-23,61.45
2008-05-26,60.95
2008-05-27,61.0
2008-05-28,63.3
2008-05-29,63.4
2008-05-30,62.3
2008-06-02,63.0
2008-06-03,61.55
2008-06-04,60.9
2008-06-05,61.15
2008-06-06,61.55
2008-06-09,61.5
2008-06-10,61.25
2008-06-11,61.45
2008-06-12,60.9
2008-06-13,61.5
2008-06-16,61.5
2008-06-17,60.8
2008-06-18,60.75
2008-06-19,60.95
2008-06-20,60.5
2008-06-23,57.0
2008-06-24,57.0
2008-06-25,57.15
2008-06-26,56.25
2008-06-27,55.55
2008-06-30,55.75
2008-07-01,56.4
2008-07-02,56.5
2008-07-03,56.0
2008-07-04,54.0
2008-07-07,54.5
2008-07-08,54.0
2008-07-09,56.0
2008-07-10,56.5
2008-07-11,56.2
2008-07-14,56.45
2008-07-15,55.7
2008-07-16,54.8
2008-07-17,55.0
2008-07-18,53.75
2008-07-21,55.0
2008-07-22,55.0
2008-07-23,54.95
2008-07-24,54.9
2008-07-25,53.5
2008-07-28,54.0
2008-07-29,53.3
2008-07-31,51.5
2008-08-01,51.0
2008-08-04,50.95
2008-08-05,49.95
2008-08-06,49.95
2008-08-07,48.75
2008-08-08,47.55
2008-08-11,47.0
2008-08-12,48.0
2008-08-13,48.25
2008-08-15,49.65
2008-08-18,50.5
2008-08-19,50.0
2008-08-22,49.0
2008-08-25,48.25
2008-08-26,48.25
2008-08-27,48.15
2008-08-28,48.75
2008-08-29,49.0
2008-09-01,50.0
2008-09-02,49.6
2008-09-03,49.25
2008-09-04,49.6
2008-09-05,49.0
2008-09-08,48.0
2008-09-09,48.25
2008-09-10,47.5
2008-09-11,47.9
2008-09-12,47.3
2008-09-15,44.5
2008-09-16,41.85
2008-09-17,43.0
2008-09-18,44.0
2008-09-19,45.0
2008-09-22,45.95
2008-09-23,44.55
2008-09-24,42.5
2008-09-25,41.95
2008-09-26,40.7
2008-09-29,39.0
2008-09-30,36.7
2008-10-03,37.5
2008-10-06,37.5
2008-10-07,37.85
2008-10-08,37.5
2008-10-09,37.25
2008-10-10,39.48
2008-10-13,41.25
2008-10-14,41.6
2008-10-15,40.5
2008-10-16,40.0
2008-10-17,41.7
2008-10-20,40.06
2008-10-21,40.01
2008-10-22,39.5
2008-10-23,38.7
2008-10-24,36.75
2008-10-27,37.5
2008-10-28,37.5
2008-10-29,37.5
2008-10-30,38.0
2008-10-31,38.0
2008-11-03,38.51
2008-11-04,39.5
2008-11-05,40.75
2008-11-07,40.0
2008-11-10,40.5
2008-11-11,40.44
2008-11-12,40.95
2008-11-13,40.5
2008-11-14,40.95
2008-11-17,40.5
2008-11-19,40.75
2008-11-20,40.0
2008-11-21,39.75
2008-11-24,38.5
2008-11-25,39.5
2008-11-26,40.0
2008-11-27,40.0
2008-11-28,40.0
2008-12-01,40.0
2008-12-02,39.26
2008-12-03,39.49
2008-12-04,39.0
2008-12-05,38.95
2008-12-08,39.25
2008-12-11,39.65
2008-12-12,39.95
2008-12-15,39.75
2008-12-16,39.5
2008-12-17,39.5
2008-12-18,39.5
2008-12-19,39.98
2008-12-22,40.98
2008-12-23,39.04
2008-12-24,37.5
2008-12-25,36.76
2008-12-26,35.02
2008-12-30,32.92
2008-12-31,30.95
2009-01-02,29.1
2009-01-05,27.36
2009-01-06,25.81
2009-01-07,26.46
2009-01-08,28.04
2009-01-09,29.01
2009-01-12,28.4
2009-01-13,28.05
2009-01-14,27.98
2009-01-15,27.52
2009-01-16,27.5
2009-01-19,27.96
2009-01-20,27.8
2009-01-21,27.01
2009-01-22,26.5
2009-01-23,26.0
2009-01-26,26.09
2009-01-27,26.01
2009-01-28,26.63
2009-01-29,27.5
2009-01-30,28.15
2009-02-02,28.23
2009-02-03,28.0
2009-02-04,27.01
2009-02-05,26.7
2009-02-06,26.4
2009-02-09,26.5
2009-02-10,26.6
2009-02-11,27.9
2009-02-12,27.6
2009-02-13,27.5
2009-02-16,28.02
2009-02-17,29.1
2009-02-18,30.84
2009-02-19,30.95
2009-02-20,31.25
2009-02-23,32.5
2009-02-24,33.47
2009-02-25,35.47
2009-02-26,35.05
2009-02-27,34.0
2009-03-02,33.75
2009-03-03,33.2
2009-03-04,32.91
2009-03-05,32.5
2009-03-06,34.45
2009-03-09,35.08
2009-03-12,34.94
2009-03-13,34.0
2009-03-16,34.0
2009-03-17,34.2
2009-03-18,33.5
2009-03-19,33.26
2009-03-20,33.0
2009-03-23,33.0
2009-03-24,31.63
2009-03-25,31.0
2009-03-26,31.5
2009-03-27,31.5
2009-03-30,31.25
2009-03-31,30.3
2009-04-01,30.31
2009-04-02,31.45
2009-04-03,31.99
2009-04-06,32.14
2009-04-07,32.0
2009-04-08,31.01
2009-04-09,31.7
2009-04-10,29.8
2009-04-13,29.32
2009-04-14,29.69
2009-04-15,30.0
2009-04-16,29.5
2009-04-17,30.0
2009-04-20,30.0
2009-04-21,29.4
2009-04-22,29.8
2009-04-23,30.5
2009-04-24,31.0
2009-04-27,30.0
2009-04-28,31.09
2009-04-29,31.08
2009-04-30,31.65
2009-05-04,31.7
2009-05-05,31.4
2009-05-06,31.2
2009-05-07,31.0
2009-05-08,31.0
2009-05-11,32.25
2009-05-12,32.4
2009-05-13,32.5
2009-05-14,31.75
2009-05-15,32.0
2009-05-18,32.0
2009-05-19,32.5
2009-05-20,31.89
2009-05-21,32.4
2009-05-22,32.5
2009-05-25,33.75
2009-05-26,34.5
2009-05-27,35.0
2009-05-28,34.0
2009-05-29,33.5
2009-06-01,33.2
2009-06-02,33.8
2009-06-03,35.82
2009-06-04,37.96
2009-06-05,40.0
2009-06-08,38.51
2009-06-09,38.5
2009-06-10,38.33
2009-06-11,37.5
2009-06-12,38.94
2009-06-15,38.95
2009-06-16,38.0
2009-06-17,38.51
2009-06-18,39.0
2009-06-19,39.0
2009-06-22,39.0
2009-06-23,39.0
2009-06-24,40.0
2009-06-25,40.25
2009-06-26,41.0
2009-06-29,40.3
2009-06-30,40.5
2009-07-01,39.3
2009-07-02,39.25
2009-07-03,38.32
2009-07-06,38.74
2009-07-07,38.8
2009-07-08,39.24
2009-07-09,39.0
2009-07-10,38.61
2009-07-13,38.75
2009-07-14,38.6
2009-07-15,38.46
2009-07-16,38.0
2009-07-17,38.45
2009-07-20,37.75
2009-07-21,38.25
2009-07-22,38.88
2009-07-23,39.0
2009-07-24,38.99
2009-07-27,38.95
2009-07-28,38.99
2009-07-29,38.99
2009-07-31,38.99
2009-08-03,38.96
2009-08-04,39.93
2009-08-05,39.25
2009-08-06,39.74
2009-08-07,39.9
2009-08-10,40.0
2009-08-11,40.0
2009-08-12,40.43
2009-08-13,40.0
2009-08-17,40.25
2009-08-18,40.8
2009-08-19,41.2
2009-08-24,41.0
2009-08-25,41.9
2009-08-26,43.49
2009-08-27,43.0
2009-08-28,43.7
2009-08-31,44.15
2009-09-01,43.0
2009-09-02,40.65
2009-09-03,39.0
2009-09-04,39.0
2009-09-07,40.0
2009-09-08,39.15
2009-09-09,39.99
2009-09-10,40.25
2009-09-11,40.48
2009-09-14,39.54
2009-09-15,39.5
2009-09-16,39.1
2009-09-17,39.25
2009-09-18,39.5
2009-09-23,40.0
2009-09-24,40.5
2009-09-25,40.0
2009-09-28,39.5
2009-09-29,39.18
2009-09-30,37.45
2009-10-01,38.45
2009-10-02,37.75
2009-10-05,38.5
2009-10-06,38.0
2009-10-07,38.01
2009-10-08,37.5
2009-10-09,37.5
2009-10-12,37.08
2009-10-13,37.0
2009-10-14,36.95
2009-10-15,37.25
2009-10-16,37.0
2009-10-19,37.0
2009-10-20,37.5
2009-10-21,37.09
2009-10-22,37.04
2009-10-23,37.25
2009-10-26,37.35
2009-10-27,37.5
2009-10-28,37.0
2009-10-29,36.84
2009-10-30,37.4
2009-11-02,37.0
2009-11-03,36.99
2009-11-04,36.95
2009-11-05,36.5
2009-11-09,36.31
2009-11-10,36.45
2009-11-11,36.5
2009-11-12,35.9
2009-11-13,35.89
2009-11-16,35.85
2009-11-17,35.06
2009-11-19,36.5
2009-11-20,36.25
2009-11-23,36.24
2009-11-24,36.38
2009-11-25,35.55
2009-11-26,36.24
2009-11-27,36.5
2009-11-30,35.58
2009-12-01,36.73
2009-12-02,36.0
2009-12-03,35.58
2009-12-04,35.5
2009-12-07,35.0
2009-12-08,35.0
2009-12-09,35.0
2009-12-10,36.0
2009-12-11,38.16
2009-12-14,38.2
2009-12-15,38.75
2009-12-16,38.75
2009-12-17,38.0
2009-12-21,38.44
2009-12-22,38.4
2009-12-23,38.43
2009-12-24,38.43
2009-12-25,38.14
2009-12-28,37.95
2009-12-29,36.25
2009-12-30,35.15
2009-12-31,33.05
2010-01-04,34.0
2010-01-05,34.0
2010-01-06,35.51
2010-01-07,37.0
2010-01-08,36.25
2010-01-12,36.25
2010-01-13,36.0
2010-01-14,36.0
2010-01-15,35.7
2010-01-18,35.68
2010-01-19,36.15
2010-01-20,36.19
2010-01-21,36.01
2010-01-22,36.15
2010-01-25,35.76
2010-01-26,36.25
2010-01-27,35.83
2010-01-28,36.65
2010-01-29,36.99
2010-02-01,36.65
2010-02-02,36.74
2010-02-03,36.75
2010-02-04,37.0
2010-02-05,36.55
2010-02-08,37.0
2010-02-09,37.5
2010-02-10,37.75
2010-02-11,37.9
2010-02-12,37.36
2010-02-15,37.5
2010-02-16,38.06
2010-02-17,38.0
2010-02-18,38.0
2010-02-19,38.0
2010-02-22,38.44
2010-02-23,38.39
2010-02-24,38.25
2010-02-25,38.75
2010-02-26,39.0
2010-03-01,39.06
2010-03-02,38.33
2010-03-03,38.4
2010-03-04,38.4
2010-03-05,38.0
2010-03-08,37.51
2010-03-09,38.0
2010-03-10,38.25
2010-03-11,37.65
2010-03-12,37.65
2010-03-15,38.0
2010-03-16,38.1
2010-03-17,38.0
2010-03-18,38.4
2010-03-19,38.49
2010-03-22,38.4
2010-03-23,38.35
2010-03-24,38.22
2010-03-25,38.65
2010-03-26,38.5
2010-03-29,40.81
2010-03-30,40.17
2010-03-31,40.18
2010-04-01,40.32
2010-04-02,41.45
2010-04-05,42.4
2010-04-06,42.75
2010-04-07,42.36
2010-04-08,41.88
2010-04-09,42.44
2010-04-12,41.75
2010-04-13,42.5
2010-04-14,42.44
2010-04-15,42.5
2010-04-16,42.75
2010-04-19,42.0
2010-04-20,42.63
2010-04-21,43.0
2010-04-22,43.0
2010-04-23,43.0
2010-04-26,44.49
2010-04-27,44.0
2010-04-28,43.1
2010-04-29,45.0
2010-04-30,45.0
2010-05-03,45.02
2010-05-04,44.53
2010-05-05,44.1
2010-05-06,43.5
2010-05-07,44.0
2010-05-10,44.8
2010-05-11,43.5
2010-05-12,43.75
2010-05-13,45.0
2010-05-14,46.25
2010-05-17,47.14
2010-05-18,47.5
2010-05-19,46.75
2010-05-20,47.06
2010-05-21,46.25
2010-05-24,46.0
2010-05-25,45.35
2010-05-26,46.0
2010-05-27,46.0
2010-05-28,46.24
2010-05-31,45.5
2010-06-01,45.75
2010-06-02,46.75
2010-06-03,47.0
2010-06-04,47.0
2010-06-07,47.45
2010-06-08,47.24
2010-06-09,47.0
2010-06-10,46.5
2010-06-11,47.0
2010-06-14,47.0
2010-06-15,46.98
2010-06-16,46.5
2010-06-17,46.5
2010-06-18,45.0
2010-06-21,45.12
2010-06-22,45.75
2010-06-23,45.24
2010-06-24,45.15
2010-06-25,45.18
2010-06-28,45.18
2010-06-29,45.47
2010-06-30,44.6
2010-07-01,44.97
2010-07-02,45.3
2010-07-05,45.25
2010-07-06,43.74
2010-07-07,43.5
2010-07-08,43.75
2010-07-09,42.5
2010-07-12,43.25
2010-07-13,43.75
2010-07-14,43.99
2010-07-15,43.5
2010-07-16,44.0
2010-07-19,44.1
2010-07-20,44.43
2010-07-21,44.25
2010-07-22,44.25
2010-07-23,45.5
2010-07-26,45.5
2010-07-27,46.0
2010-07-28,46.0
2010-07-29,44.95
2010-08-02,45.75
2010-08-03,45.94
2010-08-04,45.7
2010-08-05,45.85
2010-08-06,45.99
2010-08-09,46.0
2010-08-10,46.0
2010-08-11,45.75
2010-08-12,45.5
2010-08-13,45.95
2010-08-16,44.95
2010-08-17,45.02
2010-08-18,45.44
2010-08-19,45.3
2010-08-23,45.5
2010-08-24,44.58
2010-08-25,45.25
2010-08-26,46.15
2010-08-27,46.25
2010-08-30,46.25
2010-08-31,46.0
2010-09-01,45.5
2010-09-02,46.0
2010-09-03,45.51
2010-09-06,46.17
2010-09-07,46.14
2010-09-08,45.6
2010-09-09,46.0
2010-09-13,46.0
2010-09-14,45.51
2010-09-15,45.51
2010-09-16,45.98
2010-09-17,45.95
2010-09-20,45.9
2010-09-21,44.7
2010-09-22,45.5
2010-09-23,45.5
2010-09-24,45.5
2010-09-27,45.5
2010-09-28,45.0
2010-09-29,44.95
2010-09-30,45.5
2010-10-01,45.0
2010-10-04,45.75
2010-10-05,45.0
2010-10-06,45.0
2010-10-07,44.77
2010-10-08,45.55
2010-10-11,45.45
2010-10-12,45.02
2010-10-13,45.45
2010-10-14,45.95
2010-10-15,46.75
2010-10-18,46.75
2010-10-19,47.01
2010-10-20,47.25
2010-10-21,48.1
2010-10-22,47.5
2010-10-25,47.49
2010-10-26,47.16
2010-10-27,46.75
2010-10-28,47.0
2010-10-29,47.0
2010-11-01,46.09
2010-11-02,46.25
2010-11-03,47.25
2010-11-04,47.25
2010-11-05,47.1
2010-11-08,47.0
2010-11-09,46.94
2010-11-10,47.0
2010-11-11,46.85
2010-11-12,46.75
2010-11-15,46.9
2010-11-16,46.49
2010-11-19,46.53
2010-11-22,46.93
2010-11-23,46.5
2010-11-24,46.5
2010-11-25,45.91
2010-11-26,46.4
2010-11-29,46.4
2010-11-30,46.49
2010-12-01,46.4
2010-12-02,46.0
2010-12-03,46.0
2010-12-06,45.5
2010-12-08,45.5
2010-12-09,46.25
2010-12-10,45.76
2010-12-13,45.5
2010-12-14,45.49
2010-12-15,45.34
2010-12-16,45.5
2010-12-17,45.5
2010-12-20,45.51
2010-12-21,46.0
2010-12-22,46.05
2010-12-23,45.61
2010-12-24,46.38
2010-12-27,45.55
2010-12-28,45.0
2010-12-29,44.5
2010-12-30,45.0
2010-12-31,45.6
2011-01-03,45.45
2011-01-04,45.0
2011-01-05,45.0
2011-01-06,45.0
2011-01-07,45.25
2011-01-10,45.0
2011-01-12,45.5
2011-01-13,45.25
2011-01-14,45.5
2011-01-17,45.0
2011-01-18,45.5
2011-01-19,44.6
2011-01-20,44.63
2011-01-21,45.0
2011-01-24,45.25
2011-01-25,45.45
2011-01-26,45.3
2011-01-27,46.15
2011-01-28,44.5
2011-01-31,44.39
2011-02-01,44.0
2011-02-02,44.11
2011-02-03,44.45
2011-02-04,44.5
2011-02-07,44.3
2011-02-08,45.0
2011-02-09,45.0
2011-02-10,44.52
2011-02-11,44.36
2011-02-14,44.12
2011-02-15,44.25
2011-02-18,43.0
2011-02-21,41.5
2011-02-22,43.0
2011-02-23,42.5
2011-02-24,43.25
2011-02-25,43.15
2011-02-28,43.05
2011-03-01,42.66
2011-03-02,44.0
2011-03-03,43.5
2011-03-04,42.95
2011-03-07,42.25
2011-03-08,43.0
2011-03-09,43.0
2011-03-10,43.5
2011-03-11,44.45
2011-03-14,43.9
2011-03-15,43.18
2011-03-16,43.79
2011-03-17,43.79
2011-03-18,42.75
2011-03-21,42.75
2011-03-22,42.75
2011-03-23,42.99
2011-03-24,43.0
2011-03-25,42.55
2011-03-28,42.0
2011-03-29,42.0
2011-03-30,42.25
2011-03-31,41.82
2011-04-01,39.32
2011-04-04,39.1
2011-04-05,40.75
2011-04-06,40.0
2011-04-07,40.25
2011-04-08,40.5
2011-04-11,40.55
2011-04-12,40.07
2011-04-13,40.55
2011-04-14,39.1
2011-04-15,41.0
2011-04-18,41.0
2011-04-19,41.0
2011-04-20,40.0
2011-04-21,40.0
2011-04-22,40.0
2011-04-25,40.02
2011-04-26,40.5
2011-04-27,40.65
2011-04-28,39.01
2011-04-29,38.0
2011-05-02,39.98
2011-05-03,40.42
2011-05-04,39.31
2011-05-05,40.45
2011-05-06,40.35
2011-05-09,40.95
2011-05-10,40.5
2011-05-11,40.87
2011-05-12,40.75
2011-05-13,40.75
2011-05-16,40.5
2011-05-17,40.75
2011-05-18,40.5
2011-05-19,40.93
2011-05-20,39.56
2011-05-23,40.49
2011-05-24,40.52
2011-05-25,40.65
2011-05-26,40.9
2011-05-27,40.92
2011-05-30,40.9
2011-05-31,41.17
2011-06-01,41.23
2011-06-02,41.2
2011-06-03,41.15
2011-06-06,41.45
2011-06-07,41.2
2011-06-08,41.2
2011-06-09,41.0
2011-06-10,41.2
2011-06-13,43.67
2011-06-14,45.0
2011-06-15,43.75
2011-06-16,43.0
2011-06-17,43.75
2011-06-20,43.75
2011-06-21,43.5
2011-06-22,43.44
2011-06-23,43.25
2011-06-24,43.25
2011-06-27,43.3
2011-06-28,43.5
2011-06-29,43.51
2011-06-30,43.25
2011-07-01,44.25
2011-07-04,43.5
2011-07-05,43.5
2011-07-06,42.44
2011-07-07,41.99
2011-07-08,41.5
2011-07-11,41.58
2011-07-12,41.62
2011-07-13,41.75
2011-07-14,41.99
2011-07-15,42.0
2011-07-18,42.0
2011-07-19,41.6
2011-07-20,41.55
2011-07-21,41.75
2011-07-22,41.55
2011-07-25,41.25
2011-07-26,39.5
2011-07-27,41.75
2011-07-28,41.95
2011-07-29,42.0
2011-08-01,42.0
2011-08-02,41.5
2011-08-03,42.0
2011-08-04,41.41
2011-08-05,41.01
2011-08-08,41.24
2011-08-09,40.0
2011-08-10,41.0
2011-08-11,41.5
2011-08-12,42.98
2011-08-15,42.0
2011-08-16,44.05
2011-08-17,43.75
2011-08-18,44.98
2011-08-19,43.75
2011-08-22,44.0
2011-08-23,43.65
2011-08-24,44.5
2011-08-25,44.67
2011-08-26,43.99
2011-08-29,44.25
2011-08-30,45.0
2011-09-02,45.5
2011-09-05,46.5
2011-09-06,46.02
2011-09-07,46.2
2011-09-08,45.5
2011-09-09,44.11
2011-09-12,45.5
2011-09-13,45.15
2011-09-14,44.99
2011-09-15,44.85
2011-09-16,43.55
2011-09-19,45.0
2011-09-20,43.55
2011-09-21,45.0
2011-09-22,44.48
2011-09-23,43.75
2011-09-26,43.45
2011-09-27,42.75
2011-09-28,42.95
2011-09-29,42.5
2011-09-30,43.2
2011-10-03,43.49
2011-10-04,43.45
2011-10-05,42.5
2011-10-06,43.0
2011-10-07,43.0
2011-10-10,42.5
2011-10-11,42.57
2011-10-12,44.98
2011-10-13,44.99
2011-10-14,44.95
2011-10-17,44.5
2011-10-18,44.98
2011-10-19,44.9
2011-10-20,44.8
2011-10-21,44.5
2011-10-24,43.5
2011-10-25,44.69
2011-10-26,44.65
2011-10-27,44.47
2011-10-28,43.6
2011-10-31,43.6
2011-11-01,44.0
2011-11-02,42.5
2011-11-03,43.1
2011-11-04,43.2
2011-11-09,43.2
2011-11-10,42.5
2011-11-11,43.45
2011-11-14,42.55
2011-11-15,42.55
2011-11-16,42.55
2011-11-17,42.75
2011-11-21,42.75
2011-11-22,41.5
2011-11-23,41.5
2011-11-24,41.75
2011-11-25,41.75
2011-11-28,42.0
2011-11-29,42.75
2011-11-30,40.5
2011-12-01,42.35
2011-12-02,41.0
2011-12-05,42.0
2011-12-06,41.0
2011-12-07,40.6
2011-12-08,41.3
2011-12-09,41.4
2011-12-12,40.5
2011-12-13,40.5
2011-12-14,40.5
2011-12-15,40.0
2011-12-16,40.2
2011-12-19,41.2
2011-12-20,41.5
2011-12-21,41.02
2011-12-22,42.0
2011-12-23,40.0
2011-12-26,42.0
2011-12-27,40.12
2011-12-28,40.0
2011-12-29,38.0
2011-12-30,40.0
2012-01-02,40.0
2012-01-03,39.98
2012-01-04,39.5
2012-01-05,38.36
2012-01-06,39.5
2012-01-09,38.52
2012-01-10,38.94
2012-01-12,39.02
2012-01-13,39.6
2012-01-16,39.6
2012-01-17,40.98
2012-01-18,40.0
2012-01-19,40.8
2012-01-20,40.5
2012-01-23,41.78
2012-01-24,41.78
2012-01-25,43.82
2012-01-26,43.42
2012-01-27,44.0
2012-01-30,43.98
2012-01-31,45.0
2012-02-01,44.2
2012-02-02,43.78
2012-02-03,43.9
2012-02-07,43.0
2012-02-08,43.0
2012-02-09,44.3
2012-02-10,42.7
2012-02-13,43.86
2012-02-14,43.8
2012-02-15,43.9
2012-02-16,43.6
2012-02-17,43.5
2012-02-20,43.36
2012-02-21,43.4
2012-02-22,43.0
2012-02-23,43.0
2012-02-24,43.08
2012-02-27,43.0
2012-02-28,43.0
2012-02-29,43.0
2012-03-01,42.5
2012-03-02,43.5
2012-03-05,43.0
2012-03-06,43.22
2012-03-07,42.8
2012-03-08,42.56
2012-03-09,42.96
2012-03-12,43.0
2012-03-13,43.0
2012-03-14,43.0
2012-03-15,44.0
2012-03-16,42.8
2012-03-19,43.0
2012-03-20,42.9
2012-03-21,42.58
2012-03-22,42.9
2012-03-23,42.2
2012-03-26,42.5
2012-03-27,42.02
2012-03-28,42.02
2012-03-29,41.82
2012-03-30,41.88
2012-04-02,41.9
2012-04-03,41.0
2012-04-04,40.5
2012-04-05,40.98
2012-04-06,38.6
2012-04-09,39.98
2012-04-10,41.0
2012-04-11,40.94
2012-04-12,39.1
2012-04-13,40.0
2012-04-16,40.0
2012-04-17,40.22
2012-04-18,40.4
2012-04-19,39.6
2012-04-20,39.68
2012-04-23,39.72
2012-04-24,40.0
2012-04-25,39.64
2012-04-26,39.62
2012-04-27,39.66
2012-04-30,40.0
2012-05-02,39.16
2012-05-03,39.14
2012-05-04,39.0
2012-05-07,39.78
2012-05-08,39.74
2012-05-09,39.3
2012-05-10,39.7
2012-05-11,39.1
2012-05-14,39.0
2012-05-15,39.58
2012-05-16,39.5
2012-05-17,39.42
2012-05-18,39.0
2012-05-21,38.18
2012-05-22,38.1
2012-05-23,39.42
2012-05-24,39.0
2012-05-25,40.0
2012-05-28,39.94
2012-05-29,38.72
2012-05-30,38.82
2012-05-31,40.5
2012-06-01,40.48
2012-06-04,40.0
2012-06-05,39.44
2012-06-06,40.3
2012-06-07,40.38
2012-06-08,40.9
2012-06-11,40.02
2012-06-12,40.26
2012-06-13,39.12
2012-06-14,39.5
2012-06-15,40.44
2012-06-18,40.4
2012-06-19,40.4
2012-06-20,40.4
2012-06-21,40.4
2012-06-22,40.0
2012-06-25,40.0
2012-06-26,40.0
2012-06-27,40.0
2012-06-28,39.66
2012-06-29,40.0
2012-07-02,39.5
2012-07-03,39.5
2012-07-04,36.72
2012-07-05,37.2
2012-07-06,37.3
2012-07-09,38.68
2012-07-10,37.7
2012-07-11,36.7
2012-07-12,36.6
2012-07-13,36.5
2012-07-16,37.46
2012-07-17,38.5
2012-07-18,38.0
2012-07-19,38.42
2012-07-20,37.52
2012-07-23,37.28
2012-07-24,37.2
2012-07-25,38.28
2012-07-26,37.26
2012-07-27,37.32
2012-07-31,37.5
2012-08-01,37.08
2012-08-02,38.32
2012-08-03,38.26
2012-08-06,37.22
2012-08-07,38.1
2012-08-08,36.54
2012-08-09,36.5
2012-08-10,37.5
2012-08-13,37.9
2012-08-15,38.22
2012-08-16,38.5
2012-08-17,38.52
2012-08-22,38.48
2012-08-23,38.3
2012-08-24,38.48
2012-08-27,38.36
2012-08-28,38.36
2012-08-29,38.28
2012-08-30,38.32
2012-08-31,36.22
2012-09-03,37.6
2012-09-04,37.5
2012-09-05,38.4
2012-09-06,38.38
2012-09-07,38.3
2012-09-10,38.3
2012-09-11,39.0
2012-09-12,38.3
2012-09-13,38.3
2012-09-14,38.3
2012-09-17,38.4
2012-09-18,38.02
2012-09-19,38.3
2012-09-20,38.3
2012-09-21,37.02
2012-09-24,37.0
2012-09-25,37.0
2012-09-26,38.0
2012-09-27,37.94
2012-09-28,37.02
2012-10-01,37.88
2012-10-02,37.5
2012-10-03,37.6
2012-10-04,37.1
2012-10-05,37.1
2012-10-08,37.1
2012-10-09,37.1
2012-10-10,37.1
2012-10-11,37.0
2012-10-12,37.0
2012-10-15,37.0
2012-10-16,37.0
2012-10-17,37.0
2012-10-18,37.02
2012-10-19,36.06
2012-10-22,36.1
2012-10-23,37.02
2012-10-24,37.0
2012-10-25,37.0
2012-10-29,37.0
2012-10-30,37.0
2012-10-31,37.0
2012-11-01,37.0
2012-11-02,37.0
2012-11-05,37.5
2012-11-07,37.5
2012-11-08,37.5
2012-11-09,37.0
2012-11-12,37.0
2012-11-13,37.5
2012-11-14,37.0
2012-11-15,37.0
2012-11-19,37.0
2012-11-20,37.0
2012-11-21,37.0
2012-11-22,37.0
2012-11-23,37.46
2012-11-26,36.5
2012-11-27,37.02
2012-11-28,36.62
2012-11-29,36.62
2012-11-30,37.0
2012-12-03,37.0
2012-12-04,37.0
2012-12-05,37.0
2012-12-06,37.0
2012-12-07,36.7
2012-12-10,36.7
2012-12-11,36.7
2012-12-12,36.4
2012-12-13,36.96
2012-12-14,36.96
2012-12-17,36.94
2012-12-18,36.94
2012-12-19,35.22
2012-12-20,35.32
2012-12-21,34.9
2012-12-24,33.28
2012-12-25,33.5
2012-12-26,33.22
2012-12-27,34.5
2012-12-28,33.2
2012-12-31,33.04
2013-01-02,34.16
2013-01-03,34.14
2013-01-04,32.8
2013-01-07,33.98
2013-01-08,32.8
2013-01-09,32.9
2013-01-10,32.9
2013-01-14,31.6
2013-01-15,31.54
2013-01-16,31.0
2013-01-17,32.0
2013-01-18,30.3
2013-01-21,30.0
2013-01-22,30.02
2013-01-23,30.1
2013-01-28,30.02
2013-01-29,30.96
2013-01-30,30.16
2013-01-31,30.7
2013-02-01,30.7
2013-02-04,30.9
2013-02-05,30.32
2013-02-06,30.0
2013-02-07,29.5
2013-02-08,29.0
2013-02-11,30.1
2013-02-12,29.5
2013-02-13,29.1
2013-02-14,29.5
2013-02-15,29.5
2013-02-18,29.96
2013-02-19,29.96
2013-02-20,29.0
2013-02-21,29.94
2013-02-22,29.5
2013-02-25,29.94
2013-02-26,29.94
2013-02-27,30.5
2013-02-28,31.99
2013-03-01,30.5
2013-03-04,29.7
2013-03-05,30.5
2013-03-06,29.3
2013-03-07,29.02
2013-03-08,29.02
2013-03-11,29.1
2013-03-12,29.5
2013-03-13,29.36
2013-03-14,29.59
2013-03-15,31.0
2013-03-18,31.09
2013-03-19,29.59
2013-03-20,30.2
2013-03-21,28.0
2013-03-22,28.79
2013-03-25,28.28
2013-03-26,28.5
2013-03-27,28.0
2013-03-28,28.45
2013-03-29,28.0
2013-04-01,27.41
2013-04-02,29.05
2013-04-03,29.5
2013-04-04,31.0
2013-04-05,31.0
2013-04-08,30.99
2013-04-09,31.8
2013-04-10,31.6
2013-04-11,30.6
2013-04-12,29.62
2013-04-15,29.62
2013-04-16,31.39
2013-04-17,31.99
2013-04-18,31.99
2013-04-19,30.3
2013-04-22,30.0
2013-04-23,30.99
2013-04-24,29.83
2013-04-25,29.8
2013-04-26,29.6
2013-04-29,29.6
2013-04-30,30.44
2013-05-02,30.25
2013-05-03,30.28
2013-05-06,30.49
2013-05-07,29.75
2013-05-08,30.5
2013-05-09,30.0
2013-05-10,29.5
2013-05-13,30.44
2013-05-14,30.0
2013-05-15,30.07
2013-05-16,30.9
2013-05-17,29.05
2013-05-20,30.2
2013-05-21,29.06
2013-05-22,29.02
2013-05-23,29.95
2013-05-24,29.78
2013-05-27,29.0
2013-05-28,29.0
2013-05-29,29.88
2013-05-30,29.0
2013-05-31,29.0
2013-06-03,29.5
2013-06-04,29.2
2013-06-05,29.5
2013-06-06,29.0
2013-06-07,28.22
2013-06-10,28.41
2013-06-11,28.0
2013-06-12,28.0
2013-06-13,28.0
2013-06-14,27.7
2013-06-17,28.2
2013-06-18,28.2
2013-06-19,27.5
2013-06-20,28.0
2013-06-21,28.0
2013-06-24,27.8
2013-06-25,28.46
2013-06-26,28.5
2013-06-27,28.0
2013-06-28,27.87
2013-07-01,28.95
2013-07-02,28.9
2013-07-03,28.9
2013-07-04,28.9
2013-07-05,27.17
2013-07-08,28.25
2013-07-09,27.5
2013-07-10,28.2
2013-07-11,27.5
2013-07-12,26.13
2013-07-15,27.0
2013-07-16,25.8
2013-07-17,26.0
2013-07-18,26.77
2013-07-19,26.0
2013-07-22,26.0
2013-07-23,25.93
2013-07-24,25.3
2013-07-25,26.0
2013-07-26,25.98
2013-07-29,25.98
2013-07-31,25.65
2013-08-01,25.3
2013-08-02,25.12
2013-08-05,25.6
2013-08-06,25.6
2013-08-07,25.0
2013-08-08,24.97
2013-08-12,24.1
2013-08-13,25.45
2013-08-15,24.9
2013-08-16,24.82
2013-08-19,24.02
2013-08-22,24.03
2013-08-23,24.77
2013-08-26,24.02
2013-08-27,24.02
2013-08-28,24.1
2013-08-29,24.0
2013-08-30,24.69
2013-09-02,24.51
2013-09-03,23.6
2013-09-04,23.75
2013-09-05,24.45
2013-09-06,25.07
2013-09-09,24.99
2013-09-10,24.05
2013-09-11,23.79
2013-09-12,24.97
2013-09-13,23.81
2013-09-16,24.0
2013-09-17,24.6
2013-09-18,24.7
2013-09-19,23.65
2013-09-20,23.65
2013-09-23,23.65
2013-09-24,24.53
2013-09-25,24.49
2013-09-26,25.95
2013-09-27,26.92
2013-09-30,26.0
2013-10-01,26.38
2013-10-02,26.1
2013-10-03,26.08
2013-10-04,27.35
2013-10-07,27.0
2013-10-08,28.62
2013-10-09,29.9
2013-10-10,29.05
2013-10-11,29.52
2013-10-14,30.0
2013-10-15,29.5
2013-10-21,29.5
2013-10-22,29.01
2013-10-23,29.48
2013-10-24,29.0
2013-10-25,29.15
2013-10-28,30.0
2013-10-29,29.53
2013-10-30,30.01
2013-10-31,30.96
2013-11-01,30.97
2013-11-04,30.96
2013-11-07,30.5
2013-11-08,30.46
2013-11-11,29.8
2013-11-12,29.41
2013-11-13,30.0
2013-11-14,30.0
2013-11-15,29.6
2013-11-19,29.9
2013-11-20,30.21
2013-11-21,30.0
2013-11-22,30.0
2013-11-25,30.4
2013-11-26,31.0
2013-11-27,32.0
2013-11-28,31.98
2013-11-29,31.5
2013-12-02,32.0
2013-12-03,30.5
2013-12-04,31.6
2013-12-05,31.0
2013-12-06,31.0
2013-12-09,32.0
2013-12-10,32.1
2013-12-11,32.4
2013-12-12,32.22
2013-12-13,33.0
2013-12-16,33.8
2013-12-17,33.5
2013-12-18,33.5
2013-12-19,33.14
2013-12-20,33.45
2013-12-23,32.6
2013-12-24,31.5
2013-12-25,31.32
2013-12-26,32.7
2013-12-27,32.7
2013-12-30,31.28
2013-12-31,31.9
2014-01-02,32.0
2014-01-03,30.18
2014-01-06,30.16
2014-01-07,31.6
2014-01-08,31.9
2014-01-09,31.9
2014-01-10,30.5
2014-01-13,31.7
2014-01-16,31.84
2014-01-17,31.82
2014-01-20,31.82
2014-01-21,30.6
2014-01-22,31.0
2014-01-23,31.2
2014-01-24,31.0
2014-01-27,31.2
2014-01-28,31.0
2014-01-29,30.85
2014-01-30,30.85
2014-01-31,30.4
2014-02-03,31.0
2014-02-04,30.2
2014-02-05,30.0
2014-02-06,30.0
2014-02-07,31.38
2014-02-10,31.38
2014-02-11,31.25
2014-02-12,30.6
2014-02-13,30.7
2014-02-14,31.2
2014-02-17,30.42
2014-02-18,30.5
2014-02-19,30.31
2014-02-20,30.84
2014-02-21,31.6
2014-02-24,31.0
2014-02-25,30.35
2014-02-26,30.9
2014-02-27,30.4
2014-02-28,31.5
2014-03-03,31.0
2014-03-04,30.8
2014-03-05,32.4
2014-03-06,32.36
2014-03-07,31.5
2014-03-10,32.4
2014-03-11,32.6
2014-03-12,32.6
2014-03-13,32.5
2014-03-14,31.5
2014-03-17,31.06
2014-03-18,31.06
2014-03-19,31.11
2014-03-20,32.97
2014-03-21,34.0
2014-03-24,33.0
2014-03-25,33.3
2014-03-26,32.7
2014-03-27,32.64
2014-03-28,32.33
2014-03-31,32.2
2014-04-01,32.55
2014-04-02,33.0
2014-04-03,32.61
2014-04-04,32.2
2014-04-07,33.29
2014-04-08,32.32
2014-04-09,32.38
2014-04-10,32.26
2014-04-11,32.26
2014-04-14,32.37
2014-04-15,32.24
2014-04-16,32.24
2014-04-17,32.0
2014-04-18,32.7
2014-04-21,32.0
2014-04-22,31.7
2014-04-23,32.0
2014-04-24,32.0
2014-04-25,32.0
2014-04-28,31.5
2014-04-29,31.74
2014-04-30,32.0
2014-05-02,31.5
2014-05-05,31.25
2014-05-06,31.55
2014-05-07,32.0
2014-05-08,32.0
2014-05-09,31.5
2014-05-12,32.0
2014-05-13,31.06
2014-05-14,31.5
2014-05-15,31.1
2014-05-16,31.5
2014-05-19,31.01
2014-05-20,30.01
2014-05-21,30.55
2014-05-22,31.3
2014-05-23,31.45
2014-05-26,31.4
2014-05-27,31.39
2014-05-28,31.39
2014-05-29,30.6
2014-05-30,30.85
2014-06-02,32.0
2014-06-03,32.5
2014-06-04,32.0
2014-06-05,31.2
2014-06-06,31.35
2014-06-09,30.8
2014-06-10,31.99
2014-06-11,32.4
2014-06-12,32.76
2014-06-13,32.89
2014-06-16,32.0
2014-06-17,32.0
2014-06-18,31.11
2014-06-19,31.11
2014-06-20,31.25
2014-06-23,32.28
2014-06-24,31.5
2014-06-25,32.19
2014-06-26,31.6
2014-06-27,31.22
2014-06-30,31.98
2014-07-01,31.88
2014-07-02,28.56
2014-07-03,28.73
2014-07-04,30.0
2014-07-07,30.0
2014-07-08,28.82
2014-07-09,28.9
2014-07-10,29.98
2014-07-11,30.0
2014-07-14,30.0
2014-07-15,29.01
2014-07-16,29.1
2014-07-17,30.0
2014-07-18,29.99
2014-07-21,29.99
2014-07-22,29.99
2014-07-23,30.0
2014-07-24,30.99
2014-07-25,30.2
2014-07-31,30.0
2014-08-01,29.5
2014-08-04,29.46
2014-08-05,30.55
2014-08-06,30.0
2014-08-07,30.2
2014-08-08,29.7
2014-08-11,30.0
2014-08-12,30.0
2014-08-13,30.49
2014-08-15,30.48
2014-08-18,30.4
2014-08-19,30.4
2014-08-22,30.49
2014-08-25,29.56
2014-08-26,29.8
2014-08-27,30.75
2014-08-28,30.75
2014-08-29,30.8
2014-09-01,30.5
2014-09-02,30.8
2014-09-03,31.55
2014-09-04,30.76
2014-09-05,31.55
2014-09-08,31.55
2014-09-09,32.0
2014-09-10,33.0
2014-09-11,32.1
2014-09-12,33.0
2014-09-15,33.0
2014-09-16,32.1
2014-09-17,32.5
2014-09-18,32.14
2014-09-19,32.5
2014-09-22,32.5
2014-09-23,32.5
2014-09-24,32.5
2014-09-25,32.5
2014-09-26,32.5
2014-09-29,31.2
2014-09-30,31.89
2014-10-01,31.5
2014-10-02,31.06
2014-10-03,31.4
2014-10-07,30.9
2014-10-08,30.8
2014-10-09,30.82
2014-10-10,30.86
2014-10-13,30.86
2014-10-14,31.0
2014-10-15,30.82
2014-10-16,31.5
2014-10-17,32.0
2014-10-20,31.05
2014-10-21,31.5
2014-10-22,30.84
2014-10-23,31.5
2014-10-24,31.4
2014-10-27,31.0
2014-10-28,30.95
2014-10-29,31.01
2014-10-30,31.5
2014-10-31,32.0
2014-11-03,31.75
2014-11-04,31.5
2014-11-05,31.2
2014-11-07,30.61
2014-11-10,30.65
2014-11-11,31.0
2014-11-12,31.5
2014-11-13,31.0
2014-11-14,30.5
2014-11-17,31.34
2014-11-19,31.0
2014-11-20,31.0
2014-11-21,30.9
2014-11-24,30.9
2014-11-25,31.11
2014-11-26,31.11
2014-11-27,30.0
2014-11-28,29.9
2014-12-01,29.6
2014-12-02,29.3
2014-12-03,30.88
2014-12-04,30.88
2014-12-05,29.88
2014-12-08,30.0
2014-12-09,29.45
2014-12-10,29.26
2014-12-11,30.65
2014-12-12,30.45
2014-12-15,30.45
2014-12-16,30.0
2014-12-17,29.97
2014-12-18,29.9
2014-12-19,29.0
2014-12-22,29.95
2014-12-23,29.0
2014-12-24,29.0
2014-12-25,29.7
2014-12-26,28.16
2014-12-29,28.18
2014-12-30,28.18
2014-12-31,28.99
2015-01-02,29.29
2015-01-06,29.29
2015-01-07,29.0
2015-01-08,29.0
2015-01-09,30.5
2015-01-12,29.9
2015-01-13,29.0
2015-01-14,29.15
2015-01-15,29.5
2015-01-16,29.98
2015-01-19,29.97
2015-01-20,29.97
2015-01-21,29.06
2015-01-22,29.2
2015-01-23,30.0
2015-01-26,30.38
2015-01-27,29.02
2015-01-28,29.02
2015-01-29,30.2
2015-01-30,30.0
2015-02-02,30.2
2015-02-03,29.3
2015-02-04,29.3
2015-02-05,30.1
2015-02-06,30.4
2015-02-09,31.0
2015-02-10,31.0
2015-02-11,30.0
2015-02-12,29.7
2015-02-13,29.8
2015-02-16,31.55
2015-02-17,31.0
2015-02-18,29.89
2015-02-19,29.81
2015-02-20,30.2
2015-02-23,30.95
2015-02-24,30.9
2015-02-25,30.9
2015-02-26,29.9
2015-02-27,31.48
2015-03-02,31.47
2015-03-03,31.45
2015-03-04,31.0
2015-03-05,31.4
2015-03-06,30.6
2015-03-09,30.54
2015-03-10,30.14
2015-03-11,30.14
2015-03-12,31.09
2015-03-13,31.0
2015-03-16,31.0
2015-03-17,30.2
2015-03-18,30.5
2015-03-19,30.14
2015-03-20,31.0
2015-03-23,30.06
2015-03-24,30.06
2015-03-25,30.2
2015-03-26,29.5
2015-03-27,29.5
2015-03-30,28.9
2015-03-31,29.0
2015-04-01,29.0
2015-04-02,28.5
2015-04-03,28.5
2015-04-06,28.38
2015-04-07,29.0
2015-04-08,29.0
2015-04-09,29.0
2015-04-10,28.5
2015-04-13,28.5
2015-04-14,28.5
2015-04-15,29.0
2015-04-16,29.0
2015-04-17,27.33
2015-04-20,28.91
2015-04-21,27.35
2015-04-22,28.9
2015-04-23,28.9
2015-04-24,27.43
2015-04-27,27.45
2015-04-28,27.5
2015-04-29,27.34
2015-04-30,27.0
2015-05-04,27.0
2015-05-05,27.05
2015-05-06,28.29
2015-05-07,28.29
2015-05-08,27.7
2015-05-11,27.15
2015-05-12,27.0
2015-05-13,27.44
2015-05-14,27.49
2015-05-15,27.4
2015-05-18,27.05
2015-05-19,27.0
2015-05-20,27.0
2015-05-21,27.4
2015-05-22,26.0
2015-05-25,26.0
2015-05-26,26.06
2015-05-27,26.06
2015-05-28,26.5
2015-05-29,26.5
2015-06-01,26.5
2015-06-02,27.0
2015-06-03,27.0
2015-06-04,27.0
2015-06-05,26.4
2015-06-08,26.5
2015-06-09,26.41
2015-06-10,26.41
2015-06-11,26.37
2015-06-12,27.0
2015-06-15,26.75
2015-06-16,26.75
2015-06-17,26.75
2015-06-18,26.61
2015-06-19,27.0
2015-06-22,26.55
2015-06-23,27.25
2015-06-24,27.25
2015-06-25,27.3
2015-06-26,27.31
2015-06-29,27.0
2015-06-30,28.5
2015-07-01,27.0
2015-07-02,26.0
2015-07-03,26.02
2015-07-06,26.05
2015-07-07,26.06
2015-07-08,26.08
2015-07-09,26.02
2015-07-10,26.02
2015-07-13,26.04
2015-07-14,26.05
2015-07-15,26.05
2015-07-16,26.89
2015-07-20,26.9
2015-07-21,26.07
2015-07-22,26.1
2015-07-23,26.07
2015-07-24,26.11
2015-07-27,26.11
2015-07-28,26.11
2015-07-29,27.3
2015-07-31,27.8
2015-08-03,27.8
2015-08-04,27.0
2015-08-05,27.0
2015-08-06,27.2
2015-08-07,26.51
2015-08-10,27.0
2015-08-11,27.0
2015-08-12,27.6
2015-08-13,26.99
2015-08-17,26.15
2015-08-18,26.15
2015-08-19,26.15
2015-08-24,26.15
2015-08-25,26.97
2015-08-26,26.97
2015-08-27,26.0
2015-08-28,26.99
2015-08-31,26.99
2015-09-01,25.4
2015-09-02,25.44
2015-09-03,25.04
2015-09-04,24.91
2015-09-07,26.0
2015-09-08,26.48
2015-09-09,26.5
2015-09-10,24.93
2015-09-11,26.4
2015-09-14,26.3
2015-09-15,26.4
2015-09-16,26.4
2015-09-17,25.5
2015-09-18,24.15
2015-09-21,24.15
2015-09-22,24.0
2015-09-23,25.0
2015-09-28,25.3
2015-09-29,25.3
2015-09-30,24.21
2015-10-01,24.5
2015-10-02,24.2
2015-10-05,24.2
2015-10-06,24.14
2015-10-07,24.99
2015-10-08,24.99
2015-10-09,24.99
2015-10-12,24.5
2015-10-13,23.03
2015-10-14,22.78
2015-10-16,22.7
2015-10-19,22.99
2015-10-20,22.98
2015-10-21,22.01
2015-10-22,22.99
2015-10-23,23.39
2015-10-26,23.39
2015-10-27,23.39
2015-10-28,23.0
2015-10-29,23.9
2015-10-30,23.77
2015-11-02,22.5
2015-11-03,22.5
2015-11-04,23.74
2015-11-05,24.89
2015-11-09,26.15
2015-11-10,26.9
2015-11-11,26.9
2015-11-12,25.99
2015-11-13,25.4
2015-11-16,23.9
2015-11-17,25.3
2015-11-19,25.0
2015-11-20,24.4
2015-11-23,24.5
2015-11-24,24.4
2015-11-25,24.99
2015-11-26,24.43
2015-11-27,24.89
2015-11-30,24.89
2015-12-01,24.6
2015-12-02,24.86
2015-12-03,24.86
2015-12-04,24.4
2015-12-07,24.15
2015-12-08,24.0
2015-12-09,22.9
2015-12-10,22.89
2015-12-11,21.67
2015-12-14,22.0
2015-12-15,21.1
2015-12-16,21.0
2015-12-17,20.65
2015-12-18,21.0
2015-12-21,21.29
2015-12-22,21.0
2015-12-23,21.0
2015-12-28,19.74
2015-12-29,19.94
2015-12-30,19.5
2015-12-31,19.8
2016-01-04,19.8
2016-01-05,19.55
2016-01-06,19.8
2016-01-07,19.8
2016-01-08,19.1
2016-01-12,19.4
2016-01-13,18.8
2016-01-14,19.34
2016-01-15,19.05
2016-01-18,19.29
2016-01-19,18.9
2016-01-20,19.0
2016-01-21,19.0
2016-01-22,18.98
2016-01-25,18.71
2016-01-26,18.93
2016-01-27,18.85
2016-01-28,18.85
2016-01-29,18.78
2016-02-01,17.66
2016-02-02,16.66
2016-02-03,16.0
2016-02-04,15.12
2016-02-05,15.0
2016-02-08,15.68
2016-02-09,15.45
2016-02-10,16.99
2016-02-11,18.62
2016-02-12,18.86
2016-02-15,18.2
2016-02-16,18.89
2016-02-17,18.16
2016-02-18,18.14
2016-02-19,19.0
2016-02-22,18.97
2016-02-23,18.78
2016-02-24,18.75
2016-02-25,18.79
2016-02-26,17.85
2016-02-29,17.8
2016-03-01,18.4
2016-03-02,18.96
2016-03-03,19.1
2016-03-04,19.04
2016-03-07,19.2
2016-03-08,19.17
2016-03-09,19.17
2016-03-10,19.5
2016-03-11,20.0
2016-03-14,21.07
2016-03-15,21.0
2016-03-16,20.0
2016-03-17,20.5
2016-03-18,21.7
2016-03-21,21.3
2016-03-22,21.29
2016-03-23,20.99
2016-03-24,23.08
2016-03-25,25.38
2016-03-28,23.86
2016-03-29,23.8
2016-03-30,23.45
2016-03-31,22.97
2016-04-01,22.19
2016-04-04,22.88
2016-04-05,22.92
2016-04-06,23.5
2016-04-07,23.8
2016-04-08,23.4
2016-04-11,24.3
2016-04-12,23.5
2016-04-13,23.68
2016-04-14,24.79
2016-04-15,24.05
2016-04-18,24.87
2016-04-19,24.76
2016-04-20,24.42
2016-04-21,24.6
2016-04-22,24.13
2016-04-25,24.0
2016-04-26,23.8
2016-04-27,23.5
2016-04-28,23.0
2016-04-29,23.3
2016-05-02,23.0
2016-05-03,23.5
2016-05-04,23.3
2016-05-05,23.49
2016-05-06,23.24
2016-05-09,23.9
2016-05-10,23.75
2016-05-11,24.68
2016-05-12,24.6
2016-05-13,24.49
2016-05-16,24.0
2016-05-17,23.25
2016-05-18,23.7
2016-05-19,24.0
2016-05-20,23.5
2016-05-23,23.95
2016-05-24,23.95
2016-05-25,23.95
2016-05-26,23.45
2016-05-27,23.3
2016-05-30,23.5
2016-05-31,23.68
2016-06-01,23.73
2016-06-02,23.75
2016-06-03,23.5
2016-06-06,23.5
2016-06-07,22.95
2016-06-08,23.45
2016-06-09,23.54
2016-06-10,22.75
2016-06-13,22.7
2016-06-14,22.99
2016-06-15,22.65
2016-06-16,22.99
2016-06-17,22.96
2016-06-20,22.56
2016-06-21,22.88
2016-06-22,22.94
2016-06-23,22.98
2016-06-24,22.6
2016-06-27,21.2
2016-06-28,21.49
2016-06-29,21.35
2016-06-30,21.33
2016-07-01,21.05
2016-07-04,21.38
2016-07-05,20.9
2016-07-11,21.49
2016-07-12,20.7
2016-07-13,21.44
2016-07-14,21.44
2016-07-15,21.44
2016-07-18,21.05
2016-07-19,20.73
2016-07-20,21.0
2016-07-21,21.0
2016-07-22,20.61
2016-07-25,20.6
2016-07-26,20.76
2016-07-27,20.0
2016-07-28,20.1
2016-07-29,20.02
2016-08-01,20.05
2016-08-02,20.0
2016-08-03,20.49
2016-08-04,20.5
2016-08-05,19.91
2016-08-08,19.5
2016-08-09,19.5
2016-08-10,19.5
2016-08-11,19.5
2016-08-12,19.5
2016-08-15,19.47
2016-08-16,19.5
2016-08-17,19.9
2016-08-18,20.44
2016-08-19,20.85
2016-08-22,20.1
2016-08-23,20.1
2016-08-24,20.48
2016-08-25,20.0
2016-08-26,20.0
2016-08-29,20.0
2016-08-30,19.5
2016-08-31,19.4
2016-09-01,19.9
2016-09-02,19.55
2016-09-05,19.56
2016-09-06,19.6
2016-09-07,19.54
2016-09-08,19.97
2016-09-09,19.59
2016-09-14,19.99
2016-09-15,19.56
2016-09-16,19.41
2016-09-19,18.94
2016-09-20,19.8
2016-09-21,18.9
2016-09-22,20.0
2016-09-23,20.3
2016-09-26,20.28
2016-09-27,20.25
2016-09-28,20.0
2016-09-29,20.17
2016-09-30,21.0
2016-10-04,23.09
2016-10-05,23.63
2016-10-06,23.5
2016-10-07,23.25
2016-10-10,22.8
2016-10-11,22.78
2016-10-12,21.99
2016-10-13,22.0
2016-10-14,22.0
2016-10-17,22.2
2016-10-18,22.8
2016-10-19,22.5
2016-10-20,22.05
2016-10-21,22.49
2016-10-24,22.67
2016-10-25,22.5
2016-10-26,22.5
2016-10-27,22.6
2016-10-28,22.45
2016-10-31,22.1
2016-11-01,22.84
2016-11-02,22.5
2016-11-03,22.7
2016-11-04,22.5
2016-11-07,22.7
2016-11-08,23.0
2016-11-09,23.5
2016-11-10,23.79
2016-11-11,23.69
2016-11-14,22.9
2016-11-15,23.4
2016-11-16,23.5
2016-11-17,23.35
2016-11-21,23.78
2016-11-22,24.51
2016-11-23,24.27
2016-11-24,24.1
2016-11-25,24.02
2016-11-28,24.51
2016-11-29,24.98
2016-11-30,24.5
2016-12-01,24.5
2016-12-02,24.45
2016-12-05,24.75
2016-12-06,26.28
2016-12-07,25.65
2016-12-08,26.0
2016-12-09,26.0
2016-12-14,26.8
2016-12-15,27.0
2016-12-16,27.4
2016-12-19,28.6
2016-12-20,28.75
2016-12-21,28.83
2016-12-22,30.0
2016-12-23,30.9
2016-12-26,30.0
2016-12-27,29.15
2016-12-28,29.4
2016-12-29,29.0
2016-12-30,29.0
2017-01-02,29.0
2017-01-03,28.62
2017-01-04,29.5
2017-01-05,30.52
2017-01-06,30.9
2017-01-09,31.0
2017-01-10,32.0
2017-01-12,31.1
2017-01-13,31.6
2017-01-16,31.0
2017-01-17,30.0
2017-01-18,30.0
2017-01-19,30.1
2017-01-20,29.98
2017-01-23,30.15
2017-01-24,29.57
2017-01-25,30.5
2017-01-26,29.8
2017-01-27,30.86
2017-01-30,30.5
2017-01-31,30.0
2017-02-01,29.95
2017-02-02,30.5
2017-02-03,30.0
2017-02-06,30.0
2017-02-07,30.0
2017-02-08,29.53
2017-02-09,29.8
2017-02-10,29.8
2017-02-13,30.0
2017-02-14,29.6
2017-02-15,29.8
2017-02-16,31.8
2017-02-17,31.0
2017-02-20,31.1
2017-02-21,30.89
2017-02-22,30.2
2017-02-23,29.0
2017-02-24,30.0
2017-02-27,30.3
2017-02-28,30.0
2017-03-01,30.0
2017-03-02,30.0
2017-03-03,29.8
2017-03-06,29.7
2017-03-07,29.5
2017-03-08,29.72
2017-03-09,29.5
2017-03-10,29.6
2017-03-13,29.7
2017-03-14,29.97
2017-03-15,29.2
2017-03-16,28.99
2017-03-17,28.89
2017-03-20,28.8
2017-03-21,28.78
2017-03-22,28.65
2017-03-23,28.49
2017-03-24,29.0
2017-03-27,28.7
2017-03-28,29.09
2017-03-29,28.98
2017-03-30,28.0
2017-03-31,27.5
2017-04-03,27.01
2017-04-04,27.88
2017-04-05,28.88
2017-04-06,28.8
2017-04-07,28.71
2017-04-10,28.71
2017-04-11,28.77
2017-04-12,28.77
2017-04-13,28.37
2017-04-14,27.4
2017-04-17,28.49
2017-04-18,28.3
2017-04-19,28.5
2017-04-20,27.72
2017-04-21,28.7
2017-04-24,28.5
2017-04-25,28.6
2017-04-26,28.52
2017-04-27,28.3
2017-04-28,28.96
2017-05-02,28.99
2017-05-03,29.5
2017-05-04,29.5
2017-05-05,29.5
2017-05-08,29.4
2017-05-09,29.4
2017-05-10,29.3
2017-05-11,29.5
2017-05-12,29.5
2017-05-15,29.12
2017-05-16,29.3
2017-05-17,29.3
2017-05-18,29.3
2017-05-19,29.3
2017-05-22,29.0
2017-05-23,29.27
2017-05-24,29.28
2017-05-25,29.28
2017-05-26,29.0
2017-05-29,29.2
2017-05-30,29.4
2017-05-31,29.4
2017-06-01,29.1
2017-06-02,29.3
2017-06-05,29.5
2017-06-06,29.7
2017-06-07,31.0
2017-06-08,32.0
2017-06-09,32.0
2017-06-12,32.0
2017-06-13,31.76
2017-06-14,31.0
2017-06-15,30.5
2017-06-16,31.3
2017-06-19,30.42
2017-06-20,30.4
2017-06-21,30.7
2017-06-22,31.18
2017-06-23,30.67
2017-06-28,31.02
2017-06-29,30.5
2017-06-30,30.6
2017-07-03,30.6
2017-07-04,30.31
2017-07-05,30.5
2017-07-06,30.5
2017-07-07,31.0
2017-07-10,30.6
2017-07-11,30.95
2017-07-12,30.9
2017-07-13,31.0
2017-07-14,32.0
2017-07-17,32.9
2017-07-18,32.5
2017-07-19,32.51
2017-07-20,33.0
2017-07-21,33.63
2017-07-24,34.0
2017-07-25,34.45
2017-07-26,33.8
2017-07-27,33.3
2017-07-28,33.0
2017-07-31,33.8
2017-08-01,33.0
2017-08-02,33.2
2017-08-03,33.56
2017-08-04,33.46
2017-08-07,33.0
2017-08-08,33.0
2017-08-09,33.1
2017-08-10,33.0
2017-08-11,33.5
2017-08-15,33.01
2017-08-16,33.01
2017-08-17,33.0
2017-08-18,33.0
2017-08-22,33.0
2017-08-23,33.29
2017-08-24,33.0
2017-08-25,33.29
2017-08-28,33.0
2017-08-29,33.06
2017-08-30,33.25
2017-08-31,33.9
2017-09-04,34.0
2017-09-05,33.9
2017-09-06,33.9
2017-09-07,34.0
2017-09-08,33.8
2017-09-11,33.8
2017-09-12,33.74
2017-09-13,33.05
2017-09-14,33.02
2017-09-15,32.2
2017-09-18,33.0
2017-09-19,33.0
2017-09-20,33.5
2017-09-21,32.8
2017-09-25,32.0
2017-09-26,31.8
2017-09-27,31.0
2017-09-28,30.2
2017-09-29,31.0
2017-10-02,31.6
2017-10-03,31.6
2017-10-04,32.45
2017-10-05,32.45
2017-10-06,32.0
2017-10-09,32.0
2017-10-10,32.2
2017-10-11,31.2
2017-10-12,31.35
2017-10-13,32.1
2017-10-16,32.1
2017-10-17,31.5
2017-10-18,32.0
2017-10-19,31.99
2017-10-20,31.9
2017-10-23,31.89
2017-10-24,31.13
2017-10-25,31.0
2017-10-26,31.3
2017-10-27,31.79
2017-10-30,31.4
2017-10-31,31.9
2017-11-01,32.1
2017-11-02,31.5
2017-11-03,31.5
2017-11-07,31.9
2017-11-08,31.9
2017-11-09,31.9
2017-11-10,32.33
2017-11-13,32.33
2017-11-14,32.33
2017-11-15,32.0
2017-11-16,32.5
2017-11-17,32.9
2017-11-20,32.2
2017-11-21,33.0
2017-11-22,33.2
2017-11-23,32.78
2017-11-24,33.45
2017-11-27,33.1
2017-11-28,33.5
2017-11-29,33.5
2017-11-30,33.45
2017-12-04,33.02
2017-12-05,33.0
2017-12-06,33.0
2017-12-07,33.01
2017-12-08,33.0
2017-12-11,33.4
2017-12-12,33.4
2017-12-13,33.0
2017-12-14,33.0
2017-12-15,33.05
2017-12-18,33.0
2017-12-19,33.2
2017-12-20,33.0
2017-12-21,32.51
2017-12-22,33.1
2017-12-25,33.1
2017-12-26,32.5
2017-12-27,32.51
2017-12-28,33.0
2017-12-29,33.5
2018-01-02,33.5
2018-01-03,33.6
2018-01-04,33.6
2018-01-05,33.65
2018-01-08,34.0
2018-01-09,34.2
2018-01-10,34.2
2018-01-12,34.0
2018-01-15,34.5
2018-01-16,36.11
2018-01-17,36.99
2018-01-18,36.49
2018-01-19,35.96
2018-01-22,36.0
2018-01-23,36.12
2018-01-24,36.25
2018-01-25,36.2
2018-01-26,36.5
2018-01-29,36.9
2018-01-30,36.5
2018-01-31,36.0
2018-02-01,36.05
2018-02-02,36.9
2018-02-05,36.2
2018-02-06,36.15
2018-02-07,36.05
2018-02-08,36.1
2018-02-09,36.2
2018-02-12,36.94
2018-02-13,36.5
2018-02-14,36.11
2018-02-15,36.47
2018-02-16,36.47
2018-02-19,36.89
2018-02-20,36.79
2018-02-21,37.0
2018-02-22,37.5
2018-02-23,37.46
2018-02-26,38.5
2018-02-27,38.0
2018-02-28,38.49
2018-03-01,38.0
2018-03-02,38.0
2018-03-05,38.0
2018-03-06,37.66
2018-03-07,37.65
2018-03-08,37.98
2018-03-09,38.3
2018-03-12,37.65
2018-03-13,37.65
2018-03-14,37.65
2018-03-15,38.0
2018-03-16,38.24
2018-03-19,38.0
2018-03-20,37.0
2018-03-21,36.9
2018-03-22,37.0
2018-03-23,36.9
2018-03-26,36.1
2018-03-27,36.0
2018-03-28,36.5
2018-03-29,36.98
2018-03-30,36.98
2018-04-02,36.98
2018-04-03,36.5
2018-04-04,36.0
2018-04-05,36.0
2018-04-06,36.98
2018-04-09,36.98
2018-04-10,36.3
2018-04-11,36.5
2018-04-12,36.97
2018-04-13,36.6
2018-04-16,36.0
2018-04-17,36.0
2018-04-18,36.0
2018-04-19,36.05
2018-04-20,36.0
2018-04-23,36.0
2018-04-24,36.0
2018-04-25,36.0
2018-04-26,36.05
2018-04-27,37.94
2018-04-30,37.92
2018-05-02,37.4
2018-05-03,36.99
2018-05-04,36.98
2018-05-07,36.98
2018-05-08,36.98
2018-05-09,36.01
2018-05-10,36.1
2018-05-11,36.4
2018-05-14,36.0
2018-05-15,36.0
2018-05-16,36.0
2018-05-17,36.0
2018-05-18,36.5
2018-05-21,36.5
2018-05-22,36.8
2018-05-23,36.73
2018-05-24,36.0
2018-05-25,36.3
2018-05-28,36.3
2018-05-29,36.0
2018-05-30,36.4
2018-05-31,36.0
2018-06-01,36.0
2018-06-04,36.0
2018-06-05,35.7
2018-06-06,36.0
2018-06-07,36.0
2018-06-08,36.35
2018-06-11,36.38
2018-06-12,36.0
2018-06-13,36.0
2018-06-14,36.37
2018-06-18,36.38
2018-06-19,36.38
2018-06-20,36.38
2018-06-21,36.38
2018-06-22,36.9
2018-06-25,36.0
2018-06-26,36.0
2018-06-27,36.5
2018-06-28,35.0
2018-06-29,35.0
2018-07-02,35.0
2018-07-03,35.0
2018-07-04,35.0
2018-07-05,35.0
2018-07-06,34.99
2018-07-09,34.99
2018-07-10,34.99
2018-07-11,34.99
2018-07-12,34.99
2018-07-13,33.45
2018-07-16,33.98
2018-07-17,32.8
2018-07-18,33.0
2018-07-19,33.0
2018-07-20,33.0
2018-07-23,33.0
2018-07-24,33.0
2018-07-25,34.0
2018-07-26,34.0
2018-07-27,33.0
2018-07-31,34.45
2018-08-01,33.0
2018-08-02,32.65
2018-08-03,33.5
2018-08-06,34.34
2018-08-07,34.44
2018-08-08,34.44
2018-08-09,34.9
2018-08-10,34.0
2018-08-13,34.88
2018-08-15,34.88
2018-08-16,34.88
2018-08-17,34.0
2018-08-24,34.0
2018-08-27,34.0
2018-08-28,34.0
2018-08-29,34.0
2018-08-30,34.0
2018-08-31,34.75
2018-09-03,34.75
2018-09-04,33.8
2018-09-05,33.5
2018-09-06,33.53
2018-09-07,30.6
2018-09-10,30.6
2018-09-12,33.45
2018-09-13,34.5
2018-09-14,34.5
2018-09-17,34.5
2018-09-18,33.0
2018-09-19,33.98
2018-09-20,33.98
2018-09-21,32.9
2018-09-24,34.48
2018-09-25,34.4
2018-09-26,31.85
2018-09-27,34.32
2018-09-28,31.2
2018-10-01,33.8
2018-10-02,33.8
2018-10-03,33.77
2018-10-04,33.78
2018-10-05,33.5
2018-10-08,33.5
2018-10-09,32.02
2018-10-10,32.99
2018-10-11,32.99
2018-10-12,32.2
2018-10-15,32.1
2018-10-16,32.2
2018-10-17,32.85
2018-10-18,32.85
2018-10-19,32.8
2018-10-22,33.3
2018-10-23,33.3
2018-10-24,33.3
2018-10-25,33.28
2018-10-26,33.19
2018-10-29,33.6
2018-10-30,33.6
2018-10-31,33.5
2018-11-01,33.5
2018-11-02,32.5
2018-11-05,32.2
2018-11-07,33.19
2018-11-08,31.7
2018-11-09,31.51
2018-11-12,32.7
2018-11-13,32.69
2018-11-14,32.69
2018-11-15,32.69
2018-11-16,32.05
2018-11-19,32.05
2018-11-22,32.05
2018-11-23,32.05
2018-11-26,31.67
2018-11-27,31.67
2018-11-28,32.0
2018-11-29,31.71
2018-11-30,30.1
2018-12-03,30.3
2018-12-04,30.3
2018-12-05,32.8
2018-12-06,32.78
2018-12-07,30.96
2018-12-10,32.52
2018-12-11,31.99
2018-12-12,32.58
2018-12-13,32.58
2018-12-14,31.7
2018-12-17,31.7
2018-12-18,32.46
2018-12-19,32.46
2018-12-20,32.46
2018-12-21,32.0
2018-12-24,32.0
2018-12-25,32.0
2018-12-26,32.47
2018-12-27,32.4
2018-12-28,30.5
2018-12-31,31.49
2019-01-02,32.0
2019-01-03,32.0
2019-01-04,30.8
2019-01-07,31.97
2019-01-08,31.98
2019-01-09,31.96
2019-01-10,31.95
2019-01-14,31.95
2019-01-15,31.95
2019-01-16,31.95
2019-01-17,31.95
2019-01-18,31.5
2019-01-21,30.6
2019-01-22,30.62
2019-01-23,30.62
2019-01-24,32.0
2019-01-25,31.1
2019-01-28,32.76
2019-01-29,32.76
2019-01-30,32.78
2019-01-31,32.78
2019-02-01,32.78
2019-02-04,32.78
2019-02-05,32.78
2019-02-06,33.0
2019-02-07,33.0
2019-02-08,33.5
2019-02-11,33.0
2019-02-12,32.06
2019-02-13,32.5
2019-02-14,32.5
2019-02-15,33.0
2019-02-18,34.0
2019-02-19,35.0
2019-02-20,34.0
2019-02-21,34.0
2019-02-22,35.48
2019-02-25,35.48
2019-02-26,35.48
2019-02-27,35.48
2019-02-28,35.48
2019-03-01,35.39
2019-03-04,33.4
2019-03-05,35.0
2019-03-06,35.0
2019-03-07,35.0
2019-03-08,34.0
2019-03-11,34.5
2019-03-12,34.5
2019-03-13,34.3
2019-03-14,34.3
2019-03-15,34.0
2019-03-18,32.39
2019-03-19,34.99
2019-03-20,34.3
2019-03-21,34.0
2019-03-22,32.41
2019-03-25,33.3
2019-03-26,33.95
2019-03-27,33.95
2019-03-28,33.95
2019-03-29,32.5
2019-04-01,33.9
2019-04-02,34.5
2019-04-03,34.49
2019-04-04,33.99
2019-04-05,32.5
2019-04-08,34.0
2019-04-09,31.82
2019-04-10,33.79
2019-04-11,33.79
2019-04-12,31.8
2019-04-15,32.0
2019-04-16,31.7
2019-04-17,32.5
2019-04-18,32.7
2019-04-19,32.7
2019-04-22,32.5
2019-04-23,32.5
2019-04-24,32.5
2019-04-25,32.5
2019-04-26,31.81
2019-04-29,31.81
2019-04-30,31.82
2019-05-02,32.3
2019-05-03,31.81
2019-05-06,32.5
2019-05-07,32.5
2019-05-08,32.5
2019-05-09,32.5
2019-05-10,32.49
2019-05-13,32.45
2019-05-14,32.44
2019-05-15,32.44
2019-05-16,32.47
2019-05-17,31.61
2019-05-20,31.61
2019-05-21,31.61
2019-05-22,31.02
2019-05-23,31.05
2019-05-24,32.24
2019-05-27,32.24
2019-05-28,31.01
2019-05-29,31.01
2019-05-30,31.94
2019-05-31,31.5
2019-06-03,31.5
2019-06-04,31.99
2019-06-10,31.99
2019-06-11,32.14
2019-06-12,32.14
2019-06-13,32.14
2019-06-14,32.15
2019-06-17,31.58
2019-06-18,31.58
2019-06-19,32.09
2019-06-20,32.09
2019-06-21,32.61
2019-06-24,32.5
2019-06-25,32.5
2019-06-26,31.9
2019-06-27,31.9
2019-06-28,31.5
2019-07-01,31.9
2019-07-02,31.25
2019-07-03,31.0
2019-07-04,31.0
2019-07-05,31.25
2019-07-08,31.25
2019-07-09,31.25
2019-07-10,32.19
2019-07-11,32.0
2019-07-12,30.82
2019-07-15,30.82
2019-07-16,31.8
2019-07-17,31.99
2019-07-18,31.16
2019-07-19,31.94
2019-07-22,32.19
2019-07-23,32.0
2019-07-24,31.99
2019-07-25,31.65
2019-07-26,32.0
2019-07-29,32.1
2019-07-31,32.15
2019-08-01,32.46
2019-08-02,32.44
2019-08-05,32.44
2019-08-06,32.42
2019-08-07,32.42
2019-08-08,32.42
2019-08-09,32.99
2019-08-15,32.99
2019-08-16,32.89
2019-08-19,33.0
2019-08-22,33.0
2019-08-23,33.0
2019-08-26,33.0
2019-08-27,32.15
2019-08-28,32.15
2019-08-29,32.98
2019-08-30,32.15
2019-09-02,33.0
2019-09-03,32.45
2019-09-04,33.0
2019-09-05,33.0
2019-09-06,33.1
2019-09-09,33.0
2019-09-10,33.1
2019-09-11,33.1
2019-09-12,33.1
2019-09-13,33.1
2019-09-16,33.1
2019-09-17,33.4
2019-09-18,33.01
2019-09-19,33.0
2019-09-20,32.0
2019-09-23,31.3
2019-09-24,31.31
2019-09-25,33.0
2019-09-26,33.1
2019-09-27,33.2
2019-09-30,33.05
2019-10-01,33.05
2019-10-02,33.05
2019-10-03,33.05
2019-10-04,33.0
2019-10-07,33.05
2019-10-08,32.55
2019-10-09,33.1
2019-10-10,33.1
2019-10-11,32.7
2019-10-14,33.1
2019-10-15,33.09
2019-10-16,33.09
2019-10-17,32.5
2019-10-18,33.0
2019-10-21,33.0
2019-10-22,33.0
2019-10-23,33.0
2019-10-24,33.0
2019-10-25,33.0
2019-10-28,33.0
2019-10-29,33.0
2019-10-30,33.0
2019-10-31,33.0
2019-11-01,33.0
2019-11-04,33.09
2019-11-05,33.0
2019-11-07,33.09
2019-11-08,35.0
2019-11-12,35.0
2019-11-13,35.9
2019-11-14,36.0
2019-11-15,37.0
2019-11-19,37.0
2019-11-20,34.0
2019-11-21,34.0
2019-11-22,35.0
2019-11-25,33.7
2019-11-26,34.6
2019-11-27,34.6
2019-11-28,34.0
2019-11-29,35.49
2019-12-02,35.49
2019-12-03,34.5
2019-12-04,35.4
2019-12-05,35.4
2019-12-06,36.0
2019-12-09,36.0
2019-12-10,35.99
2019-12-11,36.5
2019-12-12,36.5
2019-12-13,36.5
2019-12-16,36.9
2019-12-17,36.9
2019-12-18,36.9
2019-12-19,36.9
2019-12-20,36.9
2019-12-23,36.8
2019-12-24,36.99
2019-12-25,37.0
2019-12-26,37.0
2019-12-27,36.9
2019-12-30,36.9
2019-12-31,34.2
2020-01-02,36.5
2020-01-03,36.48
2020-01-06,36.48
2020-01-07,36.48
2020-01-08,36.48
2020-01-09,37.0
2020-01-10,37.29
2020-01-13,39.0
2020-01-14,39.0
2020-01-15,39.0
2020-01-16,39.0
2020-01-17,38.75
2020-01-20,38.75
2020-01-21,38.0
2020-01-22,39.9
2020-01-23,38.0
2020-01-24,38.2
2020-01-27,40.0
2020-01-28,39.8
2020-01-29,39.7
2020-01-30,38.4
2020-01-31,38.4
2020-02-03,38.1
2020-02-04,38.1
2020-02-05,38.1
2020-02-06,38.1
2020-02-07,36.5
2020-02-10,36.3
2020-02-11,36.4
2020-02-12,36.3
2020-02-13,36.3
2020-02-14,38.25
2020-02-17,39.0
2020-02-18,39.0
2020-02-19,37.91
2020-02-20,37.01
2020-02-21,39.3
2020-02-24,39.13
2020-02-25,37.7
2020-02-26,38.98
2020-02-27,39.0
2020-02-28,39.49
2020-03-02,39.49
2020-03-03,36.5
2020-03-04,38.79
2020-03-05,38.5
2020-03-06,36.0
2020-03-09,32.8
2020-03-10,35.0
2020-03-11,36.0
2020-03-12,33.0
2020-03-13,33.0
2020-03-16,29.71
2020-03-17,28.53
2020-03-18,27.39
2020-03-19,28.0
2020-03-20,29.11
2020-03-23,30.0
2020-03-24,31.0
2020-03-25,29.92
2020-03-26,29.92
2020-03-27,29.0
2020-03-30,29.99
2020-03-31,30.0
2020-04-01,30.05
2020-04-02,29.05
2020-04-03,29.05
2020-04-06,29.05
2020-04-07,27.89
2020-04-08,28.7
2020-04-09,28.7
2020-04-10,29.0
2020-04-13,28.87
2020-04-14,28.87
2020-04-15,28.87
2020-04-16,29.98
2020-04-17,29.65
2020-04-20,28.47
2020-04-21,28.5
2020-04-22,27.94
2020-04-23,28.49
2020-04-24,29.0
2020-04-27,29.0
2020-04-28,29.0
2020-04-29,29.47
2020-04-30,29.48
2020-05-04,30.59
2020-05-05,31.0
2020-05-06,32.2
2020-05-07,30.92
2020-05-08,30.0
2020-05-11,30.0
2020-05-12,31.0
2020-05-13,31.0
2020-05-14,31.0
2020-05-15,31.0
2020-05-18,31.5
2020-05-19,30.25
2020-05-20,29.05
2020-05-21,29.29
2020-05-22,30.0
2020-05-26,30.0
2020-05-27,30.0
2020-05-28,30.0
2020-05-29,30.0
2020-06-01,30.45
2020-06-02,31.47
2020-06-03,30.45
2020-06-04,31.45
2020-06-05,32.3
2020-06-08,33.33
2020-06-09,34.3
2020-06-10,33.0
2020-06-11,32.9
2020-06-12,32.5
2020-06-15,32.5
2020-06-16,32.5
2020-06-17,33.0
2020-06-18,33.4
2020-06-19,33.4
2020-06-22,32.9
2020-06-23,32.9
2020-06-24,32.9
2020-06-25,31.59
2020-06-26,31.0
2020-06-29,31.0
2020-06-30,29.9
2020-07-01,29.9
2020-07-02,30.0
2020-07-03,30.9
2020-07-06,30.9
2020-07-07,30.9
2020-07-08,30.9
2020-07-09,30.0
2020-07-10,30.0
2020-07-13,30.0
2020-07-14,29.0
2020-07-15,29.5
2020-07-16,29.55
2020-07-17,29.54
2020-07-20,29.05
2020-07-21,29.54
2020-07-22,29.54
2020-07-23,29.55
2020-07-24,29.55
2020-07-27,29.5
2020-07-28,29.9
2020-07-29,30.59
2020-08-03,30.59
2020-08-04,31.45
2020-08-05,32.5
2020-08-06,32.5
2020-08-07,32.5
2020-08-10,32.5
2020-08-11,32.5
2020-08-12,32.5
2020-08-13,32.5
2020-08-17,31.21
2020-08-18,30.0
2020-08-19,31.19
2020-08-24,31.7
2020-08-25,31.7
2020-08-26,31.7
2020-08-27,31.7
2020-08-28,31.7
2020-08-31,31.7
2020-09-01,30.44
2020-09-02,30.44
2020-09-03,30.7
2020-09-04,30.7
2020-09-07,30.7
2020-09-08,30.7
2020-09-09,30.7
2020-09-10,30.7
2020-09-11,30.3
2020-09-14,30.3
2020-09-15,30.3
2020-09-16,30.28
2020-09-17,30.0
2020-09-18,30.5
2020-09-21,30.8
2020-09-22,30.8
2020-09-23,31.4
2020-09-24,31.4
2020-09-25,30.21
2020-09-28,30.99
2020-09-29,30.99
2020-09-30,30.9
2020-10-01,30.88
2020-10-02,30.88
2020-10-05,30.87
2020-10-06,30.8
2020-10-07,30.77
2020-10-08,30.75
2020-10-09,30.75
2020-10-12,30.75
2020-10-13,30.75
2020-10-14,31.3
2020-10-15,31.9
2020-10-16,31.9
2020-10-19,31.88
2020-10-20,31.88
2020-10-21,31.8
2020-10-22,31.8
2020-10-23,31.8
2020-10-26,31.78
2020-10-27,31.7
2020-10-28,31.77
2020-11-02,30.5
2020-11-03,29.4
2020-11-04,29.4
2020-11-05,29.4
2020-11-09,30.5
2020-11-10,30.5
2020-11-11,30.5
2020-11-12,30.96
2020-11-13,30.96
2020-11-16,30.0
2020-11-17,30.0
2020-11-19,30.83
2020-11-20,30.88
2020-11-23,31.8
2020-11-24,30.53
2020-11-25,31.0
2020-11-26,31.0
2020-11-27,31.99
2020-11-30,31.99
2020-12-01,32.14
2020-12-02,32.07
2020-12-03,31.98
2020-12-04,31.97
2020-12-07,31.95
2020-12-08,31.85
2020-12-09,31.9
2020-12-10,31.0
2020-12-11,31.89
2020-12-14,31.9
2020-12-15,31.0
2020-12-16,31.82
2020-12-17,31.8
2020-12-18,31.8
2020-12-21,31.0
2020-12-22,31.68
2020-12-23,31.65
2020-12-24,32.9
2020-12-25,34.0
2020-12-28,35.17
2020-12-29,33.77
2020-12-30,34.9
2020-12-31,34.9
2021-01-04,34.7
2021-01-05,33.5
2021-01-06,34.7
2021-01-07,33.51
2021-01-08,34.58
2021-01-12,34.58
2021-01-13,33.95
2021-01-14,34.54
2021-01-15,34.5
2021-01-18,34.0
2021-01-19,34.54
2021-01-20,34.24
2021-01-21,34.0
2021-01-22,34.0
2021-01-25,34.45
2021-01-26,34.44
2021-01-27,34.45
2021-01-28,34.0
2021-01-29,35.0
2021-02-01,34.47
2021-02-02,35.0
2021-02-03,35.0
2021-02-04,35.17
2021-02-05,35.17
2021-02-08,34.99
2021-02-09,33.77
2021-02-10,34.98
2021-02-11,34.98
2021-02-12,34.98
2021-02-15,34.94
2021-02-16,34.94
2021-02-17,34.95
2021-02-18,34.95
2021-02-19,34.95
2021-02-22,33.8
2021-02-23,34.5
2021-02-24,34.48
2021-02-25,34.48
2021-02-26,34.19
2021-03-01,34.19
2021-03-02,34.19
2021-03-03,34.19
2021-03-04,34.19
2021-03-05,34.19
2021-03-08,34.19
2021-03-09,33.99
2021-03-10,33.99
2021-03-11,33.99
2021-03-12,34.0
2021-03-15,34.47
2021-03-16,34.47
2021-03-17,34.46
2021-03-18,34.8
2021-03-19,34.8
2021-03-22,34.45
2021-03-23,34.45
2021-03-24,34.45
2021-03-25,34.45
2021-03-26,33.08
2021-03-29,33.0
2021-03-30,34.24
2021-03-31,33.0
2021-04-01,33.96
2021-04-02,34.2
2021-04-05,34.2
2021-04-06,34.2
2021-04-07,33.1
2021-04-08,32.0
2021-04-09,33.27
2021-04-12,34.0
2021-04-13,34.0
2021-04-14,34.0
2021-04-15,33.99
2021-04-16,33.6
2021-04-19,33.6
2021-04-20,33.6
2021-04-21,33.6
2021-04-22,33.54
2021-04-23,33.0
2021-04-26,33.6
2021-04-27,33.0
2021-04-28,33.49
2021-04-29,33.49
2021-04-30,34.15
2021-05-03,32.79
2021-05-04,33.4
2021-05-05,34.72
2021-05-06,34.42
2021-05-07,34.5
2021-05-10,34.5
2021-05-11,34.5
2021-05-12,33.75
2021-05-17,34.0
2021-05-18,34.0
2021-05-19,33.99
2021-05-20,33.5
2021-05-21,33.5
2021-05-24,33.97
2021-05-25,33.97
2021-05-26,33.0
2021-05-27,33.95
2021-05-28,33.94
2021-05-31,33.94
2021-06-01,33.01
2021-06-02,33.1
2021-06-03,33.5
2021-06-04,33.89
2021-06-07,33.89
2021-06-08,33.74
2021-06-09,33.68
2021-06-10,33.67
2021-06-11,33.67
2021-06-14,33.02
2021-06-15,33.0
2021-06-16,33.0
2021-06-17,33.0
2021-06-18,33.39
2021-06-21,33.0
2021-06-22,33.0
2021-06-23,33.0
2021-06-24,32.71
2021-06-25,31.41
2021-06-28,32.6
2021-06-29,32.6
2021-06-30,32.0
2021-07-01,32.49
2021-07-02,32.5
2021-07-05,32.48
2021-07-06,32.46
2021-07-07,32.46
2021-07-08,32.85
2021-07-09,32.85
2021-07-12,32.94
2021-07-13,32.94
2021-07-14,32.88
2021-07-15,32.88
2021-07-16,32.0
2021-07-19,32.74
2021-07-20,32.78
2021-07-23,32.78
2021-07-26,31.47
2021-07-27,32.56
2021-07-28,32.56
2021-07-29,32.56
2021-08-02,31.7
2021-08-03,32.43
2021-08-04,31.82
2021-08-05,32.59
2021-08-06,32.59
2021-08-09,32.49
2021-08-11,32.6
2021-08-12,32.59
2021-08-13,31.52
2021-08-16,32.59
2021-08-17,32.59
2021-08-18,32.54
2021-08-19,32.6
2021-08-23,32.6
2021-08-24,32.55
2021-08-25,32.55
2021-08-26,32.55
2021-08-27,33.0
2021-08-30,33.0
2021-08-31,33.9
2021-09-01,33.9
2021-09-02,33.9
2021-09-03,33.0
2021-09-06,33.5
2021-09-07,33.44
2021-09-08,33.45
2021-09-09,33.0
2021-09-10,32.35
2021-09-13,32.8
2021-09-14,32.8
2021-09-15,32.0
2021-09-16,31.92
2021-09-17,32.97
2021-09-20,32.79
2021-09-21,32.4
2021-09-22,32.4
2021-09-23,32.0
2021-09-24,31.9
2021-09-27,32.2
2021-09-28,32.2
2021-09-29,32.2
2021-09-30,32.2
2021-10-01,32.1
2021-10-04,32.79
2021-10-05,32.19
2021-10-06,32.19
2021-10-07,31.6
2021-10-08,31.6
2021-10-11,32.14
2021-10-12,32.19
2021-10-13,31.05
2021-10-14,32.19
2021-10-15,32.19
2021-10-18,32.19
2021-10-21,32.18
2021-10-22,32.5
2021-10-25,32.5
2021-10-26,32.5
2021-10-27,32.49
2021-10-28,31.63
2021-10-29,30.56
2021-11-01,30.5
2021-11-02,31.0
2021-11-03,31.5
2021-11-04,31.39
2021-11-05,31.48
2021-11-08,31.48
2021-11-09,31.65
2021-11-10,31.6
2021-11-11,31.7
2021-11-12,31.0
2021-11-15,31.48
2021-11-16,31.4
2021-11-17,31.34
2021-11-19,30.67
2021-11-22,31.84
2021-11-23,31.87
2021-11-24,31.87
2021-11-25,31.4
2021-11-26,31.45
2021-11-29,30.0
2021-11-30,31.3
2021-12-01,31.48
2021-12-02,31.9
2021-12-03,31.9
2021-12-06,31.89
2021-12-07,31.87
2021-12-08,31.87
2021-12-09,31.89
2021-12-10,32.45
2021-12-13,32.39
2021-12-14,32.39
2021-12-15,32.49
2021-12-16,32.49
2021-12-17,32.49
2021-12-20,32.49
2021-12-21,32.49
2021-12-22,32.0
2021-12-23,32.0
2021-12-24,32.8
2021-12-27,32.8
2021-12-28,32.79
2021-12-29,33.0
2021-12-30,33.0
2021-12-31,33.0
2022-01-03,33.0
2022-01-04,33.0
2022-01-05,33.0
2022-01-06,32.49
2022-01-07,32.4
2022-01-10,32.0
2022-01-12,32.0
2022-01-13,31.9
2022-01-14,32.3
2022-01-17,32.29
2022-01-18,32.0
2022-01-19,32.0
2022-01-20,31.8
2022-01-21,31.8
2022-01-24,32.4
2022-01-25,32.45
2022-01-26,32.44
2022-01-27,32.44
2022-01-28,31.56
2022-01-31,32.32
2022-02-01,32.0
2022-02-02,32.2
2022-02-03,32.2
2022-02-04,32.2
2022-02-07,31.75
2022-02-08,32.24
2022-02-09,31.9
2022-02-10,32.28
2022-02-11,31.76
2022-02-14,32.27
2022-02-15,32.19
2022-02-16,32.24
2022-02-17,31.9
2022-02-18,31.99
2022-02-21,31.9
2022-02-22,31.8
2022-02-23,31.52
2022-02-24,29.63
2022-02-25,30.9
2022-02-28,31.95
2022-03-01,31.94
2022-03-02,31.98
2022-03-03,31.95
2022-03-04,30.11
2022-03-07,31.0
2022-03-08,31.68
2022-03-09,31.45
2022-03-10,31.59
2022-03-11,31.2
2022-03-14,31.14
2022-03-15,31.19
2022-03-16,31.57
2022-03-17,31.57
2022-03-18,31.57
2022-03-21,31.57
2022-03-22,31.5
2022-03-23,31.44
2022-03-24,31.55
2022-03-25,30.41
2022-03-28,31.46
2022-03-29,31.46
2022-03-30,29.76
2022-03-31,31.15
2022-04-01,30.0
2022-04-04,30.0
2022-04-05,30.0
2022-04-06,31.4
2022-04-07,31.27
2022-04-08,31.0
2022-04-11,31.0
2022-04-12,31.0
2022-04-13,30.0
2022-04-14,30.0
2022-04-15,30.0
2022-04-18,30.0
2022-04-19,29.8
2022-04-20,29.8
2022-04-21,30.0
2022-04-22,29.9
2022-04-25,29.8
2022-04-26,29.75
2022-04-27,29.9
2022-04-28,29.9
2022-04-29,29.8
2022-05-04,29.9
2022-05-05,29.9
2022-05-06,29.9
2022-05-09,29.8
2022-05-10,29.8
2022-05-11,29.99
2022-05-12,28.3
2022-05-13,29.0
2022-05-16,29.99
2022-05-17,29.0
2022-05-18,28.8
2022-05-19,29.0
2022-05-20,29.0
2022-05-23,29.84
2022-05-24,29.8
2022-05-25,28.22
2022-05-26,28.22
2022-05-27,28.1
2022-05-30,28.11
2022-05-31,29.21
2022-06-01,29.21
2022-06-02,29.18
2022-06-03,29.0
2022-06-06,29.0
2022-06-07,29.8
2022-06-08,29.9
2022-06-09,29.5
2022-06-10,29.5
2022-06-13,29.0
2022-06-14,29.0
2022-06-15,29.0
2022-06-16,28.7
2022-06-17,29.0
2022-06-20,29.8
2022-06-21,29.77
2022-06-22,29.76
2022-06-23,29.75
2022-06-24,28.1
2022-06-27,29.0
2022-06-28,29.5
2022-06-29,29.5
2022-06-30,29.2
2022-07-01,29.0
2022-07-04,28.11
2022-07-05,28.6
2022-07-06,28.95
2022-07-07,28.8
2022-07-08,29.0
2022-07-12,28.25
2022-07-13,27.04
2022-07-14,27.04
2022-07-15,27.0
2022-07-18,27.0
2022-07-19,27.99
2022-07-20,29.19
2022-07-21,28.0
2022-07-22,28.0
2022-07-25,27.45
2022-07-26,28.99
2022-07-27,29.13
2022-07-28,29.13
2022-07-29,28.94
2022-08-01,29.09
2022-08-02,29.09
2022-08-03,28.99
2022-08-04,28.99
2022-08-05,29.0
2022-08-08,29.1
2022-08-09,29.1
2022-08-10,29.0
2022-08-11,28.99
2022-08-12,28.99
2022-08-15,28.99
2022-08-16,29.0
2022-08-17,29.0
2022-08-18,29.0
2022-08-19,29.0
2022-08-22,28.86
2022-08-23,28.87
2022-08-24,28.87
2022-08-25,28.95
2022-08-26,28.02
2022-08-29,28.01
2022-08-30,28.8
2022-08-31,28.94
2022-09-01,28.5
2022-09-02,29.5
2022-09-05,29.6
2022-09-06,29.38
2022-09-07,29.2
2022-09-08,29.35
2022-09-09,28.63
2022-09-12,29.0
2022-09-13,29.0
2022-09-14,29.0
2022-09-15,28.3
2022-09-16,28.6
2022-09-19,29.39
2022-09-20,29.39
2022-09-21,28.01
2022-09-22,27.0
2022-09-23,27.15
2022-09-26,27.0
2022-09-27,25.5
2022-09-28,27.0
2022-09-29,25.5
2022-09-30,27.0
2022-10-03,26.97
2022-10-04,26.5
2022-10-05,26.95
2022-10-06,26.95
2022-10-07,25.62
2022-10-11,26.98
2022-10-12,26.98
2022-10-13,26.99
2022-10-14,25.38
2022-10-17,26.88
2022-10-18,26.62
2022-10-19,26.53
2022-10-20,26.49
2022-10-21,25.99
2022-10-24,25.0
2022-10-25,25.79
2022-10-26,25.1
2022-10-27,24.5
2022-10-28,24.5
2022-10-31,25.0
2022-11-01,25.0
2022-11-02,24.5
2022-11-03,24.25
2022-11-04,24.0
2022-11-07,24.6
2022-11-08,24.7
2022-11-09,24.4
2022-11-10,23.22
2022-11-11,23.52
2022-11-14,23.0
2022-11-15,23.0
2022-11-16,23.49
2022-11-17,23.0
2022-11-21,23.0
2022-11-22,22.9
2022-11-23,23.48
2022-11-24,23.3
2022-11-25,23.64
2022-11-28,25.0
2022-11-29,26.0
2022-11-30,24.45
2022-12-01,25.91
2022-12-02,26.5
2022-12-05,28.0
2022-12-06,26.35
2022-12-07,27.9
2022-12-08,26.3
2022-12-09,26.0
2022-12-12,26.0
2022-12-13,25.3
2022-12-14,23.8
2022-12-15,24.0
2022-12-16,24.5
2022-12-19,25.92
2022-12-20,24.4
2022-12-21,24.0
2022-12-22,24.8
2022-12-23,24.8
2022-12-26,25.0
2022-12-27,25.0
2022-12-28,25.0
2022-12-29,24.5
2022-12-30,24.0
2023-01-02,23.0
2023-01-03,23.0
2023-01-04,21.7
2023-01-05,20.61
2023-01-06,20.26
2023-01-09,21.4
2023-01-10,22.58
2023-01-12,22.64
2023-01-13,22.68
2023-01-16,23.05
2023-01-17,24.0
2023-01-18,23.85
2023-01-19,23.85
2023-01-20,22.75
2023-01-23,23.79
2023-01-24,24.03
2023-01-25,24.02
2023-01-26,23.98
2023-01-27,24.0
2023-01-30,24.49
2023-01-31,23.99
2023-02-01,23.99
2023-02-02,23.97
2023-02-03,23.8
2023-02-06,23.99
2023-02-07,24.0
2023-02-08,23.99
2023-02-09,24.0
2023-02-10,24.0
2023-02-13,23.9
2023-02-14,23.9
2023-02-15,23.5
2023-02-16,23.3
2023-02-17,23.25
2023-02-20,23.23
2023-02-21,23.94
2023-02-22,23.93
2023-02-23,23.9
2023-02-24,23.94
2023-02-27,24.0
2023-02-28,24.0
2023-03-01,24.3
2023-03-02,24.29
2023-03-03,24.0
2023-03-06,24.5
2023-03-07,24.4
2023-03-08,23.8
2023-03-09,24.3
2023-03-10,23.23
2023-03-13,23.2
2023-03-14,23.2
2023-03-15,23.99
2023-03-16,23.4
2023-03-17,23.5
2023-03-20,23.32
2023-03-21,23.89
2023-03-22,23.89
2023-03-23,25.32
2023-03-24,25.72
2023-03-27,25.6
2023-03-28,25.8
2023-03-29,25.8
2023-03-30,25.8
2023-03-31,26.03
2023-04-03,25.98
2023-04-04,25.6
2023-04-05,26.0
2023-04-06,25.9
2023-04-07,25.5
2023-04-10,25.01
2023-04-11,25.02
2023-04-12,25.5
2023-04-13,25.2
2023-04-14,25.2
2023-04-17,25.25
2023-04-18,25.84
2023-04-19,25.84
2023-04-20,25.25
2023-04-21,25.26
2023-04-25,25.8
2023-04-26,25.8
2023-04-27,25.5
2023-04-28,25.3
2023-05-02,25.17
2023-05-03,25.2
2023-05-04,25.7
2023-05-05,25.92
2023-05-08,25.94
2023-05-09,25.94
2023-05-10,25.92
2023-05-11,25.94
2023-05-12,25.45
2023-05-15,25.5
2023-05-16,25.3
2023-05-17,25.5
2023-05-18,25.6
2023-05-19,26.0
2023-05-22,26.01
2023-05-23,26.35
2023-05-24,26.55
2023-05-25,27.0
2023-05-26,27.4
2023-05-29,27.48
2023-05-30,27.43
2023-05-31,27.15
2023-06-01,26.9
2023-06-02,27.0
2023-06-05,27.4
2023-06-06,27.4
2023-06-07,27.35
2023-06-08,27.2
2023-06-09,27.5
2023-06-12,27.75
2023-06-13,27.7
2023-06-14,28.79
2023-06-15,29.5
2023-06-16,30.0
2023-06-19,29.79
2023-06-20,31.47
2023-06-21,29.9
2023-06-22,30.5
2023-06-23,31.3
2023-06-26,30.9
2023-06-27,30.5
2023-06-28,31.0
2023-07-03,32.0
2023-07-04,32.3
2023-07-05,32.3
2023-07-06,32.5
2023-07-07,33.0
2023-07-10,34.0
2023-07-11,33.5
2023-07-12,33.5
2023-07-13,33.5
2023-07-14,33.5
2023-07-17,33.5
2023-07-18,33.5
2023-07-20,33.5
2023-07-21,33.5
2023-07-24,33.47
2023-07-25,33.47
2023-07-26,33.45
2023-07-27,33.38
2023-07-28,33.5
2023-07-31,33.37
2023-08-01,33.19
2023-08-02,33.3
2023-08-03,33.3
2023-08-04,33.5
2023-08-07,32.0
2023-08-08,31.9
2023-08-09,32.0
2023-08-10,32.0
2023-08-11,30.9
2023-08-15,31.99
2023-08-16,31.98
2023-08-17,31.98
2023-08-18,31.9
2023-08-22,31.5
2023-08-23,31.5
2023-08-24,31.0
2023-08-25,31.0
2023-08-28,31.0
2023-08-29,31.0
2023-08-30,30.95
2023-08-31,31.0
2023-09-01,31.0
2023-09-04,30.95
2023-09-05,30.89
2023-09-06,30.25
2023-09-07,30.3
2023-09-08,30.99
2023-09-11,30.69
2023-09-12,30.7
2023-09-13,30.1
2023-09-14,30.0
2023-09-15,30.0
2023-09-18,29.61
2023-09-19,30.0
2023-09-20,30.0
2023-09-21,31.79
2023-09-22,32.0
2023-09-25,33.9
2023-09-26,35.08
2023-09-27,34.51
2023-10-02,35.55
2023-10-03,35.0
2023-10-04,34.74
2023-10-05,36.82
2023-10-06,37.9
2023-10-09,37.9
2023-10-10,37.9
2023-10-11,37.7
2023-10-12,37.75
2023-10-13,37.0
2023-10-16,37.5
2023-10-17,37.5
2023-10-18,37.5
2023-10-19,37.0
2023-10-20,37.45
2023-10-23,37.5
2023-10-24,37.2
2023-10-25,37.3
2023-10-26,37.5
2023-10-27,37.5
2023-10-30,37.0
2023-10-31,37.0
2023-11-01,37.0
2023-11-02,36.4
2023-11-03,36.0
2023-11-07,37.0
2023-11-08,36.5
2023-11-09,36.5
2023-11-10,36.4
2023-11-13,36.99
2023-11-14,36.98
2023-11-15,36.96
2023-11-16,36.98
2023-11-17,39.6
2023-11-20,37.0
2023-11-21,37.0
2023-11-22,35.15
2023-11-23,35.3
2023-11-24,35.23
2023-11-27,37.08
2023-11-28,36.99
2023-11-29,36.96
2023-11-30,36.5
2023-12-01,37.99
2023-12-04,37.5
2023-12-05,36.5
2023-12-06,37.0
2023-12-07,37.0
2023-12-08,37.0
2023-12-11,37.0
2023-12-12,37.0
2023-12-13,37.0
2023-12-14,36.75
2023-12-15,38.0
2023-12-18,37.6
2023-12-19,37.6
2023-12-20,37.9
2023-12-21,37.89
2023-12-22,37.0
2023-12-25,37.69
2023-12-26,37.0
2023-12-27,35.8
2023-12-28,35.99
2023-12-29,35.5
2024-01-02,36.0
2024-01-03,36.9
2024-01-04,36.36
2024-01-05,36.95
2024-01-08,36.5
2024-01-09,36.69
2024-01-10,36.93
2024-01-12,36.99
2024-01-15,36.99
2024-01-16,36.99
2024-01-17,36.94
2024-01-18,36.94
2024-01-19,36.95
2024-01-22,36.97
2024-01-23,37.39
2024-01-24,37.39
2024-01-25,37.35
2024-01-26,37.3
2024-01-29,37.3
2024-01-30,36.5
2024-01-31,36.9
2024-02-01,36.9
2024-02-02,36.94
2024-02-05,37.0
2024-02-06,37.0
2024-02-07,36.99
2024-02-08,37.0
2024-02-09,38.0
2024-02-12,38.44
2024-02-13,37.89
2024-02-14,37.89
2024-02-15,38.38
2024-02-16,38.5
2024-02-19,38.19
2024-02-20,38.0
2024-02-21,38.0
2024-02-22,38.5
2024-02-23,39.4
2024-02-26,40.8
2024-02-27,41.0
2024-02-28,42.89
2024-02-29,40.55
2024-03-01,41.7
2024-03-04,42.0
2024-03-05,41.0
2024-03-06,40.97
2024-03-07,40.98
2024-03-08,40.0
2024-03-11,40.75
2024-03-12,39.6
2024-03-13,39.8
2024-03-14,39.5
2024-03-15,39.0
2024-03-18,39.5
2024-03-19,39.4
2024-03-20,39.5
2024-03-21,38.95
2024-03-22,38.8
2024-03-25,38.5
2024-03-26,36.5
2024-03-27,37.97
2024-03-28,37.8
2024-03-29,38.0
2024-04-01,38.5
2024-04-02,38.5
2024-04-03,38.5
2024-04-04,39.4
2024-04-05,38.5
2024-04-08,39.3
2024-04-09,40.0
2024-04-15,41.15
2024-04-16,39.0
2024-04-17,41.49
2024-04-18,43.5
2024-04-19,47.84
2024-04-22,49.92
2024-04-23,46.0
2024-04-24,49.0
2024-04-25,48.9
2024-04-26,48.7
2024-04-29,48.7
2024-04-30,48.55
2024-05-02,46.0
2024-05-03,45.75
2024-05-06,46.0
2024-05-07,47.0
2024-05-08,47.37
2024-05-09,46.99
2024-05-10,46.0
2024-05-13,46.03
2024-05-14,46.1
2024-05-15,46.0
2024-05-16,47.38
2024-05-17,49.95
2024-05-20,50.0
2024-05-21,49.49
2024-05-22,48.0
2024-05-23,49.05
2024-05-24,47.15
2024-05-27,48.93
2024-05-28,48.47
2024-05-29,48.5
2024-05-30,48.5
2024-05-31,49.0
2024-06-03,48.97
2024-06-04,48.5
2024-06-05,48.79
2024-06-06,48.5
2024-06-07,49.79
2024-06-10,49.49
2024-06-11,48.79
2024-06-12,48.64
2024-06-13,49.0
2024-06-14,48.45
2024-06-19,48.45
2024-06-20,48.5
2024-06-21,48.8
2024-06-24,48.79
2024-06-25,48.0
2024-06-26,48.89
2024-06-27,49.45
2024-06-28,49.0
2024-07-01,47.99
2024-07-02,47.95
2024-07-03,48.0
2024-07-04,48.38
2024-07-05,47.8
2024-07-08,47.7
2024-07-09,48.5
2024-07-10,47.0
2024-07-11,48.49
2024-07-12,46.5
2024-07-15,47.89
2024-07-16,47.99
2024-07-17,47.94
2024-07-18,47.99
2024-07-19,49.5
2024-07-22,49.19
2024-07-23,49.45
2024-07-24,52.1
2024-07-25,52.0
2024-07-26,51.3
2024-07-29,52.0
2024-07-31,53.0
2024-08-01,53.45
2024-08-02,52.2
2024-08-05,50.0
2024-08-06,51.4
2024-08-07,51.5
2024-08-08,52.0
2024-08-09,50.0
2024-08-12,50.05
2024-08-13,51.0
2024-08-15,51.5
2024-08-16,51.79
2024-08-19,50.0
2024-08-22,50.95
2024-08-23,50.31
2024-08-26,50.5
2024-08-27,50.98
2024-08-28,50.99
2024-08-29,50.89
2024-08-30,50.0
2024-09-02,49.97
2024-09-03,49.96
2024-09-04,48.78
2024-09-05,49.0
2024-09-06,48.2
2024-09-09,50.0
2024-09-10,51.0
2024-09-11,50.99
2024-09-12,51.0
2024-09-13,55.21
2024-09-18,58.0
2024-09-19,56.98
2024-09-20,57.0
2024-09-23,57.96
2024-09-24,57.2
2024-09-25,58.0
2024-09-26,57.99
2024-09-27,59.9
2024-09-30,58.0
2024-10-01,57.5
2024-10-02,56.0
2024-10-03,55.43
2024-10-04,54.5
2024-10-07,56.0
2024-10-08,55.5
2024-10-09,54.01
2024-10-10,55.99
2024-10-11,55.0
2024-10-14,55.24
2024-10-15,54.99
2024-10-16,53.8
2024-10-17,54.96
2024-10-18,54.8
2024-10-21,54.79
2024-10-22,52.52
2024-10-23,52.6
2024-10-24,52.6
2024-10-25,54.0
2024-10-28,54.88
2024-10-29,54.5
2024-10-30,53.89
2024-10-31,52.75
2024-11-01,52.99
2024-11-04,52.02
2024-11-05,51.3
2024-11-07,53.0
2024-11-08,53.0
2024-11-11,53.0
2024-11-12,52.5
2024-11-13,52.0
2024-11-14,51.65
2024-11-15,52.0
2024-11-19,52.0
2024-11-20,51.79
2024-11-21,52.5
2024-11-22,52.5
2024-11-25,52.49
2024-11-26,52.5
2024-11-27,52.9
2024-11-28,52.89
2024-11-29,53.0
2024-12-02,53.41
2024-12-03,53.41
2024-12-04,53.29
2024-12-05,53.28
2024-12-06,53.5
2024-12-09,53.9
2024-12-10,53.1
2024-12-11,52.5
2024-12-12,53.1
2024-12-13,53.8
2024-12-16,52.0
2024-12-17,53.5
2024-12-18,54.05
2024-12-19,54.04
2024-12-20,53.99
2024-12-23,52.99
2024-12-24,53.3
2024-12-25,53.3
2024-12-26,53.06
2024-12-27,56.0
2024-12-30,56.0
2024-12-31,57.0
2025-01-02,58.0
2025-01-03,59.79
2025-01-06,62.5
2025-01-07,61.97
2025-01-08,62.4
2025-01-09,68.5
2025-01-10,67.0
2025-01-13,68.0
2025-01-15,67.0
2025-01-16,67.0
2025-01-17,66.0
2025-01-20,65.0
2025-01-21,63.0
2025-01-22,63.39
2025-01-23,68.0
2025-01-24,66.9
2025-01-27,66.0
2025-01-28,72.05
2025-01-29,72.0
2025-01-30,71.99
2025-01-31,70.72
2025-02-03,69.0
2025-02-04,70.0
2025-02-05,70.88
2025-02-06,71.0
2025-02-07,71.75
2025-02-10,71.6
2025-02-11,72.0
2025-02-12,72.39
2025-02-13,72.39
2025-02-14,71.0
2025-02-17,70.65
2025-02-18,68.1
2025-02-19,68.86
2025-02-20,69.0
2025-02-21,69.8
2025-02-24,69.75
2025-02-25,68.99
2025-02-26,67.99
2025-02-27,66.51
2025-02-28,67.0
2025-03-03,66.0
2025-03-04,65.1
2025-03-05,66.49
2025-03-06,66.0
2025-03-07,69.49
2025-03-10,68.8
2025-03-11,67.0
2025-03-12,67.99
2025-03-13,68.0
2025-03-14,68.0
2025-03-17,68.0
2025-03-18,66.5
2025-03-19,72.5
2025-03-20,74.0
2025-03-21,78.0
2025-03-24,75.0
2025-03-25,74.0
2025-03-26,78.0
2025-03-27,78.0
2025-03-28,82.0
2025-04-02,90.0
2025-04-03,81.01
2025-04-04,80.0
2025-04-07,72.01
2025-04-08,77.0
2025-04-09,71.5
2025-04-10,77.5
2025-04-11,75.0
2025-04-14,75.0
2025-04-15,78.0
2025-04-16,78.0
2025-04-17,80.0
2025-04-18,81.4
2025-04-21,82.3
2025-04-22,80.0
2025-04-23,80.98
2025-04-24,81.0
2025-04-25,80.0
2025-04-28,80.0
2025-04-29,80.99
2025-04-30,82.5
2025-05-02,82.2
2025-05-05,82.0
2025-05-06,81.1
2025-05-07,83.0
2025-05-08,82.5
2025-05-09,86.0
