date,DIS
2000-01-07,447.619
2000-01-12,475.15
2000-01-14,490.0
2000-01-17,484.95
2000-01-19,482.0
2000-01-20,474.0
2000-01-21,473.9
2000-01-24,474.95
2000-01-26,453.95
2000-01-27,465.0
2000-01-28,465.0
2000-02-01,464.9
2000-02-02,460.0
2000-02-04,450.0
2000-02-25,420.0
2000-02-29,420.0
2000-03-06,420.0
2000-03-07,419.0
2000-03-10,418.0
2000-03-13,416.0
2000-03-14,418.0
2000-03-15,400.0
2000-03-22,400.0
2000-03-31,376.0
2000-04-04,369.0
2000-04-18,404.0
2000-04-25,404.0
2000-04-27,398.95
2000-05-02,397.0
2000-05-12,380.0
2000-05-16,370.0
2000-05-23,360.0
2000-05-29,370.0
2000-06-09,359.95
2000-06-13,359.45
2000-06-14,337.9
2000-07-03,320.0
2000-07-06,320.0
2000-07-11,302.0
2000-07-14,319.0
2000-07-17,319.0
2000-07-18,318.0
2000-07-25,299.0
2000-07-26,290.0
2000-08-01,289.0
2000-08-08,300.0
2000-08-18,300.0
2000-08-28,300.0
2000-08-29,299.0
2000-09-14,298.0
2000-09-19,290.0
2000-09-21,273.0
2000-09-22,274.0
2000-09-25,269.0
2000-09-26,269.0
2000-09-27,268.0
2000-09-28,270.0
2000-09-29,267.85
2000-10-02,264.95
2000-10-03,259.95
2000-10-04,260.0
2000-10-05,260.0
2000-10-06,260.0
2000-10-09,259.9
2000-10-17,250.0
2000-10-25,245.0
2000-11-22,203.55
2000-11-23,210.0
2000-12-04,210.0
2000-12-07,210.0
2000-12-08,210.0
2001-01-03,208.0
2001-01-15,207.95
2001-01-16,207.95
2001-01-17,207.0
2001-01-18,207.0
2001-01-19,207.0
2001-01-22,207.0
2001-01-23,207.0
2001-01-24,207.0
2001-01-25,207.0
2001-01-26,207.0
2001-01-29,207.0
2001-01-30,207.0
2001-01-31,207.0
2001-02-01,207.0
2001-02-02,207.0
2001-02-05,207.0
2001-02-06,207.0
2001-02-07,207.0
2001-02-08,195.0
2001-02-09,195.0
2001-02-12,197.0
2001-02-13,196.0
2001-02-14,200.0
2001-02-15,195.0
2001-02-16,205.0
2001-02-19,208.0
2001-02-20,204.0
2001-02-21,205.0
2001-02-22,205.0
2001-02-23,200.0
2001-02-26,200.0
2001-02-27,196.0
2001-02-28,196.0
2001-03-01,193.0
2001-03-02,193.0
2001-03-05,193.0
2001-03-08,193.0
2001-03-09,190.0
2001-03-12,190.0
2001-03-13,190.0
2001-03-14,190.2
2001-03-15,190.2
2001-03-16,190.2
2001-03-19,190.2
2001-03-20,190.2
2001-03-21,190.2
2001-03-22,189.8
2001-03-23,188.0
2001-03-26,181.0
2001-03-28,181.0
2001-03-29,189.8
2001-03-30,181.0
2001-04-02,181.0
2001-04-03,181.0
2001-04-04,185.0
2001-04-05,190.0
2001-04-06,182.0
2001-04-09,182.0
2001-04-10,185.0
2001-04-11,190.0
2001-04-12,190.0
2001-04-13,190.0
2001-04-16,189.0
2001-04-17,190.0
2001-04-18,195.0
2001-04-19,195.0
2001-04-20,195.0
2001-04-23,183.5
2001-04-24,183.5
2001-04-25,183.5
2001-04-26,183.5
2001-04-27,183.5
2001-04-30,183.5
2001-05-02,183.5
2001-05-03,183.5
2001-05-04,183.5
2001-05-07,184.0
2001-05-08,184.0
2001-05-09,184.0
2001-05-10,184.0
2001-05-11,184.0
2001-05-14,194.5
2001-05-15,194.5
2001-05-16,194.5
2001-05-17,194.5
2001-05-18,194.5
2001-05-21,194.5
2001-05-22,184.0
2001-05-23,184.0
2001-05-24,184.0
2001-05-25,184.0
2001-05-28,184.0
2001-05-29,184.0
2001-05-30,184.0
2001-05-31,184.0
2001-06-01,184.0
2001-06-04,193.0
2001-06-07,193.0
2001-06-08,193.0
2001-06-11,193.0
2001-06-12,193.0
2001-06-13,193.0
2001-06-14,193.0
2001-06-15,193.0
2001-06-18,193.0
2001-06-19,180.0
2001-06-20,180.0
2001-06-21,171.0
2001-06-22,171.0
2001-06-25,171.0
2001-06-26,171.0
2001-06-27,171.0
2001-06-28,171.0
2001-06-29,171.0
2001-07-02,159.0
2001-07-03,159.0
2001-07-04,159.0
2001-07-05,159.0
2001-07-06,159.0
2001-07-09,159.0
2001-07-10,159.0
2001-07-11,159.0
2001-07-12,159.0
2001-07-13,159.0
2001-07-16,168.5
2001-07-17,189.3
2001-07-18,189.3
2001-07-19,189.3
2001-07-20,189.3
2001-07-23,189.3
2001-07-24,189.3
2001-07-25,189.3
2001-07-26,189.3
2001-07-27,189.3
2001-07-31,189.3
2001-08-01,187.95
2001-08-02,187.95
2001-08-03,187.95
2001-08-06,176.7
2001-08-07,176.0
2001-08-08,186.55
2001-08-09,186.55
2001-08-10,186.55
2001-08-13,186.55
2001-08-15,186.55
2001-08-16,186.55
2001-08-17,186.55
2001-08-22,190.0
2001-08-23,190.0
2001-08-24,190.0
2001-08-27,190.0
2001-08-28,190.0
2001-08-29,190.0
2001-08-30,190.0
2001-08-31,190.0
2001-09-03,190.0
2001-09-04,190.0
2001-09-05,190.0
2001-09-06,190.0
2001-09-07,190.0
2001-09-10,190.0
2001-09-11,190.0
2001-09-12,190.0
2001-09-13,190.0
2001-09-14,190.0
2001-09-17,190.0
2001-09-18,190.0
2001-09-19,190.0
2001-09-20,190.0
2001-09-21,190.0
2001-09-24,190.0
2001-09-25,190.0
2001-09-26,190.0
2001-09-27,190.0
2001-09-28,190.0
2001-10-01,190.0
2001-10-02,190.0
2001-10-03,190.0
2001-10-04,190.0
2001-10-05,190.0
2001-10-08,190.0
2001-10-09,190.0
2001-10-10,190.0
2001-10-11,190.0
2001-10-12,190.0
2001-10-15,190.0
2001-10-16,190.0
2001-10-17,190.0
2001-10-18,190.0
2001-10-19,190.0
2001-10-22,178.6
2001-10-23,178.6
2001-10-24,178.6
2001-10-25,170.0
2001-10-26,169.95
2001-10-29,160.0
2001-10-30,160.0
2001-10-31,160.0
2001-11-01,160.0
2001-11-02,150.4
2001-11-05,150.4
2001-11-07,150.4
2001-11-08,150.4
2001-11-09,150.4
2001-11-12,159.4
2001-11-13,159.4
2001-11-14,159.4
2001-11-15,159.4
2001-11-16,159.4
2001-11-19,159.4
2001-11-20,150.0
2001-11-21,150.0
2001-11-22,150.0
2001-11-23,150.0
2001-11-26,150.0
2001-11-27,150.0
2001-11-28,150.0
2001-11-29,150.0
2001-11-30,150.0
2001-12-03,150.0
2001-12-04,150.0
2001-12-05,150.0
2001-12-06,150.0
2001-12-07,150.0
2001-12-10,150.0
2001-12-11,138.2
2001-12-12,138.2
2001-12-13,138.2
2001-12-14,138.2
2001-12-19,138.0
2001-12-20,138.0
2001-12-21,138.0
2001-12-24,138.0
2001-12-25,138.0
2001-12-26,138.0
2001-12-27,130.0
2001-12-28,137.8
2001-12-31,137.8
2002-01-04,146.0
2002-01-09,136.0
2002-01-10,136.0
2002-01-14,136.0
2002-01-15,136.0
2002-01-16,136.0
2002-01-17,136.0
2002-01-18,136.0
2002-01-21,136.0
2002-01-22,136.0
2002-01-23,136.0
2002-01-24,127.85
2002-01-25,120.2
2002-01-28,113.0
2002-01-29,112.0
2002-01-30,112.0
2002-01-31,112.0
2002-02-01,111.5
2002-02-04,111.5
2002-02-05,105.0
2002-02-06,105.0
2002-02-07,105.0
2002-02-08,106.0
2002-02-11,100.0
2002-02-12,100.0
2002-02-13,99.0
2002-02-14,99.0
2002-02-15,99.0
2002-02-18,99.0
2002-02-19,99.0
2002-02-20,99.0
2002-02-21,104.9
2002-02-22,104.9
2002-02-26,110.0
2002-02-27,111.0
2002-02-28,104.4
2002-03-01,100.0
2002-03-05,103.0
2002-03-06,103.0
2002-03-07,103.0
2002-03-08,103.0
2002-03-11,100.0
2002-03-12,100.0
2002-03-13,100.0
2002-03-14,100.0
2002-03-18,100.0
2002-03-19,100.0
2002-03-20,94.0
2002-03-21,99.64
2002-03-22,102.5
2002-03-25,102.5
2002-03-26,96.36
2002-03-27,91.0
2002-03-28,91.0
2002-03-29,91.0
2002-04-01,91.0
2002-04-02,91.0
2002-04-03,91.0
2002-04-05,92.0
2002-04-08,92.0
2002-04-09,90.0
2002-04-10,90.0
2002-04-11,84.6
2002-04-12,80.0
2002-04-15,80.0
2002-04-22,80.0
2002-05-06,71.0
2002-05-13,72.0
2002-05-14,71.0
2002-05-16,75.0
2002-05-20,71.0
2002-05-22,75.0
2002-06-20,70.0
2002-06-28,72.0
2002-07-01,68.9
2002-07-09,66.0
2002-07-17,63.0
2002-07-25,60.0
2002-07-26,63.0
2002-08-06,66.78
2002-08-16,66.0
2002-08-19,63.0
2002-09-06,61.0
2002-09-17,63.0
2002-09-25,60.0
2002-09-26,60.0
2002-10-21,52.82
2002-10-22,55.9
2002-10-24,59.24
2002-10-25,62.78
2002-10-28,66.54
2002-10-29,70.52
2002-10-30,73.9
2002-10-31,71.0
2002-11-04,70.0
2002-11-07,70.0
2002-11-12,68.0
2002-11-14,67.0
2002-11-15,67.0
2002-11-19,67.0
2002-11-25,63.1
2002-12-03,66.88
2002-12-19,62.94
2002-12-26,62.94
2002-12-27,59.96
2002-12-30,59.94
2002-12-31,62.94
2003-01-06,60.0
2003-01-14,56.4
2003-01-15,57.0
2003-01-17,57.0
2003-01-24,60.42
2003-01-31,56.8
2003-02-03,60.2
2003-02-06,59.98
2003-02-18,56.4
2003-02-24,54.0
2003-02-25,55.0
2003-02-26,54.0
2003-02-28,55.0
2003-03-04,54.0
2003-03-06,54.6
2003-03-10,56.0
2003-03-11,53.5
2003-03-13,54.0
2003-03-17,51.0
2003-03-18,50.0
2003-03-25,52.5
2003-03-26,52.5
2003-03-31,52.5
2003-04-01,49.4
2003-04-04,46.5
2003-04-07,48.0
2003-04-08,46.9
2003-04-09,47.0
2003-04-10,49.82
2003-04-11,52.8
2003-04-16,62.0
2003-04-17,61.8
2003-04-18,59.0
2003-04-21,60.0
2003-04-22,59.9
2003-04-23,59.78
2003-04-24,58.0
2003-04-29,59.9
2003-04-30,59.9
2003-05-06,63.48
2003-05-08,71.2
2003-05-12,70.0
2003-05-13,68.0
2003-05-20,70.0
2003-05-21,70.0
2003-05-23,72.1
2003-05-27,80.0
2003-05-28,84.0
2003-05-30,80.1
2003-06-02,80.3
2003-06-03,85.1
2003-06-04,85.5
2003-06-05,86.0
2003-06-06,85.98
2003-06-09,85.0
2003-06-12,79.9
2003-06-13,78.2
2003-06-18,78.0
2003-06-19,80.0
2003-06-30,76.2
2003-07-01,76.5
2003-07-04,78.0
2003-07-10,78.0
2003-07-14,80.0
2003-07-22,80.0
2003-08-13,79.0
2003-08-19,78.98
2003-08-28,79.9
2003-08-29,84.0
2003-09-03,82.5
2003-09-04,82.0
2003-09-08,82.0
2003-09-09,80.0
2003-09-10,80.0
2003-09-11,80.0
2003-09-12,76.0
2003-09-15,73.1
2003-09-16,74.9
2003-09-18,73.1
2003-09-19,73.12
2003-09-23,71.0
2003-09-24,72.0
2003-09-29,71.0
2003-09-30,69.0
2003-10-01,67.0
2003-10-13,70.0
2003-10-24,70.0
2003-10-29,74.2
2003-11-14,69.8
2003-11-21,69.8
2003-12-01,69.8
2003-12-02,66.0
2003-12-08,64.0
2003-12-10,66.0
2003-12-11,69.0
2003-12-12,73.1
2003-12-15,69.9
2003-12-16,70.0
2003-12-24,69.9
2003-12-25,67.98
2003-12-31,71.0
2004-01-14,66.74
2004-01-20,68.9
2004-01-26,65.9
2004-01-27,62.0
2004-01-29,61.0
2004-01-30,60.0
2004-02-03,61.0
2004-02-04,60.0
2004-02-05,60.0
2004-02-06,60.0
2004-02-09,63.6
2004-02-11,65.0
2004-02-26,62.0
2004-03-04,58.0
2004-03-10,60.0
2004-03-12,59.0
2004-03-15,57.2
2004-03-16,57.0
2004-03-17,60.0
2004-03-18,60.0
2004-03-19,62.0
2004-03-22,61.0
2004-03-23,62.0
2004-03-24,63.0
2004-03-25,61.0
2004-03-31,61.0
2004-04-01,58.9
2004-04-05,60.0
2004-04-06,60.0
2004-04-08,56.4
2004-04-09,55.0
2004-04-12,55.0
2004-04-13,54.9
2004-04-14,51.7
2004-04-15,50.2
2004-04-16,50.5
2004-04-23,52.6
2004-04-26,53.0
2004-05-04,56.0
2004-05-06,55.78
2004-05-07,52.5
2004-05-18,52.1
2004-05-19,54.8
2004-05-31,58.0
2004-06-08,56.88
2004-06-11,55.0
2004-06-14,55.0
2004-06-17,57.0
2004-06-18,58.0
2004-06-22,54.6
2004-06-24,54.58
2004-06-29,54.1
2004-07-01,51.0
2004-07-09,52.0
2004-07-16,48.88
2004-07-19,51.8
2004-07-21,48.7
2004-07-22,48.7
2004-07-23,48.0
2004-07-26,45.2
2004-08-03,42.5
2004-08-04,42.0
2004-08-05,41.5
2004-08-09,39.1
2004-08-10,39.1
2004-08-11,40.1
2004-08-12,40.0
2004-08-13,41.0
2004-08-16,41.0
2004-08-17,40.0
2004-08-19,40.0
2004-08-23,41.0
2004-08-24,40.0
2004-08-27,40.0
2004-08-30,42.4
2004-08-31,42.3
2004-09-01,42.3
2004-09-02,41.0
2004-09-06,40.0
2004-09-08,40.0
2004-09-09,39.5
2004-09-10,39.0
2004-09-15,38.0
2004-09-16,36.98
2004-09-17,37.8
2004-09-20,38.9
2004-09-21,40.0
2004-09-22,39.9
2004-09-23,40.0
2004-09-27,38.0
2004-09-28,38.0
2004-09-29,38.0
2004-09-30,38.0
2004-10-04,38.0
2004-10-11,37.98
2004-10-13,36.0
2004-10-14,36.0
2004-10-26,36.0
2004-10-28,35.48
2004-11-01,37.0
2004-11-05,38.0
2004-11-10,34.98
2004-11-12,34.98
2004-11-17,33.0
2004-11-22,33.0
2004-11-23,31.02
2004-11-24,32.88
2004-11-26,31.02
2004-11-29,31.5
2004-12-03,33.0
2004-12-07,34.8
2004-12-08,36.0
2004-12-09,36.5
2004-12-10,36.0
2004-12-14,38.0
2004-12-16,37.0
2004-12-22,39.0
2004-12-23,38.98
2005-01-03,37.98
2005-01-05,37.98
2005-01-10,33.58
2005-01-12,33.0
2005-01-14,30.2
2005-01-17,32.0
2005-01-18,32.0
2005-01-19,32.0
2005-01-20,32.5
2005-01-24,33.52
2005-01-25,35.52
2005-01-26,35.2
2005-01-27,36.1
2005-01-31,38.0
2005-02-01,36.0
2005-02-02,36.98
2005-02-03,36.5
2005-02-04,36.48
2005-02-07,38.0
2005-02-08,39.2
2005-02-11,44.0
2005-02-14,46.64
2005-02-15,49.42
2005-02-16,52.38
2005-02-18,58.84
2005-02-22,59.98
2005-02-24,59.0
2005-02-25,61.0
2005-02-28,64.0
2005-03-01,64.32
2005-03-02,65.6
2005-03-03,64.5
2005-03-04,64.5
2005-03-07,66.0
2005-03-08,67.0
2005-03-09,67.98
2005-03-10,67.98
2005-03-11,65.3
2005-03-14,65.0
2005-03-15,64.0
2005-03-16,62.0
2005-03-17,64.0
2005-03-18,67.0
2005-03-21,66.5
2005-03-22,66.0
2005-03-23,66.0
2005-03-24,66.5
2005-03-25,66.0
2005-03-28,65.5
2005-03-29,63.98
2005-03-30,64.2
2005-03-31,64.98
2005-04-01,63.98
2005-04-04,62.0
2005-04-05,62.0
2005-04-06,61.0
2005-04-07,60.0
2005-04-08,61.9
2005-04-11,61.96
2005-04-12,61.0
2005-04-13,61.98
2005-04-14,63.0
2005-04-15,63.0
2005-04-19,63.0
2005-04-20,65.0
2005-04-25,65.0
2005-04-26,65.0
2005-04-27,66.0
2005-04-28,67.0
2005-04-29,66.0
2005-05-02,67.0
2005-05-03,67.0
2005-05-04,68.0
2005-05-05,68.0
2005-05-13,68.0
2005-05-17,67.98
2005-05-18,67.0
2005-05-19,67.8
2005-05-20,68.1
2005-05-23,69.9
2005-05-24,72.02
2005-05-25,74.9
2005-05-26,76.0
2005-05-27,76.0
2005-05-30,76.0
2005-06-01,78.4
2005-06-02,78.4
2005-06-03,79.0
2005-06-06,78.0
2005-06-08,78.0
2005-06-10,76.5
2005-06-13,76.52
2005-06-14,77.5
2005-06-15,77.8
2005-06-16,77.78
2005-06-17,77.0
2005-06-20,77.0
2005-06-21,77.78
2005-06-22,78.0
2005-06-23,79.0
2005-06-24,79.0
2005-06-27,78.0
2005-06-28,78.0
2005-06-30,78.1
2005-07-01,78.1
2005-07-04,78.1
2005-07-05,78.0
2005-07-06,78.0
2005-07-07,78.0
2005-07-08,79.0
2005-07-11,78.98
2005-07-12,78.0
2005-07-13,78.0
2005-07-14,79.1
2005-07-15,79.02
2005-07-18,79.6
2005-07-21,84.0
2005-07-22,89.0
2005-07-25,91.9
2005-07-26,95.0
2005-07-27,95.0
2005-07-28,95.0
2005-07-29,90.0
2005-08-01,94.0
2005-08-02,91.0
2005-08-03,91.22
2005-08-04,92.0
2005-08-05,93.0
2005-08-08,93.0
2005-08-09,93.0
2005-08-10,92.5
2005-08-11,94.0
2005-08-12,94.0
2005-08-15,94.0
2005-08-16,95.0
2005-08-17,95.0
2005-08-18,96.0
2005-08-19,98.0
2005-08-22,103.8
2005-08-23,110.0
2005-08-24,115.9
2005-08-25,110.0
2005-08-26,103.4
2005-08-29,100.0
2005-08-30,100.0
2005-08-31,100.0
2005-09-01,106.0
2005-09-02,104.0
2005-09-05,106.0
2005-09-06,107.8
2005-09-07,106.0
2005-09-08,105.0
2005-09-09,106.0
2005-09-12,108.0
2005-09-13,112.1
2005-09-14,114.0
2005-09-15,119.0
2005-09-16,120.0
2005-09-19,118.0
2005-09-20,119.5
2005-09-21,119.0
2005-09-22,119.0
2005-09-23,114.9
2005-09-26,115.0
2005-09-27,115.0
2005-09-28,113.0
2005-09-29,108.6
2005-09-30,109.25
2005-10-03,111.0
2005-10-04,111.0
2005-10-05,113.0
2005-10-07,112.2
2005-10-10,112.0
2005-10-11,113.0
2005-10-12,114.4
2005-10-13,114.4
2005-10-14,115.9
2005-10-17,114.2
2005-10-19,112.0
2005-10-20,112.0
2005-10-24,112.2
2005-10-25,112.5
2005-10-26,113.0
2005-10-27,113.0
2005-10-28,114.5
2005-10-31,116.0
2005-11-01,115.1
2005-11-02,116.0
2005-11-07,116.8
2005-11-08,123.8
2005-11-09,125.0
2005-11-10,132.5
2005-11-14,148.85
2005-11-15,157.75
2005-11-21,155.0
2005-11-22,158.3
2005-11-23,167.75
2005-11-24,177.8
2005-11-25,188.45
2005-11-29,211.7
2005-11-30,214.0
2005-12-01,226.8
2005-12-02,233.0
2005-12-05,246.95
2005-12-06,247.0
2005-12-07,239.5
2005-12-08,225.15
2005-12-09,220.0
2005-12-12,215.1
2005-12-13,220.0
2005-12-14,225.0
2005-12-15,226.9
2005-12-16,230.0
2005-12-19,233.0
2005-12-20,234.0
2005-12-21,230.0
2005-12-22,225.0
2005-12-23,222.0
2005-12-26,218.0
2005-12-27,217.5
2005-12-28,220.0
2005-12-29,216.0
2005-12-30,203.05
2006-01-03,197.4
2006-01-04,200.2
2006-01-05,203.0
2006-01-06,205.0
2006-01-09,205.0
2006-01-10,210.0
2006-01-13,211.0
2006-01-16,221.9
2006-01-17,220.0
2006-01-18,218.0
2006-01-19,217.0
2006-01-20,217.0
2006-01-23,215.0
2006-01-24,213.6
2006-01-25,218.0
2006-01-26,220.0
2006-01-27,224.0
2006-01-30,230.0
2006-02-01,232.0
2006-02-02,226.95
2006-02-03,227.0
2006-02-06,240.6
2006-02-07,255.0
2006-02-08,266.0
2006-02-09,281.95
2006-02-10,298.85
2006-02-13,300.0
2006-02-14,295.0
2006-02-15,294.0
2006-02-16,294.0
2006-02-17,285.0
2006-02-20,302.1
2006-02-21,317.2
2006-02-22,314.45
2006-02-23,315.0
2006-02-24,309.0
2006-02-27,300.0
2006-02-28,290.0
2006-03-01,290.0
2006-03-02,294.0
2006-03-03,290.0
2006-03-06,290.0
2006-03-07,285.0
2006-03-08,280.0
2006-03-09,265.0
2006-03-10,265.0
2006-03-13,249.1
2006-03-14,235.0
2006-03-15,227.0
2006-03-20,264.5
2006-03-21,257.0
2006-03-22,254.1
2006-03-23,252.0
2006-03-24,257.0
2006-03-27,255.0
2006-03-28,260.0
2006-03-29,255.0
2006-03-30,239.7
2006-03-31,245.0
2006-04-03,241.0
2006-04-04,240.0
2006-04-05,230.0
2006-04-06,220.0
2006-04-07,233.0
2006-04-10,235.0
2006-04-13,230.0
2006-04-14,228.0
2006-04-17,221.9
2006-04-18,215.5
2006-04-19,212.5
2006-04-20,212.0
2006-04-21,219.0
2006-04-24,220.0
2006-04-25,218.1
2006-04-26,216.0
2006-04-27,212.0
2006-04-28,210.0
2006-05-02,212.0
2006-05-03,208.0
2006-05-04,215.0
2006-05-05,219.0
2006-05-08,225.0
2006-05-09,227.0
2006-05-10,220.0
2006-05-11,224.9
2006-05-12,220.0
2006-05-15,220.0
2006-05-16,218.9
2006-05-17,220.0
2006-05-18,210.3
2006-05-19,197.7
2006-05-22,199.0
2006-05-23,193.0
2006-05-24,192.0
2006-05-25,200.0
2006-05-26,199.9
2006-05-29,198.8
2006-05-30,197.5
2006-05-31,197.0
2006-06-01,204.0
2006-06-05,206.0
2006-06-07,193.65
2006-06-08,195.0
2006-06-09,190.0
2006-06-12,185.0
2006-06-13,185.0
2006-06-14,196.0
2006-06-15,198.9
2006-06-16,204.0
2006-06-20,202.9
2006-06-21,199.0
2006-06-22,199.0
2006-06-23,190.0
2006-06-26,190.0
2006-06-27,193.0
2006-06-28,190.0
2006-06-29,181.0
2006-06-30,181.0
2006-07-03,189.4
2006-07-04,192.5
2006-07-05,194.9
2006-07-07,191.0
2006-07-10,190.0
2006-07-12,189.0
2006-07-13,184.0
2006-07-14,182.0
2006-07-18,180.0
2006-07-19,171.15
2006-07-20,172.0
2006-07-21,172.0
2006-07-25,161.7
2006-07-26,152.0
2006-07-27,155.0
2006-07-28,159.0
2006-07-31,160.0
2006-08-01,158.9
2006-08-02,167.0
2006-08-03,166.0
2006-08-04,160.0
2006-08-07,165.0
2006-08-08,163.0
2006-08-09,171.9
2006-08-10,177.0
2006-08-11,174.75
2006-08-15,177.0
2006-08-16,175.0
2006-08-17,174.0
2006-08-18,170.0
2006-08-22,176.5
2006-08-23,172.15
2006-08-24,174.9
2006-08-25,175.8
2006-08-28,174.0
2006-08-29,173.9
2006-08-30,175.9
2006-08-31,174.9
2006-09-01,171.0
2006-09-04,172.5
2006-09-05,172.0
2006-09-06,165.5
2006-09-07,170.0
2006-09-08,170.0
2006-09-11,161.9
2006-09-12,156.7
2006-09-13,160.0
2006-09-14,156.0
2006-09-15,150.1
2006-09-18,148.0
2006-09-19,150.0
2006-09-20,150.0
2006-09-21,157.0
2006-09-22,150.0
2006-09-25,155.0
2006-09-26,150.1
2006-09-27,157.0
2006-09-28,151.1
2006-09-29,152.15
2006-10-02,152.65
2006-10-03,153.0
2006-10-04,156.5
2006-10-05,160.0
2006-10-06,169.6
2006-10-09,179.75
2006-10-10,190.5
2006-10-11,199.0
2006-10-12,187.1
2006-10-13,175.9
2006-10-16,180.0
2006-10-17,181.0
2006-10-18,180.0
2006-10-19,185.0
2006-10-20,186.0
2006-10-23,186.0
2006-10-26,192.0
2006-10-27,192.0
2006-10-30,189.0
2006-10-31,187.0
2006-11-01,185.0
2006-11-02,180.0
2006-11-03,184.5
2006-11-07,180.0
2006-11-08,183.0
2006-11-09,173.0
2006-11-10,179.4
2006-11-13,174.4
2006-11-14,172.0
2006-11-15,174.0
2006-11-16,165.0
2006-11-17,173.0
2006-11-20,172.0
2006-11-21,171.0
2006-11-22,170.0
2006-11-23,165.0
2006-11-24,170.0
2006-11-27,170.0
2006-11-28,166.0
2006-11-29,168.4
2006-11-30,166.0
2006-12-01,166.9
2006-12-04,167.0
2006-12-05,163.0
2006-12-06,167.0
2006-12-07,160.0
2006-12-08,169.0
2006-12-11,168.2
2006-12-12,167.7
2006-12-13,160.0
2006-12-14,161.0
2006-12-15,159.0
2006-12-18,161.0
2006-12-19,161.0
2006-12-20,165.0
2006-12-21,165.0
2006-12-22,164.9
2006-12-26,164.9
2006-12-27,164.9
2006-12-28,167.9
2006-12-29,167.9
2007-01-03,165.0
2007-01-04,165.0
2007-01-05,166.8
2007-01-08,166.8
2007-01-09,163.0
2007-01-10,163.0
2007-01-12,162.0
2007-01-15,155.0
2007-01-16,158.0
2007-01-17,160.0
2007-01-19,160.0
2007-01-22,159.8
2007-01-23,155.0
2007-01-24,162.0
2007-01-25,171.7
2007-01-26,167.0
2007-01-29,166.9
2007-01-30,167.0
2007-01-31,167.0
2007-02-01,166.95
2007-02-02,165.9
2007-02-05,162.0
2007-02-06,164.0
2007-02-07,160.0
2007-02-08,166.0
2007-02-09,165.0
2007-02-12,164.0
2007-02-13,170.0
2007-02-14,180.2
2007-02-15,175.35
2007-02-16,185.0
2007-02-19,193.0
2007-02-20,190.0
2007-02-21,190.0
2007-02-22,189.0
2007-02-23,184.0
2007-02-26,183.8
2007-02-27,181.0
2007-02-28,188.9
2007-03-01,194.8
2007-03-02,196.1
2007-03-05,202.95
2007-03-06,201.9
2007-03-07,201.7
2007-03-08,199.0
2007-03-09,196.9
2007-03-12,195.9
2007-03-13,194.8
2007-03-14,190.0
2007-03-15,192.0
2007-03-16,192.9
2007-03-19,194.0
2007-03-20,198.5
2007-03-21,199.0
2007-03-22,197.5
2007-03-23,196.9
2007-03-26,188.15
2007-03-27,194.0
2007-03-28,190.0
2007-03-29,179.0
2007-03-30,187.0
2007-04-03,195.0
2007-04-04,206.7
2007-04-05,215.0
2007-04-06,224.8
2007-04-09,234.0
2007-04-10,223.95
2007-04-11,218.0
2007-04-12,215.0
2007-04-13,227.8
2007-04-16,227.8
2007-04-17,224.0
2007-04-18,226.5
2007-04-19,223.95
2007-04-20,223.0
2007-04-23,222.0
2007-04-24,220.0
2007-04-25,229.8
2007-04-26,240.0
2007-04-27,240.0
2007-04-30,247.0
2007-05-02,240.0
2007-05-03,240.0
2007-05-04,239.0
2007-05-07,225.0
2007-05-08,229.0
2007-05-09,226.0
2007-05-10,212.45
2007-05-11,216.9
2007-05-14,214.0
2007-05-15,220.0
2007-05-16,228.5
2007-05-17,226.9
2007-05-18,220.0
2007-05-21,223.9
2007-05-22,215.0
2007-05-23,211.0
2007-05-24,206.0
2007-05-25,201.0
2007-05-28,200.0
2007-05-29,207.5
2007-05-30,206.95
2007-05-31,214.0
2007-06-01,213.0
2007-06-04,216.5
2007-06-05,210.0
2007-06-06,222.6
2007-06-07,219.0
2007-06-08,218.0
2007-06-11,218.0
2007-06-12,221.9
2007-06-13,220.0
2007-06-14,211.0
2007-06-15,218.0
2007-06-18,216.0
2007-06-19,215.0
2007-06-20,222.0
2007-06-21,225.0
2007-06-22,222.0
2007-06-25,219.5
2007-06-26,216.8
2007-06-27,210.3
2007-06-28,218.0
2007-06-29,210.05
2007-07-02,215.0
2007-07-03,215.0
2007-07-04,213.0
2007-07-05,212.0
2007-07-06,214.9
2007-07-09,214.0
2007-07-10,214.0
2007-07-11,212.8
2007-07-12,210.0
2007-07-13,209.9
2007-07-16,209.0
2007-07-17,205.0
2007-07-18,208.9
2007-07-19,204.95
2007-07-20,204.0
2007-07-24,203.0
2007-07-25,200.0
2007-07-26,204.0
2007-07-27,210.0
2007-07-31,210.0
2007-08-01,210.0
2007-08-02,214.0
2007-08-03,219.9
2007-08-06,218.0
2007-08-07,216.0
2007-08-08,216.0
2007-08-09,214.0
2007-08-10,214.0
2007-08-13,209.0
2007-08-15,202.0
2007-08-16,212.0
2007-08-23,214.0
2007-08-24,214.0
2007-08-27,216.8
2007-08-28,214.0
2007-08-29,214.9
2007-08-30,215.0
2007-08-31,214.95
2007-09-03,215.9
2007-09-04,213.75
2007-09-05,212.95
2007-09-06,205.0
2007-09-07,210.0
2007-09-10,205.1
2007-09-11,210.0
2007-09-12,209.7
2007-09-14,213.0
2007-09-17,209.8
2007-09-18,204.0
2007-09-19,201.0
2007-09-20,203.0
2007-09-21,203.0
2007-09-24,209.9
2007-09-25,206.0
2007-09-26,211.0
2007-09-27,215.0
2007-09-28,216.0
2007-10-01,223.0
2007-10-02,224.0
2007-10-03,225.0
2007-10-04,226.0
2007-10-05,225.0
2007-10-08,224.95
2007-10-09,223.95
2007-10-10,222.0
2007-10-11,221.0
2007-10-12,220.0
2007-10-15,223.0
2007-10-16,223.9
2007-10-17,222.9
2007-10-18,234.0
2007-10-19,248.0
2007-10-22,262.85
2007-10-23,251.0
2007-10-24,246.0
2007-10-25,242.0
2007-10-26,236.1
2007-10-29,223.0
2007-10-30,220.0
2007-10-31,220.0
2007-11-01,219.0
2007-11-02,225.0
2007-11-05,224.5
2007-11-07,225.0
2007-11-08,219.0
2007-11-09,220.0
2007-11-12,219.0
2007-11-13,207.0
2007-11-14,209.0
2007-11-15,214.8
2007-11-16,215.0
2007-11-19,207.0
2007-11-20,207.0
2007-11-21,206.05
2007-11-22,216.0
2007-11-23,212.0
2007-11-26,207.0
2007-11-27,210.0
2007-11-28,208.0
2007-11-29,204.15
2007-11-30,204.1
2007-12-03,201.0
2007-12-04,201.0
2007-12-05,206.0
2007-12-06,205.0
2007-12-07,206.0
2007-12-10,200.2
2007-12-11,204.0
2007-12-12,200.3
2007-12-13,204.9
2007-12-14,203.0
2007-12-17,206.0
2007-12-18,204.0
2007-12-19,204.0
2007-12-20,202.0
2007-12-24,200.0
2007-12-25,200.0
2007-12-26,200.0
2007-12-27,200.0
2007-12-28,200.0
2007-12-31,203.8
2008-01-02,213.0
2008-01-03,209.0
2008-01-04,212.9
2008-01-07,210.0
2008-01-08,208.9
2008-01-09,203.15
2008-01-14,206.0
2008-01-15,200.05
2008-01-16,204.0
2008-01-17,201.1
2008-01-18,202.0
2008-01-21,210.0
2008-01-22,206.0
2008-01-23,204.5
2008-01-24,207.0
2008-01-25,207.0
2008-01-28,215.0
2008-01-29,213.0
2008-01-30,224.9
2008-01-31,222.9
2008-02-01,216.0
2008-02-04,215.0
2008-02-05,217.0
2008-02-06,214.0
2008-02-07,215.0
2008-02-08,212.0
2008-02-11,211.0
2008-02-12,208.0
2008-02-13,209.9
2008-02-14,209.0
2008-02-15,214.0
2008-02-18,212.85
2008-02-19,212.0
2008-02-20,210.0
2008-02-21,210.0
2008-02-22,215.0
2008-02-25,210.0
2008-02-26,210.0
2008-02-27,209.0
2008-02-28,206.5
2008-02-29,206.0
2008-03-03,207.0
2008-03-04,205.0
2008-03-05,202.3
2008-03-06,207.0
2008-03-07,208.0
2008-03-10,207.0
2008-03-11,206.5
2008-03-12,204.0
2008-03-13,204.0
2008-03-14,204.0
2008-03-17,200.0
2008-03-18,200.0
2008-03-19,200.0
2008-03-24,200.0
2008-03-25,190.0
2008-03-26,190.0
2008-03-27,180.0
2008-03-28,180.0
2008-03-31,169.2
2008-04-01,170.0
2008-04-02,167.0
2008-04-03,171.0
2008-04-04,174.7
2008-04-07,177.0
2008-04-08,174.0
2008-04-09,170.0
2008-04-10,169.0
2008-04-11,169.5
2008-04-14,165.0
2008-04-15,160.1
2008-04-16,153.0
2008-04-17,156.0
2008-04-18,155.0
2008-04-21,164.3
2008-04-22,174.15
2008-04-23,164.0
2008-04-24,156.3
2008-04-25,153.0
2008-04-28,153.0
2008-04-29,153.0
2008-04-30,153.0
2008-05-02,151.0
2008-05-05,158.85
2008-05-06,158.85
2008-05-07,158.0
2008-05-08,160.0
2008-05-09,155.2
2008-05-12,156.0
2008-05-13,160.0
2008-05-14,163.0
2008-05-15,160.0
2008-05-16,163.0
2008-05-19,156.0
2008-05-20,163.0
2008-05-21,157.0
2008-05-22,166.4
2008-05-23,166.4
2008-05-26,176.35
2008-05-27,186.9
2008-05-28,198.1
2008-05-29,209.95
2008-05-30,222.5
2008-06-02,209.15
2008-06-03,196.65
2008-06-04,208.4
2008-06-05,212.0
2008-06-06,212.0
2008-06-09,209.0
2008-06-10,204.5
2008-06-11,200.0
2008-06-12,200.0
2008-06-13,201.0
2008-06-16,208.8
2008-06-17,196.3
2008-06-18,199.4
2008-06-19,199.5
2008-06-20,206.0
2008-06-23,206.0
2008-06-24,204.8
2008-06-25,199.0
2008-06-26,195.0
2008-06-27,192.8
2008-06-30,183.2
2008-07-01,186.3
2008-07-02,186.3
2008-07-03,192.0
2008-07-04,199.0
2008-07-07,198.0
2008-07-08,209.75
2008-07-09,213.0
2008-07-10,213.8
2008-07-11,214.0
2008-07-14,226.8
2008-07-15,240.4
2008-07-16,240.4
2008-07-17,240.4
2008-07-18,254.8
2008-07-21,267.7
2008-07-22,283.75
2008-07-23,280.15
2008-07-24,276.2
2008-07-25,278.0
2008-07-28,279.9
2008-07-29,275.0
2008-07-31,270.0
2008-08-01,278.0
2008-08-04,277.5
2008-08-05,278.8
2008-08-06,278.0
2008-08-07,278.4
2008-08-08,280.95
2008-08-11,275.0
2008-08-12,267.0
2008-08-13,274.0
2008-08-15,263.1
2008-08-18,256.0
2008-08-19,260.05
2008-08-22,254.0
2008-08-25,268.0
2008-08-26,268.0
2008-08-27,271.0
2008-08-28,272.9
2008-08-29,271.95
2008-09-01,274.0
2008-09-02,270.0
2008-09-03,270.0
2008-09-04,266.05
2008-09-05,271.0
2008-09-08,265.5
2008-09-09,267.5
2008-09-10,258.1
2008-09-11,263.0
2008-09-12,262.5
2008-09-15,246.75
2008-09-16,246.75
2008-09-17,225.0
2008-09-18,230.95
2008-09-19,244.8
2008-09-22,258.0
2008-09-23,246.0
2008-09-24,249.5
2008-09-25,249.45
2008-09-26,249.45
2008-09-29,243.9
2008-09-30,239.95
2008-10-03,240.0
2008-10-06,226.0
2008-10-07,239.0
2008-10-08,229.0
2008-10-09,215.3
2008-10-10,202.4
2008-10-13,214.5
2008-10-14,225.0
2008-10-15,226.0
2008-10-16,214.9
2008-10-17,218.0
2008-10-20,224.5
2008-10-21,224.4
2008-10-22,215.0
2008-10-23,208.0
2008-10-24,208.9
2008-10-27,206.0
2008-10-28,205.0
2008-10-29,210.0
2008-10-30,209.0
2008-10-31,200.0
2008-11-03,198.0
2008-11-04,197.9
2008-11-05,195.0
2008-11-07,189.0
2008-11-10,194.5
2008-11-11,190.0
2008-11-12,180.0
2008-11-13,183.45
2008-11-14,182.5
2008-11-17,182.95
2008-11-19,182.95
2008-11-20,179.45
2008-11-21,185.0
2008-11-24,173.9
2008-11-25,170.0
2008-11-26,174.0
2008-11-27,175.0
2008-11-28,176.0
2008-12-01,166.1
2008-12-02,175.0
2008-12-03,165.0
2008-12-04,169.0
2008-12-05,166.0
2008-12-08,175.95
2008-12-11,186.5
2008-12-12,197.65
2008-12-15,209.5
2008-12-16,222.05
2008-12-17,232.0
2008-12-18,224.5
2008-12-19,226.4
2008-12-22,221.0
2008-12-23,209.0
2008-12-24,197.0
2008-12-25,187.0
2008-12-26,196.0
2008-12-30,196.0
2008-12-31,184.25
2009-01-02,192.95
2009-01-05,181.45
2009-01-06,190.8
2009-01-07,188.85
2009-01-08,187.95
2009-01-09,190.0
2009-01-12,194.0
2009-01-13,194.0
2009-01-14,199.0
2009-01-15,199.0
2009-01-16,194.5
2009-01-19,182.85
2009-01-20,183.95
2009-01-21,182.7
2009-01-22,193.65
2009-01-23,205.25
2009-01-26,217.55
2009-01-27,216.95
2009-01-28,218.4
2009-01-29,205.3
2009-01-30,208.0
2009-02-02,206.5
2009-02-03,205.0
2009-02-04,203.9
2009-02-05,204.0
2009-02-06,204.0
2009-02-09,203.0
2009-02-10,205.0
2009-02-11,212.0
2009-02-12,207.0
2009-02-13,207.95
2009-02-16,215.0
2009-02-17,223.0
2009-02-18,220.0
2009-02-19,211.0
2009-02-20,214.0
2009-02-23,217.0
2009-02-24,222.0
2009-02-25,220.0
2009-02-26,217.2
2009-02-27,219.0
2009-03-02,217.0
2009-03-03,218.0
2009-03-04,216.0
2009-03-05,214.9
2009-03-06,212.5
2009-03-09,211.0
2009-03-12,199.95
2009-03-13,195.0
2009-03-16,193.0
2009-03-17,196.0
2009-03-18,199.8
2009-03-19,198.9
2009-03-20,203.0
2009-03-23,202.0
2009-03-24,199.0
2009-03-25,190.05
2009-03-26,193.85
2009-03-27,190.05
2009-03-30,201.0
2009-03-31,189.0
2009-04-01,193.9
2009-04-02,193.9
2009-04-03,195.5
2009-04-06,195.5
2009-04-07,186.0
2009-04-08,191.6
2009-04-09,191.0
2009-04-10,189.0
2009-04-13,188.45
2009-04-14,187.95
2009-04-15,193.0
2009-04-16,200.0
2009-04-17,198.85
2009-04-20,197.0
2009-04-21,198.95
2009-04-22,196.9
2009-04-23,194.0
2009-04-24,190.0
2009-04-27,188.0
2009-04-28,186.0
2009-04-29,187.05
2009-04-30,191.95
2009-05-04,190.0
2009-05-05,189.0
2009-05-06,185.5
2009-05-07,189.0
2009-05-08,190.0
2009-05-11,195.0
2009-05-12,193.8
2009-05-13,185.0
2009-05-14,184.25
2009-05-15,177.0
2009-05-18,180.0
2009-05-19,187.0
2009-05-20,179.2
2009-05-21,182.5
2009-05-22,182.0
2009-05-25,181.95
2009-05-26,186.5
2009-05-27,179.0
2009-05-28,180.0
2009-05-29,179.0
2009-06-01,180.0
2009-06-02,180.0
2009-06-03,175.0
2009-06-04,175.0
2009-06-05,180.0
2009-06-08,179.0
2009-06-09,168.3
2009-06-10,161.15
2009-06-11,157.5
2009-06-12,166.95
2009-06-15,176.95
2009-06-16,171.0
2009-06-17,171.05
2009-06-18,168.3
2009-06-19,171.0
2009-06-22,175.0
2009-06-23,173.0
2009-06-24,172.95
2009-06-25,173.0
2009-06-26,169.0
2009-06-29,169.5
2009-06-30,170.0
2009-07-01,170.0
2009-07-02,166.0
2009-07-03,167.95
2009-07-06,163.0
2009-07-07,164.45
2009-07-08,164.45
2009-07-09,160.55
2009-07-10,161.0
2009-07-13,161.2
2009-07-14,156.95
2009-07-15,154.0
2009-07-16,157.0
2009-07-17,160.95
2009-07-20,163.5
2009-07-21,162.15
2009-07-22,156.5
2009-07-23,156.6
2009-07-24,158.05
2009-07-27,167.0
2009-07-28,177.0
2009-07-29,182.4
2009-07-31,181.0
2009-08-03,173.1
2009-08-04,173.1
2009-08-05,174.0
2009-08-06,175.0
2009-08-07,174.0
2009-08-10,171.0
2009-08-11,168.0
2009-08-12,171.0
2009-08-13,170.95
2009-08-17,171.9
2009-08-18,170.0
2009-08-19,169.75
2009-08-24,169.75
2009-08-25,169.75
2009-08-26,172.0
2009-08-27,170.95
2009-08-28,170.0
2009-08-31,170.0
2009-09-01,162.3
2009-09-02,169.8
2009-09-03,162.3
2009-09-04,167.0
2009-09-07,167.0
2009-09-08,165.8
2009-09-09,155.9
2009-09-10,159.0
2009-09-11,156.0
2009-09-14,157.95
2009-09-15,155.0
2009-09-16,159.0
2009-09-17,160.0
2009-09-18,159.35
2009-09-23,159.25
2009-09-24,160.0
2009-09-25,155.2
2009-09-28,152.0
2009-09-29,148.5
2009-09-30,139.6
2009-10-01,131.3
2009-10-02,125.95
2009-10-05,120.0
2009-10-06,122.4
2009-10-07,129.7
2009-10-08,137.45
2009-10-09,145.65
2009-10-12,154.35
2009-10-13,159.0
2009-10-14,149.5
2009-10-15,155.95
2009-10-16,156.0
2009-10-19,155.0
2009-10-20,150.0
2009-10-21,149.9
2009-10-22,145.0
2009-10-23,147.5
2009-10-26,138.7
2009-10-27,138.55
2009-10-28,142.25
2009-10-29,141.0
2009-10-30,134.05
2009-11-02,142.0
2009-11-03,143.7
2009-11-04,136.2
2009-11-05,135.05
2009-11-09,137.95
2009-11-10,136.5
2009-11-11,135.0
2009-11-12,135.0
2009-11-13,137.25
2009-11-16,137.25
2009-11-17,137.0
2009-11-19,136.9
2009-11-20,137.25
2009-11-23,137.0
2009-11-24,137.0
2009-11-25,133.0
2009-11-26,136.5
2009-11-27,132.1
2009-11-30,132.1
2009-12-01,130.0
2009-12-02,135.9
2009-12-03,135.9
2009-12-04,135.9
2009-12-07,134.0
2009-12-08,134.0
2009-12-09,132.5
2009-12-10,134.0
2009-12-11,134.5
2009-12-14,130.0
2009-12-15,133.0
2009-12-16,128.3
2009-12-17,129.9
2009-12-21,129.0
2009-12-22,128.5
2009-12-23,129.9
2009-12-24,130.0
2009-12-25,130.0
2009-12-28,131.0
2009-12-29,128.0
2009-12-30,128.0
2009-12-31,125.05
2010-01-04,129.7
2010-01-05,127.0
2010-01-06,124.1
2010-01-07,125.0
2010-01-08,125.0
2010-01-12,130.05
2010-01-13,130.05
2010-01-14,129.4
2010-01-15,129.5
2010-01-18,129.0
2010-01-19,131.0
2010-01-20,138.85
2010-01-21,147.15
2010-01-22,145.05
2010-01-25,143.8
2010-01-26,140.0
2010-01-27,140.0
2010-01-28,137.75
2010-01-29,140.0
2010-02-01,141.5
2010-02-02,140.95
2010-02-03,140.95
2010-02-04,139.0
2010-02-05,139.0
2010-02-08,136.5
2010-02-09,138.0
2010-02-10,138.0
2010-02-11,138.0
2010-02-12,138.85
2010-02-15,138.75
2010-02-16,137.0
2010-02-17,138.0
2010-02-18,135.0
2010-02-19,138.0
2010-02-22,138.0
2010-02-23,137.5
2010-02-24,136.0
2010-02-25,136.25
2010-02-26,136.25
2010-03-01,136.0
2010-03-02,135.95
2010-03-03,134.0
2010-03-04,135.0
2010-03-05,135.0
2010-03-08,134.8
2010-03-09,134.8
2010-03-10,134.8
2010-03-11,134.8
2010-03-12,134.55
2010-03-15,134.0
2010-03-16,127.0
2010-03-17,129.95
2010-03-18,130.0
2010-03-19,130.0
2010-03-22,129.95
2010-03-23,130.0
2010-03-24,134.75
2010-03-25,133.8
2010-03-26,133.5
2010-03-29,137.0
2010-03-30,138.0
2010-03-31,129.75
2010-04-01,134.4
2010-04-02,133.8
2010-04-05,133.5
2010-04-06,132.0
2010-04-07,130.0
2010-04-08,128.5
2010-04-09,133.0
2010-04-12,131.0
2010-04-13,129.0
2010-04-14,128.05
2010-04-15,130.0
2010-04-16,130.0
2010-04-19,127.05
2010-04-20,129.0
2010-04-21,130.0
2010-04-22,129.9
2010-04-23,129.9
2010-04-26,129.5
2010-04-27,129.9
2010-04-28,130.0
2010-04-29,128.0
2010-04-30,128.0
2010-05-03,128.0
2010-05-04,129.6
2010-05-05,129.5
2010-05-06,125.0
2010-05-07,129.0
2010-05-10,129.0
2010-05-11,129.0
2010-05-12,129.3
2010-05-13,128.0
2010-05-14,129.7
2010-05-17,128.9
2010-05-18,123.05
2010-05-19,122.1
2010-05-20,122.0
2010-05-21,126.3
2010-05-24,123.0
2010-05-25,123.0
2010-05-26,122.0
2010-05-27,122.0
2010-05-28,122.0
2010-05-31,120.6
2010-06-01,125.5
2010-06-02,122.0
2010-06-03,121.5
2010-06-04,123.0
2010-06-07,121.1
2010-06-08,120.5
2010-06-09,123.95
2010-06-10,122.0
2010-06-11,123.0
2010-06-14,119.6
2010-06-15,121.5
2010-06-16,120.1
2010-06-17,120.1
2010-06-18,119.0
2010-06-21,120.0
2010-06-22,122.0
2010-06-23,122.0
2010-06-24,122.45
2010-06-25,124.6
2010-06-28,118.2
2010-06-29,116.0
2010-06-30,119.75
2010-07-01,119.75
2010-07-02,119.75
2010-07-05,115.3
2010-07-06,118.85
2010-07-07,122.0
2010-07-08,122.0
2010-07-09,122.0
2010-07-12,122.0
2010-07-13,122.0
2010-07-14,122.0
2010-07-15,115.1
2010-07-16,119.95
2010-07-19,118.95
2010-07-20,118.0
2010-07-21,111.0
2010-07-22,106.35
2010-07-23,110.8
2010-07-26,106.05
2010-07-27,109.95
2010-07-28,112.9
2010-07-29,112.9
2010-08-02,106.15
2010-08-03,105.0
2010-08-04,105.95
2010-08-05,102.0
2010-08-06,107.15
2010-08-09,103.75
2010-08-10,97.54
2010-08-11,91.7
2010-08-12,86.2
2010-08-13,81.04
2010-08-16,85.9
2010-08-17,91.04
2010-08-18,96.5
2010-08-19,99.0
2010-08-23,97.0
2010-08-24,95.6
2010-08-25,94.48
2010-08-26,94.5
2010-08-27,95.6
2010-08-30,94.8
2010-08-31,95.4
2010-09-02,89.68
2010-09-03,90.0
2010-09-06,90.48
2010-09-07,85.4
2010-09-08,85.88
2010-09-09,88.86
2010-09-13,87.48
2010-09-14,84.0
2010-09-15,82.84
2010-09-16,82.0
2010-09-17,85.88
2010-09-20,91.02
2010-09-21,91.02
2010-09-22,89.28
2010-09-23,86.64
2010-09-24,88.0
2010-09-27,87.76
2010-09-28,87.76
2010-09-29,85.0
2010-09-30,85.0
2010-10-01,82.0
2010-10-04,82.0
2010-10-05,84.78
2010-10-06,86.6
2010-10-07,89.76
2010-10-08,89.76
2010-10-11,89.3
2010-10-12,89.3
2010-10-13,88.0
2010-10-14,92.0
2010-10-15,92.0
2010-10-18,92.0
2010-10-19,92.0
2010-10-20,92.0
2010-10-21,92.0
2010-10-22,92.0
2010-10-25,92.0
2010-10-26,92.0
2010-10-27,92.0
2010-10-28,92.0
2010-10-29,92.0
2010-11-01,92.0
2010-11-02,92.0
2010-11-03,92.0
2010-11-04,92.0
2010-11-05,92.0
2010-11-08,92.0
2010-11-09,92.0
2010-11-10,92.0
2010-11-11,92.0
2010-11-12,92.0
2010-11-15,92.0
2010-11-16,92.0
2010-11-19,92.0
2010-11-22,92.0
2010-11-23,92.0
2010-11-24,92.0
2010-11-25,92.0
2010-11-26,92.0
2010-11-29,92.0
2010-11-30,92.0
2010-12-01,92.0
2010-12-02,92.0
2010-12-03,92.0
2010-12-08,92.0
2010-12-09,92.0
2010-12-10,92.0
2010-12-13,92.0
2010-12-14,92.0
2010-12-15,92.0
2010-12-16,92.0
2010-12-17,92.0
2010-12-20,92.0
2010-12-21,92.0
2010-12-22,92.0
2010-12-23,92.0
2010-12-24,92.0
2010-12-27,92.0
2010-12-28,92.0
2010-12-29,97.52
2010-12-30,103.35
2010-12-31,109.55
2011-01-03,105.0
2011-01-04,101.0
2011-01-05,100.95
2011-01-06,98.6
2011-01-07,100.0
2011-01-10,97.5
2011-01-12,98.56
2011-01-13,97.72
2011-01-14,93.0
2011-01-17,92.58
2011-01-18,95.94
2011-01-19,91.02
2011-01-20,93.0
2011-01-21,87.42
2011-01-24,88.02
2011-01-25,90.88
2011-01-26,89.98
2011-01-27,88.54
2011-01-28,87.1
2011-01-31,82.06
2011-02-01,83.98
2011-02-02,89.0
2011-02-03,94.34
2011-02-04,89.0
2011-02-07,88.0
2011-02-08,89.98
2011-02-09,88.02
2011-02-10,90.0
2011-02-11,90.0
2011-02-14,85.0
2011-02-15,87.78
2011-02-18,87.98
2011-02-21,83.0
2011-02-22,81.44
2011-02-23,78.02
2011-02-24,78.52
2011-02-25,78.3
2011-02-28,77.32
2011-03-01,78.0
2011-03-02,80.0
2011-03-03,80.0
2011-03-04,80.0
2011-03-07,77.04
2011-03-08,76.08
2011-03-09,75.02
2011-03-10,73.18
2011-03-11,73.32
2011-03-14,71.52
2011-03-15,73.96
2011-03-16,73.98
2011-03-17,73.12
2011-03-18,72.96
2011-03-21,68.62
2011-03-22,67.02
2011-03-23,63.02
2011-03-24,63.0
2011-03-25,66.24
2011-03-28,68.06
2011-03-29,67.3
2011-03-30,63.28
2011-03-31,67.0
2011-04-01,63.6
2011-04-04,61.0
2011-04-05,64.0
2011-04-06,65.86
2011-04-07,62.7
2011-04-08,65.2
2011-04-11,65.0
2011-04-12,65.34
2011-04-13,65.34
2011-04-14,64.5
2011-04-15,64.5
2011-04-18,62.0
2011-04-19,63.22
2011-04-20,61.02
2011-04-21,62.0
2011-04-22,64.68
2011-04-25,67.32
2011-04-26,67.28
2011-04-27,67.22
2011-04-28,63.2
2011-04-29,62.04
2011-05-02,64.5
2011-05-03,67.42
2011-05-04,64.0
2011-05-05,65.86
2011-05-06,66.7
2011-05-09,66.0
2011-05-10,63.0
2011-05-11,65.5
2011-05-12,64.3
2011-05-13,66.92
2011-05-16,65.0
2011-05-17,63.9
2011-05-18,63.9
2011-05-19,65.28
2011-05-20,64.88
2011-05-23,62.08
2011-05-24,63.86
2011-05-25,63.38
2011-05-26,62.96
2011-05-27,66.22
2011-05-30,63.5
2011-05-31,62.04
2011-06-01,63.94
2011-06-02,63.94
2011-06-03,63.0
2011-06-06,63.0
2011-06-07,62.9
2011-06-08,62.9
2011-06-09,62.0
2011-06-10,60.0
2011-06-13,62.36
2011-06-14,62.2
2011-06-15,62.2
2011-06-16,60.0
2011-06-17,61.8
2011-06-20,61.78
2011-06-21,61.78
2011-06-22,58.1
2011-06-23,60.84
2011-06-24,61.62
2011-06-27,60.68
2011-06-28,59.0
2011-06-29,57.5
2011-06-30,55.0
2011-07-01,54.0
2011-07-04,53.7
2011-07-05,53.98
2011-07-06,53.0
2011-07-07,51.1
2011-07-08,52.98
2011-07-11,54.0
2011-07-12,53.5
2011-07-13,53.0
2011-07-14,53.0
2011-07-15,54.0
2011-07-18,54.2
2011-07-19,53.6
2011-07-20,53.5
2011-07-21,53.5
2011-07-22,53.5
2011-07-25,51.22
2011-07-26,50.78
2011-07-27,50.78
2011-07-28,50.78
2011-07-29,50.0
2011-08-01,50.96
2011-08-02,50.82
2011-08-03,50.82
2011-08-04,49.98
2011-08-05,50.0
2011-08-08,49.98
2011-08-09,47.0
2011-08-10,44.24
2011-08-11,41.6
2011-08-12,41.6
2011-08-15,44.0
2011-08-16,44.5
2011-08-17,44.5
2011-08-18,42.4
2011-08-19,40.0
2011-08-22,41.96
2011-08-23,41.96
2011-08-24,40.96
2011-08-25,41.0
2011-08-26,41.0
2011-08-29,41.0
2011-08-30,41.9
2011-09-02,42.4
2011-09-05,42.38
2011-09-06,42.06
2011-09-07,39.72
2011-09-08,42.1
2011-09-09,44.0
2011-09-12,46.48
2011-09-13,48.38
2011-09-14,48.38
2011-09-15,48.38
2011-09-16,45.48
2011-09-19,42.76
2011-09-20,40.2
2011-09-21,40.04
2011-09-22,41.46
2011-09-23,39.0
2011-09-26,39.96
2011-09-27,39.44
2011-09-28,39.4
2011-09-29,39.02
2011-09-30,38.0
2011-10-03,38.0
2011-10-04,38.62
2011-10-05,38.62
2011-10-06,38.12
2011-10-07,37.9
2011-10-10,36.98
2011-10-11,36.76
2011-10-12,36.0
2011-10-13,36.0
2011-10-14,35.9
2011-10-17,34.62
2011-10-18,35.02
2011-10-19,35.6
2011-10-20,35.28
2011-10-21,35.7
2011-10-24,35.72
2011-10-25,37.28
2011-10-26,37.82
2011-10-27,38.5
2011-10-28,38.38
2011-10-31,36.52
2011-11-01,36.58
2011-11-02,36.0
2011-11-03,38.0
2011-11-04,38.0
2011-11-09,38.0
2011-11-10,37.0
2011-11-11,37.0
2011-11-14,38.76
2011-11-15,38.68
2011-11-16,38.0
2011-11-17,38.0
2011-11-21,37.96
2011-11-22,36.08
2011-11-23,36.98
2011-11-24,36.98
2011-11-25,36.88
2011-11-28,36.9
2011-11-29,36.86
2011-11-30,36.86
2011-12-01,36.7
2011-12-02,35.0
2011-12-05,35.0
2011-12-06,35.0
2011-12-07,34.0
2011-12-08,34.0
2011-12-09,34.4
2011-12-12,33.0
2011-12-13,34.0
2011-12-14,35.22
2011-12-15,35.22
2011-12-16,34.22
2011-12-19,33.0
2011-12-20,31.02
2011-12-21,31.9
2011-12-22,31.5
2011-12-23,31.0
2011-12-26,32.8
2011-12-27,34.5
2011-12-28,34.5
2011-12-29,34.0
2011-12-30,33.5
2012-01-02,33.5
2012-01-03,33.5
2012-01-04,32.0
2012-01-05,33.18
2012-01-06,35.0
2012-01-09,35.0
2012-01-10,36.9
2012-01-12,39.0
2012-01-13,38.8
2012-01-16,41.12
2012-01-17,43.5
2012-01-18,46.1
2012-01-19,46.1
2012-01-20,46.1
2012-01-23,46.1
2012-01-24,48.86
2012-01-25,51.78
2012-01-26,54.88
2012-01-27,58.16
2012-01-30,61.64
2012-01-31,65.32
2012-02-01,69.22
2012-02-02,73.36
2012-02-03,77.76
2012-02-07,82.42
2012-02-08,87.36
2012-02-09,92.6
2012-02-10,98.14
2012-02-13,92.26
2012-02-14,86.74
2012-02-15,81.54
2012-02-16,76.66
2012-02-17,72.08
2012-02-20,76.4
2012-02-21,76.42
2012-02-22,78.0
2012-02-23,73.32
2012-02-24,74.5
2012-02-27,74.48
2012-02-28,73.8
2012-02-29,69.38
2012-03-01,65.22
2012-03-02,67.68
2012-03-05,66.92
2012-03-06,67.34
2012-03-07,70.0
2012-03-08,65.8
2012-03-09,68.32
2012-03-12,68.32
2012-03-13,67.94
2012-03-14,67.94
2012-03-15,66.98
2012-03-16,66.9
2012-03-19,65.98
2012-03-20,64.0
2012-03-21,64.0
2012-03-22,64.5
2012-03-23,65.0
2012-03-26,64.38
2012-03-27,60.52
2012-03-28,61.0
2012-03-29,61.0
2012-03-30,61.0
2012-04-02,61.96
2012-04-03,61.66
2012-04-04,61.66
2012-04-05,65.34
2012-04-06,69.26
2012-04-09,71.8
2012-04-10,67.5
2012-04-11,63.46
2012-04-12,66.76
2012-04-13,62.82
2012-04-16,66.0
2012-04-17,66.0
2012-04-18,68.92
2012-04-19,68.7
2012-04-20,68.7
2012-04-23,68.7
2012-04-24,68.7
2012-04-25,68.7
2012-04-26,64.58
2012-04-27,63.98
2012-04-30,62.0
2012-05-02,63.04
2012-05-03,63.0
2012-05-04,62.88
2012-05-07,62.88
2012-05-08,59.12
2012-05-09,57.0
2012-05-10,58.98
2012-05-11,60.0
2012-05-14,62.0
2012-05-15,60.0
2012-05-16,57.98
2012-05-17,57.9
2012-05-18,59.24
2012-05-21,59.24
2012-05-22,58.98
2012-05-23,58.88
2012-05-24,58.48
2012-05-25,58.48
2012-05-28,58.48
2012-05-29,58.48
2012-05-30,55.0
2012-05-31,58.0
2012-06-01,59.98
2012-06-04,59.9
2012-06-05,59.7
2012-06-06,59.7
2012-06-07,59.4
2012-06-08,61.0
2012-06-11,61.0
2012-06-12,61.0
2012-06-13,61.0
2012-06-14,58.98
2012-06-15,58.98
2012-06-18,58.98
2012-06-19,58.98
2012-06-20,58.94
2012-06-21,58.28
2012-06-22,55.42
2012-06-25,54.6
2012-06-26,57.86
2012-06-27,57.86
2012-06-28,54.4
2012-06-29,56.78
2012-07-02,56.78
2012-07-03,53.38
2012-07-04,53.38
2012-07-05,56.0
2012-07-06,56.0
2012-07-09,54.0
2012-07-10,53.74
2012-07-11,50.52
2012-07-12,50.52
2012-07-13,50.52
2012-07-16,50.52
2012-07-17,50.52
2012-07-18,50.52
2012-07-19,50.8
2012-07-20,50.7
2012-07-23,50.7
2012-07-24,50.68
2012-07-25,52.8
2012-07-26,54.0
2012-07-27,55.7
2012-07-31,57.98
2012-08-01,57.98
2012-08-02,60.9
2012-08-03,63.98
2012-08-06,63.68
2012-08-07,59.86
2012-08-08,56.28
2012-08-09,59.62
2012-08-10,59.98
2012-08-13,59.98
2012-08-15,59.98
2012-08-16,62.0
2012-08-17,62.0
2012-08-22,62.0
2012-08-23,60.58
2012-08-24,60.5
2012-08-27,59.98
2012-08-28,60.12
2012-08-29,60.12
2012-08-30,60.12
2012-08-31,56.52
2012-09-03,58.88
2012-09-04,58.84
2012-09-05,57.8
2012-09-06,59.94
2012-09-07,59.94
2012-09-10,59.94
2012-09-11,59.94
2012-09-12,59.94
2012-09-13,59.94
2012-09-14,59.94
2012-09-17,59.94
2012-09-18,59.94
2012-09-19,59.94
2012-09-20,59.94
2012-09-21,59.94
2012-09-24,59.94
2012-09-25,59.94
2012-09-26,59.94
2012-09-27,59.94
2012-09-28,59.94
2012-10-01,59.94
2012-10-02,59.94
2012-10-03,59.94
2012-10-04,59.94
2012-10-05,59.94
2012-10-08,59.94
2012-10-09,56.36
2012-10-10,53.0
2012-10-11,49.82
2012-10-12,46.84
2012-10-15,44.04
2012-10-16,41.4
2012-10-17,38.92
2012-10-18,36.6
2012-10-19,38.78
2012-10-22,41.1
2012-10-23,43.56
2012-10-24,46.16
2012-10-25,48.92
2012-10-29,51.84
2012-10-30,54.7
2012-10-31,51.44
2012-11-01,48.36
2012-11-02,49.98
2012-11-05,50.98
2012-11-07,49.4
2012-11-08,49.4
2012-11-09,51.0
2012-11-12,49.9
2012-11-13,49.5
2012-11-14,49.5
2012-11-15,49.0
2012-11-19,48.92
2012-11-20,48.92
2012-11-21,46.0
2012-11-22,47.0
2012-11-23,46.9
2012-11-26,47.3
2012-11-27,47.9
2012-11-28,47.9
2012-11-29,47.9
2012-11-30,47.48
2012-12-03,48.88
2012-12-04,48.78
2012-12-05,48.78
2012-12-06,48.78
2012-12-07,47.96
2012-12-10,47.96
2012-12-11,45.1
2012-12-12,46.8
2012-12-13,46.8
2012-12-14,46.8
2012-12-17,46.8
2012-12-18,44.1
2012-12-19,46.74
2012-12-20,46.7
2012-12-21,46.78
2012-12-24,46.6
2012-12-25,43.82
2012-12-26,45.9
2012-12-27,44.7
2012-12-28,42.02
2012-12-31,44.54
2013-01-02,47.2
2013-01-03,50.0
2013-01-04,50.0
2013-01-07,53.0
2013-01-08,53.98
2013-01-09,55.0
2013-01-10,55.0
2013-01-14,55.0
2013-01-15,55.0
2013-01-16,55.0
2013-01-17,55.0
2013-01-18,55.0
2013-01-21,55.0
2013-01-22,55.0
2013-01-23,55.0
2013-01-28,55.0
2013-01-29,55.0
2013-01-30,55.0
2013-01-31,55.0
2013-02-01,55.0
2013-02-04,55.0
2013-02-05,55.0
2013-02-06,55.0
2013-02-07,55.0
2013-02-08,55.0
2013-02-11,55.0
2013-02-12,55.0
2013-02-13,55.0
2013-02-14,55.0
2013-02-15,55.0
2013-02-18,55.0
2013-02-19,55.0
2013-02-20,55.0
2013-02-21,55.0
2013-02-22,55.0
2013-02-25,51.7
2013-02-26,46.53
2013-02-27,41.88
2013-02-28,37.7
2013-03-01,40.0
2013-03-04,40.0
2013-03-05,40.0
2013-03-06,40.0
2013-03-07,40.0
2013-03-08,40.0
2013-03-11,36.0
2013-03-12,32.4
2013-03-13,29.16
2013-03-14,26.25
2013-03-15,26.25
2013-03-18,26.25
2013-03-19,26.25
2013-03-20,26.25
2013-03-21,26.25
2013-03-22,26.25
2013-03-25,26.25
2013-03-26,26.25
2013-03-27,26.25
2013-03-28,26.25
2013-03-29,26.25
2013-04-01,26.25
2013-04-02,26.25
2013-04-03,26.25
2013-04-04,26.25
2013-04-05,26.25
2013-04-08,26.25
2013-04-09,26.25
2013-04-10,26.25
2013-04-11,26.25
2013-04-12,26.25
2013-04-15,26.25
2013-04-16,26.25
2013-04-17,26.25
2013-04-18,26.25
2013-04-19,26.25
2013-04-22,26.25
2013-04-23,26.25
2013-04-24,26.25
2013-04-25,26.25
2013-04-26,26.25
2013-04-29,26.25
2013-04-30,26.25
2013-05-02,26.25
2013-05-03,26.25
2013-05-06,26.25
2013-05-07,26.25
2013-05-08,26.25
2013-05-09,26.25
2013-05-10,26.25
2013-05-13,26.25
2013-05-14,26.25
2013-05-15,26.25
2013-05-16,26.25
2013-05-17,26.25
2013-05-20,26.25
2013-05-21,26.25
2013-05-22,26.25
2013-05-23,26.25
2013-05-24,26.25
2013-05-27,26.25
2013-05-28,26.25
2013-05-29,26.25
2013-05-30,26.25
2013-05-31,26.25
2013-06-03,26.25
2013-06-04,26.25
2013-06-05,26.25
2013-06-06,26.25
2013-06-07,26.25
2013-06-10,26.25
2013-06-11,26.25
2013-06-12,26.25
2013-06-13,26.25
2013-06-14,26.25
2013-06-17,26.25
2013-06-18,26.25
2013-06-19,26.25
2013-06-20,26.25
2013-06-21,26.25
2013-06-24,26.25
2013-06-25,26.25
2013-06-26,26.25
2013-06-27,26.25
2013-06-28,26.25
2013-07-01,26.25
2013-07-02,26.25
2013-07-03,26.25
2013-07-04,26.25
2013-07-05,26.25
2013-07-08,26.25
2013-07-09,26.25
2013-07-10,26.25
2013-07-11,26.25
2013-07-12,26.25
2013-07-15,26.25
2013-07-16,26.25
2013-07-17,26.25
2013-07-18,26.25
2013-07-19,26.25
2013-07-22,26.25
2013-07-23,26.25
2013-07-24,26.25
2013-07-25,26.25
2013-07-26,26.25
2013-07-29,26.25
2013-07-31,26.25
2013-08-01,26.25
2013-08-02,26.25
2013-08-05,26.25
2013-08-06,26.25
2013-08-08,26.25
2013-08-13,26.25
2013-08-15,26.25
2013-08-16,26.25
2013-08-19,26.25
2013-08-22,26.25
2013-08-23,26.25
2013-08-26,26.25
2013-08-27,26.25
2013-08-28,26.25
2013-08-29,26.25
2013-08-30,26.25
2013-09-02,26.25
2013-09-03,26.25
2013-09-04,26.25
2013-09-05,26.25
2013-09-06,26.25
2013-09-09,26.25
2013-09-10,26.25
2013-09-11,26.25
2013-09-12,26.25
2013-09-13,26.25
2013-09-16,26.25
2013-09-17,26.25
2013-09-18,26.25
2013-09-19,26.25
2013-09-20,26.25
2013-09-23,26.25
2013-09-24,26.25
2013-09-25,26.25
2013-09-26,26.25
2013-09-27,26.25
2013-09-30,26.25
2013-10-01,26.25
2013-10-02,26.25
2013-10-03,26.25
2013-10-04,26.25
2013-10-07,26.25
2013-10-08,26.25
2013-10-09,26.25
2013-10-10,26.25
2013-10-11,26.25
2013-10-14,26.25
2013-10-15,26.25
2013-10-21,26.25
2013-10-22,26.25
2013-10-23,26.25
2013-10-24,26.25
2013-10-25,26.25
2013-10-28,26.25
2013-10-29,26.25
2013-10-30,26.25
2013-10-31,26.25
2013-11-01,26.25
2013-11-07,26.25
2013-11-08,26.25
2013-11-11,26.25
2013-11-12,26.25
2013-11-13,26.25
2013-11-14,26.25
2013-11-15,26.25
2013-11-19,26.25
2013-11-20,26.25
2013-11-21,26.25
2013-11-22,26.25
2013-11-25,26.25
2013-11-26,26.25
2013-11-27,26.25
2013-11-28,26.25
2013-11-29,26.25
2013-12-02,26.25
2013-12-03,26.25
2013-12-04,26.25
2013-12-05,26.25
2013-12-06,26.25
2013-12-09,26.25
2013-12-10,26.25
2013-12-11,26.25
2013-12-12,26.25
2013-12-13,26.25
2013-12-16,26.25
2013-12-17,26.25
2013-12-18,26.25
2013-12-19,26.25
2013-12-20,26.25
2013-12-23,26.25
2013-12-24,26.25
2013-12-25,26.25
2013-12-26,26.25
2013-12-27,26.25
2013-12-30,26.25
2013-12-31,26.25
2014-01-02,26.25
2014-01-03,26.25
2014-01-06,26.25
2014-01-07,26.25
2014-01-08,26.25
2014-01-09,26.25
2014-01-10,26.25
2014-01-13,26.25
2014-01-16,26.25
2014-01-17,26.25
2014-01-20,26.25
2014-01-21,26.25
2014-01-22,26.25
2014-01-23,26.25
2014-01-24,26.25
2014-01-27,26.25
2014-01-28,26.25
2014-01-29,26.25
2014-01-30,26.25
2014-01-31,26.25
2014-02-03,26.25
2014-02-04,26.25
2014-02-05,26.25
2014-02-06,26.25
2014-02-07,26.25
2014-02-10,26.25
2014-02-11,26.25
2014-02-12,26.25
2014-02-13,26.25
2014-02-14,26.25
2014-02-17,26.25
2014-02-18,26.25
2014-02-19,26.25
2014-02-20,26.25
2014-02-21,26.25
2014-02-24,26.25
2014-02-25,26.25
2014-02-26,26.25
2014-02-27,26.25
2014-02-28,26.25
2014-03-03,26.25
2014-03-04,26.25
2014-03-05,26.25
2014-03-06,26.25
2014-03-07,26.25
2014-03-10,26.25
2014-03-11,26.25
2014-03-12,26.25
2014-03-13,26.25
2014-03-14,26.25
2014-03-17,26.25
2014-03-18,26.25
2014-03-19,26.25
2014-03-20,26.25
2014-03-21,26.25
2014-03-24,26.25
2014-03-25,26.25
2014-03-26,26.25
2014-03-27,26.25
2014-03-28,26.25
2014-03-31,26.25
2014-04-01,26.25
2014-04-02,26.25
2014-04-03,26.25
2014-04-04,26.25
2014-04-07,26.25
2014-04-08,26.25
2014-04-09,26.25
2014-04-10,26.25
2014-04-11,26.25
2014-04-14,26.25
2014-04-15,26.25
2014-04-16,26.25
2014-04-17,26.25
2014-04-18,26.25
2014-04-21,26.25
2014-04-22,26.25
2014-04-23,26.25
2014-04-24,26.25
2014-04-25,26.25
2014-04-28,26.25
2014-04-29,26.25
2014-04-30,26.25
2014-05-02,26.25
2014-05-05,26.25
2014-05-06,26.25
2014-05-07,26.25
2014-05-08,26.25
2014-05-09,26.25
2014-05-12,26.25
2014-05-13,26.25
2014-05-14,26.25
2014-05-15,26.25
2014-05-16,26.25
2014-05-19,26.25
2014-05-20,26.25
2014-05-21,26.25
2014-05-22,26.25
2014-05-23,26.25
2014-05-26,26.25
2014-05-27,26.25
2014-05-28,26.25
2014-05-29,26.25
2014-05-30,26.25
2014-06-02,26.25
2014-06-03,26.25
2014-06-04,26.25
2014-06-05,26.25
2014-06-06,26.25
2014-06-09,26.25
2014-06-10,26.25
2014-06-11,26.25
2014-06-12,26.25
2014-06-13,26.25
2014-06-16,26.25
2014-06-17,26.25
2014-06-18,26.25
2014-06-19,26.25
2014-06-20,26.25
2014-06-23,26.25
2014-06-24,26.25
2014-06-25,26.25
2014-06-26,26.25
2014-06-27,26.25
2014-06-30,26.25
2014-07-01,26.25
2014-07-02,26.25
2014-07-03,26.25
2014-07-04,26.25
2014-07-07,26.25
2014-07-08,26.25
2014-07-09,26.25
2014-07-10,26.25
2014-07-11,26.25
2014-07-14,26.25
2014-07-15,26.25
2014-07-16,26.25
2014-07-17,26.25
2014-07-18,26.25
2014-07-21,26.25
2014-07-22,26.25
2014-07-23,26.25
2014-07-24,26.25
2014-07-25,26.25
2014-07-31,26.25
2014-08-01,26.25
2014-08-04,26.25
2014-08-05,26.25
2014-08-06,26.25
2014-08-07,26.25
2014-08-08,26.25
2014-08-11,26.25
2014-08-12,26.25
2014-08-13,26.25
2014-08-15,26.25
2014-08-18,26.25
2014-08-19,26.25
2014-08-22,26.25
2014-08-25,26.25
2014-08-26,26.25
2014-08-27,26.25
2014-08-28,26.25
2014-08-29,26.25
2014-09-01,26.25
2014-09-02,26.25
2014-09-03,26.25
2014-09-04,26.25
2014-09-05,26.25
2014-09-08,26.25
2014-09-09,26.25
2014-09-10,26.25
2014-09-11,26.25
2014-09-12,26.25
2014-09-15,26.25
2014-09-16,26.25
2014-09-17,26.25
2014-09-18,26.25
2014-09-19,26.25
2014-09-22,26.25
2014-09-23,26.25
2014-09-24,26.25
2014-09-25,26.25
2014-09-26,26.25
2014-09-29,26.25
2014-09-30,26.25
2014-10-01,26.25
2014-10-02,26.25
2014-10-03,26.25
2014-10-07,26.25
2014-10-08,26.25
2014-10-09,26.25
2014-10-10,26.25
2014-10-13,26.25
2014-10-14,26.25
2014-10-15,26.25
2014-10-16,26.25
2014-10-17,26.25
2014-10-20,26.25
2014-10-21,26.25
2014-10-22,26.25
2014-10-23,26.25
2014-10-24,26.25
2014-10-27,26.25
2014-10-28,26.25
2014-10-29,26.25
2014-10-30,26.25
2014-10-31,26.25
2014-11-03,26.25
2014-11-04,26.25
2014-11-05,26.25
2014-11-07,26.25
2014-11-10,26.25
2014-11-11,26.25
2014-11-12,26.25
2014-11-13,26.25
2014-11-14,26.25
2014-11-17,26.25
2014-11-19,26.25
2014-11-20,26.25
2014-11-21,26.25
2014-11-24,26.25
2014-11-25,26.25
2014-11-26,26.25
2014-11-27,26.25
2014-11-28,26.25
2014-12-01,26.25
2014-12-02,26.25
2014-12-03,26.25
2014-12-04,26.25
2014-12-05,26.25
2014-12-08,26.25
2014-12-09,26.25
2014-12-10,26.25
2014-12-11,26.25
2014-12-12,26.25
2014-12-15,26.25
2014-12-16,26.25
2014-12-17,26.25
2014-12-18,26.25
2014-12-19,26.25
2014-12-22,26.25
2014-12-23,26.25
2014-12-24,26.25
2014-12-25,26.25
2014-12-26,26.25
2014-12-29,26.25
2014-12-30,26.25
2014-12-31,26.25
2015-01-02,26.25
2015-01-06,26.25
2015-01-07,26.25
2015-01-08,26.25
2015-01-09,26.25
2015-01-12,26.25
2015-01-13,26.25
2015-01-14,26.25
2015-01-15,26.25
2015-01-16,26.25
2015-01-19,26.25
2015-01-20,26.25
2015-01-21,26.25
2015-01-22,26.25
2015-01-23,26.25
2015-01-26,26.25
2015-01-27,26.25
2015-01-28,26.25
2015-01-29,26.25
2015-01-30,26.25
2015-02-02,26.25
2015-02-03,26.25
2015-02-04,26.25
2015-02-05,26.25
2015-02-06,26.25
2015-02-09,26.25
2015-02-10,26.25
2015-02-11,26.25
2015-02-12,26.25
2015-02-13,26.25
2015-02-16,26.25
2015-02-17,26.25
2015-02-18,26.25
2015-02-19,26.25
2015-02-20,26.25
2015-02-23,26.25
2015-02-24,26.25
2015-02-25,26.25
2015-02-26,26.25
2015-02-27,26.25
2015-03-02,26.25
2015-03-03,26.25
2015-03-04,26.25
2015-03-05,26.25
2015-03-06,26.25
2015-03-09,26.25
2015-03-10,26.25
2015-03-11,26.25
2015-03-12,26.25
2015-03-13,26.25
2015-03-16,26.25
2015-03-17,26.25
2015-03-18,26.25
2015-03-19,26.25
2015-03-20,26.25
2015-03-23,26.25
2015-03-24,26.25
2015-03-25,26.25
2015-03-26,26.25
2015-03-27,26.25
2015-03-30,26.25
2015-03-31,26.25
2015-04-01,26.25
2015-04-02,26.25
2015-04-03,26.25
2015-04-06,26.25
2015-04-07,26.25
2015-04-08,26.25
2015-04-09,26.25
2015-04-10,26.25
2015-04-13,26.25
2015-04-14,26.25
2015-04-15,26.25
2015-04-16,26.25
2015-04-17,26.25
2015-04-20,26.25
2015-04-21,26.25
2015-04-22,26.25
2015-04-23,26.25
2015-04-24,26.25
2015-04-27,26.25
2015-04-28,26.25
2015-04-29,26.25
2015-04-30,26.25
2015-05-04,26.25
2015-05-05,26.25
2015-05-06,26.25
2015-05-07,26.25
2015-05-08,26.25
2015-05-11,26.25
2015-05-12,26.25
2015-05-13,26.25
2015-05-14,26.25
2015-05-15,26.25
2015-05-18,26.25
2015-05-19,26.25
2015-05-20,26.25
2015-05-21,26.25
2015-05-22,26.25
2015-05-25,26.25
2015-05-26,26.25
2015-05-27,26.25
2015-05-28,26.25
2015-05-29,26.25
2015-06-01,26.25
2015-06-02,26.25
2015-06-03,26.25
2015-06-04,26.25
2015-06-05,26.25
2015-06-08,26.25
2015-06-09,26.25
2015-06-10,26.25
2015-06-11,26.25
2015-06-12,26.25
2015-06-15,26.25
2015-06-16,26.25
2015-06-17,26.25
2015-06-18,26.25
2015-06-19,26.25
2015-06-22,26.25
2015-06-23,26.25
2015-06-24,26.25
2015-06-25,26.25
2015-06-26,26.25
2015-06-29,26.25
2015-06-30,26.25
2015-07-01,26.25
2015-07-02,26.25
2015-07-03,26.25
2015-07-06,26.25
2015-07-07,26.25
2015-07-08,26.25
2015-07-09,26.25
2015-07-10,26.25
2015-07-13,26.25
2015-07-14,26.25
2015-07-15,26.25
2015-07-16,26.25
2015-07-20,26.25
2015-07-21,26.25
2015-07-22,26.25
2015-07-23,26.25
2015-07-24,26.25
2015-07-27,26.25
2015-07-28,26.25
2015-07-29,26.25
2015-07-31,26.25
2015-08-03,26.25
2015-08-04,26.25
2015-08-05,26.25
2015-08-06,26.25
2015-08-07,26.25
2015-08-10,26.25
2015-08-11,26.25
2015-08-12,26.25
2015-08-13,26.25
2015-08-17,26.25
2015-08-18,26.25
2015-08-19,26.25
2015-08-24,26.25
2015-08-25,26.25
2015-08-26,26.25
2015-08-27,26.25
2015-08-28,26.25
2015-08-31,26.25
2015-09-01,26.25
2015-09-02,26.25
2015-09-03,26.25
2015-09-04,26.25
2015-09-07,26.25
2015-09-08,26.25
2015-09-09,26.25
2015-09-10,26.25
2015-09-11,26.25
2015-09-14,26.25
2015-09-15,26.25
2015-09-16,26.25
2015-09-17,26.25
2015-09-18,26.25
2015-09-21,26.25
2015-09-22,26.25
2015-09-23,26.25
2015-09-28,26.25
2015-09-29,26.25
2015-09-30,26.25
2015-10-01,26.25
2015-10-02,26.25
2015-10-05,26.25
2015-10-06,26.25
2015-10-07,26.25
2015-10-08,26.25
2015-10-09,26.25
2015-10-12,26.25
2015-10-14,26.25
2015-10-16,26.25
2015-10-19,26.25
2015-10-20,26.25
2015-10-21,26.25
2015-10-22,26.25
2015-10-23,26.25
2015-10-26,26.25
2015-10-27,26.25
2015-10-28,26.25
2015-10-29,26.25
2015-10-30,26.25
2015-11-02,26.25
2015-11-03,26.25
2015-11-04,26.25
2015-11-05,26.25
2015-11-09,26.25
2015-11-10,26.25
2015-11-11,26.25
2015-11-12,26.25
2015-11-13,26.25
2015-11-16,26.25
2015-11-17,26.25
2015-11-19,26.25
2015-11-20,26.25
2015-11-23,26.25
2015-11-24,26.25
2015-11-25,26.25
2015-11-26,26.25
2015-11-27,26.25
2015-11-30,26.25
2015-12-01,26.25
2015-12-02,26.25
2015-12-03,26.25
2015-12-04,26.25
2015-12-07,26.25
2015-12-08,26.25
2015-12-09,26.25
2015-12-10,26.25
2015-12-11,26.25
2015-12-14,26.25
2015-12-15,26.25
2015-12-16,26.25
2015-12-17,26.25
2015-12-18,26.25
2015-12-21,26.25
2015-12-22,26.25
2015-12-23,26.25
2015-12-28,26.25
2015-12-29,26.25
2015-12-30,26.25
2015-12-31,26.25
2016-01-04,26.25
2016-01-05,26.25
2016-01-06,26.25
2016-01-07,26.25
2016-01-08,26.25
2016-01-12,26.25
2016-01-13,26.25
2016-01-14,26.25
2016-01-15,26.25
2016-01-18,26.25
2016-01-19,26.25
2016-01-20,26.25
2016-01-21,26.25
2016-01-22,26.25
2016-01-25,26.25
2016-01-26,26.25
2016-01-27,26.25
2016-01-28,26.25
2016-01-29,26.25
2016-02-01,26.25
2016-02-02,26.25
2016-02-03,26.25
2016-02-04,26.25
2016-02-05,26.25
2016-02-08,26.25
2016-02-09,26.25
2016-02-10,26.25
2016-02-11,26.25
2016-02-12,26.25
2016-02-15,26.25
2016-02-16,26.25
2016-02-17,26.25
2016-02-18,26.25
2016-02-19,26.25
2016-02-22,26.25
2016-02-23,26.25
2016-02-24,26.25
2016-02-25,26.25
2016-02-26,26.25
2016-02-29,26.25
2016-03-01,26.25
2016-03-02,26.25
2016-03-03,26.25
2016-03-04,26.25
2016-03-07,26.25
2016-03-08,26.25
2016-03-09,26.25
2016-03-10,26.25
2016-03-11,26.25
2016-03-14,26.25
2016-03-15,26.25
2016-03-16,26.25
2016-03-17,26.25
2016-03-18,26.25
2016-03-21,26.25
2016-03-22,26.25
2016-03-23,26.25
2016-03-24,26.25
2016-03-25,26.25
2016-03-28,26.25
2016-03-29,26.25
2016-03-30,26.25
2016-03-31,26.25
2016-04-01,26.25
2016-04-04,26.25
2016-04-05,26.25
2016-04-06,26.25
2016-04-07,26.25
2016-04-08,26.25
2016-04-11,26.25
2016-04-12,26.25
2016-04-13,26.25
2016-04-14,26.25
2016-04-15,26.25
2016-04-18,26.25
2016-04-19,26.25
2016-04-20,26.25
2016-04-21,26.25
2016-04-22,26.25
2016-04-25,26.25
2016-04-26,26.25
2016-04-27,26.25
2016-04-28,26.25
2016-04-29,26.25
2016-05-02,26.25
2016-05-03,26.25
2016-05-04,26.25
2016-05-05,26.25
2016-05-06,26.25
2016-05-09,26.25
2016-05-10,26.25
2016-05-11,26.25
2016-05-12,26.25
2016-05-13,26.25
2016-05-16,26.25
2016-05-17,26.25
2016-05-18,26.25
2016-05-19,26.25
2016-05-20,26.25
2016-05-23,26.25
2016-05-24,26.25
2016-05-25,26.25
2016-05-26,26.25
2016-05-27,26.25
2016-05-30,26.25
2016-05-31,26.25
2016-06-01,26.25
2016-06-02,26.25
2016-06-03,26.25
2016-06-06,26.25
2016-06-07,26.25
2016-06-08,26.25
2016-06-09,26.25
2016-06-10,26.25
2016-06-13,26.25
2016-06-14,26.25
2016-06-15,26.25
2016-06-16,26.25
2016-06-17,26.25
2016-06-20,26.25
2016-06-21,26.25
2016-06-22,26.25
2016-06-23,26.25
2016-06-24,26.25
2016-06-27,26.25
2016-06-28,26.25
2016-06-29,26.25
2016-06-30,26.25
2016-07-01,26.25
2016-07-04,26.25
2016-07-05,26.25
2016-07-11,26.25
2016-07-12,26.25
2016-07-13,26.25
2016-07-14,26.25
2016-07-15,26.25
2016-07-18,26.25
2016-07-19,26.25
2016-07-20,26.25
2016-07-21,26.25
2016-07-22,26.25
2016-07-25,26.25
2016-07-26,26.25
2016-07-27,26.25
2016-07-28,26.25
2016-07-29,26.25
