date,IAM
2004-12-15,79.9
2004-12-16,80.5
2004-12-17,81.24
2004-12-21,83.24
2004-12-22,86.0
2004-12-23,86.0
2004-12-24,82.9
2004-12-27,82.92
2004-12-28,82.8
2004-12-29,84.6
2004-12-30,85.2
2004-12-31,86.7
2005-01-03,87.3
2005-01-04,86.38
2005-01-05,86.78
2005-01-06,85.96
2005-01-07,85.0
2005-01-10,85.5
2005-01-12,85.0
2005-01-13,86.18
2005-01-14,86.02
2005-01-17,86.2
2005-01-18,86.5
2005-01-19,86.5
2005-01-20,86.7
2005-01-24,86.7
2005-01-25,86.18
2005-01-26,85.34
2005-01-27,85.66
2005-01-28,86.52
2005-01-31,86.32
2005-02-01,87.14
2005-02-02,87.48
2005-02-03,87.1
2005-02-04,86.0
2005-02-07,87.0
2005-02-08,86.2
2005-02-09,86.24
2005-02-11,86.1
2005-02-14,86.0
2005-02-15,85.2
2005-02-16,85.5
2005-02-17,85.98
2005-02-18,85.52
2005-02-21,86.04
2005-02-22,86.0
2005-02-23,85.5
2005-02-24,84.12
2005-02-25,84.32
2005-02-28,85.0
2005-03-01,85.52
2005-03-02,85.8
2005-03-03,85.26
2005-03-04,85.8
2005-03-07,84.9
2005-03-08,83.62
2005-03-09,82.16
2005-03-10,83.6
2005-03-11,84.5
2005-03-14,85.0
2005-03-15,85.0
2005-03-16,84.5
2005-03-17,84.8
2005-03-18,83.9
2005-03-21,84.6
2005-03-22,84.5
2005-03-23,84.0
2005-03-24,83.5
2005-03-25,84.6
2005-03-28,84.2
2005-03-29,83.74
2005-03-30,83.22
2005-03-31,83.06
2005-04-01,83.04
2005-04-04,83.0
2005-04-05,83.02
2005-04-06,83.06
2005-04-07,83.1
2005-04-08,84.0
2005-04-11,83.2
2005-04-12,83.26
2005-04-13,83.4
2005-04-14,83.5
2005-04-15,83.64
2005-04-18,83.24
2005-04-19,83.26
2005-04-20,83.6
2005-04-25,83.56
2005-04-26,83.4
2005-04-27,83.32
2005-04-28,83.58
2005-04-29,84.1
2005-05-02,85.5
2005-05-03,84.0
2005-05-04,81.0
2005-05-05,82.4
2005-05-06,83.24
2005-05-09,83.38
2005-05-10,84.34
2005-05-11,83.34
2005-05-12,83.0
2005-05-13,82.02
2005-05-16,81.54
2005-05-17,81.3
2005-05-18,82.3
2005-05-19,82.04
2005-05-20,82.1
2005-05-23,82.16
2005-05-24,82.5
2005-05-25,82.26
2005-05-26,81.68
2005-05-27,82.04
2005-05-30,82.44
2005-05-31,83.3
2005-06-01,83.88
2005-06-02,83.8
2005-06-03,82.6
2005-06-06,82.5
2005-06-07,82.04
2005-06-08,82.6
2005-06-09,81.8
2005-06-10,82.0
2005-06-13,81.66
2005-06-14,82.98
2005-06-15,82.6
2005-06-16,82.48
2005-06-17,82.06
2005-06-20,82.5
2005-06-21,82.7
2005-06-22,83.4
2005-06-23,83.38
2005-06-24,83.0
2005-06-27,83.12
2005-06-28,83.0
2005-06-29,83.0
2005-06-30,83.2
2005-07-01,83.0
2005-07-04,83.1
2005-07-05,83.02
2005-07-06,82.82
2005-07-07,83.4
2005-07-08,83.06
2005-07-11,83.5
2005-07-12,83.5
2005-07-13,83.5
2005-07-14,83.58
2005-07-15,84.0
2005-07-18,84.0
2005-07-19,84.0
2005-07-20,84.12
2005-07-21,85.0
2005-07-22,85.2
2005-07-25,85.5
2005-07-26,86.5
2005-07-27,88.0
2005-07-28,88.0
2005-07-29,87.3
2005-08-01,87.1
2005-08-02,87.5
2005-08-03,87.5
2005-08-04,87.66
2005-08-05,87.5
2005-08-08,87.5
2005-08-09,88.48
2005-08-10,87.4
2005-08-11,87.6
2005-08-12,88.9
2005-08-15,90.0
2005-08-16,90.0
2005-08-17,89.14
2005-08-18,89.5
2005-08-19,89.62
2005-08-22,89.32
2005-08-23,89.5
2005-08-24,89.56
2005-08-25,89.12
2005-08-26,89.0
2005-08-29,89.28
2005-08-30,89.08
2005-08-31,89.54
2005-09-01,89.72
2005-09-02,93.0
2005-09-05,96.5
2005-09-06,96.0
2005-09-07,93.62
2005-09-08,93.0
2005-09-09,96.0
2005-09-12,97.0
2005-09-13,97.5
2005-09-14,97.9
2005-09-15,97.3
2005-09-16,97.5
2005-09-19,98.5
2005-09-20,98.26
2005-09-21,97.0
2005-09-22,96.52
2005-09-23,95.6
2005-09-26,95.6
2005-09-27,96.5
2005-09-28,96.1
2005-09-29,96.2
2005-09-30,96.2
2005-10-03,96.1
2005-10-04,96.5
2005-10-05,96.18
2005-10-06,96.0
2005-10-07,96.06
2005-10-10,96.14
2005-10-11,96.3
2005-10-12,97.0
2005-10-13,96.8
2005-10-14,97.0
2005-10-17,97.2
2005-10-18,98.0
2005-10-19,96.98
2005-10-20,96.66
2005-10-21,96.22
2005-10-24,96.02
2005-10-25,96.42
2005-10-26,95.9
2005-10-27,96.1
2005-10-28,96.0
2005-10-31,95.7
2005-11-01,96.9
2005-11-02,97.2
2005-11-03,99.0
2005-11-07,99.04
2005-11-08,100.1
2005-11-09,99.5
2005-11-10,99.04
2005-11-11,99.6
2005-11-14,99.7
2005-11-15,100.0
2005-11-21,100.1
2005-11-22,100.5
2005-11-23,100.35
2005-11-24,100.35
2005-11-25,101.0
2005-11-28,100.65
2005-11-29,100.75
2005-11-30,100.3
2005-12-01,100.0
2005-12-02,98.3
2005-12-05,98.52
2005-12-06,98.2
2005-12-07,97.5
2005-12-08,96.5
2005-12-09,98.5
2005-12-12,98.02
2005-12-13,98.48
2005-12-14,98.48
2005-12-15,98.32
2005-12-16,99.2
2005-12-19,99.8
2005-12-20,99.9
2005-12-21,100.3
2005-12-22,100.0
2005-12-23,99.84
2005-12-26,99.5
2005-12-27,99.7
2005-12-28,100.0
2005-12-29,100.0
2005-12-30,100.0
2006-01-03,101.5
2006-01-04,104.0
2006-01-05,110.2
2006-01-06,111.6
2006-01-09,113.8
2006-01-10,112.55
2006-01-13,109.15
2006-01-16,109.7
2006-01-17,109.0
2006-01-18,108.5
2006-01-19,109.5
2006-01-20,111.7
2006-01-23,110.2
2006-01-24,113.2
2006-01-25,114.35
2006-01-26,112.7
2006-01-27,113.1
2006-01-30,115.0
2006-02-01,118.0
2006-02-02,121.3
2006-02-03,120.9
2006-02-06,126.5
2006-02-07,130.0
2006-02-08,130.0
2006-02-09,132.0
2006-02-10,131.5
2006-02-13,128.6
2006-02-14,124.5
2006-02-15,124.0
2006-02-16,124.0
2006-02-17,127.0
2006-02-20,129.5
2006-02-21,131.8
2006-02-22,133.9
2006-02-23,132.0
2006-02-24,130.0
2006-02-27,134.1
2006-02-28,135.1
2006-03-01,133.2
2006-03-02,133.1
2006-03-03,132.9
2006-03-06,133.2
2006-03-07,132.7
2006-03-08,131.55
2006-03-09,132.1
2006-03-10,132.2
2006-03-13,132.0
2006-03-14,129.0
2006-03-15,127.5
2006-03-17,127.5
2006-03-20,127.5
2006-03-21,127.5
2006-03-22,128.0
2006-03-23,131.0
2006-03-24,132.0
2006-03-27,133.5
2006-03-28,136.0
2006-03-29,136.0
2006-03-30,134.6
2006-03-31,135.1
2006-04-03,134.5
2006-04-04,136.95
2006-04-05,136.5
2006-04-06,138.0
2006-04-07,139.1
2006-04-10,143.0
2006-04-13,145.0
2006-04-14,145.95
2006-04-17,145.0
2006-04-18,144.0
2006-04-19,142.6
2006-04-20,144.8
2006-04-21,144.4
2006-04-24,143.9
2006-04-25,143.8
2006-04-26,144.0
2006-04-27,145.0
2006-04-28,145.8
2006-05-02,139.0
2006-05-03,139.0
2006-05-04,143.0
2006-05-05,144.4
2006-05-08,143.5
2006-05-09,142.0
2006-05-10,141.8
2006-05-11,142.15
2006-05-12,142.8
2006-05-15,141.0
2006-05-16,137.55
2006-05-17,137.5
2006-05-18,135.0
2006-05-19,133.0
2006-05-22,125.05
2006-05-23,117.55
2006-05-24,124.6
2006-05-25,124.0
2006-05-26,120.2
2006-05-29,118.15
2006-05-30,118.9
2006-05-31,118.5
2006-06-01,118.5
2006-06-02,120.5
2006-06-05,120.0
2006-06-06,117.5
2006-06-07,116.1
2006-06-08,111.9
2006-06-09,113.8
2006-06-12,110.0
2006-06-13,107.0
2006-06-14,109.0
2006-06-15,113.0
2006-06-16,115.0
2006-06-19,116.6
2006-06-20,116.0
2006-06-21,114.5
2006-06-22,115.0
2006-06-23,114.0
2006-06-26,113.5
2006-06-27,112.6
2006-06-28,112.2
2006-06-29,113.05
2006-06-30,116.9
2006-07-03,118.8
2006-07-04,120.55
2006-07-05,121.0
2006-07-06,121.0
2006-07-07,120.0
2006-07-10,118.0
2006-07-11,117.0
2006-07-12,117.55
2006-07-13,117.0
2006-07-14,116.0
2006-07-17,114.9
2006-07-18,114.65
2006-07-19,114.75
2006-07-20,114.0
2006-07-21,114.0
2006-07-24,113.8
2006-07-25,114.0
2006-07-26,111.5
2006-07-27,112.1
2006-07-28,113.3
2006-07-31,113.0
2006-08-01,113.9
2006-08-02,113.65
2006-08-03,113.2
2006-08-04,113.3
2006-08-07,113.6
2006-08-08,117.2
2006-08-09,121.5
2006-08-10,119.0
2006-08-11,118.9
2006-08-15,118.0
2006-08-16,119.95
2006-08-17,119.9
2006-08-18,119.0
2006-08-22,119.0
2006-08-23,120.0
2006-08-24,123.5
2006-08-25,127.0
2006-08-28,128.0
2006-08-29,128.0
2006-08-30,133.1
2006-08-31,132.5
2006-09-01,132.5
2006-09-04,132.5
2006-09-05,132.0
2006-09-06,128.0
2006-09-07,131.3
2006-09-08,136.0
2006-09-11,141.8
2006-09-12,140.0
2006-09-13,139.05
2006-09-14,141.5
2006-09-15,140.0
2006-09-18,140.0
2006-09-19,138.3
2006-09-20,137.0
2006-09-21,136.95
2006-09-22,136.0
2006-09-25,135.25
2006-09-26,134.0
2006-09-27,130.7
2006-09-28,133.5
2006-09-29,134.8
2006-10-02,133.0
2006-10-03,133.0
2006-10-04,131.5
2006-10-05,123.65
2006-10-06,119.0
2006-10-09,120.3
2006-10-10,121.65
2006-10-11,120.5
2006-10-12,120.0
2006-10-13,118.0
2006-10-16,120.4
2006-10-17,120.5
2006-10-18,122.0
2006-10-19,127.0
2006-10-20,128.9
2006-10-23,128.1
2006-10-26,127.9
2006-10-27,127.8
2006-10-30,128.7
2006-10-31,132.0
2006-11-01,136.5
2006-11-02,136.0
2006-11-03,132.8
2006-11-07,135.0
2006-11-08,133.2
2006-11-09,131.0
2006-11-10,130.0
2006-11-13,131.1
2006-11-14,133.4
2006-11-15,132.7
2006-11-16,130.0
2006-11-17,130.15
2006-11-20,132.6
2006-11-21,131.0
2006-11-22,129.95
2006-11-23,128.5
2006-11-24,132.45
2006-11-27,128.0
2006-11-28,127.05
2006-11-29,127.6
2006-11-30,125.5
2006-12-01,126.2
2006-12-04,126.3
2006-12-05,127.1
2006-12-06,128.9
2006-12-07,129.3
2006-12-08,130.1
2006-12-11,129.6
2006-12-12,129.0
2006-12-13,128.5
2006-12-14,129.0
2006-12-15,128.0
2006-12-18,129.0
2006-12-19,127.1
2006-12-20,127.9
2006-12-21,127.7
2006-12-22,128.5
2006-12-26,128.1
2006-12-27,129.5
2006-12-28,129.35
2006-12-29,129.5
2007-01-02,129.0
2007-01-03,131.0
2007-01-04,131.2
2007-01-05,132.0
2007-01-08,133.0
2007-01-09,133.3
2007-01-10,134.0
2007-01-12,132.1
2007-01-15,131.6
2007-01-16,132.0
2007-01-17,132.7
2007-01-18,132.9
2007-01-19,132.3
2007-01-22,132.0
2007-01-23,132.0
2007-01-24,132.0
2007-01-25,133.0
2007-01-26,133.0
2007-01-29,133.5
2007-01-30,133.5
2007-01-31,133.0
2007-02-01,130.2
2007-02-02,130.5
2007-02-05,129.5
2007-02-06,130.1
2007-02-07,130.5
2007-02-08,130.3
2007-02-09,130.3
2007-02-12,133.0
2007-02-13,132.6
2007-02-14,131.5
2007-02-15,131.3
2007-02-16,131.6
2007-02-19,132.0
2007-02-20,131.25
2007-02-21,131.5
2007-02-22,129.6
2007-02-23,131.0
2007-02-26,132.5
2007-02-27,133.5
2007-02-28,133.0
2007-03-01,132.5
2007-03-02,134.55
2007-03-05,135.5
2007-03-06,136.2
2007-03-07,137.9
2007-03-08,139.5
2007-03-09,137.0
2007-03-12,137.0
2007-03-13,138.9
2007-03-14,138.8
2007-03-15,137.2
2007-03-19,138.3
2007-03-20,138.5
2007-03-21,139.35
2007-03-22,138.5
2007-03-23,138.8
2007-03-26,139.05
2007-03-27,138.7
2007-03-28,138.7
2007-03-29,138.1
2007-03-30,138.0
2007-04-03,136.5
2007-04-04,136.5
2007-04-05,137.0
2007-04-06,137.0
2007-04-09,135.9
2007-04-10,135.5
2007-04-11,136.1
2007-04-12,136.0
2007-04-13,137.0
2007-04-16,138.0
2007-04-17,138.0
2007-04-18,138.5
2007-04-19,139.0
2007-04-20,138.8
2007-04-23,138.95
2007-04-24,138.6
2007-04-25,139.0
2007-04-26,139.5
2007-04-27,139.1
2007-04-30,138.5
2007-05-02,140.0
2007-05-03,141.1
2007-05-04,143.0
2007-05-07,143.65
2007-05-08,144.3
2007-05-09,140.3
2007-05-10,138.0
2007-05-11,138.0
2007-05-14,135.6
2007-05-15,130.0
2007-05-16,132.1
2007-05-17,132.0
2007-05-18,133.5
2007-05-21,132.0
2007-05-22,132.0
2007-05-23,132.0
2007-05-24,133.0
2007-05-25,133.1
2007-05-28,133.0
2007-05-29,133.0
2007-05-30,133.0
2007-05-31,139.0
2007-06-01,138.35
2007-06-04,137.0
2007-06-05,137.9
2007-06-06,136.3
2007-06-07,135.0
2007-06-08,134.0
2007-06-11,134.1
2007-06-12,134.1
2007-06-13,134.0
2007-06-14,133.1
2007-06-15,133.05
2007-06-18,133.3
2007-06-19,133.7
2007-06-20,133.5
2007-06-21,133.0
2007-06-22,133.0
2007-06-25,133.0
2007-06-26,133.1
2007-06-27,129.0
2007-06-28,130.0
2007-06-29,131.9
2007-07-02,131.6
2007-07-03,132.4
2007-07-04,132.0
2007-07-05,132.25
2007-07-06,133.5
2007-07-09,133.0
2007-07-10,132.5
2007-07-11,131.15
2007-07-12,130.7
2007-07-13,130.8
2007-07-16,132.0
2007-07-17,133.4
2007-07-18,133.3
2007-07-19,133.1
2007-07-20,133.0
2007-07-23,133.9
2007-07-24,133.5
2007-07-25,133.4
2007-07-26,133.35
2007-07-27,134.0
2007-07-31,135.9
2007-08-01,136.3
2007-08-02,138.0
2007-08-03,138.0
2007-08-06,138.5
2007-08-07,139.2
2007-08-08,138.6
2007-08-09,139.8
2007-08-10,139.3
2007-08-13,138.3
2007-08-15,138.4
2007-08-16,136.8
2007-08-17,137.0
2007-08-22,136.4
2007-08-23,136.5
2007-08-24,136.2
2007-08-27,136.9
2007-08-28,138.4
2007-08-29,140.8
2007-08-30,139.1
2007-08-31,141.0
2007-09-03,139.0
2007-09-04,141.9
2007-09-05,142.4
2007-09-06,141.9
2007-09-07,139.5
2007-09-10,139.4
2007-09-11,139.25
2007-09-12,139.3
2007-09-13,139.35
2007-09-14,139.5
2007-09-17,140.0
2007-09-18,142.8
2007-09-19,139.7
2007-09-20,141.0
2007-09-21,140.0
2007-09-24,139.0
2007-09-25,139.5
2007-09-26,138.25
2007-09-27,137.5
2007-09-28,139.0
2007-10-01,140.0
2007-10-02,140.0
2007-10-03,138.9
2007-10-04,139.95
2007-10-05,140.9
2007-10-08,141.0
2007-10-09,142.0
2007-10-10,141.0
2007-10-11,142.4
2007-10-12,141.0
2007-10-15,142.05
2007-10-16,141.0
2007-10-17,142.0
2007-10-18,142.5
2007-10-19,142.5
2007-10-22,141.0
2007-10-23,142.9
2007-10-24,142.8
2007-10-25,142.5
2007-10-26,143.0
2007-10-29,145.5
2007-10-30,144.55
2007-10-31,144.85
2007-11-01,143.8
2007-11-02,146.4
2007-11-05,147.0
2007-11-07,147.0
2007-11-08,146.5
2007-11-09,146.2
2007-11-12,147.0
2007-11-13,146.3
2007-11-14,147.0
2007-11-15,147.9
2007-11-16,147.8
2007-11-19,148.1
2007-11-20,147.05
2007-11-21,148.35
2007-11-22,148.0
2007-11-23,146.6
2007-11-26,147.5
2007-11-27,146.5
2007-11-28,146.95
2007-11-29,145.8
2007-11-30,145.0
2007-12-03,146.6
2007-12-04,147.0
2007-12-05,147.65
2007-12-06,148.05
2007-12-07,148.0
2007-12-10,147.75
2007-12-11,147.6
2007-12-12,147.5
2007-12-13,147.2
2007-12-14,148.0
2007-12-17,147.5
2007-12-18,147.9
2007-12-19,147.85
2007-12-20,147.6
2007-12-24,147.1
2007-12-25,146.5
2007-12-26,145.25
2007-12-27,146.9
2007-12-28,146.5
2007-12-31,146.5
2008-01-02,147.45
2008-01-03,148.95
2008-01-04,152.5
2008-01-07,158.0
2008-01-08,160.0
2008-01-09,162.0
2008-01-14,162.2
2008-01-15,164.5
2008-01-16,165.0
2008-01-17,169.95
2008-01-18,168.4
2008-01-21,164.1
2008-01-22,160.0
2008-01-23,162.0
2008-01-24,163.2
2008-01-25,164.2
2008-01-28,163.8
2008-01-29,164.85
2008-01-30,166.2
2008-01-31,169.4
2008-02-01,169.9
2008-02-04,174.8
2008-02-05,172.4
2008-02-06,173.0
2008-02-07,174.0
2008-02-08,174.0
2008-02-11,174.15
2008-02-12,175.2
2008-02-13,177.7
2008-02-14,180.0
2008-02-15,186.5
2008-02-18,191.0
2008-02-19,187.5
2008-02-20,186.0
2008-02-21,185.15
2008-02-22,184.1
2008-02-25,183.2
2008-02-26,184.5
2008-02-27,185.95
2008-02-28,187.1
2008-02-29,186.0
2008-03-03,186.0
2008-03-04,185.7
2008-03-05,186.0
2008-03-06,186.0
2008-03-07,187.5
2008-03-10,187.5
2008-03-11,191.1
2008-03-12,200.05
2008-03-13,203.4
2008-03-14,199.0
2008-03-17,197.0
2008-03-18,196.0
2008-03-19,196.0
2008-03-24,194.2
2008-03-25,194.1
2008-03-26,195.0
2008-03-27,196.75
2008-03-28,196.0
2008-03-31,198.0
2008-04-01,196.0
2008-04-02,194.3
2008-04-03,197.5
2008-04-04,198.0
2008-04-07,199.5
2008-04-08,199.8
2008-04-09,199.8
2008-04-10,199.8
2008-04-11,199.15
2008-04-14,197.0
2008-04-15,197.9
2008-04-16,197.0
2008-04-17,197.95
2008-04-18,197.6
2008-04-21,202.0
2008-04-22,199.8
2008-04-23,199.55
2008-04-24,198.95
2008-04-25,198.3
2008-04-28,198.0
2008-04-29,201.0
2008-04-30,199.05
2008-05-02,199.55
2008-05-05,199.65
2008-05-06,200.25
2008-05-07,200.9
2008-05-08,203.1
2008-05-09,203.0
2008-05-12,208.7
2008-05-13,212.5
2008-05-14,210.0
2008-05-15,202.05
2008-05-16,200.8
2008-05-19,201.8
2008-05-20,201.0
2008-05-21,198.0
2008-05-22,199.35
2008-05-23,198.1
2008-05-26,194.95
2008-05-27,189.0
2008-05-28,188.5
2008-05-29,197.0
2008-05-30,196.8
2008-06-02,195.5
2008-06-03,193.0
2008-06-04,195.0
2008-06-05,194.4
2008-06-06,194.4
2008-06-09,192.8
2008-06-10,192.0
2008-06-11,191.8
2008-06-12,190.65
2008-06-13,190.2
2008-06-16,192.3
2008-06-17,192.0
2008-06-18,192.0
2008-06-19,191.45
2008-06-20,190.0
2008-06-23,188.5
2008-06-24,187.2
2008-06-25,187.5
2008-06-26,188.5
2008-06-27,187.15
2008-06-30,188.0
2008-07-01,190.0
2008-07-02,190.0
2008-07-03,187.7
2008-07-04,188.95
2008-07-07,188.1
2008-07-08,189.0
2008-07-09,190.0
2008-07-10,189.8
2008-07-11,190.0
2008-07-14,190.0
2008-07-15,189.5
2008-07-16,189.0
2008-07-17,188.5
2008-07-18,190.0
2008-07-21,190.0
2008-07-22,189.0
2008-07-23,189.0
2008-07-24,188.0
2008-07-25,187.5
2008-07-28,190.0
2008-07-29,189.0
2008-07-31,185.7
2008-08-01,186.3
2008-08-04,185.0
2008-08-05,185.0
2008-08-06,186.5
2008-08-07,185.0
2008-08-08,189.0
2008-08-11,189.95
2008-08-12,190.65
2008-08-13,189.0
2008-08-15,188.8
2008-08-18,183.05
2008-08-19,183.1
2008-08-22,183.0
2008-08-25,183.2
2008-08-26,182.95
2008-08-27,181.85
2008-08-28,184.3
2008-08-29,183.1
2008-09-01,184.9
2008-09-02,183.1
2008-09-03,184.9
2008-09-04,183.5
2008-09-05,183.1
2008-09-08,182.0
2008-09-09,181.0
2008-09-10,181.0
2008-09-11,180.5
2008-09-12,179.5
2008-09-15,175.0
2008-09-16,170.85
2008-09-17,171.8
2008-09-18,176.8
2008-09-19,182.9
2008-09-22,186.0
2008-09-23,184.1
2008-09-24,182.0
2008-09-25,182.75
2008-09-26,182.1
2008-09-29,182.0
2008-09-30,175.5
2008-10-03,173.5
2008-10-06,170.0
2008-10-07,171.1
2008-10-08,172.0
2008-10-09,167.0
2008-10-10,165.0
2008-10-13,174.0
2008-10-14,175.0
2008-10-15,170.5
2008-10-16,172.0
2008-10-17,174.8
2008-10-20,173.0
2008-10-21,173.9
2008-10-22,172.5
2008-10-23,173.0
2008-10-24,172.5
2008-10-27,168.25
2008-10-28,172.05
2008-10-29,175.0
2008-10-30,175.0
2008-10-31,177.0
2008-11-03,178.0
2008-11-04,179.8
2008-11-05,183.0
2008-11-07,179.0
2008-11-10,178.9
2008-11-11,177.1
2008-11-12,177.0
2008-11-13,176.1
2008-11-14,175.05
2008-11-17,175.05
2008-11-19,171.5
2008-11-20,170.0
2008-11-21,168.45
2008-11-24,168.0
2008-11-25,170.5
2008-11-26,172.5
2008-11-27,173.8
2008-11-28,171.3
2008-12-01,170.0
2008-12-02,170.0
2008-12-03,167.0
2008-12-04,166.0
2008-12-05,167.0
2008-12-08,167.85
2008-12-11,166.2
2008-12-12,166.05
2008-12-15,169.0
2008-12-16,166.5
2008-12-17,166.5
2008-12-18,169.0
2008-12-19,167.8
2008-12-22,168.0
2008-12-23,162.0
2008-12-24,155.05
2008-12-25,158.8
2008-12-26,154.0
2008-12-30,155.5
2008-12-31,154.9
2009-01-02,150.0
2009-01-05,142.05
2009-01-06,144.95
2009-01-07,144.6
2009-01-08,142.45
2009-01-09,147.8
2009-01-12,147.15
2009-01-13,147.0
2009-01-14,147.0
2009-01-15,150.0
2009-01-16,149.9
2009-01-19,150.5
2009-01-20,151.0
2009-01-21,149.0
2009-01-22,149.9
2009-01-23,146.5
2009-01-26,148.4
2009-01-27,148.9
2009-01-28,148.5
2009-01-29,147.1
2009-01-30,146.9
2009-02-02,145.5
2009-02-03,146.9
2009-02-04,146.5
2009-02-05,145.5
2009-02-06,146.1
2009-02-09,147.5
2009-02-10,147.5
2009-02-11,147.2
2009-02-12,148.5
2009-02-13,152.0
2009-02-16,151.0
2009-02-17,150.9
2009-02-18,151.75
2009-02-19,151.3
2009-02-20,150.2
2009-02-23,156.5
2009-02-24,162.0
2009-02-25,163.4
2009-02-26,162.3
2009-02-27,161.0
2009-03-02,161.0
2009-03-03,161.0
2009-03-04,161.0
2009-03-05,163.8
2009-03-06,161.05
2009-03-09,159.65
2009-03-12,159.65
2009-03-13,160.0
2009-03-16,162.0
2009-03-17,162.7
2009-03-18,162.9
2009-03-19,162.0
2009-03-20,161.0
2009-03-23,157.5
2009-03-24,154.0
2009-03-25,153.5
2009-03-26,154.2
2009-03-27,154.5
2009-03-30,153.1
2009-03-31,153.0
2009-04-01,153.0
2009-04-02,153.0
2009-04-03,152.5
2009-04-06,154.0
2009-04-07,154.0
2009-04-08,156.0
2009-04-09,155.5
2009-04-10,155.0
2009-04-13,155.0
2009-04-14,155.0
2009-04-15,154.3
2009-04-16,156.7
2009-04-17,156.75
2009-04-20,157.05
2009-04-21,157.1
2009-04-22,157.5
2009-04-23,160.95
2009-04-24,161.1
2009-04-27,161.95
2009-04-28,160.85
2009-04-29,161.55
2009-04-30,162.0
2009-05-04,161.9
2009-05-05,161.9
2009-05-06,162.15
2009-05-07,161.9
2009-05-08,161.8
2009-05-11,162.1
2009-05-12,163.1
2009-05-13,162.8
2009-05-14,160.0
2009-05-15,159.0
2009-05-18,159.0
2009-05-19,160.3
2009-05-20,161.0
2009-05-21,160.0
2009-05-22,159.0
2009-05-25,147.5
2009-05-26,145.6
2009-05-27,146.75
2009-05-28,146.5
2009-05-29,141.0
2009-06-01,146.0
2009-06-02,146.9
2009-06-03,146.0
2009-06-04,143.0
2009-06-05,143.25
2009-06-08,143.6
2009-06-09,143.6
2009-06-10,143.0
2009-06-11,141.1
2009-06-12,142.0
2009-06-15,143.9
2009-06-16,147.5
2009-06-17,152.0
2009-06-18,153.05
2009-06-19,152.5
2009-06-22,152.15
2009-06-23,152.2
2009-06-24,152.9
2009-06-25,151.2
2009-06-26,151.5
2009-06-29,153.45
2009-06-30,151.05
2009-07-01,150.0
2009-07-02,150.0
2009-07-03,149.6
2009-07-06,149.0
2009-07-07,150.25
2009-07-08,151.35
2009-07-09,150.1
2009-07-10,150.65
2009-07-13,151.35
2009-07-14,149.05
2009-07-15,147.0
2009-07-16,147.1
2009-07-17,147.0
2009-07-20,147.0
2009-07-21,145.0
2009-07-22,146.5
2009-07-23,149.0
2009-07-24,147.0
2009-07-27,146.75
2009-07-28,147.9
2009-07-29,145.1
2009-07-31,144.0
2009-08-03,142.0
2009-08-04,141.0
2009-08-05,141.5
2009-08-06,143.75
2009-08-07,143.75
2009-08-10,142.5
2009-08-11,141.15
2009-08-12,141.0
2009-08-13,141.8
2009-08-17,140.0
2009-08-18,142.0
2009-08-19,141.0
2009-08-24,141.25
2009-08-25,141.1
2009-08-26,141.55
2009-08-27,141.95
2009-08-28,141.05
2009-08-31,141.85
2009-09-01,141.15
2009-09-02,141.0
2009-09-03,139.5
2009-09-04,139.0
2009-09-07,139.4
2009-09-08,139.0
2009-09-09,139.0
2009-09-10,136.5
2009-09-11,135.85
2009-09-14,135.0
2009-09-15,136.15
2009-09-16,140.0
2009-09-17,140.9
2009-09-18,140.0
2009-09-23,139.0
2009-09-24,140.0
2009-09-25,140.0
2009-09-28,139.2
2009-09-29,140.9
2009-09-30,140.0
2009-10-01,140.0
2009-10-02,140.0
2009-10-05,140.5
2009-10-06,140.5
2009-10-07,141.0
2009-10-08,141.0
2009-10-09,141.5
2009-10-12,141.5
2009-10-13,141.0
2009-10-14,140.35
2009-10-15,143.5
2009-10-16,142.5
2009-10-19,142.0
2009-10-20,142.0
2009-10-21,141.1
2009-10-22,141.3
2009-10-23,142.0
2009-10-26,142.4
2009-10-27,141.5
2009-10-28,141.95
2009-10-29,141.35
2009-10-30,142.2
2009-11-02,143.85
2009-11-03,144.4
2009-11-04,144.4
2009-11-05,144.4
2009-11-09,142.0
2009-11-10,142.5
2009-11-11,140.0
2009-11-12,139.9
2009-11-13,140.2
2009-11-16,140.0
2009-11-17,138.0
2009-11-19,138.8
2009-11-20,139.0
2009-11-23,137.5
2009-11-24,139.0
2009-11-25,139.1
2009-11-26,138.25
2009-11-27,138.0
2009-11-30,135.5
2009-12-01,136.0
2009-12-02,136.0
2009-12-03,135.4
2009-12-04,133.0
2009-12-07,133.7
2009-12-08,134.85
2009-12-09,134.0
2009-12-10,134.85
2009-12-11,138.0
2009-12-14,138.0
2009-12-15,137.5
2009-12-16,137.5
2009-12-17,137.75
2009-12-21,137.8
2009-12-22,137.8
2009-12-23,136.0
2009-12-24,136.0
2009-12-25,137.0
2009-12-28,136.9
2009-12-29,135.0
2009-12-30,136.4
2009-12-31,135.5
2010-01-04,135.6
2010-01-05,135.15
2010-01-06,136.8
2010-01-07,141.15
2010-01-08,141.6
2010-01-12,144.9
2010-01-13,143.9
2010-01-14,145.8
2010-01-15,145.5
2010-01-18,146.2
2010-01-19,148.5
2010-01-20,149.0
2010-01-21,148.95
2010-01-22,147.0
2010-01-25,146.9
2010-01-26,147.0
2010-01-27,147.25
2010-01-28,147.9
2010-01-29,147.5
2010-02-01,146.55
2010-02-02,146.4
2010-02-03,147.5
2010-02-04,147.0
2010-02-05,148.0
2010-02-08,147.75
2010-02-09,148.0
2010-02-10,148.0
2010-02-11,147.75
2010-02-12,148.75
2010-02-15,147.75
2010-02-16,147.5
2010-02-17,147.2
2010-02-18,146.9
2010-02-19,147.0
2010-02-22,147.9
2010-02-23,147.75
2010-02-24,147.0
2010-02-25,148.0
2010-02-26,148.0
2010-03-01,148.5
2010-03-02,147.35
2010-03-03,148.0
2010-03-04,149.0
2010-03-05,147.5
2010-03-08,149.0
2010-03-09,150.0
2010-03-10,150.0
2010-03-11,149.5
2010-03-12,149.25
2010-03-15,149.2
2010-03-16,149.0
2010-03-17,148.5
2010-03-18,149.95
2010-03-19,148.5
2010-03-22,149.45
2010-03-23,149.0
2010-03-24,149.5
2010-03-25,148.6
2010-03-26,154.9
2010-03-29,161.5
2010-03-30,160.0
2010-03-31,159.0
2010-04-01,158.5
2010-04-02,158.5
2010-04-05,158.1
2010-04-06,156.1
2010-04-07,158.4
2010-04-08,158.6
2010-04-09,159.2
2010-04-12,159.8
2010-04-13,160.5
2010-04-14,160.75
2010-04-15,160.6
2010-04-16,161.0
2010-04-19,160.25
2010-04-20,161.0
2010-04-21,161.0
2010-04-22,161.0
2010-04-23,161.0
2010-04-26,161.2
2010-04-27,161.45
2010-04-28,161.6
2010-04-29,162.0
2010-04-30,162.65
2010-05-03,163.0
2010-05-04,163.9
2010-05-05,163.25
2010-05-06,160.1
2010-05-07,161.5
2010-05-10,160.0
2010-05-11,159.0
2010-05-12,159.0
2010-05-13,161.0
2010-05-14,162.15
2010-05-17,162.0
2010-05-18,162.5
2010-05-19,162.25
2010-05-20,161.95
2010-05-21,161.1
2010-05-24,145.0
2010-05-25,144.0
2010-05-26,146.25
2010-05-27,151.0
2010-05-28,143.0
2010-05-31,150.0
2010-06-01,148.75
2010-06-02,150.0
2010-06-03,151.0
2010-06-04,152.8
2010-06-07,153.2
2010-06-08,156.0
2010-06-09,159.0
2010-06-10,157.45
2010-06-11,156.8
2010-06-14,157.0
2010-06-15,159.0
2010-06-16,157.9
2010-06-17,157.5
2010-06-18,156.8
2010-06-21,156.7
2010-06-22,156.0
2010-06-23,157.0
2010-06-24,157.4
2010-06-25,154.25
2010-06-28,152.0
2010-06-29,147.9
2010-06-30,147.0
2010-07-01,146.9
2010-07-02,146.9
2010-07-05,146.5
2010-07-06,145.55
2010-07-07,145.5
2010-07-08,147.9
2010-07-09,149.95
2010-07-12,151.9
2010-07-13,154.0
2010-07-14,154.0
2010-07-15,154.0
2010-07-16,153.9
2010-07-19,153.5
2010-07-20,153.5
2010-07-21,153.1
2010-07-22,153.0
2010-07-23,152.9
2010-07-26,151.0
2010-07-27,151.0
2010-07-28,150.0
2010-07-29,150.0
2010-08-02,149.0
2010-08-03,148.0
2010-08-04,148.85
2010-08-05,149.0
2010-08-06,150.0
2010-08-09,150.55
2010-08-10,149.5
2010-08-11,148.05
2010-08-12,148.0
2010-08-13,148.0
2010-08-16,148.8
2010-08-17,148.95
2010-08-18,147.5
2010-08-19,145.5
2010-08-23,146.5
2010-08-24,146.6
2010-08-25,148.0
2010-08-26,147.0
2010-08-27,147.8
2010-08-30,146.7
2010-08-31,145.5
2010-09-01,147.0
2010-09-02,146.9
2010-09-03,146.95
2010-09-06,146.9
2010-09-07,146.2
2010-09-08,147.0
2010-09-09,146.0
2010-09-13,148.0
2010-09-14,147.85
2010-09-15,147.9
2010-09-16,147.0
2010-09-17,147.95
2010-09-20,148.5
2010-09-21,148.0
2010-09-22,148.95
2010-09-23,149.0
2010-09-24,149.0
2010-09-27,149.35
2010-09-28,149.8
2010-09-29,149.85
2010-09-30,149.3
2010-10-01,149.3
2010-10-04,147.3
2010-10-05,145.0
2010-10-06,146.0
2010-10-07,147.8
2010-10-08,147.05
2010-10-11,147.0
2010-10-12,148.0
2010-10-13,148.0
2010-10-14,151.05
2010-10-15,151.0
2010-10-18,148.9
2010-10-19,149.0
2010-10-20,149.5
2010-10-21,151.5
2010-10-22,152.95
2010-10-25,152.8
2010-10-26,152.35
2010-10-27,152.0
2010-10-28,151.5
2010-10-29,150.0
2010-11-01,149.5
2010-11-02,148.65
2010-11-03,148.5
2010-11-04,149.5
2010-11-05,149.5
2010-11-08,149.5
2010-11-09,150.0
2010-11-10,150.0
2010-11-11,149.5
2010-11-12,149.7
2010-11-15,149.35
2010-11-16,150.0
2010-11-19,150.9
2010-11-22,150.0
2010-11-23,149.0
2010-11-24,149.0
2010-11-25,148.0
2010-11-26,148.3
2010-11-29,148.8
2010-11-30,147.15
2010-12-01,147.65
2010-12-02,149.65
2010-12-03,150.0
2010-12-06,152.0
2010-12-08,154.9
2010-12-09,155.0
2010-12-10,155.0
2010-12-13,150.1
2010-12-14,151.0
2010-12-15,150.75
2010-12-16,151.5
2010-12-17,155.0
2010-12-20,153.9
2010-12-21,154.3
2010-12-22,154.0
2010-12-23,154.0
2010-12-24,153.95
2010-12-27,153.0
2010-12-28,152.8
2010-12-29,151.5
2010-12-30,152.85
2010-12-31,150.0
2011-01-03,151.0
2011-01-04,154.0
2011-01-05,154.0
2011-01-06,154.55
2011-01-07,155.8
2011-01-10,155.95
2011-01-12,159.1
2011-01-13,159.5
2011-01-14,158.95
2011-01-17,156.5
2011-01-18,157.75
2011-01-19,157.0
2011-01-20,157.0
2011-01-21,157.1
2011-01-24,158.0
2011-01-25,158.0
2011-01-26,159.0
2011-01-27,159.0
2011-01-28,157.0
2011-01-31,153.5
2011-02-01,152.05
2011-02-02,152.5
2011-02-03,152.0
2011-02-04,152.35
2011-02-07,153.6
2011-02-08,154.5
2011-02-09,154.35
2011-02-10,154.1
2011-02-11,154.15
2011-02-14,155.0
2011-02-15,156.0
2011-02-18,154.5
2011-02-21,152.15
2011-02-22,153.2
2011-02-23,154.0
2011-02-24,155.05
2011-02-25,156.5
2011-02-28,159.9
2011-03-01,159.0
2011-03-02,158.95
2011-03-03,158.9
2011-03-04,158.0
2011-03-07,157.05
2011-03-08,156.1
2011-03-09,156.05
2011-03-10,158.45
2011-03-11,159.6
2011-03-14,158.45
2011-03-15,156.5
2011-03-16,156.1
2011-03-17,156.1
2011-03-18,155.9
2011-03-21,156.5
2011-03-22,156.95
2011-03-23,157.2
2011-03-24,157.2
2011-03-25,156.5
2011-03-28,157.45
2011-03-29,156.9
2011-03-30,156.7
2011-03-31,154.95
2011-04-01,152.5
2011-04-04,152.1
2011-04-05,154.5
2011-04-06,154.15
2011-04-07,158.0
2011-04-08,155.05
2011-04-11,155.5
2011-04-12,154.0
2011-04-13,154.5
2011-04-14,156.5
2011-04-15,156.5
2011-04-18,155.7
2011-04-19,156.4
2011-04-20,157.9
2011-04-21,157.0
2011-04-22,156.5
2011-04-25,157.0
2011-04-26,157.1
2011-04-27,158.0
2011-04-28,156.0
2011-04-29,152.05
2011-05-02,156.5
2011-05-03,156.4
2011-05-04,155.55
2011-05-05,156.5
2011-05-06,152.9
2011-05-09,155.0
2011-05-10,155.0
2011-05-11,154.0
2011-05-12,154.85
2011-05-13,155.3
2011-05-16,154.85
2011-05-17,156.0
2011-05-18,155.5
2011-05-19,155.1
2011-05-20,146.55
2011-05-23,147.5
2011-05-24,149.5
2011-05-25,148.8
2011-05-26,149.5
2011-05-27,149.4
2011-05-30,149.0
2011-05-31,148.75
2011-06-01,149.25
2011-06-02,149.85
2011-06-03,149.8
2011-06-06,148.7
2011-06-07,147.5
2011-06-08,147.0
2011-06-09,146.5
2011-06-10,148.0
2011-06-13,148.0
2011-06-14,147.5
2011-06-15,146.0
2011-06-16,145.5
2011-06-17,144.5
2011-06-20,144.0
2011-06-21,143.35
2011-06-22,145.5
2011-06-23,144.05
2011-06-24,144.0
2011-06-27,143.15
2011-06-28,142.7
2011-06-29,142.8
2011-06-30,144.0
2011-07-01,143.0
2011-07-04,144.6
2011-07-05,144.0
2011-07-06,145.4
2011-07-07,145.45
2011-07-08,144.95
2011-07-11,145.0
2011-07-12,144.4
2011-07-13,145.45
2011-07-14,142.5
2011-07-15,144.0
2011-07-18,142.5
2011-07-19,141.0
2011-07-20,141.1
2011-07-21,141.0
2011-07-22,141.0
2011-07-25,141.5
2011-07-26,138.8
2011-07-27,138.25
2011-07-28,138.1
2011-07-29,138.15
2011-08-01,139.1
2011-08-02,139.5
2011-08-03,138.5
2011-08-04,139.4
2011-08-05,138.0
2011-08-08,137.2
2011-08-09,136.4
2011-08-10,137.0
2011-08-11,139.5
2011-08-12,145.6
2011-08-15,143.1
2011-08-16,142.1
2011-08-17,143.25
2011-08-18,144.5
2011-08-19,144.2
2011-08-22,142.35
2011-08-23,143.4
2011-08-24,141.95
2011-08-25,141.5
2011-08-26,141.8
2011-08-29,142.9
2011-08-30,143.8
2011-09-02,145.5
2011-09-05,144.0
2011-09-06,142.7
2011-09-07,142.3
2011-09-08,143.9
2011-09-09,142.1
2011-09-12,142.05
2011-09-13,142.45
2011-09-14,143.0
2011-09-15,142.5
2011-09-16,142.5
2011-09-19,142.25
2011-09-20,142.1
2011-09-21,142.1
2011-09-22,142.1
2011-09-23,142.15
2011-09-26,142.1
2011-09-27,142.1
2011-09-28,143.0
2011-09-29,143.0
2011-09-30,143.0
2011-10-03,143.65
2011-10-04,144.0
2011-10-05,144.1
2011-10-06,144.0
2011-10-07,144.25
2011-10-10,144.85
2011-10-11,147.0
2011-10-12,147.3
2011-10-13,146.0
2011-10-14,145.5
2011-10-17,145.0
2011-10-18,143.5
2011-10-19,142.15
2011-10-20,142.6
2011-10-21,143.5
2011-10-24,143.4
2011-10-25,143.9
2011-10-26,143.9
2011-10-27,142.8
2011-10-28,142.5
2011-10-31,142.7
2011-11-01,141.0
2011-11-02,142.0
2011-11-03,141.95
2011-11-04,141.7
2011-11-09,142.5
2011-11-10,141.5
2011-11-11,141.5
2011-11-14,141.0
2011-11-15,141.5
2011-11-16,141.5
2011-11-17,140.0
2011-11-21,139.5
2011-11-22,138.75
2011-11-23,139.0
2011-11-24,138.6
2011-11-25,138.5
2011-11-28,138.5
2011-11-29,138.15
2011-11-30,141.0
2011-12-01,138.5
2011-12-02,138.0
2011-12-05,136.65
2011-12-06,137.0
2011-12-07,136.2
2011-12-08,137.6
2011-12-09,137.5
2011-12-12,138.4
2011-12-13,139.9
2011-12-14,139.0
2011-12-15,137.5
2011-12-16,137.5
2011-12-19,139.0
2011-12-20,139.0
2011-12-21,140.0
2011-12-22,140.0
2011-12-23,138.5
2011-12-26,138.5
2011-12-27,136.6
2011-12-28,136.7
2011-12-29,135.0
2011-12-30,135.6
2012-01-02,135.5
2012-01-03,137.4
2012-01-04,139.0
2012-01-05,139.85
2012-01-06,139.5
2012-01-09,140.0
2012-01-10,139.3
2012-01-12,139.0
2012-01-13,138.7
2012-01-16,137.25
2012-01-17,138.0
2012-01-18,137.5
2012-01-19,138.0
2012-01-20,139.0
2012-01-23,139.0
2012-01-24,139.0
2012-01-25,138.2
2012-01-26,138.0
2012-01-27,138.15
2012-01-30,139.0
2012-01-31,139.95
2012-02-01,140.1
2012-02-02,141.25
2012-02-03,142.8
2012-02-07,143.0
2012-02-08,142.0
2012-02-09,141.95
2012-02-10,140.6
2012-02-13,140.05
2012-02-14,140.6
2012-02-15,140.65
2012-02-16,139.55
2012-02-17,139.55
2012-02-20,139.5
2012-02-21,139.4
2012-02-22,140.0
2012-02-23,139.0
2012-02-24,139.0
2012-02-27,137.9
2012-02-28,138.15
2012-02-29,139.5
2012-03-01,139.8
2012-03-02,140.0
2012-03-05,139.5
2012-03-06,139.95
2012-03-07,139.95
2012-03-08,139.6
2012-03-09,139.2
2012-03-12,139.75
2012-03-13,139.65
2012-03-14,139.7
2012-03-15,137.1
2012-03-16,137.4
2012-03-19,137.3
2012-03-20,136.35
2012-03-21,135.4
2012-03-22,136.8
2012-03-23,135.0
2012-03-26,134.9
2012-03-27,133.7
2012-03-28,134.0
2012-03-29,136.0
2012-03-30,136.0
2012-04-02,136.0
2012-04-03,133.0
2012-04-04,131.25
2012-04-05,130.0
2012-04-06,129.0
2012-04-09,129.0
2012-04-10,129.5
2012-04-11,129.0
2012-04-12,127.0
2012-04-13,126.2
2012-04-16,126.95
2012-04-17,128.4
2012-04-18,130.0
2012-04-19,129.0
2012-04-20,128.0
2012-04-23,127.8
2012-04-24,129.0
2012-04-25,128.5
2012-04-26,128.8
2012-04-27,128.0
2012-04-30,128.9
2012-05-02,128.9
2012-05-03,128.5
2012-05-04,130.0
2012-05-07,129.9
2012-05-08,130.0
2012-05-09,130.0
2012-05-10,130.0
2012-05-11,129.0
2012-05-14,129.9
2012-05-15,129.0
2012-05-16,124.05
2012-05-17,122.05
2012-05-18,122.6
2012-05-21,123.0
2012-05-22,114.0
2012-05-23,114.25
2012-05-24,113.1
2012-05-25,113.3
2012-05-28,113.0
2012-05-29,111.7
2012-05-30,115.0
2012-05-31,113.0
2012-06-01,113.5
2012-06-04,113.0
2012-06-05,112.0
2012-06-06,111.0
2012-06-07,113.0
2012-06-08,114.4
2012-06-11,114.1
2012-06-12,115.0
2012-06-13,112.6
2012-06-14,112.1
2012-06-15,108.6
2012-06-18,109.0
2012-06-19,109.0
2012-06-20,109.95
2012-06-21,107.5
2012-06-22,108.8
2012-06-25,107.0
2012-06-26,110.95
2012-06-27,110.0
2012-06-28,111.0
2012-06-29,110.9
2012-07-02,110.9
2012-07-03,111.0
2012-07-04,110.0
2012-07-05,110.9
2012-07-06,110.4
2012-07-09,108.6
2012-07-10,107.5
2012-07-11,107.25
2012-07-12,107.5
2012-07-13,106.5
2012-07-16,108.0
2012-07-17,111.0
2012-07-18,111.5
2012-07-19,109.0
2012-07-20,109.0
2012-07-23,108.6
2012-07-24,105.05
2012-07-25,105.05
2012-07-26,106.0
2012-07-27,105.1
2012-07-31,108.0
2012-08-01,109.7
2012-08-02,109.0
2012-08-03,107.2
2012-08-06,107.1
2012-08-07,106.15
2012-08-08,106.15
2012-08-09,107.3
2012-08-10,109.6
2012-08-13,108.95
2012-08-15,109.45
2012-08-16,106.55
2012-08-17,106.7
2012-08-22,108.0
2012-08-23,106.5
2012-08-24,107.75
2012-08-27,108.0
2012-08-28,108.5
2012-08-29,108.4
2012-08-30,109.0
2012-08-31,109.9
2012-09-03,109.2
2012-09-04,108.5
2012-09-05,106.7
2012-09-06,106.85
2012-09-07,106.8
2012-09-10,106.2
2012-09-11,106.3
2012-09-12,107.6
2012-09-13,107.0
2012-09-14,106.8
2012-09-17,105.6
2012-09-18,104.2
2012-09-19,103.5
2012-09-20,101.0
2012-09-21,99.0
2012-09-24,102.85
2012-09-25,101.0
2012-09-26,103.5
2012-09-27,102.9
2012-09-28,102.9
2012-10-01,103.0
2012-10-02,102.7
2012-10-03,102.9
2012-10-04,102.65
2012-10-05,102.0
2012-10-08,100.0
2012-10-09,100.0
2012-10-10,100.0
2012-10-11,98.5
2012-10-12,97.4
2012-10-15,96.12
2012-10-16,96.0
2012-10-17,93.32
2012-10-18,93.2
2012-10-19,94.0
2012-10-22,99.64
2012-10-23,104.9
2012-10-24,111.15
2012-10-25,114.4
2012-10-29,107.6
2012-10-30,108.5
2012-10-31,108.0
2012-11-01,108.0
2012-11-02,109.0
2012-11-05,110.9
2012-11-07,114.1
2012-11-08,113.0
2012-11-09,111.9
2012-11-12,110.2
2012-11-13,111.2
2012-11-14,111.2
2012-11-15,112.0
2012-11-19,114.0
2012-11-20,113.6
2012-11-21,112.6
2012-11-22,113.0
2012-11-23,109.3
2012-11-26,110.15
2012-11-27,110.15
2012-11-28,111.0
2012-11-29,109.5
2012-11-30,112.0
2012-12-03,109.5
2012-12-04,109.6
2012-12-05,112.0
2012-12-06,111.7
2012-12-07,111.0
2012-12-10,110.5
2012-12-11,112.5
2012-12-12,111.8
2012-12-13,109.0
2012-12-14,108.6
2012-12-17,110.5
2012-12-18,108.8
2012-12-19,110.5
2012-12-20,110.5
2012-12-21,108.0
2012-12-24,107.5
2012-12-25,106.75
2012-12-26,105.0
2012-12-27,107.7
2012-12-28,106.0
2012-12-31,106.0
2013-01-02,106.05
2013-01-03,107.9
2013-01-04,107.8
2013-01-07,107.8
2013-01-08,108.0
2013-01-09,107.85
2013-01-10,107.0
2013-01-14,107.5
2013-01-15,105.0
2013-01-16,103.95
2013-01-17,107.5
2013-01-18,106.9
2013-01-21,107.0
2013-01-22,107.3
2013-01-23,107.5
2013-01-28,105.1
2013-01-29,102.1
2013-01-30,103.15
2013-01-31,105.5
2013-02-01,105.6
2013-02-04,106.0
2013-02-05,107.0
2013-02-06,107.5
2013-02-07,107.8
2013-02-08,103.2
2013-02-11,104.85
2013-02-12,103.8
2013-02-13,104.5
2013-02-14,104.85
2013-02-15,104.0
2013-02-18,104.5
2013-02-19,104.35
2013-02-20,106.4
2013-02-21,106.0
2013-02-22,105.5
2013-02-25,106.5
2013-02-26,106.0
2013-02-27,107.0
2013-02-28,108.5
2013-03-01,106.9
2013-03-04,107.8
2013-03-05,107.9
2013-03-06,107.3
2013-03-07,107.25
2013-03-08,107.75
2013-03-11,106.55
2013-03-12,107.2
2013-03-13,107.2
2013-03-14,106.15
2013-03-15,105.7
2013-03-18,106.5
2013-03-19,106.5
2013-03-20,105.8
2013-03-21,105.85
2013-03-22,105.9
2013-03-25,105.9
2013-03-26,105.95
2013-03-27,107.0
2013-03-28,105.95
2013-03-29,106.4
2013-04-01,106.0
2013-04-02,106.5
2013-04-03,106.95
2013-04-04,106.0
2013-04-05,106.85
2013-04-08,107.1
2013-04-09,107.75
2013-04-10,108.0
2013-04-11,109.0
2013-04-12,109.05
2013-04-15,110.6
2013-04-16,111.0
2013-04-17,112.9
2013-04-18,110.8
2013-04-19,111.4
2013-04-22,110.0
2013-04-23,108.5
2013-04-24,110.0
2013-04-25,113.0
2013-04-26,113.25
2013-04-29,114.5
2013-04-30,111.75
2013-05-02,110.0
2013-05-03,110.7
2013-05-06,110.0
2013-05-07,111.95
2013-05-08,111.9
2013-05-09,111.9
2013-05-10,110.15
2013-05-13,109.65
2013-05-14,108.5
2013-05-15,109.0
2013-05-16,108.95
2013-05-17,110.0
2013-05-20,109.0
2013-05-21,110.9
2013-05-22,110.0
2013-05-23,103.5
2013-05-24,102.3
2013-05-27,102.4
2013-05-28,101.1
2013-05-29,103.0
2013-05-30,102.5
2013-05-31,102.9
2013-06-03,102.5
2013-06-04,102.5
2013-06-05,101.8
2013-06-06,101.7
2013-06-07,101.6
2013-06-10,101.0
2013-06-11,99.0
2013-06-12,101.95
2013-06-13,101.0
2013-06-14,98.7
2013-06-17,98.5
2013-06-18,99.0
2013-06-19,99.8
2013-06-20,100.0
2013-06-21,98.5
2013-06-24,98.5
2013-06-25,98.0
2013-06-26,99.8
2013-06-27,99.38
2013-06-28,99.0
2013-07-01,100.0
2013-07-02,101.0
2013-07-03,101.5
2013-07-04,101.1
2013-07-05,100.0
2013-07-08,99.25
2013-07-09,98.4
2013-07-10,98.53
2013-07-11,98.54
2013-07-12,99.5
2013-07-15,99.41
2013-07-16,99.5
2013-07-17,101.9
2013-07-18,99.7
2013-07-19,100.5
2013-07-22,99.55
2013-07-23,90.2
2013-07-24,92.0
2013-07-25,93.4
2013-07-26,94.2
2013-07-29,94.6
2013-07-31,93.7
2013-08-01,93.2
2013-08-02,92.9
2013-08-05,92.53
2013-08-06,92.35
2013-08-07,92.0
2013-08-08,91.56
2013-08-12,90.51
2013-08-13,91.0
2013-08-15,90.21
2013-08-16,90.5
2013-08-19,90.25
2013-08-22,90.0
2013-08-23,90.0
2013-08-26,90.0
2013-08-27,88.6
2013-08-28,87.1
2013-08-29,86.91
2013-08-30,89.2
2013-09-02,91.0
2013-09-03,91.03
2013-09-04,91.1
2013-09-05,92.0
2013-09-06,92.0
2013-09-09,92.01
2013-09-10,92.9
2013-09-11,93.0
2013-09-12,93.0
2013-09-13,93.0
2013-09-16,93.5
2013-09-17,92.75
2013-09-18,92.5
2013-09-19,92.51
2013-09-20,92.31
2013-09-23,92.9
2013-09-24,94.0
2013-09-25,94.4
2013-09-26,94.5
2013-09-27,95.0
2013-09-30,95.0
2013-10-01,94.0
2013-10-02,93.55
2013-10-03,93.16
2013-10-04,94.98
2013-10-07,94.9
2013-10-08,96.98
2013-10-09,96.0
2013-10-10,96.0
2013-10-11,94.1
2013-10-14,93.8
2013-10-15,93.25
2013-10-21,93.35
2013-10-22,93.5
2013-10-23,93.9
2013-10-24,95.8
2013-10-25,96.0
2013-10-28,97.5
2013-10-29,99.0
2013-10-30,99.0
2013-10-31,99.01
2013-11-01,98.8
2013-11-04,98.0
2013-11-07,98.0
2013-11-08,96.8
2013-11-11,95.0
2013-11-12,94.3
2013-11-13,95.1
2013-11-14,95.12
2013-11-15,95.13
2013-11-19,95.0
2013-11-20,93.83
2013-11-21,93.56
2013-11-22,93.0
2013-11-25,94.0
2013-11-26,95.0
2013-11-27,96.0
2013-11-28,96.96
2013-11-29,95.7
2013-12-02,96.2
2013-12-03,98.0
2013-12-04,97.5
2013-12-05,97.05
2013-12-06,97.05
2013-12-09,97.0
2013-12-10,97.69
2013-12-11,97.9
2013-12-12,98.2
2013-12-13,96.51
2013-12-16,97.0
2013-12-17,96.5
2013-12-18,97.75
2013-12-19,98.0
2013-12-20,96.5
2013-12-23,97.8
2013-12-24,97.76
2013-12-25,96.0
2013-12-26,96.0
2013-12-27,97.0
2013-12-30,96.5
2013-12-31,96.0
2014-01-02,95.63
2014-01-03,97.0
2014-01-06,98.0
2014-01-07,98.25
2014-01-08,98.5
2014-01-09,98.65
2014-01-10,96.0
2014-01-13,97.0
2014-01-16,97.8
2014-01-17,98.0
2014-01-20,97.0
2014-01-21,98.0
2014-01-22,96.55
2014-01-23,96.55
2014-01-24,96.5
2014-01-27,97.6
2014-01-28,96.7
2014-01-29,98.0
2014-01-30,97.9
2014-01-31,97.03
2014-02-03,97.98
2014-02-04,97.96
2014-02-05,96.55
2014-02-06,96.32
2014-02-07,97.0
2014-02-10,96.98
2014-02-11,97.0
2014-02-12,97.99
2014-02-13,96.0
2014-02-14,97.0
2014-02-17,96.5
2014-02-18,97.8
2014-02-19,97.5
2014-02-20,97.35
2014-02-21,97.5
2014-02-24,97.51
2014-02-25,97.25
2014-02-26,97.49
2014-02-27,98.0
2014-02-28,102.0
2014-03-03,99.98
2014-03-04,99.08
2014-03-05,99.17
2014-03-06,99.89
2014-03-07,100.1
2014-03-10,100.95
2014-03-11,100.15
2014-03-12,99.66
2014-03-13,100.0
2014-03-14,99.7
2014-03-17,100.0
2014-03-18,99.9
2014-03-19,99.75
2014-03-20,99.9
2014-03-21,99.9
2014-03-24,99.99
2014-03-25,99.82
2014-03-26,102.0
2014-03-27,101.5
2014-03-28,100.1
2014-03-31,100.0
2014-04-01,101.2
2014-04-02,100.45
2014-04-03,100.0
2014-04-04,99.92
2014-04-07,102.0
2014-04-08,102.0
2014-04-09,102.0
2014-04-10,102.0
2014-04-11,102.0
2014-04-14,102.4
2014-04-15,101.8
2014-04-16,101.8
2014-04-17,101.0
2014-04-18,101.8
2014-04-21,101.95
2014-04-22,101.7
2014-04-23,102.0
2014-04-24,101.7
2014-04-25,101.55
2014-04-28,102.0
2014-04-29,101.0
2014-04-30,99.05
2014-05-02,99.7
2014-05-05,101.0
2014-05-06,100.95
2014-05-07,100.7
2014-05-08,100.3
2014-05-09,100.5
2014-05-12,101.0
2014-05-13,101.8
2014-05-14,101.95
2014-05-15,101.5
2014-05-16,101.5
2014-05-19,101.5
2014-05-20,101.5
2014-05-21,101.5
2014-05-22,101.5
2014-05-23,95.5
2014-05-26,96.6
2014-05-27,97.2
2014-05-28,97.6
2014-05-29,99.52
2014-05-30,98.5
2014-06-02,97.0
2014-06-03,96.49
2014-06-04,96.2
2014-06-05,96.2
2014-06-06,96.6
2014-06-09,96.6
2014-06-10,96.6
2014-06-11,96.65
2014-06-12,97.0
2014-06-13,96.65
2014-06-16,96.3
2014-06-17,96.05
2014-06-18,96.24
2014-06-19,95.5
2014-06-20,96.3
2014-06-23,95.01
2014-06-24,94.5
2014-06-25,94.65
2014-06-26,95.5
2014-06-27,95.0
2014-06-30,95.0
2014-07-01,95.0
2014-07-02,95.0
2014-07-03,96.0
2014-07-04,96.4
2014-07-07,98.5
2014-07-08,97.49
2014-07-09,96.51
2014-07-10,97.2
2014-07-11,97.55
2014-07-14,97.8
2014-07-15,97.65
2014-07-16,98.49
2014-07-17,97.65
2014-07-18,98.51
2014-07-21,98.84
2014-07-22,99.8
2014-07-23,101.25
2014-07-24,103.2
2014-07-25,102.6
2014-07-31,103.2
2014-08-01,103.8
2014-08-04,103.2
2014-08-05,104.0
2014-08-06,105.0
2014-08-07,105.0
2014-08-08,104.5
2014-08-11,105.0
2014-08-12,105.0
2014-08-13,105.1
2014-08-15,104.5
2014-08-18,104.25
2014-08-19,104.5
2014-08-22,103.7
2014-08-25,104.25
2014-08-26,104.25
2014-08-27,104.5
2014-08-28,105.1
2014-08-29,104.5
2014-09-01,104.6
2014-09-02,105.5
2014-09-03,106.4
2014-09-04,107.0
2014-09-05,108.3
2014-09-08,110.0
2014-09-09,111.7
2014-09-10,111.9
2014-09-11,111.6
2014-09-12,111.5
2014-09-15,112.0
2014-09-16,112.9
2014-09-17,113.0
2014-09-18,113.55
2014-09-19,115.2
2014-09-22,115.95
2014-09-23,115.5
2014-09-24,114.6
2014-09-25,114.7
2014-09-26,116.0
2014-09-29,119.0
2014-09-30,118.95
2014-10-01,119.95
2014-10-02,118.0
2014-10-03,117.4
2014-10-07,117.9
2014-10-08,116.9
2014-10-09,116.5
2014-10-10,116.55
2014-10-13,117.7
2014-10-14,118.1
2014-10-15,119.0
2014-10-16,117.95
2014-10-17,117.9
2014-10-20,117.0
2014-10-21,117.0
2014-10-22,117.45
2014-10-23,117.0
2014-10-24,117.1
2014-10-27,118.0
2014-10-28,118.3
2014-10-29,117.8
2014-10-30,117.85
2014-10-31,118.0
2014-11-03,119.2
2014-11-04,118.5
2014-11-05,118.5
2014-11-07,118.55
2014-11-10,118.0
2014-11-11,118.0
2014-11-12,117.5
2014-11-13,117.5
2014-11-14,118.0
2014-11-17,117.5
2014-11-19,116.1
2014-11-20,116.5
2014-11-21,116.5
2014-11-24,116.55
2014-11-25,115.55
2014-11-26,116.0
2014-11-27,116.0
2014-11-28,115.05
2014-12-01,116.5
2014-12-02,116.0
2014-12-03,116.45
2014-12-04,116.9
2014-12-05,116.5
2014-12-08,116.5
2014-12-09,116.45
2014-12-10,116.3
2014-12-11,115.4
2014-12-12,115.4
2014-12-15,115.0
2014-12-16,115.95
2014-12-17,116.1
2014-12-18,115.3
2014-12-19,115.0
2014-12-22,114.75
2014-12-23,115.5
2014-12-24,115.0
2014-12-25,114.6
2014-12-26,114.6
2014-12-29,113.55
2014-12-30,113.9
2014-12-31,113.8
2015-01-02,115.0
2015-01-06,114.75
2015-01-07,116.6
2015-01-08,117.6
2015-01-09,119.5
2015-01-12,121.0
2015-01-13,122.6
2015-01-14,124.0
2015-01-15,126.0
2015-01-16,126.0
2015-01-19,126.3
2015-01-20,127.35
2015-01-21,127.0
2015-01-22,127.0
2015-01-23,125.05
2015-01-26,125.15
2015-01-27,125.05
2015-01-28,125.85
2015-01-29,125.05
2015-01-30,126.95
2015-02-02,126.6
2015-02-03,127.0
2015-02-04,127.5
2015-02-05,127.8
2015-02-06,127.5
2015-02-09,126.85
2015-02-10,127.0
2015-02-11,129.0
2015-02-12,127.9
2015-02-13,127.25
2015-02-16,128.0
2015-02-17,127.5
2015-02-18,127.65
2015-02-19,128.95
2015-02-20,130.55
2015-02-23,131.05
2015-02-24,131.1
2015-02-25,132.0
2015-02-26,131.75
2015-02-27,132.7
2015-03-02,132.0
2015-03-03,132.2
2015-03-04,132.5
2015-03-05,132.4
2015-03-06,133.5
2015-03-09,134.05
2015-03-10,134.0
2015-03-11,133.75
2015-03-12,133.0
2015-03-13,133.0
2015-03-16,132.55
2015-03-17,132.4
2015-03-18,131.75
2015-03-19,131.25
2015-03-20,131.25
2015-03-23,131.1
2015-03-24,132.45
2015-03-25,132.85
2015-03-26,132.55
2015-03-27,132.0
2015-03-30,133.4
2015-03-31,133.0
2015-04-01,132.75
2015-04-02,131.95
2015-04-03,130.1
2015-04-06,130.05
2015-04-07,130.0
2015-04-08,129.9
2015-04-09,129.9
2015-04-10,130.0
2015-04-13,130.6
2015-04-14,130.6
2015-04-15,130.6
2015-04-16,126.9
2015-04-17,125.05
2015-04-20,126.05
2015-04-21,126.05
2015-04-22,127.25
2015-04-23,127.25
2015-04-24,127.5
2015-04-27,127.65
2015-04-28,128.3
2015-04-29,128.9
2015-04-30,128.9
2015-05-04,129.0
2015-05-05,128.9
2015-05-06,128.7
2015-05-07,127.85
2015-05-08,127.6
2015-05-11,127.25
2015-05-12,126.8
2015-05-13,127.0
2015-05-14,127.05
2015-05-15,127.55
2015-05-18,127.5
2015-05-19,127.85
2015-05-20,127.5
2015-05-21,125.6
2015-05-22,119.0
2015-05-25,119.0
2015-05-26,117.0
2015-05-27,115.9
2015-05-28,116.5
2015-05-29,116.95
2015-06-01,115.7
2015-06-02,116.0
2015-06-03,116.0
2015-06-04,115.85
2015-06-05,115.65
2015-06-08,114.5
2015-06-09,107.95
2015-06-10,108.5
2015-06-11,108.55
2015-06-12,108.7
2015-06-15,108.5
2015-06-16,105.75
2015-06-17,105.0
2015-06-18,105.1
2015-06-19,106.5
2015-06-22,107.0
2015-06-23,107.3
2015-06-24,107.1
2015-06-25,107.2
2015-06-26,107.35
2015-06-29,107.3
2015-06-30,107.8
2015-07-01,110.1
2015-07-02,109.6
2015-07-03,111.5
2015-07-06,111.5
2015-07-07,111.9
2015-07-08,113.0
2015-07-09,113.4
2015-07-10,115.0
2015-07-13,115.3
2015-07-14,116.5
2015-07-15,117.0
2015-07-16,116.95
2015-07-20,117.5
2015-07-21,116.75
2015-07-22,116.0
2015-07-23,115.0
2015-07-24,115.15
2015-07-27,115.7
2015-07-28,117.0
2015-07-29,117.4
2015-07-31,117.1
2015-08-03,117.9
2015-08-04,119.9
2015-08-05,119.7
2015-08-06,118.0
2015-08-07,117.5
2015-08-10,117.0
2015-08-11,115.75
2015-08-12,115.3
2015-08-13,115.15
2015-08-17,114.85
2015-08-18,114.45
2015-08-19,115.0
2015-08-24,113.3
2015-08-25,112.0
2015-08-26,110.0
2015-08-27,112.5
2015-08-28,112.55
2015-08-31,111.2
2015-09-01,109.65
2015-09-02,111.0
2015-09-03,111.3
2015-09-04,111.8
2015-09-07,111.5
2015-09-08,111.0
2015-09-09,110.9
2015-09-10,112.7
2015-09-11,112.4
2015-09-14,112.75
2015-09-15,112.2
2015-09-16,112.0
2015-09-17,111.2
2015-09-18,110.5
2015-09-21,110.0
2015-09-22,110.6
2015-09-23,110.6
2015-09-28,110.6
2015-09-29,110.65
2015-09-30,110.0
2015-10-01,110.5
2015-10-02,110.5
2015-10-05,109.7
2015-10-06,107.8
2015-10-07,106.5
2015-10-08,107.4
2015-10-09,107.4
2015-10-12,107.95
2015-10-13,107.5
2015-10-14,107.9
2015-10-16,107.5
2015-10-19,107.9
2015-10-20,108.9
2015-10-21,108.5
2015-10-22,108.35
2015-10-23,108.35
2015-10-26,109.0
2015-10-27,109.05
2015-10-28,110.2
2015-10-29,109.75
2015-10-30,109.85
2015-11-02,110.9
2015-11-03,111.0
2015-11-04,112.05
2015-11-05,113.6
2015-11-09,115.05
2015-11-10,116.0
2015-11-11,116.0
2015-11-12,116.1
2015-11-13,116.0
2015-11-16,115.05
2015-11-17,114.55
2015-11-19,114.55
2015-11-20,114.0
2015-11-23,111.8
2015-11-24,111.85
2015-11-25,112.1
2015-11-26,112.5
2015-11-27,112.8
2015-11-30,116.5
2015-12-01,114.3
2015-12-02,114.3
2015-12-03,113.95
2015-12-04,113.75
2015-12-07,113.5
2015-12-08,113.1
2015-12-09,112.0
2015-12-10,111.5
2015-12-11,111.0
2015-12-14,111.0
2015-12-15,110.5
2015-12-16,110.5
2015-12-17,110.0
2015-12-18,110.0
2015-12-21,111.0
2015-12-22,110.95
2015-12-23,111.45
2015-12-28,110.35
2015-12-29,111.5
2015-12-30,111.45
2015-12-31,111.65
2016-01-04,112.0
2016-01-05,112.0
2016-01-06,111.65
2016-01-07,111.7
2016-01-08,112.3
2016-01-12,112.0
2016-01-13,112.0
2016-01-14,112.2
2016-01-15,112.7
2016-01-18,112.7
2016-01-19,113.5
2016-01-20,113.5
2016-01-21,113.5
2016-01-22,113.6
2016-01-25,113.55
2016-01-26,115.0
2016-01-27,115.5
2016-01-28,116.0
2016-01-29,115.75
2016-02-01,115.4
2016-02-02,116.05
2016-02-03,115.8
2016-02-04,116.5
2016-02-05,116.15
2016-02-08,116.0
2016-02-09,116.0
2016-02-10,116.25
2016-02-11,116.25
2016-02-12,116.25
2016-02-15,117.0
2016-02-16,119.5
2016-02-17,118.25
2016-02-18,118.3
2016-02-19,119.4
2016-02-22,119.05
2016-02-23,118.9
2016-02-24,118.8
2016-02-25,118.25
2016-02-26,117.5
2016-02-29,115.6
2016-03-01,115.65
2016-03-02,117.0
2016-03-03,117.5
2016-03-04,117.0
2016-03-07,117.8
2016-03-08,117.9
2016-03-09,117.6
2016-03-10,118.5
2016-03-11,118.25
2016-03-14,118.2
2016-03-15,118.2
2016-03-16,118.0
2016-03-17,118.3
2016-03-18,118.4
2016-03-21,118.45
2016-03-22,122.0
2016-03-23,124.8
2016-03-24,123.85
2016-03-25,121.2
2016-03-28,121.0
2016-03-29,119.65
2016-03-30,119.65
2016-03-31,120.2
2016-04-01,120.3
2016-04-04,122.05
2016-04-05,124.5
2016-04-06,126.0
2016-04-07,125.3
2016-04-08,124.5
2016-04-11,124.5
2016-04-12,124.0
2016-04-13,124.05
2016-04-14,124.6
2016-04-15,126.0
2016-04-18,126.0
2016-04-19,126.0
2016-04-20,125.75
2016-04-21,125.55
2016-04-22,125.5
2016-04-25,127.0
2016-04-26,129.0
2016-04-27,129.6
2016-04-28,129.9
2016-04-29,132.5
2016-05-02,132.5
2016-05-03,132.55
2016-05-04,133.4
2016-05-05,135.6
2016-05-06,136.3
2016-05-09,136.7
2016-05-10,136.2
2016-05-11,135.85
2016-05-12,134.5
2016-05-13,132.0
2016-05-16,131.55
2016-05-17,130.0
2016-05-18,129.1
2016-05-19,130.0
2016-05-20,131.15
2016-05-23,130.0
2016-05-24,122.8
2016-05-25,121.9
2016-05-26,121.75
2016-05-27,122.9
2016-05-30,122.9
2016-05-31,122.9
2016-06-01,122.55
2016-06-02,123.0
2016-06-03,122.75
2016-06-06,122.7
2016-06-07,122.75
2016-06-08,122.5
2016-06-09,122.6
2016-06-10,123.0
2016-06-13,122.45
2016-06-14,122.0
2016-06-15,122.8
2016-06-16,121.5
2016-06-17,121.55
2016-06-20,121.2
2016-06-21,121.25
2016-06-22,121.15
2016-06-23,121.15
2016-06-24,121.2
2016-06-27,120.0
2016-06-28,120.35
2016-06-29,119.95
2016-06-30,118.75
2016-07-01,120.0
2016-07-04,121.4
2016-07-05,121.7
2016-07-11,121.85
2016-07-12,124.0
2016-07-13,124.65
2016-07-14,127.0
2016-07-15,125.75
2016-07-18,125.75
2016-07-19,126.0
2016-07-20,125.65
2016-07-21,126.0
2016-07-22,126.0
2016-07-25,127.0
2016-07-26,127.0
2016-07-27,127.2
2016-07-28,127.1
2016-07-29,127.25
2016-08-01,127.2
2016-08-02,127.65
2016-08-03,128.5
2016-08-04,128.6
2016-08-05,129.5
2016-08-08,129.7
2016-08-09,129.0
2016-08-10,129.05
2016-08-11,129.65
2016-08-12,129.0
2016-08-15,129.0
2016-08-16,129.0
2016-08-17,129.25
2016-08-18,128.75
2016-08-19,127.5
2016-08-22,126.95
2016-08-23,126.75
2016-08-24,127.4
2016-08-25,127.3
2016-08-26,127.3
2016-08-29,127.0
2016-08-30,127.0
2016-08-31,126.5
2016-09-01,126.75
2016-09-02,126.75
2016-09-05,126.45
2016-09-06,127.45
2016-09-07,127.8
2016-09-08,128.0
2016-09-09,128.05
2016-09-14,127.8
2016-09-15,127.8
2016-09-16,127.25
2016-09-19,127.2
2016-09-20,127.0
2016-09-21,127.0
2016-09-22,127.5
2016-09-23,127.5
2016-09-26,127.0
2016-09-27,127.0
2016-09-28,126.9
2016-09-29,127.95
2016-09-30,127.55
2016-10-04,127.5
2016-10-05,128.0
2016-10-06,128.05
2016-10-07,129.15
2016-10-10,130.65
2016-10-11,131.1
2016-10-12,131.0
2016-10-13,131.5
2016-10-14,131.2
2016-10-17,131.5
2016-10-18,131.5
2016-10-19,131.2
2016-10-20,131.9
2016-10-21,131.5
2016-10-24,131.8
2016-10-25,132.0
2016-10-26,132.7
2016-10-27,133.0
2016-10-28,133.05
2016-10-31,133.5
2016-11-01,133.8
2016-11-02,134.0
2016-11-03,134.0
2016-11-04,134.2
2016-11-07,135.8
2016-11-08,136.05
2016-11-09,135.55
2016-11-10,134.0
2016-11-11,133.0
2016-11-14,133.05
2016-11-15,133.05
2016-11-16,133.4
2016-11-17,133.4
2016-11-21,132.4
2016-11-22,132.95
2016-11-23,133.1
2016-11-24,133.5
2016-11-25,133.4
2016-11-28,133.95
2016-11-29,133.75
2016-11-30,133.4
2016-12-01,134.0
2016-12-02,134.0
2016-12-05,135.0
2016-12-06,135.25
2016-12-07,136.05
2016-12-08,136.45
2016-12-09,139.0
2016-12-14,138.7
2016-12-15,140.75
2016-12-16,143.6
2016-12-19,146.0
2016-12-20,144.25
2016-12-21,141.5
2016-12-22,145.0
2016-12-23,149.5
2016-12-26,146.5
2016-12-27,146.0
2016-12-28,146.05
2016-12-29,144.0
2016-12-30,142.0
2017-01-02,140.4
2017-01-03,142.25
2017-01-04,145.0
2017-01-05,148.2
2017-01-06,150.0
2017-01-09,155.0
2017-01-10,158.0
2017-01-12,158.0
2017-01-13,155.0
2017-01-16,152.2
2017-01-17,152.65
2017-01-18,153.4
2017-01-19,153.5
2017-01-20,156.85
2017-01-23,154.1
2017-01-24,155.0
2017-01-25,154.8
2017-01-26,153.0
2017-01-27,154.0
2017-01-30,152.35
2017-01-31,152.5
2017-02-01,150.05
2017-02-02,148.15
2017-02-03,148.0
2017-02-06,147.8
2017-02-07,146.5
2017-02-08,147.95
2017-02-09,148.5
2017-02-10,147.0
2017-02-13,148.35
2017-02-14,147.0
2017-02-15,147.0
2017-02-16,147.0
2017-02-17,146.1
2017-02-20,145.9
2017-02-21,146.1
2017-02-22,140.0
2017-02-23,139.5
2017-02-24,140.0
2017-02-27,142.0
2017-02-28,145.15
2017-03-01,143.15
2017-03-02,144.95
2017-03-03,143.5
2017-03-06,143.2
2017-03-07,143.0
2017-03-08,142.8
2017-03-09,142.85
2017-03-10,143.1
2017-03-13,143.1
2017-03-14,145.2
2017-03-15,142.6
2017-03-16,140.3
2017-03-17,140.25
2017-03-20,140.4
2017-03-21,141.0
2017-03-22,140.75
2017-03-23,139.6
2017-03-24,136.9
2017-03-27,137.5
2017-03-28,137.3
2017-03-29,137.3
2017-03-30,137.2
2017-03-31,137.3
2017-04-03,136.9
2017-04-04,136.3
2017-04-05,136.0
2017-04-06,135.0
2017-04-07,135.05
2017-04-10,135.0
2017-04-11,134.6
2017-04-12,134.6
2017-04-13,134.0
2017-04-14,134.3
2017-04-17,136.5
2017-04-18,136.55
2017-04-19,136.45
2017-04-20,136.45
2017-04-21,136.3
2017-04-24,137.75
2017-04-25,136.5
2017-04-26,136.4
2017-04-27,137.2
2017-04-28,138.65
2017-05-02,139.0
2017-05-03,139.0
2017-05-04,139.0
2017-05-05,139.0
2017-05-08,140.0
2017-05-09,139.0
2017-05-10,138.7
2017-05-11,139.0
2017-05-12,140.0
2017-05-15,139.9
2017-05-16,138.75
2017-05-17,139.0
2017-05-18,139.0
2017-05-19,138.4
2017-05-22,138.2
2017-05-23,135.2
2017-05-24,131.95
2017-05-25,131.95
2017-05-26,131.75
2017-05-29,131.5
2017-05-30,131.5
2017-05-31,131.5
2017-06-01,131.7
2017-06-02,132.9
2017-06-05,133.0
2017-06-06,133.15
2017-06-07,134.2
2017-06-08,134.2
2017-06-09,134.8
2017-06-12,135.2
2017-06-13,136.0
2017-06-14,136.35
2017-06-15,136.0
2017-06-16,136.5
2017-06-19,137.9
2017-06-20,138.65
2017-06-21,139.65
2017-06-22,140.1
2017-06-23,140.55
2017-06-28,141.5
2017-06-29,142.0
2017-06-30,140.45
2017-07-03,140.45
2017-07-04,140.0
2017-07-05,139.5
2017-07-06,139.5
2017-07-07,139.95
2017-07-10,139.4
2017-07-11,139.5
2017-07-12,139.7
2017-07-13,139.75
2017-07-14,139.5
2017-07-17,139.5
2017-07-18,139.0
2017-07-19,137.5
2017-07-20,136.15
2017-07-21,136.3
2017-07-24,136.5
2017-07-25,137.55
2017-07-26,138.0
2017-07-27,137.2
2017-07-28,137.4
2017-07-31,136.5
2017-08-01,136.4
2017-08-02,135.7
2017-08-03,135.2
2017-08-04,135.35
2017-08-07,136.0
2017-08-08,136.5
2017-08-09,137.0
2017-08-10,137.0
2017-08-11,137.0
2017-08-15,135.95
2017-08-16,135.75
2017-08-17,135.75
2017-08-18,136.5
2017-08-22,136.1
2017-08-23,136.25
2017-08-24,136.6
2017-08-25,137.0
2017-08-28,137.8
2017-08-29,137.75
2017-08-30,137.5
2017-08-31,137.75
2017-09-04,137.5
2017-09-05,137.3
2017-09-06,137.4
2017-09-07,137.7
2017-09-08,137.65
2017-09-11,137.85
2017-09-12,138.2
2017-09-13,139.9
2017-09-14,140.0
2017-09-15,139.7
2017-09-18,139.2
2017-09-19,138.85
2017-09-20,138.2
2017-09-21,138.2
2017-09-25,137.95
2017-09-26,138.0
2017-09-27,137.9
2017-09-28,137.6
2017-09-29,137.1
2017-10-02,137.15
2017-10-03,138.0
2017-10-04,138.6
2017-10-05,137.5
2017-10-06,137.15
2017-10-09,137.5
2017-10-10,137.5
2017-10-11,137.7
2017-10-12,137.5
2017-10-13,137.7
2017-10-16,137.0
2017-10-17,137.0
2017-10-18,137.15
2017-10-19,136.95
2017-10-20,135.8
2017-10-23,136.0
2017-10-24,135.95
2017-10-25,135.9
2017-10-26,135.9
2017-10-27,135.7
2017-10-30,135.55
2017-10-31,135.3
2017-11-01,136.3
2017-11-02,136.2
2017-11-03,136.95
2017-11-07,136.8
2017-11-08,137.3
2017-11-09,138.0
2017-11-10,139.9
2017-11-13,142.0
2017-11-14,141.5
2017-11-15,141.2
2017-11-16,140.0
2017-11-17,139.5
2017-11-20,139.15
2017-11-21,138.4
2017-11-22,138.7
2017-11-23,138.45
2017-11-24,138.75
2017-11-27,138.65
2017-11-28,138.7
2017-11-29,138.65
2017-11-30,137.3
2017-12-04,137.0
2017-12-05,137.55
2017-12-06,136.0
2017-12-07,136.2
2017-12-08,136.05
2017-12-11,135.9
2017-12-12,137.0
2017-12-13,137.9
2017-12-14,137.9
2017-12-15,137.0
2017-12-18,135.85
2017-12-19,135.85
2017-12-20,136.0
2017-12-21,135.75
2017-12-22,135.85
2017-12-25,135.85
2017-12-26,135.9
2017-12-27,136.0
2017-12-28,137.5
2017-12-29,134.0
2018-01-02,136.85
2018-01-03,138.05
2018-01-04,140.0
2018-01-05,140.5
2018-01-08,140.25
2018-01-09,140.0
2018-01-10,140.0
2018-01-12,140.0
2018-01-15,144.0
2018-01-16,150.0
2018-01-17,149.0
2018-01-18,148.05
2018-01-19,148.4
2018-01-22,147.95
2018-01-23,147.8
2018-01-24,147.55
2018-01-25,147.3
2018-01-26,147.1
2018-01-29,147.5
2018-01-30,147.7
2018-01-31,147.7
2018-02-01,149.9
2018-02-02,149.5
2018-02-05,148.0
2018-02-06,146.5
2018-02-07,145.0
2018-02-08,145.15
2018-02-09,146.0
2018-02-12,146.0
2018-02-13,146.55
2018-02-14,146.0
2018-02-15,146.25
2018-02-16,147.05
2018-02-19,150.8
2018-02-20,149.95
2018-02-21,148.5
2018-02-22,148.55
2018-02-23,149.0
2018-02-26,150.0
2018-02-27,151.0
2018-02-28,148.55
2018-03-01,150.2
2018-03-02,150.5
2018-03-05,150.25
2018-03-06,150.5
2018-03-07,150.55
2018-03-08,151.0
2018-03-09,151.55
2018-03-12,151.65
2018-03-13,151.4
2018-03-14,150.85
2018-03-15,151.0
2018-03-16,150.5
2018-03-19,150.75
2018-03-20,150.5
2018-03-21,149.2
2018-03-22,148.0
2018-03-23,149.0
2018-03-26,148.9
2018-03-27,149.0
2018-03-28,148.85
2018-03-29,148.75
2018-03-30,148.75
2018-04-02,148.1
2018-04-03,148.45
2018-04-04,148.6
2018-04-05,148.7
2018-04-06,148.9
2018-04-09,148.55
2018-04-10,148.55
2018-04-11,148.55
2018-04-12,149.0
2018-04-13,149.5
2018-04-16,149.55
2018-04-17,150.0
2018-04-18,150.0
2018-04-19,150.8
2018-04-20,152.1
2018-04-23,153.0
2018-04-24,153.8
2018-04-25,153.8
2018-04-26,153.8
2018-04-27,154.4
2018-04-30,157.9
2018-05-02,155.0
2018-05-03,155.5
2018-05-04,155.5
2018-05-07,155.5
2018-05-08,155.75
2018-05-09,155.55
2018-05-10,155.2
2018-05-11,154.85
2018-05-14,153.5
2018-05-15,152.0
2018-05-16,151.25
2018-05-17,151.0
2018-05-18,150.5
2018-05-21,150.0
2018-05-22,149.45
2018-05-23,148.25
2018-05-24,148.6
2018-05-25,141.6
2018-05-28,142.0
2018-05-29,141.55
2018-05-30,143.1
2018-05-31,143.1
2018-06-01,143.15
2018-06-04,144.05
2018-06-05,144.0
2018-06-06,144.2
2018-06-07,147.0
2018-06-08,146.0
2018-06-11,146.9
2018-06-12,146.7
2018-06-13,146.5
2018-06-14,145.0
2018-06-18,144.9
2018-06-19,144.0
2018-06-20,143.8
2018-06-21,143.3
2018-06-22,142.85
2018-06-25,142.0
2018-06-26,139.75
2018-06-27,140.0
2018-06-28,139.75
2018-06-29,138.5
2018-07-02,139.0
2018-07-03,138.05
2018-07-04,137.5
2018-07-05,137.5
2018-07-06,137.7
2018-07-09,138.0
2018-07-10,138.0
2018-07-11,137.0
2018-07-12,137.5
2018-07-13,136.75
2018-07-16,136.75
2018-07-17,136.25
2018-07-18,136.85
2018-07-19,136.35
2018-07-20,136.3
2018-07-23,141.0
2018-07-24,142.5
2018-07-25,142.5
2018-07-26,142.75
2018-07-27,142.75
2018-07-31,142.3
2018-08-01,141.95
2018-08-02,142.5
2018-08-03,142.5
2018-08-06,142.5
2018-08-07,142.55
2018-08-08,142.75
2018-08-09,142.0
2018-08-10,142.0
2018-08-13,141.0
2018-08-15,141.8
2018-08-16,141.0
2018-08-17,142.0
2018-08-24,141.95
2018-08-27,142.1
2018-08-28,143.5
2018-08-29,142.8
2018-08-30,142.25
2018-08-31,141.7
2018-09-03,140.7
2018-09-04,139.95
2018-09-05,139.0
2018-09-06,139.0
2018-09-07,139.2
2018-09-10,139.3
2018-09-12,139.3
2018-09-13,139.3
2018-09-14,139.7
2018-09-17,140.0
2018-09-18,140.0
2018-09-19,140.2
2018-09-20,140.25
2018-09-21,141.05
2018-09-24,141.0
2018-09-25,141.75
2018-09-26,141.5
2018-09-27,142.6
2018-09-28,142.6
2018-10-01,142.5
2018-10-02,142.5
2018-10-03,142.5
2018-10-04,143.4
2018-10-05,144.0
2018-10-08,143.25
2018-10-09,143.05
2018-10-10,143.0
2018-10-11,142.65
2018-10-12,142.55
2018-10-15,142.65
2018-10-16,142.9
2018-10-17,143.6
2018-10-18,143.7
2018-10-19,143.95
2018-10-22,145.25
2018-10-23,145.4
2018-10-24,145.0
2018-10-25,144.35
2018-10-26,141.7
2018-10-29,140.0
2018-10-30,138.1
2018-10-31,138.2
2018-11-01,139.0
2018-11-02,139.0
2018-11-05,140.0
2018-11-07,139.3
2018-11-08,139.3
2018-11-09,140.0
2018-11-12,139.5
2018-11-13,139.5
2018-11-14,139.5
2018-11-15,139.7
2018-11-16,139.1
2018-11-19,139.9
2018-11-22,139.0
2018-11-23,138.6
2018-11-26,139.9
2018-11-27,139.9
2018-11-28,139.75
2018-11-29,140.5
2018-11-30,140.5
2018-12-03,139.95
2018-12-04,140.4
2018-12-05,141.0
2018-12-06,141.0
2018-12-07,140.65
2018-12-10,140.05
2018-12-11,140.35
2018-12-12,140.4
2018-12-13,141.35
2018-12-14,141.0
2018-12-17,141.0
2018-12-18,141.2
2018-12-19,141.2
2018-12-20,140.9
2018-12-21,140.4
2018-12-24,140.4
2018-12-25,140.35
2018-12-26,141.0
2018-12-27,141.0
2018-12-28,140.55
2018-12-31,141.5
2019-01-02,141.4
2019-01-03,141.55
2019-01-04,141.6
2019-01-07,141.65
2019-01-08,142.0
2019-01-09,142.0
2019-01-10,142.4
2019-01-14,142.25
2019-01-15,144.85
2019-01-16,144.5
2019-01-17,148.0
2019-01-18,147.15
2019-01-21,147.0
2019-01-22,147.55
2019-01-23,148.5
2019-01-24,149.0
2019-01-25,149.0
2019-01-28,149.3
2019-01-29,151.8
2019-01-30,151.6
2019-01-31,148.65
2019-02-01,149.5
2019-02-04,151.0
2019-02-05,150.1
2019-02-06,150.4
2019-02-07,149.85
2019-02-08,151.05
2019-02-11,151.9
2019-02-12,155.0
2019-02-13,154.0
2019-02-14,152.5
2019-02-15,151.0
2019-02-18,153.2
2019-02-19,152.9
2019-02-20,151.8
2019-02-21,151.25
2019-02-22,150.8
2019-02-25,151.0
2019-02-26,150.55
2019-02-27,149.5
2019-02-28,147.55
2019-03-01,147.7
2019-03-04,148.5
2019-03-05,148.95
2019-03-06,147.0
2019-03-07,147.0
2019-03-08,147.0
2019-03-11,146.95
2019-03-12,147.9
2019-03-13,147.0
2019-03-14,146.8
2019-03-15,145.55
2019-03-18,145.95
2019-03-19,147.25
2019-03-20,147.9
2019-03-21,147.5
2019-03-22,145.5
2019-03-25,147.95
2019-03-26,146.8
2019-03-27,147.0
2019-03-28,147.8
2019-03-29,143.5
2019-04-01,145.0
2019-04-02,146.8
2019-04-03,146.0
2019-04-04,146.0
2019-04-05,145.0
2019-04-08,146.9
2019-04-09,146.95
2019-04-10,146.0
2019-04-11,146.0
2019-04-12,146.55
2019-04-15,147.0
2019-04-16,147.0
2019-04-17,146.5
2019-04-18,147.0
2019-04-19,146.5
2019-04-22,146.5
2019-04-23,146.0
2019-04-24,146.1
2019-04-25,146.15
2019-04-26,146.95
2019-04-29,146.6
2019-04-30,146.5
2019-05-02,146.6
2019-05-03,146.4
2019-05-06,146.9
2019-05-07,146.55
2019-05-08,146.55
2019-05-09,147.0
2019-05-10,147.2
2019-05-13,147.2
2019-05-14,147.55
2019-05-15,148.5
2019-05-16,149.5
2019-05-17,148.0
2019-05-20,148.0
2019-05-21,147.0
2019-05-22,145.9
2019-05-23,144.5
2019-05-24,137.0
2019-05-27,137.8
2019-05-28,139.0
2019-05-29,139.25
2019-05-30,137.8
2019-05-31,135.75
2019-06-03,135.75
2019-06-12,130.25
2019-06-13,131.1
2019-06-14,132.9
2019-06-17,137.0
2019-06-18,143.05
2019-06-19,141.0
2019-06-20,144.8
2019-06-21,142.0
2019-06-24,141.0
2019-06-25,139.55
2019-06-26,140.6
2019-06-27,140.0
2019-06-28,139.0
2019-07-01,139.1
2019-07-02,138.9
2019-07-03,139.0
2019-07-04,138.0
2019-07-05,138.0
2019-07-08,136.0
2019-07-09,136.1
2019-07-10,136.55
2019-07-11,139.0
2019-07-12,139.4
2019-07-15,139.8
2019-07-16,141.0
2019-07-17,142.7
2019-07-18,141.0
2019-07-19,141.9
2019-07-22,141.9
2019-07-23,141.8
2019-07-24,142.5
2019-07-25,142.7
2019-07-26,143.1
2019-07-29,143.85
2019-07-31,144.75
2019-08-01,144.1
2019-08-02,145.0
2019-08-05,144.3
2019-08-06,143.95
2019-08-07,144.0
2019-08-08,143.8
2019-08-09,143.55
2019-08-15,144.0
2019-08-16,144.45
2019-08-19,144.45
2019-08-22,144.3
2019-08-23,145.25
2019-08-26,145.8
2019-08-27,146.0
2019-08-28,145.15
2019-08-29,145.7
2019-08-30,145.15
2019-09-02,145.0
2019-09-03,145.0
2019-09-04,144.7
2019-09-05,143.55
2019-09-06,143.5
2019-09-09,143.5
2019-09-10,143.0
2019-09-11,142.6
2019-09-12,142.6
2019-09-13,143.1
2019-09-16,142.5
2019-09-17,142.6
2019-09-18,142.0
2019-09-19,141.0
2019-09-20,140.5
2019-09-23,140.0
2019-09-24,140.0
2019-09-25,142.0
2019-09-26,141.95
2019-09-27,141.3
2019-09-30,142.0
2019-10-01,142.5
2019-10-02,142.3
2019-10-03,142.0
2019-10-04,141.75
2019-10-07,141.75
2019-10-08,141.75
2019-10-09,141.25
2019-10-10,140.75
2019-10-11,140.65
2019-10-14,140.6
2019-10-15,140.8
2019-10-16,140.9
2019-10-17,141.4
2019-10-18,143.0
2019-10-21,143.05
2019-10-22,143.75
2019-10-23,144.2
2019-10-24,143.7
2019-10-25,143.5
2019-10-28,142.9
2019-10-29,143.0
2019-10-30,143.25
2019-10-31,143.5
2019-11-01,143.55
2019-11-04,143.5
2019-11-05,143.55
2019-11-07,144.0
2019-11-08,144.0
2019-11-12,143.8
2019-11-13,143.75
2019-11-14,143.6
2019-11-15,144.0
2019-11-19,144.0
2019-11-20,144.55
2019-11-21,146.0
2019-11-22,147.5
2019-11-25,147.0
2019-11-26,148.05
2019-11-27,148.5
2019-11-28,149.1
2019-11-29,149.9
2019-12-02,148.35
2019-12-03,147.5
2019-12-04,147.5
2019-12-05,147.55
2019-12-06,148.75
2019-12-09,148.45
2019-12-10,149.5
2019-12-11,150.8
2019-12-12,150.5
2019-12-13,151.3
2019-12-16,150.1
2019-12-17,152.8
2019-12-18,152.75
2019-12-19,152.75
2019-12-20,154.0
2019-12-23,155.15
2019-12-24,156.2
2019-12-25,155.4
2019-12-26,153.0
2019-12-27,153.0
2019-12-30,152.7
2019-12-31,153.0
2020-01-02,153.5
2020-01-03,154.5
2020-01-06,153.6
2020-01-07,153.95
2020-01-08,155.0
2020-01-09,157.0
2020-01-10,155.9
2020-01-13,155.25
2020-01-14,157.0
2020-01-15,156.0
2020-01-16,157.1
2020-01-17,156.9
2020-01-20,157.0
2020-01-21,157.4
2020-01-22,158.0
2020-01-23,157.65
2020-01-24,157.0
2020-01-27,156.65
2020-01-28,155.5
2020-01-29,156.0
2020-01-30,155.0
2020-01-31,155.5
2020-02-03,143.8
2020-02-04,146.1
2020-02-05,146.1
2020-02-06,142.15
2020-02-07,142.0
2020-02-10,141.9
2020-02-11,138.1
2020-02-12,139.15
2020-02-13,142.95
2020-02-14,145.0
2020-02-17,143.0
2020-02-18,142.8
2020-02-19,142.8
2020-02-20,142.7
2020-02-21,151.0
2020-02-24,150.5
2020-02-25,150.6
2020-02-26,149.7
2020-02-27,149.0
2020-02-28,148.6
2020-03-02,147.2
2020-03-03,144.55
2020-03-04,143.65
2020-03-05,143.35
2020-03-06,141.9
2020-03-09,135.5
2020-03-10,142.6
2020-03-11,139.95
2020-03-12,133.85
2020-03-13,135.0
2020-03-16,122.05
2020-03-17,117.3
2020-03-18,112.65
2020-03-19,117.15
2020-03-20,121.8
2020-03-23,126.65
2020-03-24,131.7
2020-03-25,128.9
2020-03-26,126.0
2020-03-27,129.05
2020-03-30,128.0
2020-03-31,127.0
2020-04-01,125.0
2020-04-02,124.9
2020-04-03,125.0
2020-04-06,123.0
2020-04-07,121.6
2020-04-08,126.0
2020-04-09,127.0
2020-04-10,128.0
2020-04-13,129.0
2020-04-14,128.0
2020-04-15,126.0
2020-04-16,125.6
2020-04-17,124.5
2020-04-20,125.0
2020-04-21,125.1
2020-04-22,125.0
2020-04-23,126.85
2020-04-24,126.5
2020-04-27,127.3
2020-04-28,128.05
2020-04-29,130.0
2020-04-30,128.7
2020-05-04,128.8
2020-05-05,131.75
2020-05-06,133.0
2020-05-07,133.7
2020-05-08,131.55
2020-05-11,130.05
2020-05-12,129.05
2020-05-13,128.5
2020-05-14,129.5
2020-05-15,131.0
2020-05-18,133.85
2020-05-19,133.95
2020-05-20,133.65
2020-05-21,133.65
2020-05-22,134.5
2020-05-26,135.55
2020-05-27,136.0
2020-05-28,135.0
2020-05-29,133.5
2020-06-01,134.1
2020-06-02,134.0
2020-06-03,135.2
2020-06-04,135.5
2020-06-05,134.7
2020-06-08,134.7
2020-06-09,134.45
2020-06-10,134.0
2020-06-11,132.75
2020-06-12,133.0
2020-06-15,134.0
2020-06-16,135.0
2020-06-17,140.35
2020-06-18,140.5
2020-06-19,140.5
2020-06-22,140.5
2020-06-23,140.1
2020-06-24,138.7
2020-06-25,137.55
2020-06-26,137.35
2020-06-29,138.5
2020-06-30,139.0
2020-07-01,139.0
2020-07-02,139.05
2020-07-03,138.0
2020-07-06,138.0
2020-07-07,136.3
2020-07-08,136.05
2020-07-09,138.0
2020-07-10,136.75
2020-07-13,137.5
2020-07-14,137.55
2020-07-15,141.5
2020-07-16,142.1
2020-07-17,142.0
2020-07-20,141.35
2020-07-21,141.15
2020-07-22,140.0
2020-07-23,140.5
2020-07-24,140.45
2020-07-27,139.25
2020-07-28,139.5
2020-07-29,138.5
2020-08-03,131.95
2020-08-04,133.1
2020-08-05,134.2
2020-08-06,135.0
2020-08-07,135.0
2020-08-10,135.05
2020-08-11,135.15
2020-08-12,135.0
2020-08-13,135.1
2020-08-17,135.1
2020-08-18,135.05
2020-08-19,135.1
2020-08-24,136.05
2020-08-25,137.5
2020-08-26,139.0
2020-08-27,137.7
2020-08-28,137.0
2020-08-31,139.5
2020-09-01,141.0
2020-09-02,140.5
2020-09-03,140.1
2020-09-04,139.1
2020-09-07,138.6
2020-09-08,138.15
2020-09-09,139.4
2020-09-10,139.0
2020-09-11,138.6
2020-09-14,137.4
2020-09-15,137.4
2020-09-16,136.7
2020-09-17,136.45
2020-09-18,136.7
2020-09-21,136.55
2020-09-22,136.75
2020-09-23,137.7
2020-09-24,136.1
2020-09-25,135.95
2020-09-28,136.0
2020-09-29,136.6
2020-09-30,136.0
2020-10-01,136.1
2020-10-02,137.3
2020-10-05,137.45
2020-10-06,137.95
2020-10-07,138.9
2020-10-08,138.15
2020-10-09,138.2
2020-10-12,138.0
2020-10-13,138.15
2020-10-14,138.75
2020-10-15,139.55
2020-10-16,138.95
2020-10-19,138.0
2020-10-20,138.15
2020-10-21,138.3
2020-10-22,139.0
2020-10-23,139.05
2020-10-26,139.5
2020-10-27,139.0
2020-10-28,141.5
2020-11-02,139.0
2020-11-03,139.0
2020-11-04,139.0
2020-11-05,139.0
2020-11-09,141.45
2020-11-10,140.95
2020-11-11,139.8
2020-11-12,139.95
2020-11-13,141.5
2020-11-16,142.15
2020-11-17,142.1
2020-11-19,142.5
2020-11-20,143.05
2020-11-23,143.45
2020-11-24,144.2
2020-11-25,144.5
2020-11-26,143.5
2020-11-27,141.75
2020-11-30,143.45
2020-12-01,143.0
2020-12-02,143.65
2020-12-03,144.0
2020-12-04,144.0
2020-12-07,143.65
2020-12-08,143.5
2020-12-09,144.0
2020-12-10,144.1
2020-12-11,147.1
2020-12-14,147.0
2020-12-15,145.5
2020-12-16,145.5
2020-12-17,146.75
2020-12-18,147.0
2020-12-21,143.95
2020-12-22,144.55
2020-12-23,145.65
2020-12-24,144.9
2020-12-25,143.9
2020-12-28,143.1
2020-12-29,143.0
2020-12-30,143.0
2020-12-31,145.0
2021-01-04,143.55
2021-01-05,144.0
2021-01-06,143.9
2021-01-07,144.4
2021-01-08,144.6
2021-01-12,144.0
2021-01-13,144.0
2021-01-14,144.25
2021-01-15,145.0
2021-01-18,145.05
2021-01-19,145.25
2021-01-20,145.25
2021-01-21,145.6
2021-01-22,146.2
2021-01-25,147.5
2021-01-26,148.85
2021-01-27,148.65
2021-01-28,147.75
2021-01-29,147.0
2021-02-01,147.0
2021-02-02,147.5
2021-02-03,147.55
2021-02-04,147.6
2021-02-05,146.8
2021-02-08,146.3
2021-02-09,145.5
2021-02-10,143.95
2021-02-11,144.7
2021-02-12,143.7
2021-02-15,144.0
2021-02-16,144.4
2021-02-17,145.1
2021-02-18,145.3
2021-02-19,139.5
2021-02-22,139.0
2021-02-23,137.0
2021-02-24,135.55
2021-02-25,137.25
2021-02-26,137.25
2021-03-01,137.65
2021-03-02,138.0
2021-03-03,137.75
2021-03-04,137.75
2021-03-05,137.75
2021-03-08,137.8
2021-03-09,138.4
2021-03-10,138.85
2021-03-11,139.65
2021-03-12,139.5
2021-03-15,139.7
2021-03-16,140.8
2021-03-17,140.8
2021-03-18,140.2
2021-03-19,139.5
2021-03-22,139.05
2021-03-23,138.7
2021-03-24,138.6
2021-03-25,139.6
2021-03-26,139.0
2021-03-29,139.9
2021-03-30,139.6
2021-03-31,139.2
2021-04-01,139.2
2021-04-02,139.25
2021-04-05,139.5
2021-04-06,138.5
2021-04-07,138.0
2021-04-08,138.95
2021-04-09,138.75
2021-04-12,139.25
2021-04-13,139.0
2021-04-14,139.0
2021-04-15,139.2
2021-04-16,139.3
2021-04-19,139.1
2021-04-20,139.3
2021-04-21,139.05
2021-04-22,139.1
2021-04-23,136.95
2021-04-26,136.9
2021-04-27,136.95
2021-04-28,137.3
2021-04-29,137.5
2021-04-30,138.0
2021-05-03,138.4
2021-05-04,139.7
2021-05-05,139.7
2021-05-06,140.0
2021-05-07,139.6
2021-05-10,139.65
2021-05-11,139.5
2021-05-12,139.5
2021-05-17,140.5
2021-05-18,140.9
2021-05-19,140.4
2021-05-20,139.5
2021-05-21,139.95
2021-05-24,139.15
2021-05-25,139.2
2021-05-26,139.2
2021-05-27,139.0
2021-05-28,139.7
2021-05-31,139.5
2021-06-01,140.05
2021-06-02,140.4
2021-06-03,140.8
2021-06-04,140.8
2021-06-07,140.0
2021-06-08,139.0
2021-06-09,138.0
2021-06-10,138.5
2021-06-11,139.05
2021-06-14,139.15
2021-06-15,138.3
2021-06-16,138.2
2021-06-17,139.0
2021-06-18,138.75
2021-06-21,138.8
2021-06-22,138.0
2021-06-23,138.25
2021-06-24,138.0
2021-06-25,137.8
2021-06-28,137.75
2021-06-29,137.0
2021-06-30,137.0
2021-07-01,136.6
2021-07-02,136.6
2021-07-05,135.75
2021-07-06,134.5
2021-07-07,135.0
2021-07-08,135.3
2021-07-09,135.5
2021-07-12,135.8
2021-07-13,135.7
2021-07-14,135.5
2021-07-15,135.25
2021-07-16,135.25
2021-07-19,134.85
2021-07-20,134.8
2021-07-23,134.3
2021-07-26,134.8
2021-07-27,135.3
2021-07-28,135.5
2021-07-29,135.8
2021-08-02,138.0
2021-08-03,137.5
2021-08-04,137.5
2021-08-05,137.1
2021-08-06,138.0
2021-08-09,137.75
2021-08-11,138.5
2021-08-12,138.2
2021-08-13,139.9
2021-08-16,138.8
2021-08-17,139.9
2021-08-18,139.05
2021-08-19,139.05
2021-08-23,140.9
2021-08-24,140.6
2021-08-25,139.5
2021-08-26,139.9
2021-08-27,141.0
2021-08-30,140.7
2021-08-31,140.45
2021-09-01,140.5
2021-09-02,140.7
2021-09-03,141.9
2021-09-06,138.0
2021-09-07,139.05
2021-09-08,140.0
2021-09-09,142.95
2021-09-10,141.0
2021-09-13,140.05
2021-09-14,141.0
2021-09-15,141.25
2021-09-16,141.4
2021-09-17,141.75
2021-09-20,140.65
2021-09-21,140.9
2021-09-22,141.5
2021-09-23,142.0
2021-09-24,142.75
2021-09-27,142.45
2021-09-28,143.05
2021-09-29,142.95
2021-09-30,141.9
2021-10-01,142.0
2021-10-04,141.55
2021-10-05,141.55
2021-10-06,141.3
2021-10-07,141.3
2021-10-08,141.35
2021-10-11,141.05
2021-10-12,141.25
2021-10-13,142.0
2021-10-14,142.8
2021-10-15,143.2
2021-10-18,142.95
2021-10-21,142.9
2021-10-22,142.9
2021-10-25,142.9
2021-10-26,143.3
2021-10-27,143.85
2021-10-28,143.8
2021-10-29,143.3
2021-11-01,143.5
2021-11-02,143.75
2021-11-03,144.25
2021-11-04,143.5
2021-11-05,142.6
2021-11-08,143.0
2021-11-09,142.5
2021-11-10,142.5
2021-11-11,142.3
2021-11-12,142.0
2021-11-15,141.7
2021-11-16,141.65
2021-11-17,142.0
2021-11-19,142.0
2021-11-22,142.2
2021-11-23,141.9
2021-11-24,141.7
2021-11-25,141.8
2021-11-26,141.3
2021-11-29,140.75
2021-11-30,140.0
2021-12-01,140.5
2021-12-02,141.0
2021-12-03,141.8
2021-12-06,141.1
2021-12-07,141.05
2021-12-08,141.0
2021-12-09,141.3
2021-12-10,142.85
2021-12-13,142.1
2021-12-14,142.1
2021-12-15,141.9
2021-12-16,141.4
2021-12-17,140.0
2021-12-20,139.0
2021-12-21,137.8
2021-12-22,137.6
2021-12-23,137.4
2021-12-24,137.15
2021-12-27,137.2
2021-12-28,137.4
2021-12-29,139.25
2021-12-30,139.25
2021-12-31,139.45
2022-01-03,139.3
2022-01-04,138.75
2022-01-05,138.0
2022-01-06,138.5
2022-01-07,139.2
2022-01-10,139.0
2022-01-12,139.2
2022-01-13,139.0
2022-01-14,140.0
2022-01-17,139.6
2022-01-18,139.5
2022-01-19,139.1
2022-01-20,139.0
2022-01-21,138.5
2022-01-24,138.0
2022-01-25,137.2
2022-01-26,137.3
2022-01-27,137.9
2022-01-28,137.7
2022-01-31,138.0
2022-02-01,138.5
2022-02-02,138.2
2022-02-03,138.2
2022-02-04,137.7
2022-02-07,137.65
2022-02-08,137.5
2022-02-09,136.75
2022-02-10,136.7
2022-02-11,136.3
2022-02-14,135.5
2022-02-15,135.95
2022-02-16,136.75
2022-02-17,137.85
2022-02-18,136.0
2022-02-21,135.8
2022-02-22,134.8
2022-02-23,133.5
2022-02-24,130.5
2022-02-25,131.3
2022-02-28,132.0
2022-03-01,132.3
2022-03-02,131.45
2022-03-03,131.5
2022-03-04,130.05
2022-03-07,128.0
2022-03-08,130.0
2022-03-09,130.0
2022-03-10,128.5
2022-03-11,129.5
2022-03-14,129.55
2022-03-15,129.3
2022-03-16,129.9
2022-03-17,130.1
2022-03-18,131.4
2022-03-21,131.0
2022-03-22,130.85
2022-03-23,129.0
2022-03-24,128.5
2022-03-25,129.0
2022-03-28,128.05
2022-03-29,129.3
2022-03-30,129.5
2022-03-31,129.4
2022-04-01,129.85
2022-04-04,129.6
2022-04-05,130.85
2022-04-06,131.0
2022-04-07,131.4
2022-04-08,131.3
2022-04-11,131.45
2022-04-12,131.8
2022-04-13,132.5
2022-04-14,132.5
2022-04-15,131.0
2022-04-18,133.6
2022-04-19,133.0
2022-04-20,133.0
2022-04-21,133.5
2022-04-22,134.0
2022-04-25,134.9
2022-04-26,134.05
2022-04-27,133.85
2022-04-28,134.0
2022-04-29,134.0
2022-05-04,134.0
2022-05-05,133.1
2022-05-06,132.0
2022-05-09,130.85
2022-05-10,128.0
2022-05-11,128.35
2022-05-12,128.1
2022-05-13,128.0
2022-05-16,127.7
2022-05-17,128.4
2022-05-18,128.0
2022-05-19,127.5
2022-05-20,126.0
2022-05-23,126.0
2022-05-24,124.0
2022-05-25,125.3
2022-05-26,125.0
2022-05-27,123.6
2022-05-30,124.0
2022-05-31,124.6
2022-06-01,125.95
2022-06-02,127.4
2022-06-03,127.0
2022-06-06,127.5
2022-06-07,126.9
2022-06-08,126.9
2022-06-09,126.0
2022-06-10,125.6
2022-06-13,125.5
2022-06-14,123.5
2022-06-15,123.0
2022-06-16,122.4
2022-06-17,120.6
2022-06-20,122.5
2022-06-21,121.0
2022-06-22,120.05
2022-06-23,119.7
2022-06-24,119.0
2022-06-27,119.0
2022-06-28,120.0
2022-06-29,120.0
2022-06-30,119.0
2022-07-01,119.0
2022-07-04,119.0
2022-07-05,117.4
2022-07-06,117.2
2022-07-07,119.05
2022-07-08,119.55
2022-07-12,119.2
2022-07-13,119.2
2022-07-14,119.5
2022-07-15,120.5
2022-07-18,123.0
2022-07-19,124.25
2022-07-20,124.75
2022-07-21,124.0
2022-07-22,123.5
2022-07-25,122.0
2022-07-26,120.35
2022-07-27,118.75
2022-07-28,119.0
2022-07-29,119.0
2022-08-01,118.95
2022-08-02,118.15
2022-08-03,118.2
2022-08-04,119.0
2022-08-05,119.9
2022-08-08,119.9
2022-08-09,119.9
2022-08-10,119.5
2022-08-11,121.0
2022-08-12,121.0
2022-08-15,121.1
2022-08-16,123.1
2022-08-17,122.35
2022-08-18,122.0
2022-08-19,121.35
2022-08-22,119.0
2022-08-23,120.5
2022-08-24,121.0
2022-08-25,121.0
2022-08-26,121.5
2022-08-29,121.0
2022-08-30,120.05
2022-08-31,121.0
2022-09-01,121.55
2022-09-02,121.15
2022-09-05,121.7
2022-09-06,118.0
2022-09-07,118.05
2022-09-08,118.6
2022-09-09,119.0
2022-09-12,118.55
2022-09-13,118.5
2022-09-14,118.4
2022-09-15,118.5
2022-09-16,118.1
2022-09-19,118.0
2022-09-20,118.0
2022-09-21,118.35
2022-09-22,118.4
2022-09-23,118.05
2022-09-26,117.75
2022-09-27,115.8
2022-09-28,115.0
2022-09-29,114.1
2022-09-30,114.3
2022-10-03,114.5
2022-10-04,114.5
2022-10-05,115.0
2022-10-06,116.7
2022-10-07,116.0
2022-10-11,116.0
2022-10-12,114.0
2022-10-13,114.2
2022-10-14,114.05
2022-10-17,114.5
2022-10-18,114.05
2022-10-19,113.5
2022-10-20,110.0
2022-10-21,109.0
2022-10-24,106.5
2022-10-25,104.7
2022-10-26,102.45
2022-10-27,102.45
2022-10-28,101.9
2022-10-31,102.15
2022-11-01,102.4
2022-11-02,102.5
2022-11-03,102.65
2022-11-04,101.45
2022-11-07,100.65
2022-11-08,100.65
2022-11-09,100.5
2022-11-10,97.0
2022-11-11,94.1
2022-11-14,96.05
2022-11-15,100.0
2022-11-16,101.85
2022-11-17,103.8
2022-11-21,101.8
2022-11-22,102.95
2022-11-23,103.0
2022-11-24,102.0
2022-11-25,102.0
2022-11-28,104.05
2022-11-29,104.5
2022-11-30,104.5
2022-12-01,104.0
2022-12-02,105.0
2022-12-05,106.0
2022-12-06,109.9
2022-12-07,111.8
2022-12-08,109.0
2022-12-09,108.05
2022-12-12,108.95
2022-12-13,108.5
2022-12-14,107.5
2022-12-15,107.5
2022-12-16,103.0
2022-12-19,103.5
2022-12-20,101.0
2022-12-21,102.4
2022-12-22,102.5
2022-12-23,102.4
2022-12-26,102.05
2022-12-27,101.65
2022-12-28,100.25
2022-12-29,99.0
2022-12-30,95.0
2023-01-02,97.5
2023-01-03,101.4
2023-01-04,99.99
2023-01-05,95.9
2023-01-06,90.15
2023-01-09,93.15
2023-01-10,95.5
2023-01-12,96.5
2023-01-13,97.66
2023-01-16,98.5
2023-01-17,98.5
2023-01-18,97.3
2023-01-19,97.3
2023-01-20,96.99
2023-01-23,96.5
2023-01-24,96.0
2023-01-25,96.0
2023-01-26,93.5
2023-01-27,93.0
2023-01-30,94.0
2023-01-31,96.95
2023-02-01,95.0
2023-02-02,97.0
2023-02-03,96.45
2023-02-06,96.5
2023-02-07,96.5
2023-02-08,98.75
2023-02-09,99.5
2023-02-10,99.85
2023-02-13,99.85
2023-02-14,96.51
2023-02-15,97.0
2023-02-16,97.0
2023-02-17,97.5
2023-02-20,97.5
2023-02-21,91.66
2023-02-22,90.0
2023-02-23,91.0
2023-02-24,92.0
2023-02-27,93.0
2023-02-28,92.9
2023-03-01,92.0
2023-03-02,91.0
2023-03-03,90.0
2023-03-06,89.0
2023-03-07,87.55
2023-03-08,88.92
2023-03-09,89.15
2023-03-10,88.0
2023-03-13,89.45
2023-03-14,88.22
2023-03-15,88.75
2023-03-16,88.6
2023-03-17,83.29
2023-03-20,82.45
2023-03-21,80.01
2023-03-22,80.8
2023-03-23,82.0
2023-03-24,80.75
2023-03-27,84.0
2023-03-28,85.48
2023-03-29,85.0
2023-03-30,83.5
2023-03-31,85.0
2023-04-03,85.5
2023-04-04,84.94
2023-04-05,83.0
2023-04-06,84.0
2023-04-07,85.0
2023-04-10,84.02
2023-04-11,84.12
2023-04-12,84.25
2023-04-13,82.5
2023-04-14,82.61
2023-04-17,82.5
2023-04-18,82.0
2023-04-19,81.5
2023-04-20,81.99
2023-04-21,81.06
2023-04-25,81.5
2023-04-26,80.11
2023-04-27,80.4
2023-04-28,81.05
2023-05-02,79.0
2023-05-03,78.32
2023-05-04,80.0
2023-05-05,75.55
2023-05-08,76.11
2023-05-09,76.2
2023-05-10,78.75
2023-05-11,80.55
2023-05-12,83.0
2023-05-15,84.9
2023-05-16,84.35
2023-05-17,84.0
2023-05-18,83.5
2023-05-19,83.5
2023-05-22,84.0
2023-05-23,85.0
2023-05-24,86.0
2023-05-25,84.95
2023-05-26,86.8
2023-05-29,87.5
2023-05-30,87.2
2023-05-31,87.7
2023-06-01,87.4
2023-06-02,87.0
2023-06-05,87.0
2023-06-06,86.7
2023-06-07,86.45
2023-06-08,86.02
2023-06-09,86.05
2023-06-12,86.2
2023-06-13,86.51
2023-06-14,87.2
2023-06-15,91.7
2023-06-16,95.0
2023-06-19,95.8
2023-06-20,98.75
2023-06-21,96.0
2023-06-22,96.2
2023-06-23,97.5
2023-06-26,97.0
2023-06-27,95.16
2023-06-28,95.0
2023-07-03,95.5
2023-07-04,95.5
2023-07-05,95.75
2023-07-06,95.0
2023-07-07,94.95
2023-07-10,94.29
2023-07-11,94.9
2023-07-12,96.3
2023-07-13,96.9
2023-07-14,96.4
2023-07-17,97.05
2023-07-18,97.99
2023-07-20,98.1
2023-07-21,99.1
2023-07-24,99.0
2023-07-25,100.0
2023-07-26,105.55
2023-07-27,109.0
2023-07-28,109.65
2023-07-31,109.6
2023-08-01,110.5
2023-08-02,114.5
2023-08-03,112.0
2023-08-04,109.45
2023-08-07,109.45
2023-08-08,109.45
2023-08-09,109.5
2023-08-10,109.5
2023-08-11,109.0
2023-08-15,108.5
2023-08-16,107.95
2023-08-17,107.0
2023-08-18,105.7
2023-08-22,106.1
2023-08-23,105.05
2023-08-24,105.7
2023-08-25,105.5
2023-08-28,106.95
2023-08-29,107.55
2023-08-30,107.35
2023-08-31,106.0
2023-09-01,106.0
2023-09-04,107.0
2023-09-05,107.0
2023-09-06,105.65
2023-09-07,105.1
2023-09-08,105.1
2023-09-11,104.05
2023-09-12,105.05
2023-09-13,105.0
2023-09-14,105.4
2023-09-15,104.65
2023-09-18,104.35
2023-09-19,103.5
2023-09-20,103.1
2023-09-21,102.35
2023-09-22,101.95
2023-09-25,101.3
2023-09-26,101.0
2023-09-27,101.0
2023-10-02,100.6
2023-10-03,96.0
2023-10-04,95.5
2023-10-05,101.2
2023-10-06,103.65
2023-10-09,102.7
2023-10-10,102.6
2023-10-11,102.6
2023-10-12,103.25
2023-10-13,102.4
2023-10-16,101.0
2023-10-17,101.5
2023-10-18,99.5
2023-10-19,98.5
2023-10-20,98.9
2023-10-23,99.77
2023-10-24,99.1
2023-10-25,98.37
2023-10-26,95.0
2023-10-27,94.9
2023-10-30,94.65
2023-10-31,96.0
2023-11-01,96.0
2023-11-02,95.11
2023-11-03,94.58
2023-11-07,95.0
2023-11-08,94.67
2023-11-09,94.7
2023-11-10,94.39
2023-11-13,93.5
2023-11-14,94.0
2023-11-15,93.01
2023-11-16,93.99
2023-11-17,94.5
2023-11-20,94.1
2023-11-21,94.55
2023-11-22,95.18
2023-11-23,95.0
2023-11-24,94.29
2023-11-27,93.36
2023-11-28,93.0
2023-11-29,93.0
2023-11-30,92.9
2023-12-01,92.3
2023-12-04,93.0
2023-12-05,92.3
2023-12-06,93.7
2023-12-07,95.5
2023-12-08,96.61
2023-12-11,99.31
2023-12-12,101.5
2023-12-13,102.8
2023-12-14,101.8
2023-12-15,101.5
2023-12-18,100.6
2023-12-19,100.0
2023-12-20,100.5
2023-12-21,101.0
2023-12-22,99.5
2023-12-25,98.99
2023-12-26,98.0
2023-12-27,97.96
2023-12-28,99.0
2023-12-29,100.0
2024-01-02,99.25
2024-01-03,100.05
2024-01-04,101.7
2024-01-05,101.95
2024-01-08,101.0
2024-01-09,101.95
2024-01-10,101.95
2024-01-12,102.5
2024-01-15,102.3
2024-01-16,103.4
2024-01-17,103.4
2024-01-18,103.0
2024-01-19,103.0
2024-01-22,105.25
2024-01-23,105.0
2024-01-24,104.5
2024-01-25,104.25
2024-01-26,104.0
2024-01-29,93.61
2024-01-30,95.02
2024-01-31,94.5
2024-02-01,94.0
2024-02-02,93.0
2024-02-05,89.1
2024-02-06,89.2
2024-02-07,89.25
2024-02-08,89.01
2024-02-09,89.0
2024-02-12,88.94
2024-02-13,89.51
2024-02-14,91.9
2024-02-15,90.1
2024-02-16,99.1
2024-02-19,102.15
2024-02-20,100.1
2024-02-21,100.0
2024-02-22,100.05
2024-02-23,102.0
2024-02-26,102.9
2024-02-27,103.05
2024-02-28,102.5
2024-02-29,104.0
2024-03-01,103.5
2024-03-04,103.25
2024-03-05,103.75
2024-03-06,103.2
2024-03-07,102.45
2024-03-08,102.05
2024-03-11,102.0
2024-03-12,101.35
2024-03-13,101.1
2024-03-14,101.0
2024-03-15,102.5
2024-03-18,103.0
2024-03-19,103.0
2024-03-20,101.65
2024-03-21,101.2
2024-03-22,100.7
2024-03-25,100.8
2024-03-26,100.8
2024-03-27,100.8
2024-03-28,100.0
2024-03-29,100.9
2024-04-01,100.05
2024-04-02,100.0
2024-04-03,100.0
2024-04-04,99.95
2024-04-05,100.0
2024-04-08,99.4
2024-04-09,99.05
2024-04-15,98.0
2024-04-16,95.0
2024-04-17,95.95
2024-04-18,96.94
2024-04-19,96.8
2024-04-22,96.8
2024-04-23,95.6
2024-04-24,95.69
2024-04-25,96.49
2024-04-26,96.16
2024-04-29,96.0
2024-04-30,96.45
2024-05-02,96.2
2024-05-03,96.3
2024-05-06,96.31
2024-05-07,96.2
2024-05-08,96.3
2024-05-09,96.2
2024-05-10,96.3
2024-05-13,96.0
2024-05-14,95.99
2024-05-15,95.0
2024-05-16,94.1
2024-05-17,94.0
2024-05-20,93.55
2024-05-21,93.1
2024-05-22,92.02
2024-05-23,92.5
2024-05-24,92.5
2024-05-27,92.5
2024-05-28,92.8
2024-05-29,92.02
2024-05-30,92.0
2024-05-31,92.0
2024-06-03,91.8
2024-06-04,91.1
2024-06-05,90.35
2024-06-06,92.5
2024-06-07,92.0
2024-06-10,91.0
2024-06-11,90.9
2024-06-12,90.3
2024-06-13,89.98
2024-06-14,89.3
2024-06-19,88.15
2024-06-20,88.15
2024-06-21,87.51
2024-06-24,87.31
2024-06-25,93.0
2024-06-26,92.9
2024-06-27,91.6
2024-06-28,90.5
2024-07-01,90.45
2024-07-02,90.35
2024-07-03,90.0
2024-07-04,89.5
2024-07-05,89.55
2024-07-08,89.52
2024-07-09,89.91
2024-07-10,92.7
2024-07-11,92.7
2024-07-12,92.45
2024-07-15,92.0
2024-07-16,91.5
2024-07-17,92.0
2024-07-18,91.51
2024-07-19,90.6
2024-07-22,91.0
2024-07-23,90.8
2024-07-24,90.0
2024-07-25,89.9
2024-07-26,89.6
2024-07-29,90.1
2024-07-31,90.6
2024-08-01,90.83
2024-08-02,91.0
2024-08-05,90.0
2024-08-06,90.0
2024-08-07,90.0
2024-08-08,90.0
2024-08-09,90.0
2024-08-12,89.91
2024-08-13,90.0
2024-08-15,90.8
2024-08-16,91.52
2024-08-19,92.11
2024-08-22,93.5
2024-08-23,95.01
2024-08-26,95.31
2024-08-27,96.02
2024-08-28,96.0
2024-08-29,96.0
2024-08-30,93.16
2024-09-02,94.5
2024-09-03,91.4
2024-09-04,90.0
2024-09-05,89.69
2024-09-06,89.5
2024-09-09,90.0
2024-09-10,89.9
2024-09-11,89.9
2024-09-12,89.4
2024-09-13,89.6
2024-09-18,89.34
2024-09-19,90.45
2024-09-20,93.7
2024-09-23,94.05
2024-09-24,94.5
2024-09-25,94.6
2024-09-26,94.9
2024-09-27,95.0
2024-09-30,94.0
2024-10-01,93.04
2024-10-02,92.6
2024-10-03,92.9
2024-10-04,92.7
2024-10-07,92.0
2024-10-08,91.4
2024-10-09,92.0
2024-10-10,92.0
2024-10-11,91.41
2024-10-14,91.4
2024-10-15,90.0
2024-10-16,89.8
2024-10-17,92.0
2024-10-18,91.79
2024-10-21,91.5
2024-10-22,91.0
2024-10-23,91.0
2024-10-24,90.0
2024-10-25,89.91
2024-10-28,89.69
2024-10-29,89.45
2024-10-30,89.0
2024-10-31,88.75
2024-11-01,88.24
2024-11-04,88.9
2024-11-05,88.9
2024-11-07,90.5
2024-11-08,91.25
2024-11-11,90.99
2024-11-12,90.0
2024-11-13,89.56
2024-11-14,89.0
2024-11-15,87.5
2024-11-19,87.5
2024-11-20,88.6
2024-11-21,88.1
2024-11-22,88.1
2024-11-25,86.65
2024-11-26,86.7
2024-11-27,86.66
2024-11-28,86.1
2024-11-29,85.9
2024-12-02,85.7
2024-12-03,85.66
2024-12-04,86.88
2024-12-05,86.02
2024-12-06,85.99
2024-12-09,85.99
2024-12-10,85.1
2024-12-11,85.25
2024-12-12,85.56
2024-12-13,86.24
2024-12-16,86.24
2024-12-17,86.3
2024-12-18,86.0
2024-12-19,85.0
2024-12-20,85.2
2024-12-23,85.7
2024-12-24,85.0
2024-12-25,84.7
2024-12-26,83.8
2024-12-27,83.6
2024-12-30,83.0
2024-12-31,82.01
2025-01-02,82.9
2025-01-03,86.5
2025-01-06,88.6
2025-01-07,87.9
2025-01-08,87.0
2025-01-09,87.2
2025-01-10,89.55
2025-01-13,89.35
2025-01-15,92.0
2025-01-16,92.62
2025-01-17,92.49
2025-01-20,91.0
2025-01-21,89.5
2025-01-22,89.2
2025-01-23,90.9
2025-01-24,92.0
2025-01-27,91.99
2025-01-28,93.1
2025-01-29,97.01
2025-01-30,106.3
2025-01-31,106.3
2025-02-03,103.3
2025-02-04,103.2
2025-02-05,101.9
2025-02-06,104.0
2025-02-07,103.8
2025-02-10,103.0
2025-02-11,102.85
2025-02-12,106.9
2025-02-13,106.95
2025-02-14,104.6
2025-02-17,103.6
2025-02-18,104.0
2025-02-19,104.05
2025-02-20,104.0
2025-02-21,102.0
2025-02-24,106.95
2025-02-25,109.55
2025-02-26,116.0
2025-02-27,112.5
2025-02-28,114.0
2025-03-03,113.0
2025-03-04,112.9
2025-03-05,111.4
2025-03-06,110.0
2025-03-07,110.15
2025-03-10,108.85
2025-03-11,107.15
2025-03-12,105.05
2025-03-13,107.0
2025-03-14,108.95
2025-03-17,108.95
2025-03-18,110.4
2025-03-19,112.2
2025-03-20,112.2
2025-03-21,113.0
2025-03-24,118.0
2025-03-25,116.0
2025-03-26,113.55
2025-03-27,113.55
2025-03-28,122.5
2025-04-02,120.0
2025-04-03,116.35
2025-04-04,115.45
2025-04-07,107.0
2025-04-08,108.0
2025-04-09,106.9
2025-04-10,111.0
2025-04-11,108.5
2025-04-14,111.8
2025-04-15,114.0
2025-04-16,114.9
2025-04-17,115.0
2025-04-18,115.0
2025-04-21,116.0
2025-04-22,116.0
2025-04-23,116.5
2025-04-24,117.0
2025-04-25,115.0
2025-04-28,114.3
2025-04-29,113.3
2025-04-30,114.45
2025-05-02,114.15
2025-05-05,113.8
2025-05-06,113.8
2025-05-07,113.0
2025-05-08,113.0
2025-05-09,113.0
