date,M2M
2007-07-06,1222.0
2007-07-09,1220.0
2007-07-10,1220.0
2007-07-11,1238.0
2007-07-12,1249.0
2007-07-13,1224.0
2007-07-16,1260.0
2007-07-17,1279.0
2007-07-18,1275.0
2007-07-19,1270.0
2007-07-20,1259.0
2007-07-23,1230.0
2007-07-24,1249.0
2007-07-25,1247.0
2007-07-26,1249.0
2007-07-27,1260.0
2007-07-31,1258.0
2007-08-01,1258.0
2007-08-02,1275.0
2007-08-03,1270.0
2007-08-06,1246.0
2007-08-07,1245.0
2007-08-08,1265.0
2007-08-09,1265.0
2007-08-10,1240.0
2007-08-13,1225.0
2007-08-15,1227.0
2007-08-16,1248.0
2007-08-17,1227.0
2007-08-22,1225.0
2007-08-23,1263.0
2007-08-24,1245.0
2007-08-27,1234.0
2007-08-28,1244.0
2007-08-29,1249.0
2007-08-30,1240.0
2007-08-31,1231.0
2007-09-03,1220.0
2007-09-04,1212.0
2007-09-05,1212.0
2007-09-06,1200.0
2007-09-07,1200.0
2007-09-10,1191.0
2007-09-11,1199.0
2007-09-12,1180.0
2007-09-13,1155.0
2007-09-14,1165.0
2007-09-17,1155.0
2007-09-18,1150.0
2007-09-19,1150.0
2007-09-20,1142.0
2007-09-21,1145.0
2007-09-24,1150.0
2007-09-25,1131.0
2007-09-26,1147.0
2007-09-27,1127.0
2007-09-28,1130.0
2007-10-01,1125.0
2007-10-02,1120.0
2007-10-03,1120.0
2007-10-04,1102.0
2007-10-05,1100.0
2007-10-08,1138.0
2007-10-09,1144.0
2007-10-10,1120.0
2007-10-11,1120.0
2007-10-12,1111.0
2007-10-15,1111.0
2007-10-16,1128.0
2007-10-17,1128.0
2007-10-18,1116.0
2007-10-19,1134.0
2007-10-22,1130.0
2007-10-23,1125.0
2007-10-24,1120.0
2007-10-25,1115.0
2007-10-26,1126.0
2007-10-29,1105.0
2007-10-30,1105.0
2007-10-31,1080.0
2007-11-01,1060.0
2007-11-02,1100.0
2007-11-05,1052.0
2007-11-07,1066.0
2007-11-08,1063.0
2007-11-09,1051.0
2007-11-12,1050.0
2007-11-13,1080.0
2007-11-14,1055.0
2007-11-15,1040.0
2007-11-16,1050.0
2007-11-19,1045.0
2007-11-20,1061.0
2007-11-21,1070.0
2007-11-22,1041.0
2007-11-23,1025.0
2007-11-26,1011.0
2007-11-27,1020.0
2007-11-28,1001.0
2007-11-29,1004.0
2007-11-30,1000.0
2007-12-03,1000.0
2007-12-04,990.0
2007-12-05,990.0
2007-12-06,980.0
2007-12-07,990.0
2007-12-10,951.0
2007-12-11,921.0
2007-12-12,902.0
2007-12-13,900.0
2007-12-14,950.0
2007-12-17,950.0
2007-12-18,910.0
2007-12-19,901.0
2007-12-20,911.0
2007-12-24,890.0
2007-12-25,890.0
2007-12-26,925.0
2007-12-27,930.0
2007-12-28,967.0
2007-12-31,990.0
2008-01-02,999.0
2008-01-03,1002.0
2008-01-04,1020.0
2008-01-07,1020.0
2008-01-08,1000.0
2008-01-09,1000.0
2008-01-14,1020.0
2008-01-15,1000.0
2008-01-16,983.0
2008-01-17,999.0
2008-01-18,980.0
2008-01-21,940.0
2008-01-22,922.0
2008-01-23,940.0
2008-01-24,925.0
2008-01-25,922.0
2008-01-28,922.0
2008-01-29,900.0
2008-01-30,900.0
2008-01-31,912.0
2008-02-01,939.0
2008-02-04,912.0
2008-02-05,912.0
2008-02-06,915.0
2008-02-07,920.0
2008-02-08,924.0
2008-02-11,929.0
2008-02-12,929.0
2008-02-13,920.0
2008-02-14,920.0
2008-02-15,915.0
2008-02-18,920.0
2008-02-19,920.0
2008-02-20,910.0
2008-02-21,910.0
2008-02-22,905.0
2008-02-25,915.0
2008-02-26,905.0
2008-02-27,905.0
2008-02-28,910.0
2008-02-29,910.0
2008-03-03,900.0
2008-03-04,900.0
2008-03-05,900.0
2008-03-06,900.0
2008-03-07,900.0
2008-03-10,900.0
2008-03-11,909.0
2008-03-12,905.0
2008-03-13,884.0
2008-03-14,890.0
2008-03-17,885.0
2008-03-18,851.0
2008-03-19,850.0
2008-03-24,859.0
2008-03-25,827.0
2008-03-26,830.0
2008-03-27,831.0
2008-03-28,822.0
2008-03-31,815.0
2008-04-01,795.0
2008-04-02,790.0
2008-04-03,795.0
2008-04-04,800.0
2008-04-07,820.0
2008-04-08,851.0
2008-04-09,850.0
2008-04-10,880.0
2008-04-11,880.0
2008-04-14,875.0
2008-04-15,878.0
2008-04-16,868.0
2008-04-17,880.0
2008-04-18,866.0
2008-04-21,838.0
2008-04-22,835.0
2008-04-23,830.0
2008-04-24,830.0
2008-04-25,811.0
2008-04-28,859.0
2008-04-29,825.0
2008-04-30,825.0
2008-05-02,856.0
2008-05-05,820.0
2008-05-06,820.0
2008-05-07,822.0
2008-05-08,829.0
2008-05-09,802.0
2008-05-12,817.0
2008-05-13,785.0
2008-05-14,770.0
2008-05-15,770.0
2008-05-16,757.0
2008-05-19,745.0
2008-05-20,761.0
2008-05-21,760.0
2008-05-22,756.0
2008-05-23,765.0
2008-05-26,784.0
2008-05-27,771.0
2008-05-28,770.0
2008-05-29,770.0
2008-05-30,769.0
2008-06-02,770.0
2008-06-03,780.0
2008-06-04,780.0
2008-06-05,772.0
2008-06-06,814.0
2008-06-09,861.0
2008-06-10,850.0
2008-06-11,850.0
2008-06-12,842.0
2008-06-13,851.0
2008-06-16,849.0
2008-06-17,836.0
2008-06-18,841.0
2008-06-19,832.0
2008-06-20,850.0
2008-06-23,830.0
2008-06-24,825.0
2008-06-25,825.0
2008-06-26,825.0
2008-06-27,831.0
2008-06-30,823.0
2008-07-01,820.0
2008-07-02,820.0
2008-07-03,800.0
2008-07-04,801.0
2008-07-07,755.0
2008-07-08,756.0
2008-07-09,800.0
2008-07-10,790.0
2008-07-11,800.0
2008-07-14,790.0
2008-07-15,767.0
2008-07-16,761.0
2008-07-17,790.0
2008-07-18,779.0
2008-07-21,770.0
2008-07-22,775.0
2008-07-23,820.0
2008-07-24,840.0
2008-07-25,829.0
2008-07-28,796.0
2008-07-29,793.0
2008-07-31,778.0
2008-08-01,809.0
2008-08-04,838.0
2008-08-05,790.0
2008-08-06,819.0
2008-08-07,800.0
2008-08-08,781.0
2008-08-11,790.0
2008-08-12,819.0
2008-08-13,810.0
2008-08-15,800.0
2008-08-18,800.0
2008-08-19,798.0
2008-08-22,790.0
2008-08-25,800.0
2008-08-26,800.0
2008-08-27,820.0
2008-08-28,820.0
2008-08-29,865.0
2008-09-01,915.0
2008-09-02,967.0
2008-09-03,995.0
2008-09-04,940.0
2008-09-05,891.0
2008-09-08,890.0
2008-09-09,896.0
2008-09-10,856.0
2008-09-11,832.0
2008-09-12,811.0
2008-09-15,745.0
2008-09-16,705.0
2008-09-17,711.0
2008-09-18,753.0
2008-09-19,798.0
2008-09-22,845.0
2008-09-23,852.0
2008-09-24,827.0
2008-09-25,802.0
2008-09-26,825.0
2008-09-29,810.0
2008-09-30,797.0
2008-10-03,810.0
2008-10-06,763.0
2008-10-07,775.0
2008-10-08,774.0
2008-10-09,740.0
2008-10-10,701.0
2008-10-13,730.0
2008-10-14,733.0
2008-10-15,710.0
2008-10-16,698.0
2008-10-17,730.0
2008-10-20,769.0
2008-10-21,730.0
2008-10-22,730.0
2008-10-23,704.0
2008-10-24,737.0
2008-10-27,700.0
2008-10-28,700.0
2008-10-29,710.0
2008-10-30,701.0
2008-10-31,700.0
2008-11-03,700.0
2008-11-04,710.0
2008-11-05,715.0
2008-11-07,682.0
2008-11-10,700.0
2008-11-11,700.0
2008-11-12,674.0
2008-11-13,675.0
2008-11-14,680.0
2008-11-17,685.0
2008-11-19,680.0
2008-11-20,660.0
2008-11-21,621.0
2008-11-24,615.0
2008-11-25,590.0
2008-11-26,590.0
2008-11-27,611.0
2008-11-28,617.0
2008-12-01,600.0
2008-12-02,580.0
2008-12-03,592.0
2008-12-04,557.0
2008-12-05,540.0
2008-12-08,540.0
2008-12-11,571.0
2008-12-12,577.0
2008-12-15,595.0
2008-12-16,620.0
2008-12-17,595.0
2008-12-18,576.0
2008-12-19,575.0
2008-12-22,609.0
2008-12-23,639.0
2008-12-24,610.0
2008-12-25,620.0
2008-12-26,613.0
2008-12-30,577.0
2008-12-31,590.0
2009-01-02,590.0
2009-01-05,555.0
2009-01-06,555.0
2009-01-07,522.0
2009-01-08,515.0
2009-01-09,545.0
2009-01-12,517.0
2009-01-13,516.0
2009-01-14,516.0
2009-01-15,540.0
2009-01-16,535.0
2009-01-19,535.0
2009-01-20,528.0
2009-01-21,528.0
2009-01-22,528.0
2009-01-23,528.0
2009-01-26,528.0
2009-01-27,529.0
2009-01-28,518.0
2009-01-29,525.0
2009-01-30,520.0
2009-02-02,503.0
2009-02-03,502.0
2009-02-04,505.0
2009-02-05,505.0
2009-02-06,500.0
2009-02-09,501.0
2009-02-10,499.0
2009-02-11,480.0
2009-02-12,480.0
2009-02-13,477.0
2009-02-16,489.0
2009-02-17,499.0
2009-02-18,502.0
2009-02-19,520.0
2009-02-20,506.0
2009-02-23,501.0
2009-02-24,502.0
2009-02-25,498.0
2009-02-26,511.0
2009-02-27,498.0
2009-03-02,514.0
2009-03-03,514.0
2009-03-04,500.0
2009-03-05,500.0
2009-03-06,500.0
2009-03-09,500.0
2009-03-12,488.0
2009-03-13,477.0
2009-03-16,478.0
2009-03-17,480.0
2009-03-18,480.0
2009-03-19,470.0
2009-03-20,472.0
2009-03-23,475.0
2009-03-24,490.0
2009-03-25,471.0
2009-03-26,470.0
2009-03-27,498.2
2009-03-30,500.0
2009-03-31,495.0
2009-04-01,494.0
2009-04-02,494.0
2009-04-03,494.0
2009-04-06,494.0
2009-04-07,494.0
2009-04-08,494.0
2009-04-09,473.2
2009-04-10,473.05
2009-04-13,477.4
2009-04-14,498.0
2009-04-15,498.0
2009-04-16,496.0
2009-04-17,474.05
2009-04-20,474.25
2009-04-21,474.3
2009-04-22,474.3
2009-04-23,470.45
2009-04-24,475.0
2009-04-27,472.0
2009-04-28,475.0
2009-04-29,475.0
2009-04-30,475.0
2009-05-04,470.5
2009-05-05,471.0
2009-05-06,471.0
2009-05-07,471.0
2009-05-08,465.1
2009-05-11,466.0
2009-05-12,465.15
2009-05-13,460.0
2009-05-14,463.0
2009-05-15,460.0
2009-05-18,460.15
2009-05-19,460.0
2009-05-20,461.0
2009-05-21,466.0
2009-05-22,460.0
2009-05-25,460.05
2009-05-26,460.55
2009-05-27,470.0
2009-05-28,478.5
2009-05-29,507.0
2009-06-01,537.0
2009-06-02,562.0
2009-06-03,590.0
2009-06-04,614.0
2009-06-05,609.0
2009-06-08,615.0
2009-06-09,640.0
2009-06-10,639.0
2009-06-11,620.0
2009-06-12,615.0
2009-06-15,615.0
2009-06-16,615.0
2009-06-17,620.0
2009-06-18,619.0
2009-06-19,601.0
2009-06-22,603.0
2009-06-23,603.0
2009-06-24,609.0
2009-06-25,619.0
2009-06-26,616.0
2009-06-29,597.0
2009-06-30,600.0
2009-07-01,620.0
2009-07-02,600.0
2009-07-03,594.0
2009-07-06,593.0
2009-07-07,604.0
2009-07-08,595.0
2009-07-09,593.0
2009-07-10,580.0
2009-07-13,590.0
2009-07-14,591.0
2009-07-15,591.0
2009-07-16,591.0
2009-07-17,591.0
2009-07-20,595.0
2009-07-21,596.0
2009-07-22,600.0
2009-07-23,600.0
2009-07-24,604.0
2009-07-27,615.0
2009-07-28,601.0
2009-07-29,599.0
2009-07-31,600.0
2009-08-03,600.0
2009-08-04,603.0
2009-08-05,638.0
2009-08-06,669.0
2009-08-07,650.0
2009-08-10,669.0
2009-08-11,654.0
2009-08-12,660.0
2009-08-13,641.0
2009-08-17,658.0
2009-08-18,631.0
2009-08-19,645.0
2009-08-24,643.0
2009-08-25,649.0
2009-08-26,636.0
2009-08-27,634.0
2009-08-28,634.0
2009-08-31,607.0
2009-09-01,610.0
2009-09-02,636.0
2009-09-03,618.0
2009-09-04,617.0
2009-09-07,607.0
2009-09-08,608.0
2009-09-09,610.0
2009-09-10,634.0
2009-09-11,640.0
2009-09-14,648.0
2009-09-15,636.0
2009-09-16,620.0
2009-09-17,578.0
2009-09-18,579.0
2009-09-23,591.0
2009-09-24,591.0
2009-09-25,576.0
2009-09-28,590.0
2009-09-29,562.0
2009-09-30,562.0
2009-10-01,563.0
2009-10-02,543.0
2009-10-05,559.0
2009-10-06,573.0
2009-10-07,580.0
2009-10-08,565.0
2009-10-09,573.0
2009-10-12,557.0
2009-10-13,556.0
2009-10-14,580.0
2009-10-15,577.0
2009-10-16,577.0
2009-10-19,576.0
2009-10-20,572.0
2009-10-21,560.0
2009-10-22,560.0
2009-10-23,556.0
2009-10-26,554.0
2009-10-27,575.0
2009-10-28,560.0
2009-10-29,548.0
2009-10-30,548.0
2009-11-02,548.0
2009-11-03,540.0
2009-11-04,530.0
2009-11-05,545.0
2009-11-09,543.0
2009-11-10,543.0
2009-11-11,568.0
2009-11-12,552.0
2009-11-13,560.0
2009-11-16,537.0
2009-11-17,535.0
2009-11-19,537.0
2009-11-20,548.0
2009-11-23,548.0
2009-11-24,555.0
2009-11-25,534.0
2009-11-26,535.0
2009-11-27,521.0
2009-11-30,545.0
2009-12-01,545.0
2009-12-02,545.0
2009-12-03,545.0
2009-12-04,525.0
2009-12-07,525.0
2009-12-08,520.0
2009-12-09,534.0
2009-12-10,520.0
2009-12-11,518.0
2009-12-14,510.0
2009-12-15,498.0
2009-12-16,498.0
2009-12-17,510.0
2009-12-21,493.0
2009-12-22,509.0
2009-12-23,509.0
2009-12-24,496.0
2009-12-25,507.0
2009-12-28,489.0
2009-12-29,487.05
2009-12-30,509.0
2009-12-31,501.0
2010-01-04,501.0
2010-01-05,479.0
2010-01-06,500.0
2010-01-07,478.0
2010-01-08,480.0
2010-01-12,499.0
2010-01-13,503.0
2010-01-14,533.0
2010-01-15,557.0
2010-01-18,559.0
2010-01-19,557.0
2010-01-20,558.0
2010-01-21,546.0
2010-01-22,554.0
2010-01-25,554.0
2010-01-26,545.0
2010-01-27,545.0
2010-01-28,546.0
2010-01-29,529.0
2010-02-01,549.0
2010-02-02,559.0
2010-02-03,542.0
2010-02-04,573.0
2010-02-05,565.0
2010-02-08,568.0
2010-02-09,579.0
2010-02-10,580.0
2010-02-11,568.0
2010-02-12,570.0
2010-02-15,570.0
2010-02-16,570.0
2010-02-17,600.0
2010-02-18,629.0
2010-02-19,613.0
2010-02-22,616.0
2010-02-23,641.0
2010-02-24,620.0
2010-02-25,636.0
2010-02-26,607.0
2010-03-01,615.0
2010-03-02,600.0
2010-03-03,599.0
2010-03-04,594.0
2010-03-05,594.0
2010-03-08,594.0
2010-03-09,584.0
2010-03-10,580.0
2010-03-11,573.0
2010-03-12,599.0
2010-03-15,600.0
2010-03-16,600.0
2010-03-17,594.0
2010-03-18,586.0
2010-03-19,594.0
2010-03-22,596.0
2010-03-23,600.0
2010-03-24,598.0
2010-03-25,591.0
2010-03-26,579.0
2010-03-29,598.0
2010-03-30,596.0
2010-03-31,594.0
2010-04-01,572.0
2010-04-02,540.0
2010-04-05,535.0
2010-04-06,530.0
2010-04-07,528.0
2010-04-08,530.0
2010-04-09,526.0
2010-04-12,530.0
2010-04-13,526.0
2010-04-14,530.0
2010-04-15,530.0
2010-04-16,534.0
2010-04-19,528.0
2010-04-20,530.0
2010-04-21,550.0
2010-04-22,550.0
2010-04-23,550.0
2010-04-26,558.0
2010-04-27,557.0
2010-04-28,558.0
2010-04-29,541.0
2010-04-30,542.0
2010-05-03,555.0
2010-05-04,550.0
2010-05-05,545.0
2010-05-06,550.0
2010-05-07,553.0
2010-05-10,540.0
2010-05-11,549.0
2010-05-12,557.0
2010-05-13,569.0
2010-05-14,570.0
2010-05-17,579.0
2010-05-18,599.0
2010-05-19,598.0
2010-05-20,585.0
2010-05-21,580.0
2010-05-24,570.0
2010-05-25,556.0
2010-05-26,551.0
2010-05-27,547.0
2010-05-28,550.0
2010-05-31,540.0
2010-06-01,550.0
2010-06-02,550.0
2010-06-03,545.0
2010-06-04,545.0
2010-06-07,560.0
2010-06-08,545.0
2010-06-09,565.0
2010-06-10,560.0
2010-06-11,569.0
2010-06-14,568.0
2010-06-15,569.0
2010-06-16,580.0
2010-06-17,590.0
2010-06-18,580.0
2010-06-21,580.0
2010-06-22,570.0
2010-06-23,557.0
2010-06-24,557.0
2010-06-25,557.0
2010-06-28,560.0
2010-06-29,560.0
2010-06-30,556.0
2010-07-01,551.0
2010-07-02,570.0
2010-07-05,570.0
2010-07-06,570.0
2010-07-07,551.0
2010-07-08,565.0
2010-07-09,554.0
2010-07-12,570.0
2010-07-13,580.0
2010-07-14,592.0
2010-07-15,571.0
2010-07-16,569.0
2010-07-19,560.0
2010-07-20,546.0
2010-07-21,545.0
2010-07-22,530.0
2010-07-23,554.0
2010-07-26,553.0
2010-07-27,560.0
2010-07-28,539.0
2010-07-29,531.0
2010-08-02,557.0
2010-08-03,548.0
2010-08-04,555.0
2010-08-05,555.0
2010-08-06,550.0
2010-08-09,553.0
2010-08-10,534.0
2010-08-11,552.0
2010-08-12,519.0
2010-08-13,529.0
2010-08-16,510.0
2010-08-17,527.0
2010-08-18,507.0
2010-08-19,507.0
2010-08-23,510.0
2010-08-24,536.0
2010-08-25,530.0
2010-08-26,530.0
2010-08-27,544.0
2010-08-30,512.0
2010-08-31,535.0
2010-09-02,510.0
2010-09-03,508.0
2010-09-06,510.0
2010-09-07,505.0
2010-09-08,529.0
2010-09-09,507.0
2010-09-13,507.0
2010-09-14,503.0
2010-09-15,500.0
2010-09-16,501.0
2010-09-17,510.0
2010-09-20,510.0
2010-09-21,520.0
2010-09-22,520.0
2010-09-23,510.0
2010-09-24,511.0
2010-09-27,511.0
2010-09-28,508.0
2010-09-29,503.0
2010-09-30,490.05
2010-10-01,493.0
2010-10-04,493.0
2010-10-05,491.0
2010-10-06,491.0
2010-10-07,490.0
2010-10-08,486.15
2010-10-11,494.95
2010-10-12,495.0
2010-10-13,483.35
2010-10-14,483.35
2010-10-15,500.0
2010-10-18,492.2
2010-10-19,498.0
2010-10-20,505.0
2010-10-21,510.0
2010-10-22,510.0
2010-10-25,518.0
2010-10-26,516.0
2010-10-27,511.0
2010-10-28,497.0
2010-10-29,498.05
2010-11-01,497.0
2010-11-02,497.0
2010-11-03,495.0
2010-11-04,494.0
2010-11-05,503.0
2010-11-08,494.6
2010-11-09,502.0
2010-11-10,503.0
2010-11-11,502.0
2010-11-12,506.0
2010-11-15,505.0
2010-11-16,500.0
2010-11-19,512.0
2010-11-22,500.0
2010-11-23,500.0
2010-11-24,490.0
2010-11-25,491.0
2010-11-26,490.1
2010-11-29,485.0
2010-11-30,500.0
2010-12-01,500.0
2010-12-02,499.0
2010-12-03,485.0
2010-12-06,478.0
2010-12-08,505.0
2010-12-09,485.0
2010-12-10,480.0
2010-12-13,480.0
2010-12-14,481.5
2010-12-15,483.0
2010-12-16,499.0
2010-12-17,498.9
2010-12-20,506.0
2010-12-21,503.0
2010-12-22,495.1
2010-12-23,488.0
2010-12-24,493.0
2010-12-27,490.0
2010-12-28,475.0
2010-12-29,490.9
2010-12-30,489.0
2010-12-31,490.0
2011-01-03,490.0
2011-01-04,489.9
2011-01-05,480.05
2011-01-06,480.0
2011-01-07,485.0
2011-01-10,485.0
2011-01-12,485.0
2011-01-13,479.0
2011-01-14,479.0
2011-01-17,472.0
2011-01-18,473.05
2011-01-19,487.9
2011-01-20,487.9
2011-01-21,475.0
2011-01-24,473.15
2011-01-25,471.0
2011-01-26,465.1
2011-01-27,462.0
2011-01-28,485.0
2011-01-31,459.05
2011-02-01,466.55
2011-02-02,476.55
2011-02-03,476.55
2011-02-04,474.8
2011-02-07,460.0
2011-02-08,454.2
2011-02-09,473.35
2011-02-10,461.0
2011-02-11,455.5
2011-02-14,473.55
2011-02-15,473.55
2011-02-18,463.0
2011-02-21,435.25
2011-02-22,420.0
2011-02-23,426.1
2011-02-24,431.0
2011-02-25,440.0
2011-02-28,440.0
2011-03-01,432.5
2011-03-02,457.95
2011-03-03,456.95
2011-03-04,460.0
2011-03-07,470.0
2011-03-08,468.9
2011-03-09,452.0
2011-03-10,450.3
2011-03-11,452.2
2011-03-14,456.1
2011-03-15,460.0
2011-03-16,460.0
2011-03-17,450.3
2011-03-18,450.3
2011-03-21,450.1
2011-03-22,450.0
2011-03-23,460.0
2011-03-24,460.0
2011-03-25,460.0
2011-03-28,460.0
2011-03-29,460.0
2011-03-30,435.0
2011-03-31,453.95
2011-04-01,435.0
2011-04-04,435.0
2011-04-05,449.5
2011-04-06,449.5
2011-04-07,449.5
2011-04-08,449.5
2011-04-11,449.5
2011-04-12,435.55
2011-04-13,434.3
2011-04-14,434.25
2011-04-15,410.0
2011-04-18,410.0
2011-04-19,420.0
2011-04-20,408.0
2011-04-21,409.05
2011-04-22,409.05
2011-04-25,411.0
2011-04-26,410.0
2011-04-27,410.0
2011-04-28,389.0
2011-04-29,392.1
2011-05-02,396.0
2011-05-03,398.05
2011-05-04,398.0
2011-05-05,398.0
2011-05-06,414.2
2011-05-09,414.25
2011-05-10,428.0
2011-05-11,428.0
2011-05-12,402.45
2011-05-13,426.0
2011-05-16,426.0
2011-05-17,426.0
2011-05-18,426.0
2011-05-19,426.0
2011-05-20,423.0
2011-05-23,418.95
2011-05-24,418.95
2011-05-25,418.95
2011-05-26,442.0
2011-05-27,437.9
2011-05-30,437.9
2011-05-31,437.0
2011-06-01,437.0
2011-06-02,463.2
2011-06-03,480.0
2011-06-06,485.0
2011-06-07,485.0
2011-06-08,475.0
2011-06-09,475.0
2011-06-10,450.0
2011-06-13,440.0
2011-06-14,444.1
2011-06-15,440.0
2011-06-16,435.0
2011-06-17,423.0
2011-06-20,425.05
2011-06-21,443.0
2011-06-22,443.0
2011-06-23,443.0
2011-06-24,443.0
2011-06-27,426.0
2011-06-28,424.0
2011-06-29,419.0
2011-06-30,429.0
2011-07-01,431.45
2011-07-04,429.9
2011-07-05,429.9
2011-07-06,429.85
2011-07-07,429.85
2011-07-08,415.0
2011-07-11,425.0
2011-07-12,410.15
2011-07-13,419.95
2011-07-14,418.95
2011-07-15,418.95
2011-07-18,394.2
2011-07-19,394.2
2011-07-20,390.0
2011-07-21,390.0
2011-07-22,405.0
2011-07-25,391.5
2011-07-26,389.1
2011-07-27,381.0
2011-07-28,381.0
2011-07-29,378.55
2011-08-01,372.0
2011-08-02,375.0
2011-08-03,372.0
2011-08-04,362.2
2011-08-05,362.0
2011-08-08,350.2
2011-08-09,332.1
2011-08-10,352.0
2011-08-11,352.0
2011-08-12,373.1
2011-08-15,355.05
2011-08-16,360.05
2011-08-17,380.95
2011-08-18,381.0
2011-08-19,365.0
2011-08-22,365.0
2011-08-23,383.95
2011-08-24,383.95
2011-08-25,383.95
2011-08-26,383.95
2011-08-29,383.95
2011-08-30,377.0
2011-09-02,377.0
2011-09-05,376.95
2011-09-06,362.0
2011-09-07,361.75
2011-09-08,361.75
2011-09-09,355.15
2011-09-12,355.0
2011-09-13,360.0
2011-09-14,352.0
2011-09-15,345.0
2011-09-16,351.0
2011-09-19,350.0
2011-09-20,355.0
2011-09-21,354.5
2011-09-22,354.5
2011-09-23,350.0
2011-09-26,349.0
2011-09-27,349.85
2011-09-28,332.1
2011-09-29,344.0
2011-09-30,343.45
2011-10-03,322.85
2011-10-04,337.95
2011-10-05,330.0
2011-10-06,349.8
2011-10-07,345.0
2011-10-10,358.85
2011-10-11,360.0
2011-10-12,365.0
2011-10-13,366.0
2011-10-14,375.0
2011-10-17,374.95
2011-10-18,369.95
2011-10-19,367.55
2011-10-20,360.0
2011-10-21,368.8
2011-10-24,371.0
2011-10-25,371.0
2011-10-26,360.0
2011-10-27,368.65
2011-10-28,365.0
2011-10-31,365.0
2011-11-01,367.65
2011-11-02,365.85
2011-11-03,365.85
2011-11-04,362.95
2011-11-09,362.95
2011-11-10,350.0
2011-11-11,362.75
2011-11-14,350.0
2011-11-15,343.4
2011-11-16,354.0
2011-11-17,343.0
2011-11-21,326.0
2011-11-22,328.0
2011-11-23,328.0
2011-11-24,335.0
2011-11-25,335.0
2011-11-28,335.0
2011-11-29,324.5
2011-11-30,335.0
2011-12-01,325.0
2011-12-02,320.2
2011-12-05,320.0
2011-12-06,339.0
2011-12-07,330.0
2011-12-08,342.9
2011-12-09,328.05
2011-12-12,341.5
2011-12-13,342.5
2011-12-14,325.0
2011-12-15,330.1
2011-12-16,339.0
2011-12-19,338.9
2011-12-20,343.05
2011-12-21,343.1
2011-12-22,352.8
2011-12-23,347.0
2011-12-26,345.0
2011-12-27,330.0
2011-12-28,311.0
2011-12-29,300.0
2011-12-30,305.0
2012-01-02,305.0
2012-01-03,305.0
2012-01-04,322.8
2012-01-05,323.25
2012-01-06,307.25
2012-01-09,307.25
2012-01-10,310.0
2012-01-12,310.0
2012-01-13,304.0
2012-01-16,302.0
2012-01-17,300.0
2012-01-18,311.45
2012-01-19,300.0
2012-01-20,300.0
2012-01-23,308.9
2012-01-24,320.0
2012-01-25,312.9
2012-01-26,319.0
2012-01-27,319.0
2012-01-30,312.0
2012-01-31,305.0
2012-02-01,311.95
2012-02-02,311.95
2012-02-03,309.95
2012-02-07,309.95
2012-02-08,309.9
2012-02-09,302.0
2012-02-10,305.0
2012-02-13,300.0
2012-02-14,303.0
2012-02-15,303.0
2012-02-16,305.0
2012-02-17,300.0
2012-02-20,298.0
2012-02-21,295.0
2012-02-22,292.0
2012-02-23,288.0
2012-02-24,299.9
2012-02-27,299.9
2012-02-28,288.2
2012-02-29,300.0
2012-03-01,300.0
2012-03-02,300.0
2012-03-05,298.85
2012-03-06,298.85
2012-03-07,298.5
2012-03-08,296.0
2012-03-09,296.0
2012-03-12,296.35
2012-03-13,296.6
2012-03-14,296.9
2012-03-15,295.95
2012-03-16,295.95
2012-03-19,289.9
2012-03-20,295.0
2012-03-21,296.9
2012-03-22,297.0
2012-03-23,296.85
2012-03-26,296.85
2012-03-27,295.95
2012-03-28,295.95
2012-03-29,294.95
2012-03-30,280.3
2012-04-02,280.0
2012-04-03,286.0
2012-04-04,286.0
2012-04-05,278.5
2012-04-06,278.5
2012-04-09,278.0
2012-04-10,270.0
2012-04-11,262.0
2012-04-12,262.0
2012-04-13,266.8
2012-04-16,260.0
2012-04-17,257.9
2012-04-18,242.45
2012-04-19,253.0
2012-04-20,248.8
2012-04-23,248.8
2012-04-24,234.0
2012-04-25,243.0
2012-04-26,232.0
2012-04-27,232.3
2012-04-30,232.3
2012-05-02,231.95
2012-05-03,231.95
2012-05-04,229.9
2012-05-07,232.3
2012-05-08,232.35
2012-05-09,228.0
2012-05-10,232.4
2012-05-11,235.0
2012-05-14,235.0
2012-05-15,228.0
2012-05-16,228.0
2012-05-17,224.0
2012-05-18,224.0
2012-05-21,224.0
2012-05-22,224.0
2012-05-23,219.95
2012-05-24,208.1
2012-05-25,214.9
2012-05-28,227.4
2012-05-29,216.3
2012-05-30,219.95
2012-05-31,222.0
2012-06-01,219.9
2012-06-04,219.0
2012-06-05,219.0
2012-06-06,219.5
2012-06-07,224.5
2012-06-08,223.65
2012-06-11,223.65
2012-06-12,222.8
2012-06-13,219.0
2012-06-14,215.0
2012-06-15,217.9
2012-06-18,223.0
2012-06-19,215.05
2012-06-20,222.0
2012-06-21,215.0
2012-06-22,206.0
2012-06-25,206.2
2012-06-26,216.7
2012-06-27,206.25
2012-06-28,216.5
2012-06-29,216.5
2012-07-02,225.95
2012-07-03,225.95
2012-07-04,225.95
2012-07-05,225.95
2012-07-06,225.95
2012-07-09,223.95
2012-07-10,211.0
2012-07-11,205.0
2012-07-12,205.0
2012-07-13,208.0
2012-07-16,215.9
2012-07-17,205.0
2012-07-18,207.0
2012-07-19,215.0
2012-07-20,221.95
2012-07-23,214.0
2012-07-24,214.1
2012-07-25,210.0
2012-07-26,220.0
2012-07-27,213.2
2012-07-31,214.15
2012-08-01,217.2
2012-08-02,230.0
2012-08-03,242.8
2012-08-06,232.05
2012-08-07,220.1
2012-08-08,220.1
2012-08-09,220.1
2012-08-10,220.1
2012-08-13,225.0
2012-08-15,225.0
2012-08-16,225.0
2012-08-17,225.0
2012-08-22,224.0
2012-08-23,224.1
2012-08-24,230.0
2012-08-27,224.1
2012-08-28,224.1
2012-08-29,224.1
2012-08-30,230.0
2012-08-31,235.0
2012-09-03,235.0
2012-09-04,228.0
2012-09-05,240.0
2012-09-06,240.0
2012-09-07,240.0
2012-09-10,240.0
2012-09-11,247.7
2012-09-12,247.7
2012-09-13,247.8
2012-09-14,247.8
2012-09-17,234.75
2012-09-18,232.0
2012-09-19,236.0
2012-09-20,222.55
2012-09-21,235.65
2012-09-24,221.6
2012-09-25,212.1
2012-09-26,216.0
2012-09-27,228.95
2012-09-28,239.9
2012-10-01,225.55
2012-10-02,215.15
2012-10-03,216.05
2012-10-04,220.0
2012-10-05,225.0
2012-10-08,218.0
2012-10-09,218.0
2012-10-10,218.5
2012-10-11,218.5
2012-10-12,220.0
2012-10-15,220.0
2012-10-16,220.1
2012-10-17,219.0
2012-10-18,218.05
2012-10-19,218.05
2012-10-22,218.05
2012-10-23,219.0
2012-10-24,218.1
2012-10-25,218.1
2012-10-29,219.0
2012-10-30,218.05
2012-10-31,218.05
2012-11-01,226.0
2012-11-02,230.0
2012-11-05,226.0
2012-11-07,227.0
2012-11-08,233.0
2012-11-09,234.8
2012-11-12,230.0
2012-11-13,227.3
2012-11-14,240.0
2012-11-15,239.95
2012-11-19,245.0
2012-11-20,245.0
2012-11-21,250.0
2012-11-22,250.0
2012-11-23,253.0
2012-11-26,253.0
2012-11-27,241.1
2012-11-28,241.0
2012-11-29,237.0
2012-11-30,251.2
2012-12-03,260.0
2012-12-04,259.9
2012-12-05,246.0
2012-12-06,254.8
2012-12-07,240.0
2012-12-10,252.5
2012-12-11,250.0
2012-12-12,253.0
2012-12-13,253.0
2012-12-14,256.0
2012-12-17,256.0
2012-12-18,256.0
2012-12-19,256.0
2012-12-20,242.8
2012-12-21,240.0
2012-12-24,247.0
2012-12-25,247.0
2012-12-26,247.0
2012-12-27,240.0
2012-12-28,242.95
2012-12-31,228.5
2013-01-02,229.0
2013-01-03,226.2
2013-01-04,239.7
2013-01-07,226.0
2013-01-08,238.7
2013-01-09,238.7
2013-01-10,238.15
2013-01-14,225.0
2013-01-15,211.6
2013-01-16,211.0
2013-01-17,211.0
2013-01-18,211.6
2013-01-21,211.7
2013-01-22,211.8
2013-01-23,211.8
2013-01-28,212.0
2013-01-29,211.7
2013-01-30,223.65
2013-01-31,223.65
2013-02-01,236.0
2013-02-04,236.0
2013-02-05,236.0
2013-02-06,223.15
2013-02-07,223.1
2013-02-08,222.0
2013-02-11,222.0
2013-02-12,222.0
2013-02-13,212.0
2013-02-14,212.0
2013-02-15,212.0
2013-02-18,220.0
2013-02-19,212.0
2013-02-20,212.0
2013-02-21,213.15
2013-02-22,213.15
2013-02-25,213.15
2013-02-26,213.5
2013-02-27,222.0
2013-02-28,222.0
2013-03-01,222.0
2013-03-04,222.0
2013-03-05,222.0
2013-03-06,213.0
2013-03-07,213.0
2013-03-08,213.0
2013-03-11,213.0
2013-03-12,215.0
2013-03-13,215.0
2013-03-14,215.1
2013-03-15,223.9
2013-03-18,215.6
2013-03-19,224.0
2013-03-20,216.15
2013-03-21,215.35
2013-03-22,215.35
2013-03-25,224.95
2013-03-26,220.0
2013-03-27,219.1
2013-03-28,229.9
2013-03-29,229.9
2013-04-01,216.15
2013-04-02,215.25
2013-04-03,215.25
2013-04-04,215.25
2013-04-05,212.05
2013-04-08,212.05
2013-04-09,221.75
2013-04-10,215.4
2013-04-11,223.5
2013-04-12,223.5
2013-04-15,220.0
2013-04-16,220.0
2013-04-17,216.2
2013-04-18,216.2
2013-04-19,216.3
2013-04-22,223.25
2013-04-23,216.0
2013-04-24,216.0
2013-04-25,216.1
2013-04-26,220.0
2013-04-29,225.0
2013-04-30,225.0
2013-05-02,227.9
2013-05-03,216.6
2013-05-06,216.6
2013-05-07,217.0
2013-05-08,217.0
2013-05-09,217.0
2013-05-10,217.0
2013-05-13,217.0
2013-05-14,217.2
2013-05-15,225.0
2013-05-16,230.0
2013-05-17,230.0
2013-05-20,230.0
2013-05-21,230.0
2013-05-22,216.6
2013-05-23,216.65
2013-05-24,219.0
2013-05-27,216.6
2013-05-28,216.6
2013-05-29,217.0
2013-05-30,216.75
2013-05-31,216.55
2013-06-03,211.1
2013-06-04,217.0
2013-06-05,217.0
2013-06-06,213.05
2013-06-07,213.05
2013-06-10,213.0
2013-06-11,220.0
2013-06-12,220.0
2013-06-13,220.0
2013-06-14,217.1
2013-06-17,217.1
2013-06-18,217.1
2013-06-19,217.15
2013-06-20,217.2
2013-06-21,217.2
2013-06-24,217.0
2013-06-25,217.0
2013-06-26,212.35
2013-06-27,211.0
2013-06-28,211.0
2013-07-01,211.0
2013-07-02,211.05
2013-07-03,211.05
2013-07-04,211.05
2013-07-05,211.05
2013-07-08,213.0
2013-07-09,225.7
2013-07-10,225.7
2013-07-11,217.2
2013-07-12,215.2
2013-07-15,215.2
2013-07-16,215.3
2013-07-17,227.9
2013-07-18,215.1
2013-07-19,215.1
2013-07-22,215.1
2013-07-23,214.0
2013-07-24,214.0
2013-07-25,213.25
2013-07-26,213.25
2013-07-29,213.25
2013-07-31,213.25
2013-08-01,225.0
2013-08-02,225.0
2013-08-05,211.5
2013-08-06,211.5
2013-08-07,211.05
2013-08-08,211.05
2013-08-13,211.05
2013-08-15,212.05
2013-08-16,212.2
2013-08-19,212.2
2013-08-22,212.2
2013-08-23,212.2
2013-08-26,212.05
2013-08-27,221.8
2013-08-28,221.8
2013-08-29,223.0
2013-08-30,222.9
2013-09-02,212.5
2013-09-03,212.5
2013-09-04,224.9
2013-09-05,218.0
2013-09-06,218.0
2013-09-09,231.0
2013-09-10,240.0
2013-09-11,240.0
2013-09-12,230.0
2013-09-13,230.0
2013-09-16,218.6
2013-09-17,220.3
2013-09-18,220.3
2013-09-19,220.3
2013-09-20,220.3
2013-09-23,213.0
2013-09-24,213.0
2013-09-25,213.0
2013-09-26,213.0
2013-09-27,213.0
2013-09-30,212.65
2013-10-01,212.65
2013-10-02,211.0
2013-10-03,211.1
2013-10-04,211.1
2013-10-07,211.1
2013-10-08,212.15
2013-10-09,222.5
2013-10-10,212.65
2013-10-11,212.65
2013-10-14,212.65
2013-10-15,212.65
2013-10-21,215.0
2013-10-22,215.0
2013-10-23,224.0
2013-10-24,224.0
2013-10-25,223.0
2013-10-28,224.5
2013-10-29,224.5
2013-10-30,224.5
2013-10-31,235.0
2013-11-01,240.0
2013-11-07,240.0
2013-11-08,240.0
2013-11-11,226.0
2013-11-12,225.6
2013-11-13,236.0
2013-11-14,222.1
2013-11-15,222.1
2013-11-19,235.0
2013-11-20,249.1
2013-11-21,260.0
2013-11-22,260.0
2013-11-25,244.5
2013-11-26,231.15
2013-11-27,245.0
2013-11-28,245.0
2013-11-29,245.0
2013-12-02,246.0
2013-12-03,249.0
2013-12-04,244.5
2013-12-05,249.0
2013-12-06,248.0
2013-12-09,233.15
2013-12-10,233.15
2013-12-11,230.0
2013-12-12,242.0
2013-12-13,238.5
2013-12-16,246.25
2013-12-17,246.25
2013-12-18,244.25
2013-12-19,243.75
2013-12-20,235.0
2013-12-23,236.0
2013-12-24,224.0
2013-12-25,224.0
2013-12-26,223.05
2013-12-27,223.05
2013-12-30,223.05
2013-12-31,223.05
2014-01-02,213.2
2014-01-03,225.95
2014-01-06,213.35
2014-01-07,214.45
2014-01-08,215.25
2014-01-09,215.25
2014-01-10,221.0
2014-01-13,226.5
2014-01-16,229.6
2014-01-17,229.5
2014-01-20,230.0
2014-01-21,233.75
2014-01-22,233.75
2014-01-23,238.0
2014-01-24,237.5
2014-01-27,225.0
2014-01-28,236.5
2014-01-29,236.5
2014-01-30,225.4
2014-01-31,226.35
2014-02-03,234.75
2014-02-04,234.75
2014-02-05,225.75
2014-02-06,225.8
2014-02-07,226.3
2014-02-10,235.75
2014-02-11,234.6
2014-02-12,234.6
2014-02-13,234.25
2014-02-14,234.15
2014-02-17,238.0
2014-02-18,238.3
2014-02-19,228.3
2014-02-20,230.0
2014-02-21,230.0
2014-02-24,223.0
2014-02-25,234.5
2014-02-26,234.75
2014-02-27,234.75
2014-02-28,227.2
2014-03-03,236.9
2014-03-04,244.45
2014-03-05,258.75
2014-03-06,253.75
2014-03-07,254.2
2014-03-10,256.5
2014-03-11,252.0
2014-03-12,259.0
2014-03-13,250.0
2014-03-14,240.0
2014-03-17,254.4
2014-03-18,258.0
2014-03-19,252.0
2014-03-20,266.9
2014-03-21,264.0
2014-03-24,279.0
2014-03-25,266.1
2014-03-26,265.0
2014-03-27,263.0
2014-03-28,261.0
2014-03-31,251.1
2014-04-01,255.0
2014-04-02,240.0
2014-04-03,240.5
2014-04-04,254.9
2014-04-07,240.0
2014-04-08,249.0
2014-04-09,253.0
2014-04-10,245.0
2014-04-11,250.0
2014-04-14,250.0
2014-04-15,245.0
2014-04-16,245.0
2014-04-17,245.0
2014-04-18,245.0
2014-04-21,249.9
2014-04-22,249.9
2014-04-23,240.0
2014-04-24,245.0
2014-04-25,245.0
2014-04-28,245.0
2014-04-29,245.0
2014-04-30,243.0
2014-05-02,243.0
2014-05-05,240.0
2014-05-06,225.6
2014-05-07,225.6
2014-05-08,235.75
2014-05-09,237.0
2014-05-12,237.0
2014-05-13,233.9
2014-05-14,222.0
2014-05-15,230.9
2014-05-16,230.9
2014-05-19,217.05
2014-05-20,216.05
2014-05-21,215.1
2014-05-22,221.0
2014-05-23,223.0
2014-05-26,222.0
2014-05-27,220.5
2014-05-28,220.5
2014-05-29,220.5
2014-05-30,219.0
2014-06-02,220.0
2014-06-03,224.0
2014-06-04,220.0
2014-06-05,218.2
2014-06-06,219.9
2014-06-09,219.0
2014-06-10,219.0
2014-06-11,230.05
2014-06-12,234.9
2014-06-13,234.9
2014-06-16,234.9
2014-06-17,234.9
2014-06-18,234.9
2014-06-19,234.9
2014-06-20,234.9
2014-06-23,225.0
2014-06-24,225.0
2014-06-25,220.3
2014-06-26,220.3
2014-06-27,220.3
2014-06-30,220.3
2014-07-01,220.3
2014-07-02,221.0
2014-07-03,221.0
2014-07-04,217.1
2014-07-07,217.1
2014-07-08,217.1
2014-07-09,217.1
2014-07-10,217.1
2014-07-11,230.0
2014-07-14,216.35
2014-07-15,216.35
2014-07-16,218.0
2014-07-17,220.0
2014-07-18,220.0
2014-07-21,218.25
2014-07-22,218.25
2014-07-23,218.25
2014-07-24,219.0
2014-07-25,219.0
2014-07-31,219.0
2014-08-01,225.0
2014-08-04,222.3
2014-08-05,222.3
2014-08-06,222.3
2014-08-07,231.0
2014-08-08,222.65
2014-08-11,222.0
2014-08-12,222.0
2014-08-13,222.15
2014-08-15,235.0
2014-08-18,226.0
2014-08-19,248.6
2014-08-22,235.0
2014-08-25,235.0
2014-08-26,227.05
2014-08-27,227.05
2014-08-28,227.25
2014-08-29,240.5
2014-09-01,235.0
2014-09-02,229.0
2014-09-03,242.7
2014-09-04,230.1
2014-09-05,243.9
2014-09-08,238.0
2014-09-09,234.0
2014-09-10,234.0
2014-09-11,233.5
2014-09-12,235.0
2014-09-15,235.35
2014-09-16,240.0
2014-09-17,239.2
2014-09-18,240.0
2014-09-19,243.8
2014-09-22,243.8
2014-09-23,243.8
2014-09-24,243.8
2014-09-25,258.4
2014-09-26,260.0
2014-09-29,260.0
2014-09-30,247.0
2014-10-01,236.1
2014-10-02,236.1
2014-10-03,250.0
2014-10-07,259.95
2014-10-08,260.0
2014-10-09,252.0
2014-10-10,251.25
2014-10-13,251.25
2014-10-14,251.25
2014-10-15,242.35
2014-10-16,242.2
2014-10-17,242.2
2014-10-20,251.85
2014-10-21,243.0
2014-10-22,243.0
2014-10-23,239.0
2014-10-24,247.0
2014-10-27,253.0
2014-10-28,240.6
2014-10-29,240.6
2014-10-30,240.6
2014-10-31,240.6
2014-11-03,252.9
2014-11-04,253.0
2014-11-05,253.0
2014-11-07,253.0
2014-11-10,256.75
2014-11-11,258.75
2014-11-12,243.25
2014-11-13,257.7
2014-11-14,257.5
2014-11-17,257.5
2014-11-19,257.5
2014-11-20,257.5
2014-11-21,257.5
2014-11-24,257.5
2014-11-25,257.5
2014-11-26,255.25
2014-11-27,242.1
2014-11-28,241.0
2014-12-01,253.4
2014-12-02,253.4
2014-12-03,239.25
2014-12-04,239.25
2014-12-05,240.5
2014-12-08,239.0
2014-12-09,239.0
2014-12-10,239.0
2014-12-11,239.0
2014-12-12,239.0
2014-12-15,239.0
2014-12-16,239.0
2014-12-17,239.0
2014-12-18,238.0
2014-12-19,238.0
2014-12-22,239.0
2014-12-23,239.0
2014-12-24,239.0
2014-12-25,239.0
2014-12-26,230.0
2014-12-29,230.0
2014-12-30,234.5
2014-12-31,234.5
2015-01-02,234.5
2015-01-06,225.15
2015-01-07,225.15
2015-01-08,227.0
2015-01-09,233.5
2015-01-12,228.3
2015-01-13,241.0
2015-01-14,230.0
2015-01-15,232.0
2015-01-16,230.0
2015-01-19,230.0
2015-01-20,230.1
2015-01-21,229.0
2015-01-22,229.0
2015-01-23,230.0
2015-01-26,230.0
2015-01-27,230.0
2015-01-28,231.0
2015-01-29,231.0
2015-01-30,230.0
2015-02-02,228.0
2015-02-03,228.0
2015-02-04,230.0
2015-02-05,230.0
2015-02-06,230.1
2015-02-09,230.0
2015-02-10,228.0
2015-02-11,228.0
2015-02-12,228.0
2015-02-13,228.0
2015-02-16,228.0
2015-02-17,231.0
2015-02-18,231.0
2015-02-19,231.0
2015-02-20,225.0
2015-02-23,224.0
2015-02-24,218.05
2015-02-25,218.05
2015-02-26,218.3
2015-02-27,220.15
2015-03-02,228.0
2015-03-03,221.0
2015-03-04,221.0
2015-03-05,228.0
2015-03-06,221.1
2015-03-09,220.0
2015-03-10,220.2
2015-03-11,220.2
2015-03-12,220.25
2015-03-13,220.25
2015-03-16,220.25
2015-03-17,227.9
2015-03-18,241.55
2015-03-19,241.5
2015-03-20,235.0
2015-03-23,247.9
2015-03-24,247.9
2015-03-25,231.25
2015-03-26,230.0
2015-03-27,224.0
2015-03-30,224.0
2015-03-31,224.0
2015-04-01,220.0
2015-04-02,214.1
2015-04-03,214.1
2015-04-06,205.55
2015-04-07,205.55
2015-04-08,206.5
2015-04-09,206.5
2015-04-10,203.0
2015-04-13,202.5
2015-04-14,202.5
2015-04-15,202.5
2015-04-16,202.5
2015-04-17,202.5
2015-04-20,202.95
2015-04-21,210.0
2015-04-22,210.0
2015-04-23,203.0
2015-04-24,203.0
2015-04-27,203.0
2015-04-28,203.0
2015-04-29,203.0
2015-04-30,204.0
2015-05-04,204.0
2015-05-05,202.5
2015-05-06,210.0
2015-05-07,204.0
2015-05-08,204.0
2015-05-11,204.0
2015-05-12,200.0
2015-05-13,200.0
2015-05-14,200.0
2015-05-15,197.5
2015-05-18,198.0
2015-05-19,198.0
2015-05-20,195.0
2015-05-21,195.0
2015-05-22,206.7
2015-05-25,198.0
2015-05-26,198.0
2015-05-27,198.0
2015-05-28,198.0
2015-05-29,209.85
2015-06-01,209.85
2015-06-02,197.3
2015-06-03,197.3
2015-06-04,195.5
2015-06-05,195.5
2015-06-08,196.0
2015-06-09,196.0
2015-06-10,198.0
2015-06-11,199.0
2015-06-12,199.0
2015-06-15,199.0
2015-06-16,200.5
2015-06-17,202.0
2015-06-18,202.0
2015-06-19,202.0
2015-06-22,202.05
2015-06-23,202.05
2015-06-24,201.0
2015-06-25,201.0
2015-06-26,200.1
2015-06-29,200.1
2015-06-30,200.1
2015-07-01,200.1
2015-07-02,200.1
2015-07-03,205.0
2015-07-06,205.0
2015-07-07,205.0
2015-07-08,205.0
2015-07-09,200.0
2015-07-10,200.0
2015-07-13,200.0
2015-07-14,212.0
2015-07-15,212.0
2015-07-16,212.0
2015-07-20,212.0
2015-07-21,212.0
2015-07-22,212.0
2015-07-23,212.0
2015-07-24,202.5
2015-07-27,201.05
2015-07-28,213.0
2015-07-29,213.0
2015-07-31,213.5
2015-08-03,213.5
2015-08-04,213.5
2015-08-05,213.5
2015-08-06,202.1
2015-08-07,202.1
2015-08-10,202.1
2015-08-11,214.2
2015-08-12,214.2
2015-08-13,214.2
2015-08-17,202.3
2015-08-18,206.0
2015-08-19,204.0
2015-08-24,207.0
2015-08-25,207.0
2015-08-26,207.0
2015-08-27,207.0
2015-08-28,207.0
2015-08-31,207.0
2015-09-01,202.1
2015-09-02,202.1
2015-09-03,202.1
2015-09-04,214.2
2015-09-07,220.0
2015-09-08,224.0
2015-09-09,215.0
2015-09-10,215.0
2015-09-11,215.1
2015-09-14,228.0
2015-09-15,239.0
2015-09-16,239.0
2015-09-17,239.75
2015-09-18,239.75
2015-09-21,225.4
2015-09-22,225.4
2015-09-23,225.4
2015-09-28,225.4
2015-09-29,225.4
2015-09-30,225.4
2015-10-01,225.4
2015-10-02,236.75
2015-10-05,232.8
2015-10-06,225.0
2015-10-07,229.9
2015-10-08,229.9
2015-10-09,228.0
2015-10-12,227.9
2015-10-13,216.0
2015-10-14,211.5
2015-10-16,211.5
2015-10-19,204.05
2015-10-20,216.0
2015-10-21,228.0
2015-10-22,214.5
2015-10-23,214.5
2015-10-26,214.5
2015-10-27,214.5
2015-10-28,214.5
2015-10-29,224.5
2015-10-30,224.5
2015-11-02,211.05
2015-11-03,211.05
2015-11-04,208.0
2015-11-05,207.2
2015-11-09,219.6
2015-11-10,232.7
2015-11-11,246.65
2015-11-12,259.9
2015-11-13,275.0
2015-11-16,258.65
2015-11-17,243.15
2015-11-19,254.8
2015-11-20,263.4
2015-11-23,267.5
2015-11-24,267.5
2015-11-25,265.9
2015-11-26,259.9
2015-11-27,259.9
2015-11-30,250.0
2015-12-01,250.0
2015-12-02,250.0
2015-12-03,250.0
2015-12-04,250.0
2015-12-07,250.0
2015-12-08,250.0
2015-12-09,225.0
2015-12-10,238.5
2015-12-11,225.3
2015-12-14,238.4
2015-12-15,238.4
2015-12-16,238.4
2015-12-17,238.4
2015-12-18,238.4
2015-12-21,238.4
2015-12-22,224.1
2015-12-23,224.1
2015-12-28,224.1
2015-12-29,224.1
2015-12-30,243.0
2015-12-31,243.0
2016-01-04,243.0
2016-01-05,243.0
2016-01-06,243.0
2016-01-07,243.0
2016-01-08,228.45
2016-01-12,214.75
2016-01-13,213.0
2016-01-14,213.15
2016-01-15,213.15
2016-01-18,220.0
2016-01-19,213.6
2016-01-20,213.6
2016-01-21,213.6
2016-01-22,213.6
2016-01-25,213.6
2016-01-26,213.6
2016-01-27,213.6
2016-01-28,213.6
2016-01-29,213.6
2016-02-01,213.6
2016-02-02,216.0
2016-02-03,216.05
2016-02-04,229.0
2016-02-05,229.0
2016-02-08,229.0
2016-02-09,225.0
2016-02-10,225.0
2016-02-11,230.0
2016-02-12,230.0
2016-02-15,230.0
2016-02-16,230.0
2016-02-17,220.05
2016-02-18,225.0
2016-02-19,230.0
2016-02-22,230.0
2016-02-23,239.4
2016-02-24,239.4
2016-02-25,225.7
2016-02-26,225.8
2016-02-29,225.8
2016-03-01,235.9
2016-03-02,235.9
2016-03-03,235.9
2016-03-04,228.0
2016-03-07,228.0
2016-03-08,225.1
2016-03-09,225.1
2016-03-10,234.4
2016-03-11,234.9
2016-03-14,230.0
2016-03-15,235.0
2016-03-16,235.0
2016-03-17,235.0
2016-03-18,235.0
2016-03-21,247.0
2016-03-22,261.8
2016-03-23,276.0
2016-03-24,292.55
2016-03-25,310.0
2016-03-28,328.6
2016-03-29,328.6
2016-03-30,319.0
2016-03-31,312.0
2016-04-01,312.0
2016-04-04,312.0
2016-04-05,306.95
2016-04-06,293.3
2016-04-07,280.0
2016-04-08,263.2
2016-04-11,263.2
2016-04-12,263.2
2016-04-13,263.2
2016-04-14,275.9
2016-04-15,275.9
2016-04-18,275.9
2016-04-19,275.9
2016-04-20,277.85
2016-04-21,275.0
2016-04-22,275.0
2016-04-25,260.1
2016-04-26,250.0
2016-04-27,250.0
2016-04-28,265.0
2016-04-29,275.0
2016-05-02,275.0
2016-05-03,275.0
2016-05-04,275.0
2016-05-05,275.0
2016-05-06,275.0
2016-05-09,275.0
2016-05-10,275.0
2016-05-11,275.0
2016-05-12,280.0
2016-05-13,271.5
2016-05-16,280.0
2016-05-17,280.0
2016-05-18,279.5
2016-05-19,279.5
2016-05-20,279.0
2016-05-23,279.0
2016-05-24,280.0
2016-05-25,280.0
2016-05-26,280.0
2016-05-27,280.0
2016-05-30,267.0
2016-05-31,264.0
2016-06-01,279.35
2016-06-02,280.0
2016-06-03,281.0
2016-06-06,281.0
2016-06-07,281.0
2016-06-08,281.0
2016-06-09,270.0
2016-06-10,270.0
2016-06-13,270.0
2016-06-14,270.0
2016-06-15,270.0
2016-06-16,270.0
2016-06-17,270.0
2016-06-20,270.0
2016-06-21,270.0
2016-06-22,270.0
2016-06-23,270.0
2016-06-24,270.0
2016-06-27,270.0
2016-06-28,270.0
2016-06-29,270.0
2016-06-30,270.0
2016-07-01,261.0
2016-07-04,275.0
2016-07-05,265.0
2016-07-11,265.0
2016-07-12,266.0
2016-07-13,261.0
2016-07-14,265.0
2016-07-15,265.0
2016-07-18,265.0
2016-07-19,265.0
2016-07-20,270.0
2016-07-21,270.0
2016-07-22,270.05
2016-07-25,270.05
2016-07-26,274.0
2016-07-27,274.0
2016-07-28,290.0
2016-07-29,290.0
2016-08-01,290.0
2016-08-02,290.0
2016-08-03,290.0
2016-08-04,279.0
2016-08-05,290.0
2016-08-08,290.0
2016-08-09,290.0
2016-08-10,290.0
2016-08-11,290.0
2016-08-12,290.0
2016-08-15,285.0
2016-08-16,285.0
2016-08-17,285.0
2016-08-18,285.05
2016-08-19,285.05
2016-08-22,285.05
2016-08-23,285.05
2016-08-24,285.05
2016-08-25,273.0
2016-08-26,273.0
2016-08-29,299.9
2016-08-30,299.9
2016-08-31,299.9
2016-09-01,299.9
2016-09-02,299.9
2016-09-05,299.9
2016-09-06,305.0
2016-09-07,305.0
2016-09-08,288.0
2016-09-09,295.0
2016-09-14,295.0
2016-09-15,300.0
2016-09-16,300.0
2016-09-19,305.0
2016-09-20,310.0
2016-09-21,298.0
2016-09-22,325.2
2016-09-23,313.9
2016-09-26,313.9
2016-09-27,288.0
2016-09-28,298.9
2016-09-29,298.9
2016-09-30,285.0
2016-10-04,296.7
2016-10-05,283.3
2016-10-06,292.4
2016-10-07,295.9
2016-10-10,295.9
2016-10-11,295.9
2016-10-12,300.0
2016-10-13,300.0
2016-10-14,288.3
2016-10-17,288.3
2016-10-18,288.0
2016-10-19,298.9
2016-10-20,300.0
2016-10-21,304.9
2016-10-24,304.7
2016-10-25,304.7
2016-10-26,304.7
2016-10-27,304.7
2016-10-28,304.7
2016-10-31,304.7
2016-11-01,301.0
2016-11-02,301.0
2016-11-03,292.3
2016-11-04,301.0
2016-11-07,301.0
2016-11-08,280.0
2016-11-09,298.3
2016-11-10,298.3
2016-11-11,298.3
2016-11-14,298.6
2016-11-15,298.3
2016-11-16,298.3
2016-11-17,298.3
2016-11-21,298.3
2016-11-22,283.1
2016-11-23,281.1
2016-11-24,297.3
2016-11-25,277.0
2016-11-28,290.0
2016-11-29,290.0
2016-11-30,313.0
2016-12-01,344.0
2016-12-02,377.0
2016-12-05,351.0
2016-12-06,351.0
2016-12-07,341.1
2016-12-08,330.0
2016-12-09,349.0
2016-12-14,324.0
2016-12-15,324.0
2016-12-16,325.1
2016-12-19,349.0
2016-12-20,326.3
2016-12-21,329.0
2016-12-22,326.0
2016-12-23,348.0
2016-12-26,325.0
2016-12-27,325.0
2016-12-28,325.0
2016-12-29,330.0
2016-12-30,310.25
2017-01-02,310.25
2017-01-03,315.0
2017-01-04,324.0
2017-01-05,339.5
2017-01-06,325.15
2017-01-09,320.0
2017-01-10,325.0
2017-01-12,321.0
2017-01-13,320.0
2017-01-16,329.65
2017-01-17,321.0
2017-01-18,321.0
2017-01-19,321.0
2017-01-20,321.0
2017-01-23,325.0
2017-01-24,326.5
2017-01-25,330.0
2017-01-26,333.0
2017-01-27,330.0
2017-01-30,326.0
2017-01-31,333.0
2017-02-01,337.95
2017-02-02,327.5
2017-02-03,335.0
2017-02-06,337.8
2017-02-07,338.0
2017-02-08,339.9
2017-02-09,339.0
2017-02-10,335.0
2017-02-13,329.0
2017-02-14,344.45
2017-02-15,344.35
2017-02-16,353.0
2017-02-17,353.4
2017-02-20,337.0
2017-02-21,330.3
2017-02-22,330.0
2017-02-23,323.0
2017-02-24,317.1
2017-02-27,348.0
2017-02-28,348.0
2017-03-01,347.0
2017-03-02,323.05
2017-03-03,344.9
2017-03-06,344.9
2017-03-07,326.0
2017-03-08,324.05
2017-03-09,322.05
2017-03-10,339.0
2017-03-13,354.75
2017-03-14,349.0
2017-03-15,349.0
2017-03-16,335.3
2017-03-17,335.3
2017-03-20,335.3
2017-03-21,331.65
2017-03-22,332.0
2017-03-23,331.5
2017-03-24,331.5
2017-03-27,330.0
2017-03-28,330.0
2017-03-29,330.0
2017-03-30,318.0
2017-03-31,317.0
2017-04-03,317.0
2017-04-04,299.0
2017-04-05,299.0
2017-04-06,310.0
2017-04-07,310.0
2017-04-10,310.0
2017-04-11,291.0
2017-04-12,291.0
2017-04-13,291.0
2017-04-14,291.0
2017-04-17,292.0
2017-04-18,292.0
2017-04-19,292.0
2017-04-20,292.0
2017-04-21,292.0
2017-04-24,292.0
2017-04-25,315.0
2017-04-26,315.0
2017-04-27,315.0
2017-04-28,315.0
2017-05-02,314.95
2017-05-03,313.0
2017-05-04,305.0
2017-05-05,305.0
2017-05-08,305.0
2017-05-09,312.5
2017-05-10,312.5
2017-05-11,312.5
2017-05-12,312.5
2017-05-15,312.5
2017-05-16,295.65
2017-05-17,295.7
2017-05-18,295.1
2017-05-19,294.1
2017-05-22,300.0
2017-05-23,292.1
2017-05-24,303.9
2017-05-25,303.9
2017-05-26,303.9
2017-05-29,302.9
2017-05-30,302.9
2017-05-31,302.9
2017-06-01,300.0
2017-06-02,300.0
2017-06-05,300.0
2017-06-06,300.0
2017-06-07,300.0
2017-06-08,292.05
2017-06-09,292.05
2017-06-12,292.05
2017-06-13,292.1
2017-06-14,292.1
2017-06-15,292.05
2017-06-16,292.05
2017-06-19,292.05
2017-06-20,292.05
2017-06-21,292.05
2017-06-22,292.05
2017-06-23,292.05
2017-06-28,305.0
2017-06-29,305.0
2017-06-30,305.0
2017-07-03,305.0
2017-07-04,305.0
2017-07-05,300.95
2017-07-06,301.0
2017-07-07,300.95
2017-07-10,293.0
2017-07-11,291.2
2017-07-12,285.5
2017-07-13,290.0
2017-07-14,298.85
2017-07-17,298.85
2017-07-18,288.0
2017-07-19,288.0
2017-07-20,286.05
2017-07-21,286.0
2017-07-24,286.5
2017-07-25,296.5
2017-07-26,296.5
2017-07-27,296.5
2017-07-28,296.5
2017-07-31,286.0
2017-08-01,286.0
2017-08-02,286.0
2017-08-03,285.5
2017-08-04,290.0
2017-08-07,285.6
2017-08-08,285.6
2017-08-09,285.65
2017-08-10,285.5
2017-08-11,291.0
2017-08-15,291.0
2017-08-16,291.0
2017-08-17,296.4
2017-08-18,296.4
2017-08-22,296.4
2017-08-23,292.0
2017-08-24,290.0
2017-08-25,287.0
2017-08-28,292.5
2017-08-29,292.0
2017-08-30,290.0
2017-08-31,290.0
2017-09-04,290.0
2017-09-05,297.55
2017-09-06,290.3
2017-09-07,290.0
2017-09-08,295.0
2017-09-11,313.0
2017-09-12,313.0
2017-09-13,304.0
2017-09-14,313.0
2017-09-15,313.0
2017-09-18,313.0
2017-09-19,318.0
2017-09-20,312.5
2017-09-21,312.5
2017-09-25,312.5
2017-09-26,312.5
2017-09-27,306.0
2017-09-28,304.0
2017-09-29,320.0
2017-10-02,302.0
2017-10-03,294.0
2017-10-04,300.0
2017-10-05,294.0
2017-10-06,294.0
2017-10-09,292.0
2017-10-10,304.0
2017-10-11,298.0
2017-10-12,310.0
2017-10-13,310.0
2017-10-16,340.0
2017-10-17,373.95
2017-10-18,337.1
2017-10-19,370.8
2017-10-20,362.8
2017-10-23,370.0
2017-10-24,370.0
2017-10-25,351.2
2017-10-26,353.0
2017-10-27,369.75
2017-10-30,369.75
2017-10-31,369.75
2017-11-01,360.0
2017-11-02,362.5
2017-11-03,369.0
2017-11-07,375.0
2017-11-08,406.0
2017-11-09,412.0
2017-11-10,410.0
2017-11-13,420.0
2017-11-14,420.0
2017-11-15,425.0
2017-11-16,425.0
2017-11-17,425.0
2017-11-20,415.0
2017-11-21,415.0
2017-11-22,415.0
2017-11-23,398.05
2017-11-24,398.1
2017-11-27,375.0
2017-11-28,400.0
2017-11-29,400.0
2017-11-30,400.0
2017-12-04,400.0
2017-12-05,388.0
2017-12-06,376.0
2017-12-07,376.0
2017-12-08,376.0
2017-12-11,376.0
2017-12-12,376.0
2017-12-13,404.95
2017-12-14,404.95
2017-12-15,404.95
2017-12-18,404.95
2017-12-19,400.0
2017-12-20,373.0
2017-12-21,373.0
2017-12-22,373.0
2017-12-25,366.1
2017-12-26,366.25
2017-12-27,366.25
2017-12-28,402.5
2017-12-29,402.5
2018-01-02,405.0
2018-01-03,407.0
2018-01-04,420.0
2018-01-05,400.0
2018-01-08,400.0
2018-01-09,375.0
2018-01-10,375.0
2018-01-12,376.0
2018-01-15,377.3
2018-01-16,388.3
2018-01-17,390.0
2018-01-18,390.0
2018-01-19,393.9
2018-01-22,393.9
2018-01-23,393.0
2018-01-24,431.9
2018-01-25,440.0
2018-01-26,421.0
2018-01-29,421.0
2018-01-30,420.0
2018-01-31,410.0
2018-02-01,431.9
2018-02-02,423.0
2018-02-05,435.0
2018-02-06,435.0
2018-02-07,435.0
2018-02-08,435.0
2018-02-09,435.0
2018-02-12,435.0
2018-02-13,402.0
2018-02-14,402.0
2018-02-15,427.4
2018-02-16,438.8
2018-02-19,469.0
2018-02-20,494.0
2018-02-21,490.0
2018-02-22,490.0
2018-02-23,489.0
2018-02-26,493.0
2018-02-27,493.0
2018-02-28,493.0
2018-03-01,469.0
2018-03-02,461.0
2018-03-05,461.0
2018-03-06,461.0
2018-03-07,461.0
2018-03-08,461.0
2018-03-09,470.0
2018-03-12,470.0
2018-03-13,470.0
2018-03-14,469.95
2018-03-15,451.5
2018-03-16,452.2
2018-03-19,452.2
2018-03-20,430.0
2018-03-21,430.0
2018-03-22,430.0
2018-03-23,450.0
2018-03-26,494.95
2018-03-27,530.0
2018-03-28,548.9
2018-03-29,548.9
2018-03-30,511.0
2018-04-02,490.05
2018-04-03,501.0
2018-04-04,501.0
2018-04-05,501.0
2018-04-06,490.0
2018-04-09,481.15
2018-04-10,482.5
2018-04-11,482.5
2018-04-12,482.5
2018-04-13,484.0
2018-04-16,484.0
2018-04-17,491.0
2018-04-18,491.0
2018-04-19,491.0
2018-04-20,497.0
2018-04-23,487.0
2018-04-24,488.0
2018-04-25,488.0
2018-04-26,500.0
2018-04-27,502.0
2018-04-30,500.0
2018-05-02,500.0
2018-05-03,500.0
2018-05-04,500.0
2018-05-07,505.0
2018-05-08,500.0
2018-05-09,495.6
2018-05-10,495.6
2018-05-11,538.0
2018-05-14,538.0
2018-05-15,500.0
2018-05-16,500.0
2018-05-17,505.0
2018-05-18,494.5
2018-05-21,494.1
2018-05-22,494.1
2018-05-23,495.0
2018-05-24,494.1
2018-05-25,508.9
2018-05-28,508.9
2018-05-29,508.9
2018-05-30,508.9
2018-05-31,493.0
2018-06-01,500.0
2018-06-04,500.0
2018-06-05,500.0
2018-06-06,494.8
2018-06-07,460.0
2018-06-08,460.0
2018-06-11,460.0
2018-06-12,465.0
2018-06-13,455.0
2018-06-14,455.0
2018-06-18,455.0
2018-06-19,455.0
2018-06-20,455.0
2018-06-21,455.0
2018-06-22,455.0
2018-06-25,430.0
2018-06-26,430.0
2018-06-27,430.0
2018-06-28,472.95
2018-06-29,480.0
2018-07-02,480.0
2018-07-03,490.0
2018-07-04,490.0
2018-07-05,455.1
2018-07-06,460.0
2018-07-09,460.0
2018-07-10,460.0
2018-07-11,473.8
2018-07-12,500.0
2018-07-13,500.0
2018-07-16,499.95
2018-07-17,499.95
2018-07-18,499.95
2018-07-19,499.95
2018-07-20,499.95
2018-07-23,499.95
2018-07-24,499.95
2018-07-25,500.0
2018-07-26,500.0
2018-07-27,500.0
2018-07-31,471.0
2018-08-01,471.0
2018-08-02,471.0
2018-08-03,471.0
2018-08-06,471.0
2018-08-07,471.5
2018-08-08,471.5
2018-08-09,471.5
2018-08-10,480.0
2018-08-13,480.0
2018-08-15,480.0
2018-08-16,480.0
2018-08-17,490.0
2018-08-24,490.0
2018-08-27,476.0
2018-08-28,480.0
2018-08-29,480.0
2018-08-30,477.0
2018-08-31,476.0
2018-09-03,474.05
2018-09-04,474.05
2018-09-05,475.0
2018-09-06,475.1
2018-09-07,475.1
2018-09-10,475.1
2018-09-12,470.0
2018-09-13,470.1
2018-09-14,470.1
2018-09-17,470.1
2018-09-18,470.1
2018-09-19,427.0
2018-09-20,427.0
2018-09-21,427.0
2018-09-24,427.0
2018-09-25,425.0
2018-09-26,425.0
2018-09-27,425.0
2018-09-28,467.45
2018-10-01,490.0
2018-10-02,490.0
2018-10-03,500.0
2018-10-04,500.0
2018-10-05,487.0
2018-10-08,495.0
2018-10-09,495.0
2018-10-10,486.0
2018-10-11,486.0
2018-10-12,486.0
2018-10-15,467.0
2018-10-16,486.0
2018-10-17,486.0
2018-10-18,471.45
2018-10-19,486.0
2018-10-22,494.9
2018-10-23,494.9
2018-10-24,473.0
2018-10-25,472.5
2018-10-26,473.0
2018-10-29,473.0
2018-10-30,473.0
2018-10-31,460.0
2018-11-01,460.0
2018-11-02,460.0
2018-11-05,460.0
2018-11-07,469.8
2018-11-08,469.8
2018-11-09,469.8
2018-11-12,469.8
2018-11-13,469.8
2018-11-14,469.8
2018-11-15,469.8
2018-11-16,469.8
2018-11-19,469.8
2018-11-22,469.8
2018-11-23,469.8
2018-11-26,469.8
2018-11-27,469.8
2018-11-28,470.0
2018-11-29,470.0
2018-11-30,470.0
2018-12-03,455.1
2018-12-04,455.1
2018-12-05,455.1
2018-12-06,430.1
2018-12-07,430.1
2018-12-10,430.1
2018-12-11,430.1
2018-12-12,430.1
2018-12-13,430.1
2018-12-14,430.1
2018-12-17,430.1
2018-12-18,440.0
2018-12-19,440.0
2018-12-20,433.15
2018-12-21,433.15
2018-12-24,476.45
2018-12-25,482.95
2018-12-26,482.95
2018-12-27,468.5
2018-12-28,500.0
2018-12-31,500.0
2019-01-02,500.0
2019-01-03,470.0
2019-01-04,475.0
2019-01-07,475.0
2019-01-08,476.0
2019-01-09,477.0
2019-01-10,476.3
2019-01-14,476.3
2019-01-15,490.0
2019-01-16,476.1
2019-01-17,476.1
2019-01-18,476.2
2019-01-21,476.2
2019-01-22,472.05
2019-01-23,501.0
2019-01-24,515.0
2019-01-25,508.0
2019-01-28,508.0
2019-01-29,508.0
2019-01-30,510.2
2019-01-31,510.0
2019-02-01,510.0
2019-02-04,516.0
2019-02-05,540.0
2019-02-06,533.0
2019-02-07,531.0
2019-02-08,531.0
2019-02-11,528.0
2019-02-12,528.0
2019-02-13,528.0
2019-02-14,510.0
2019-02-15,510.0
2019-02-18,491.0
2019-02-19,499.0
2019-02-20,490.0
2019-02-21,490.0
2019-02-22,482.1
2019-02-25,482.1
2019-02-26,500.0
2019-02-27,500.0
2019-02-28,500.0
2019-03-01,500.0
2019-03-04,500.0
2019-03-05,500.0
2019-03-06,500.0
2019-03-07,500.0
2019-03-08,490.0
2019-03-11,490.0
2019-03-12,490.0
2019-03-13,490.0
2019-03-14,480.0
2019-03-15,490.0
2019-03-18,490.0
2019-03-19,508.0
2019-03-20,508.0
2019-03-21,500.0
2019-03-22,514.0
2019-03-25,531.0
2019-03-26,531.0
2019-03-27,539.0
2019-03-28,512.0
2019-03-29,515.0
2019-04-01,530.0
2019-04-02,515.0
2019-04-03,515.0
2019-04-04,515.0
2019-04-05,515.0
2019-04-08,529.0
2019-04-09,529.0
2019-04-10,529.0
2019-04-11,529.0
2019-04-12,529.0
2019-04-15,529.0
2019-04-16,529.0
2019-04-17,491.0
2019-04-18,491.0
2019-04-19,491.0
2019-04-22,491.0
2019-04-23,508.0
2019-04-24,508.0
2019-04-25,508.0
2019-04-26,493.1
2019-04-29,505.0
2019-04-30,520.0
2019-05-02,520.0
2019-05-03,520.0
2019-05-06,520.0
2019-05-07,520.0
2019-05-08,520.0
2019-05-09,520.0
2019-05-10,520.0
2019-05-13,510.0
2019-05-14,489.0
2019-05-15,488.0
2019-05-16,471.0
2019-05-17,451.0
2019-05-20,475.0
2019-05-21,440.0
2019-05-22,450.0
2019-05-23,450.0
2019-05-24,450.0
2019-05-27,450.0
2019-05-28,450.0
2019-05-29,431.4
2019-05-30,431.4
2019-05-31,431.4
2019-06-03,431.4
2019-06-04,469.0
2019-06-10,437.0
2019-06-11,431.0
2019-06-12,431.0
2019-06-13,431.0
2019-06-14,468.9
2019-06-17,435.1
2019-06-18,435.1
2019-06-19,424.1
2019-06-20,450.0
2019-06-21,467.9
2019-06-24,450.0
2019-06-25,460.0
2019-06-26,485.0
2019-06-27,485.0
2019-06-28,459.0
2019-07-01,459.0
2019-07-02,485.0
2019-07-03,485.0
2019-07-04,485.0
2019-07-05,485.0
2019-07-08,485.0
2019-07-09,456.1
2019-07-10,456.1
2019-07-11,484.0
2019-07-12,456.0
2019-07-15,456.0
2019-07-16,485.0
2019-07-17,485.0
2019-07-18,485.0
2019-07-19,485.0
2019-07-22,483.0
2019-07-23,483.0
2019-07-24,455.0
2019-07-25,455.0
2019-07-26,455.0
2019-07-29,460.0
2019-07-31,457.1
2019-08-01,457.0
2019-08-02,450.0
2019-08-05,473.0
2019-08-06,473.0
2019-08-07,445.0
2019-08-08,435.0
2019-08-09,475.0
2019-08-15,475.0
2019-08-16,461.0
2019-08-19,479.95
2019-08-22,479.95
2019-08-23,461.0
2019-08-26,461.0
2019-08-27,461.0
2019-08-28,450.0
2019-08-29,476.9
2019-08-30,465.0
2019-09-02,465.0
2019-09-03,465.0
2019-09-04,465.0
2019-09-05,462.2
2019-09-06,462.2
2019-09-09,462.2
2019-09-10,462.2
2019-09-11,462.1
2019-09-12,462.1
2019-09-13,462.1
2019-09-16,462.1
2019-09-17,466.1
2019-09-18,466.1
2019-09-19,466.1
2019-09-20,480.0
2019-09-23,480.0
2019-09-24,480.0
2019-09-25,480.0
2019-09-26,462.5
2019-09-27,462.0
2019-09-30,494.5
2019-10-01,494.5
2019-10-02,494.5
2019-10-03,494.5
2019-10-04,468.0
2019-10-07,465.0
2019-10-08,465.0
2019-10-09,465.0
2019-10-10,465.0
2019-10-11,465.0
2019-10-14,465.0
2019-10-15,465.0
2019-10-16,465.0
2019-10-17,465.0
2019-10-18,465.0
2019-10-21,433.0
2019-10-22,433.0
2019-10-23,440.0
2019-10-24,440.0
2019-10-25,436.7
2019-10-28,436.7
2019-10-29,427.0
2019-10-30,427.0
2019-10-31,424.0
2019-11-01,464.95
2019-11-04,464.95
2019-11-05,490.0
2019-11-07,463.0
2019-11-08,463.0
2019-11-12,463.0
2019-11-13,463.0
2019-11-14,460.0
2019-11-15,460.0
2019-11-19,452.0
2019-11-20,491.9
2019-11-21,540.0
2019-11-22,535.2
2019-11-25,510.0
2019-11-26,528.0
2019-11-27,522.1
2019-11-28,522.2
2019-11-29,520.0
2019-12-02,520.0
2019-12-03,548.0
2019-12-04,600.0
2019-12-05,608.0
2019-12-06,572.0
2019-12-09,595.0
2019-12-10,615.0
2019-12-11,616.0
2019-12-12,616.0
2019-12-13,628.0
2019-12-16,609.0
2019-12-17,616.0
2019-12-18,608.0
2019-12-19,630.0
2019-12-20,625.0
2019-12-23,607.0
2019-12-24,600.0
2019-12-25,590.0
2019-12-26,614.0
2019-12-27,565.2
2019-12-30,598.0
2019-12-31,598.0
2020-01-02,575.0
2020-01-03,561.0
2020-01-06,589.7
2020-01-07,589.6
2020-01-08,570.0
2020-01-09,570.0
2020-01-10,598.0
2020-01-13,570.1
2020-01-14,550.0
2020-01-15,560.0
2020-01-16,550.0
2020-01-17,495.05
2020-01-20,489.0
2020-01-21,481.0
2020-01-22,507.0
2020-01-23,495.4
2020-01-24,500.0
2020-01-27,530.0
2020-01-28,511.0
2020-01-29,500.0
2020-01-30,500.0
2020-01-31,500.0
2020-02-03,500.0
2020-02-04,500.0
2020-02-05,495.0
2020-02-06,500.5
2020-02-07,496.0
2020-02-10,505.0
2020-02-11,504.0
2020-02-12,500.0
2020-02-13,500.0
2020-02-14,500.0
2020-02-17,475.4
2020-02-18,475.4
2020-02-19,500.0
2020-02-20,500.0
2020-02-21,500.0
2020-02-24,500.0
2020-02-25,504.9
2020-02-26,520.0
2020-02-27,525.0
2020-02-28,504.9
2020-03-02,536.0
2020-03-03,510.0
2020-03-04,480.0
2020-03-05,500.0
2020-03-06,451.0
2020-03-09,420.0
2020-03-10,433.0
2020-03-11,449.0
2020-03-12,413.0
2020-03-13,413.0
2020-03-16,398.0
2020-03-17,398.0
2020-03-18,398.0
2020-03-19,410.0
2020-03-20,426.0
2020-03-23,443.0
2020-03-24,451.85
2020-03-25,444.0
2020-03-26,444.0
2020-03-27,444.0
2020-03-30,444.0
2020-03-31,444.0
2020-04-01,459.0
2020-04-02,459.0
2020-04-03,459.0
2020-04-06,459.0
2020-04-07,459.0
2020-04-08,459.0
2020-04-09,459.0
2020-04-10,460.0
2020-04-13,460.0
2020-04-14,460.0
2020-04-15,460.0
2020-04-16,460.0
2020-04-17,460.0
2020-04-20,460.0
2020-04-21,460.0
2020-04-22,460.0
2020-04-23,460.0
2020-04-24,460.0
2020-04-27,460.0
2020-04-28,460.0
2020-04-29,441.65
2020-04-30,441.65
2020-05-04,441.65
2020-05-05,441.65
2020-05-06,424.0
2020-05-07,407.05
2020-05-08,399.05
2020-05-11,399.05
2020-05-12,407.0
2020-05-13,419.0
2020-05-14,419.0
2020-05-15,426.0
2020-05-18,426.0
2020-05-19,409.0
2020-05-20,409.0
2020-05-21,401.05
2020-05-22,417.0
2020-05-26,433.65
2020-05-27,450.0
2020-05-28,445.0
2020-05-29,427.3
2020-06-01,427.25
2020-06-02,444.3
2020-06-03,462.05
2020-06-04,480.0
2020-06-05,499.15
2020-06-08,519.0
2020-06-09,539.7
2020-06-10,556.9
2020-06-11,535.5
2020-06-12,518.0
2020-06-15,518.0
2020-06-16,538.0
2020-06-17,559.5
2020-06-18,550.0
2020-06-19,560.0
2020-06-22,575.0
2020-06-23,575.0
2020-06-24,581.0
2020-06-25,560.0
2020-06-26,565.0
2020-06-29,550.0
2020-06-30,560.0
2020-07-01,559.0
2020-07-02,559.0
2020-07-03,559.0
2020-07-06,559.0
2020-07-07,555.0
2020-07-08,540.0
2020-07-09,560.0
2020-07-10,570.0
2020-07-13,570.0
2020-07-14,590.0
2020-07-15,590.0
2020-07-16,590.0
2020-07-17,590.0
2020-07-20,610.0
2020-07-21,610.0
2020-07-22,634.0
2020-07-23,634.0
2020-07-24,634.0
2020-07-27,622.0
2020-07-28,622.0
2020-07-29,622.0
2020-08-03,633.0
2020-08-04,630.0
2020-08-05,630.0
2020-08-06,628.9
2020-08-07,628.9
2020-08-10,610.0
2020-08-11,610.0
2020-08-12,610.0
2020-08-13,611.0
2020-08-17,611.0
2020-08-18,635.4
2020-08-19,630.5
2020-08-24,630.5
2020-08-25,630.0
2020-08-26,630.0
2020-08-27,612.0
2020-08-28,612.0
2020-08-31,611.0
2020-09-01,630.0
2020-09-02,655.0
2020-09-03,655.0
2020-09-04,630.0
2020-09-07,630.0
2020-09-08,630.0
2020-09-09,655.0
2020-09-10,655.0
2020-09-11,655.0
2020-09-14,670.0
2020-09-15,670.0
2020-09-16,670.0
2020-09-17,670.0
2020-09-18,670.0
2020-09-21,670.0
2020-09-22,670.0
2020-09-23,675.0
2020-09-24,675.0
2020-09-25,675.0
2020-09-28,675.0
2020-09-29,670.0
2020-09-30,670.0
2020-10-01,670.0
2020-10-02,670.0
2020-10-05,670.0
2020-10-06,670.0
2020-10-07,670.0
2020-10-08,644.0
2020-10-09,644.0
2020-10-12,644.0
2020-10-13,631.2
2020-10-14,631.0
2020-10-15,631.2
2020-10-16,650.0
2020-10-19,650.0
2020-10-20,650.0
2020-10-21,662.0
2020-10-22,662.0
2020-10-23,662.0
2020-10-26,662.0
2020-10-27,662.0
2020-10-28,640.0
2020-11-02,648.0
2020-11-03,648.0
2020-11-04,648.0
2020-11-05,655.0
2020-11-09,637.1
2020-11-10,637.1
2020-11-11,637.1
2020-11-12,637.1
2020-11-13,637.1
2020-11-16,637.1
2020-11-17,638.0
2020-11-19,650.0
2020-11-20,658.9
2020-11-23,658.9
2020-11-24,658.9
2020-11-25,658.0
2020-11-26,659.9
2020-11-27,659.9
2020-11-30,640.0
2020-12-01,640.0
2020-12-02,640.0
2020-12-03,640.0
2020-12-04,640.0
2020-12-07,640.0
2020-12-08,640.0
2020-12-09,631.0
2020-12-10,632.0
2020-12-11,632.0
2020-12-14,634.0
2020-12-15,659.3
2020-12-16,669.9
2020-12-17,678.0
2020-12-18,678.0
2020-12-21,678.0
2020-12-22,678.0
2020-12-23,678.0
2020-12-24,678.0
2020-12-25,678.0
2020-12-28,677.9
2020-12-29,677.9
2020-12-30,680.0
2020-12-31,680.0
2021-01-04,680.0
2021-01-05,685.0
2021-01-06,693.0
2021-01-07,701.0
2021-01-08,729.0
2021-01-12,758.0
2021-01-13,788.0
2021-01-14,819.5
2021-01-15,834.0
2021-01-18,849.0
2021-01-19,843.0
2021-01-20,843.0
2021-01-21,811.3
2021-01-22,836.6
2021-01-25,836.6
2021-01-26,870.0
2021-01-27,875.0
2021-01-28,875.0
2021-01-29,875.0
2021-02-01,909.9
2021-02-02,901.0
2021-02-03,910.0
2021-02-04,900.0
2021-02-05,893.1
2021-02-08,892.1
2021-02-09,892.1
2021-02-10,905.0
2021-02-11,941.0
2021-02-12,941.0
2021-02-15,920.0
2021-02-16,950.0
2021-02-17,950.0
2021-02-18,925.5
2021-02-19,940.0
2021-02-22,905.0
2021-02-23,905.0
2021-02-24,905.0
2021-02-25,871.6
2021-02-26,888.8
2021-03-01,870.2
2021-03-02,882.0
2021-03-03,882.0
2021-03-04,871.0
2021-03-05,905.0
2021-03-08,905.0
2021-03-09,940.0
2021-03-10,922.0
2021-03-11,904.0
2021-03-12,940.0
2021-03-15,940.0
2021-03-16,956.0
2021-03-17,956.0
2021-03-18,956.0
2021-03-19,956.0
2021-03-22,918.0
2021-03-23,881.3
2021-03-24,876.5
2021-03-25,876.5
2021-03-26,876.5
2021-03-29,876.5
2021-03-30,890.0
2021-03-31,899.0
2021-04-01,864.2
2021-04-02,864.2
2021-04-05,864.2
2021-04-06,864.2
2021-04-07,864.2
2021-04-08,864.2
2021-04-09,864.2
2021-04-12,864.2
2021-04-13,898.0
2021-04-14,898.0
2021-04-15,914.0
2021-04-16,920.0
2021-04-19,920.0
2021-04-20,920.0
2021-04-21,920.0
2021-04-22,920.0
2021-04-23,935.0
2021-04-26,919.3
2021-04-27,920.0
2021-04-28,920.0
2021-04-29,923.0
2021-04-30,887.0
2021-05-03,919.9
2021-05-04,919.9
2021-05-05,918.0
2021-05-06,918.0
2021-05-07,918.0
2021-05-10,920.0
2021-05-11,920.0
2021-05-12,929.0
2021-05-17,928.9
2021-05-18,928.9
2021-05-19,930.0
2021-05-20,930.0
2021-05-21,941.0
2021-05-24,940.0
2021-05-25,923.0
2021-05-26,923.0
2021-05-27,940.0
2021-05-28,940.0
2021-05-31,905.0
2021-06-01,940.0
2021-06-02,977.0
2021-06-03,961.0
2021-06-04,941.8
2021-06-07,923.0
2021-06-08,905.0
2021-06-09,905.0
2021-06-10,868.9
2021-06-11,860.0
2021-06-14,843.0
2021-06-15,875.0
2021-06-16,875.0
2021-06-17,900.0
2021-06-18,929.9
2021-06-21,929.9
2021-06-22,911.5
2021-06-23,875.2
2021-06-24,870.0
2021-06-25,840.0
2021-06-28,840.0
2021-06-29,840.0
2021-06-30,840.0
2021-07-01,835.0
2021-07-02,830.0
2021-07-05,840.0
2021-07-06,840.0
2021-07-07,850.0
2021-07-08,850.0
2021-07-09,850.0
2021-07-12,883.0
2021-07-13,894.0
2021-07-14,858.3
2021-07-15,824.0
2021-07-16,824.0
2021-07-19,823.0
2021-07-20,823.0
2021-07-23,823.0
2021-07-26,823.0
2021-07-27,823.0
2021-07-28,823.0
2021-07-29,823.0
2021-08-02,819.0
2021-08-03,788.0
2021-08-04,756.5
2021-08-05,727.0
2021-08-06,698.0
2021-08-09,670.1
2021-08-11,643.3
2021-08-12,621.0
2021-08-13,645.7
2021-08-16,671.5
2021-08-17,698.3
2021-08-18,726.2
2021-08-19,755.0
2021-08-23,756.0
2021-08-24,785.0
2021-08-25,800.0
2021-08-26,815.0
2021-08-27,816.9
2021-08-30,816.9
2021-08-31,800.6
2021-09-01,830.0
2021-09-02,830.0
2021-09-03,830.0
2021-09-06,830.0
2021-09-07,830.0
2021-09-08,830.0
2021-09-09,830.0
2021-09-10,830.0
2021-09-13,800.0
2021-09-14,800.0
2021-09-15,800.0
2021-09-16,790.0
2021-09-17,790.0
2021-09-20,790.0
2021-09-21,790.0
2021-09-22,792.0
2021-09-23,792.0
2021-09-24,790.0
2021-09-27,790.0
2021-09-28,790.1
2021-09-29,790.1
2021-09-30,758.6
2021-10-01,760.0
2021-10-04,760.0
2021-10-05,729.7
2021-10-06,729.7
2021-10-07,729.7
2021-10-08,725.0
2021-10-11,725.0
2021-10-12,725.1
2021-10-13,768.6
2021-10-14,780.0
2021-10-15,826.6
2021-10-18,830.0
2021-10-21,850.0
2021-10-22,850.0
2021-10-25,850.0
2021-10-26,850.0
2021-10-27,800.0
2021-10-28,847.9
2021-10-29,847.9
2021-11-01,847.9
2021-11-02,847.9
2021-11-03,804.0
2021-11-04,850.0
2021-11-05,850.0
2021-11-08,850.0
2021-11-09,850.0
2021-11-10,850.0
2021-11-11,850.0
2021-11-12,850.0
2021-11-15,808.1
2021-11-16,808.1
2021-11-17,808.1
2021-11-19,808.1
2021-11-22,808.1
2021-11-23,810.5
2021-11-24,810.5
2021-11-25,810.5
2021-11-26,810.5
2021-11-29,810.5
2021-11-30,810.5
2021-12-01,810.5
2021-12-02,810.5
2021-12-03,810.5
2021-12-06,810.5
2021-12-07,765.0
2021-12-08,750.0
2021-12-09,750.0
2021-12-10,715.0
2021-12-13,695.0
2021-12-14,672.1
2021-12-15,672.1
2021-12-16,672.1
2021-12-17,712.4
2021-12-20,712.3
2021-12-21,712.3
2021-12-22,675.0
2021-12-23,655.0
2021-12-24,655.0
2021-12-27,655.0
2021-12-28,653.0
2021-12-29,653.0
2021-12-30,653.0
2021-12-31,653.0
2022-01-03,650.0
2022-01-04,650.0
2022-01-05,639.0
2022-01-06,639.0
2022-01-07,639.0
2022-01-10,634.2
2022-01-12,660.0
2022-01-13,685.0
2022-01-14,726.0
2022-01-17,755.0
2022-01-18,760.0
2022-01-19,760.0
2022-01-20,790.0
2022-01-21,820.0
2022-01-24,820.0
2022-01-25,820.0
2022-01-26,820.0
2022-01-27,820.0
2022-01-28,820.0
2022-01-31,820.0
2022-02-01,825.0
2022-02-02,820.0
2022-02-03,820.0
2022-02-04,837.0
2022-02-07,836.0
2022-02-08,836.0
2022-02-09,804.5
2022-02-10,816.5
2022-02-11,802.0
2022-02-14,802.0
2022-02-15,802.0
2022-02-16,802.0
2022-02-17,802.0
2022-02-18,802.0
2022-02-21,802.0
2022-02-22,790.0
2022-02-23,800.0
2022-02-24,800.0
2022-02-25,800.0
2022-02-28,800.0
2022-03-01,800.0
2022-03-02,800.0
2022-03-03,800.0
2022-03-04,800.0
2022-03-07,800.0
2022-03-08,800.0
2022-03-09,795.0
2022-03-10,795.0
2022-03-11,795.0
2022-03-14,795.0
2022-03-15,763.3
2022-03-16,763.3
2022-03-17,763.3
2022-03-18,750.0
2022-03-21,750.0
2022-03-22,750.0
2022-03-23,745.0
2022-03-24,745.0
2022-03-25,745.0
2022-03-28,745.0
2022-03-29,715.3
2022-03-30,715.3
2022-03-31,715.3
2022-04-01,715.3
2022-04-04,715.3
2022-04-05,743.9
2022-04-06,773.6
2022-04-07,804.5
2022-04-08,836.6
2022-04-11,836.6
2022-04-12,850.0
2022-04-13,845.0
2022-04-14,845.0
2022-04-15,845.0
2022-04-18,845.0
2022-04-19,845.0
2022-04-20,811.3
2022-04-21,811.3
2022-04-22,811.3
2022-04-25,840.0
2022-04-26,840.0
2022-04-27,840.0
2022-04-28,840.0
2022-04-29,840.0
2022-05-04,840.0
2022-05-05,840.0
2022-05-06,840.0
2022-05-09,840.0
2022-05-10,840.0
2022-05-11,840.0
2022-05-12,840.0
2022-05-13,840.0
2022-05-16,840.0
2022-05-17,850.0
2022-05-18,850.0
2022-05-19,850.0
2022-05-20,870.0
2022-05-23,870.0
2022-05-24,870.0
2022-05-25,870.0
2022-05-26,865.0
2022-05-27,865.0
2022-05-30,865.0
2022-05-31,865.0
2022-06-01,860.0
2022-06-02,860.0
2022-06-03,860.0
2022-06-06,860.0
2022-06-07,860.0
2022-06-08,860.0
2022-06-09,860.0
2022-06-10,860.0
2022-06-13,860.0
2022-06-14,860.0
2022-06-15,850.0
2022-06-16,850.0
2022-06-17,850.0
2022-06-20,850.0
2022-06-21,850.0
2022-06-22,845.0
2022-06-23,845.0
2022-06-24,845.0
2022-06-27,845.0
2022-06-28,845.0
2022-06-29,845.0
2022-06-30,845.0
2022-07-01,845.0
2022-07-04,845.0
2022-07-05,845.0
2022-07-06,845.0
2022-07-07,811.3
2022-07-08,811.3
2022-07-12,811.3
2022-07-13,811.3
2022-07-14,811.3
2022-07-15,778.9
2022-07-18,778.9
2022-07-19,778.9
2022-07-20,778.9
2022-07-21,778.9
2022-07-22,778.9
2022-07-25,747.8
2022-07-26,717.9
2022-07-27,717.9
2022-07-28,717.9
2022-07-29,700.0
2022-08-01,672.2
2022-08-02,672.2
2022-08-03,699.0
2022-08-04,699.0
2022-08-05,699.0
2022-08-08,726.9
2022-08-09,726.9
2022-08-10,755.9
2022-08-11,786.0
2022-08-12,790.0
2022-08-15,790.0
2022-08-16,790.0
2022-08-17,790.0
2022-08-18,790.0
2022-08-19,790.0
2022-08-22,790.0
2022-08-23,790.0
2022-08-24,810.0
2022-08-25,810.0
2022-08-26,810.0
2022-08-29,810.0
2022-08-30,810.0
2022-08-31,810.0
2022-09-01,810.0
2022-09-02,810.0
2022-09-05,810.0
2022-09-06,812.0
2022-09-07,812.0
2022-09-08,812.0
2022-09-09,812.0
2022-09-12,812.0
2022-09-13,812.0
2022-09-14,812.0
2022-09-15,812.0
2022-09-16,812.0
2022-09-19,812.0
2022-09-20,812.0
2022-09-21,812.0
2022-09-22,812.0
2022-09-23,812.0
2022-09-26,812.0
2022-09-27,812.0
2022-09-28,812.0
2022-09-29,812.0
2022-09-30,812.0
2022-10-03,812.0
2022-10-04,812.0
2022-10-05,812.0
2022-10-06,812.0
2022-10-07,812.0
2022-10-11,812.0
2022-10-12,812.0
2022-10-13,812.0
2022-10-14,812.0
2022-10-17,812.0
2022-10-18,812.0
2022-10-19,812.0
2022-10-20,812.0
2022-10-21,812.0
2022-10-24,812.0
2022-10-25,812.0
2022-10-26,812.0
2022-10-27,812.0
2022-10-28,812.0
2022-10-31,812.0
2022-11-01,812.0
2022-11-02,812.0
2022-11-03,812.0
2022-11-04,812.0
2022-11-07,812.0
2022-11-08,812.0
2022-11-09,785.0
2022-11-10,785.0
2022-11-11,785.0
2022-11-14,785.0
2022-11-15,785.0
2022-11-16,785.0
2022-11-17,785.0
2022-11-21,785.0
2022-11-22,785.0
2022-11-23,785.0
2022-11-24,785.0
2022-11-25,785.0
2022-11-28,810.0
2022-11-29,810.0
2022-11-30,810.0
2022-12-01,810.0
2022-12-02,810.0
2022-12-05,810.0
2022-12-06,810.0
2022-12-07,810.0
2022-12-08,810.0
2022-12-09,805.0
2022-12-12,799.0
2022-12-13,799.0
2022-12-14,773.0
2022-12-15,794.0
2022-12-16,794.0
2022-12-19,794.0
2022-12-20,794.0
2022-12-21,794.0
2022-12-22,794.0
2022-12-23,794.0
2022-12-26,794.0
2022-12-27,794.0
2022-12-28,794.0
2022-12-29,789.0
2022-12-30,789.0
2023-01-02,757.5
2023-01-03,757.5
2023-01-04,757.5
2023-01-05,727.3
2023-01-06,727.3
2023-01-09,698.3
2023-01-10,698.3
2023-01-12,700.0
2023-01-13,727.9
2023-01-16,727.9
2023-01-17,727.9
2023-01-18,727.9
2023-01-19,727.9
2023-01-20,757.0
2023-01-23,757.0
2023-01-24,780.0
2023-01-25,780.0
2023-01-26,780.0
2023-01-27,780.0
2023-01-30,780.0
2023-01-31,779.0
2023-02-01,779.0
2023-02-02,779.0
2023-02-03,779.0
2023-02-06,779.0
2023-02-07,779.0
2023-02-08,779.0
2023-02-09,779.0
2023-02-10,779.0
2023-02-13,779.0
2023-02-14,779.0
2023-02-15,779.0
2023-02-16,779.0
2023-02-17,779.0
2023-02-20,779.0
2023-02-21,779.0
2023-02-22,779.0
2023-02-23,779.0
2023-02-24,779.0
2023-02-27,779.0
2023-02-28,779.0
2023-03-01,779.0
2023-03-02,779.0
2023-03-03,779.0
2023-03-06,779.0
2023-03-07,778.0
2023-03-08,778.0
2023-03-09,778.0
2023-03-10,778.0
2023-03-13,778.0
2023-03-14,778.0
2023-03-15,778.0
2023-03-16,778.0
2023-03-17,778.0
2023-03-20,778.0
2023-03-21,778.0
2023-03-22,778.0
2023-03-23,778.0
2023-03-24,778.0
2023-03-27,778.0
2023-03-28,778.0
2023-03-29,778.0
2023-03-30,778.0
2023-03-31,778.0
2023-04-03,778.0
2023-04-04,778.0
2023-04-05,778.0
2023-04-06,778.0
2023-04-07,778.0
2023-04-10,778.0
2023-04-11,778.0
2023-04-12,778.0
2023-04-13,778.0
2023-04-14,778.0
2023-04-17,778.0
2023-04-18,778.0
2023-04-19,778.0
2023-04-20,778.0
2023-04-21,778.0
2023-04-25,778.0
2023-04-26,778.0
2023-04-27,778.0
2023-04-28,778.0
2023-05-02,778.0
2023-05-03,778.0
2023-05-04,778.0
2023-05-05,778.0
2023-05-08,778.0
2023-05-09,778.0
2023-05-10,778.0
2023-05-11,778.0
2023-05-12,778.0
2023-05-15,778.0
2023-05-16,778.0
2023-05-17,778.0
2023-05-18,778.0
2023-05-19,778.0
2023-05-22,778.0
2023-05-23,789.0
2023-05-24,789.0
2023-05-25,789.0
2023-05-26,789.0
2023-05-29,789.0
2023-05-30,789.0
2023-05-31,789.0
2023-06-01,789.0
2023-06-02,789.0
2023-06-05,789.0
2023-06-06,770.0
2023-06-07,770.0
2023-06-08,770.0
2023-06-09,770.0
2023-06-12,770.0
2023-06-13,770.0
2023-06-14,770.0
2023-06-15,770.0
2023-06-16,770.0
2023-06-19,770.0
2023-06-20,739.3
2023-06-21,730.0
2023-06-22,730.0
2023-06-23,725.0
2023-06-26,725.0
2023-06-27,725.0
2023-06-28,725.0
2023-07-03,725.0
2023-07-04,725.0
2023-07-05,700.0
2023-07-06,700.0
2023-07-07,700.0
2023-07-10,700.0
2023-07-11,700.0
2023-07-12,724.0
2023-07-13,724.0
2023-07-14,724.0
2023-07-17,724.0
2023-07-18,724.0
2023-07-20,724.0
2023-07-21,698.0
2023-07-24,698.0
2023-07-25,700.0
2023-07-26,700.0
2023-07-27,720.0
2023-07-28,704.0
2023-07-31,690.0
2023-08-01,690.0
2023-08-02,717.5
2023-08-03,725.0
2023-08-04,725.0
2023-08-07,724.9
2023-08-08,724.9
2023-08-09,724.9
2023-08-10,724.9
2023-08-11,724.9
2023-08-15,724.9
2023-08-16,724.9
2023-08-17,696.0
2023-08-18,696.0
2023-08-22,696.0
2023-08-23,696.0
2023-08-24,696.1
2023-08-25,696.1
2023-08-28,723.9
2023-08-29,724.9
2023-08-30,724.9
2023-08-31,724.9
2023-09-01,724.9
2023-09-04,724.9
2023-09-05,724.9
2023-09-06,724.9
2023-09-07,724.9
2023-09-08,724.9
2023-09-11,724.9
2023-09-12,724.9
2023-09-13,724.0
2023-09-14,700.0
2023-09-15,700.0
2023-09-18,724.0
2023-09-19,724.0
2023-09-20,724.0
2023-09-21,724.0
2023-09-22,724.0
2023-09-25,724.0
2023-09-26,720.0
2023-09-27,730.0
2023-10-02,730.0
2023-10-03,730.0
2023-10-04,730.0
2023-10-05,730.0
2023-10-06,700.9
2023-10-09,700.9
2023-10-10,730.0
2023-10-11,686.3
2023-10-12,646.0
2023-10-13,684.7
2023-10-16,684.7
2023-10-17,684.7
2023-10-18,684.7
2023-10-19,684.7
2023-10-20,644.0
2023-10-23,620.0
2023-10-24,620.0
2023-10-25,620.0
2023-10-26,620.0
2023-10-27,620.0
2023-10-30,625.0
2023-10-31,625.0
2023-11-01,625.0
2023-11-02,625.0
2023-11-03,625.0
2023-11-07,625.0
2023-11-08,625.0
2023-11-09,625.0
2023-11-10,587.6
2023-11-13,621.0
2023-11-14,621.0
2023-11-15,621.0
2023-11-16,621.0
2023-11-17,621.0
2023-11-20,621.0
2023-11-21,621.0
2023-11-22,621.0
2023-11-23,621.0
2023-11-24,621.0
2023-11-27,621.0
2023-11-28,621.0
2023-11-29,621.0
2023-11-30,584.0
2023-12-01,584.0
2023-12-04,584.0
2023-12-05,550.0
2023-12-06,550.0
2023-12-07,550.0
2023-12-08,550.0
2023-12-11,518.0
2023-12-12,518.0
2023-12-13,518.0
2023-12-14,500.0
2023-12-15,529.0
2023-12-18,529.0
2023-12-19,550.0
2023-12-20,551.0
2023-12-21,551.0
2023-12-22,584.0
2023-12-25,551.0
2023-12-26,551.0
2023-12-27,584.0
2023-12-28,600.0
2023-12-29,619.0
2024-01-02,619.0
2024-01-03,619.0
2024-01-04,619.0
2024-01-05,619.0
2024-01-08,619.0
2024-01-09,619.0
2024-01-10,619.0
2024-01-12,619.0
2024-01-15,619.0
2024-01-16,619.0
2024-01-17,619.0
2024-01-18,619.0
2024-01-19,619.0
2024-01-22,619.0
2024-01-23,619.0
2024-01-24,619.0
2024-01-25,619.0
2024-01-26,619.0
2024-01-29,619.0
2024-01-30,619.0
2024-01-31,611.0
2024-02-01,611.0
2024-02-02,611.0
2024-02-05,611.0
2024-02-06,611.0
2024-02-07,611.0
2024-02-08,611.0
2024-02-09,611.0
2024-02-12,611.0
2024-02-13,611.0
2024-02-14,603.0
2024-02-15,603.0
2024-02-16,603.0
2024-02-19,603.0
2024-02-20,603.0
2024-02-21,567.0
2024-02-22,550.0
2024-02-23,550.0
2024-02-26,550.0
2024-02-27,551.0
2024-02-28,552.0
2024-02-29,552.0
2024-03-01,550.0
2024-03-04,550.0
2024-03-05,550.0
2024-03-06,550.0
2024-03-07,550.0
2024-03-08,550.0
2024-03-11,550.0
2024-03-12,550.0
2024-03-13,517.1
2024-03-14,517.1
2024-03-15,517.0
2024-03-18,517.0
2024-03-19,486.0
2024-03-20,486.0
2024-03-21,486.0
2024-03-22,486.0
2024-03-25,486.0
2024-03-26,486.0
2024-03-27,486.0
2024-03-28,486.0
2024-03-29,486.0
2024-04-01,486.0
2024-04-02,486.0
2024-04-03,486.0
2024-04-04,486.0
2024-04-05,486.0
2024-04-08,486.1
2024-04-09,495.0
2024-04-15,495.0
2024-04-16,486.0
2024-04-17,495.0
2024-04-18,496.0
2024-04-19,496.0
2024-04-22,490.0
2024-04-23,487.5
2024-04-24,487.5
2024-04-25,487.5
2024-04-26,487.5
2024-04-29,487.5
2024-04-30,490.0
2024-05-02,490.0
2024-05-03,490.0
2024-05-06,491.0
2024-05-07,486.2
2024-05-08,486.2
2024-05-09,486.2
2024-05-10,487.0
2024-05-13,487.0
2024-05-14,487.0
2024-05-15,486.0
2024-05-16,486.0
2024-05-17,486.0
2024-05-20,487.0
2024-05-21,487.0
2024-05-22,487.0
2024-05-23,487.0
2024-05-24,487.0
2024-05-27,488.0
2024-05-28,488.0
2024-05-29,488.0
2024-05-30,488.0
2024-05-31,488.0
2024-06-03,488.0
2024-06-04,499.0
2024-06-05,499.0
2024-06-06,495.0
2024-06-07,498.0
2024-06-10,498.0
2024-06-11,498.0
2024-06-12,498.0
2024-06-13,498.0
2024-06-14,490.0
2024-06-19,490.0
2024-06-20,490.0
2024-06-21,490.0
2024-06-24,490.0
2024-06-25,460.65
2024-06-26,450.8
2024-06-27,450.8
2024-06-28,452.1
2024-07-01,452.1
2024-07-02,453.0
2024-07-03,453.0
2024-07-04,450.0
2024-07-05,450.0
2024-07-08,423.5
2024-07-09,425.0
2024-07-10,425.0
2024-07-11,425.0
2024-07-12,427.0
2024-07-15,427.0
2024-07-16,428.0
2024-07-17,428.0
2024-07-18,452.6
2024-07-19,460.0
2024-07-22,460.0
2024-07-23,460.0
2024-07-24,455.0
2024-07-25,455.0
2024-07-26,455.0
2024-07-29,455.0
2024-07-31,445.0
2024-08-01,450.0
2024-08-02,445.0
2024-08-05,445.5
2024-08-06,445.0
2024-08-07,445.5
2024-08-08,447.0
2024-08-09,447.0
2024-08-12,447.0
2024-08-13,448.1
2024-08-15,448.2
2024-08-16,448.2
2024-08-19,448.2
2024-08-22,448.2
2024-08-23,448.2
2024-08-26,456.7
2024-08-27,456.7
2024-08-28,484.1
2024-08-29,510.0
2024-08-30,540.5
2024-09-02,572.0
2024-09-03,542.1
2024-09-04,543.0
2024-09-05,543.0
2024-09-06,543.0
2024-09-09,572.0
2024-09-10,542.1
2024-09-11,542.1
2024-09-12,550.0
2024-09-13,566.4
2024-09-18,550.0
2024-09-19,551.5
2024-09-20,545.0
2024-09-23,542.1
2024-09-24,543.0
2024-09-25,543.0
2024-09-26,550.0
2024-09-27,549.0
2024-09-30,549.0
2024-10-01,549.0
2024-10-02,543.0
2024-10-03,543.0
2024-10-04,542.0
2024-10-07,542.0
2024-10-08,542.0
2024-10-09,550.0
2024-10-10,550.0
2024-10-11,518.1
2024-10-14,516.0
2024-10-15,508.5
2024-10-16,506.3
2024-10-17,506.3
2024-10-18,506.3
2024-10-21,550.0
2024-10-22,572.0
2024-10-23,572.0
2024-10-24,572.0
2024-10-25,572.0
2024-10-28,550.0
2024-10-29,550.0
2024-10-30,550.0
2024-10-31,550.0
2024-11-01,597.0
2024-11-04,597.0
2024-11-05,597.0
2024-11-07,551.0
2024-11-08,550.0
2024-11-11,550.0
2024-11-12,550.0
2024-11-13,550.0
2024-11-14,550.0
2024-11-15,520.5
2024-11-19,523.0
2024-11-20,523.0
2024-11-21,522.0
2024-11-22,522.0
2024-11-25,522.0
2024-11-26,522.0
2024-11-27,522.0
2024-11-28,574.0
2024-11-29,573.8
2024-12-02,582.0
2024-12-03,582.0
2024-12-04,582.0
2024-12-05,582.0
2024-12-06,580.0
2024-12-09,580.0
2024-12-10,580.0
2024-12-11,580.0
2024-12-12,551.5
2024-12-13,551.5
2024-12-16,512.0
2024-12-17,520.1
2024-12-18,548.9
2024-12-19,551.9
2024-12-20,551.9
2024-12-23,534.0
2024-12-24,534.0
2024-12-25,534.0
2024-12-26,550.0
2024-12-27,550.0
2024-12-30,550.0
2024-12-31,529.0
2025-01-02,529.0
2025-01-03,529.0
2025-01-06,517.1
2025-01-07,518.1
2025-01-08,517.0
2025-01-09,517.0
2025-01-10,517.1
2025-01-13,520.0
2025-01-15,520.0
2025-01-16,520.0
2025-01-17,520.0
2025-01-20,520.0
2025-01-21,520.0
2025-01-22,539.9
2025-01-23,526.0
2025-01-24,526.0
2025-01-27,530.0
2025-01-28,530.0
2025-01-29,530.0
2025-01-30,530.0
2025-01-31,530.0
2025-02-03,520.0
2025-02-04,525.0
2025-02-05,525.0
2025-02-06,538.0
2025-02-07,538.0
2025-02-10,517.0
2025-02-11,539.0
2025-02-12,521.0
2025-02-13,532.0
2025-02-14,531.0
2025-02-17,530.0
2025-02-18,530.0
2025-02-19,527.0
2025-02-20,526.0
2025-02-21,516.0
2025-02-24,517.0
2025-02-25,544.5
2025-02-26,521.1
2025-02-27,539.5
2025-02-28,564.0
2025-03-03,529.0
2025-03-04,530.0
2025-03-05,529.0
2025-03-06,521.2
2025-03-07,521.2
2025-03-10,521.2
2025-03-11,521.2
2025-03-12,540.0
2025-03-13,540.0
2025-03-14,540.0
2025-03-17,502.0
2025-03-18,502.0
2025-03-19,505.0
2025-03-20,511.1
2025-03-21,515.5
2025-03-24,542.5
2025-03-25,541.9
2025-03-26,525.0
2025-03-27,520.0
2025-03-28,571.0
2025-04-02,570.0
2025-04-03,550.0
2025-04-04,567.0
2025-04-07,566.9
2025-04-08,547.5
2025-04-09,500.0
2025-04-10,519.0
2025-04-11,500.0
2025-04-14,520.0
2025-04-15,504.0
2025-04-16,505.0
2025-04-17,510.0
2025-04-18,517.0
2025-04-21,525.0
2025-04-22,525.0
2025-04-23,511.0
2025-04-24,529.9
2025-04-25,520.0
2025-04-28,525.0
2025-04-29,525.0
2025-04-30,547.8
2025-05-02,521.0
2025-05-05,547.0
2025-05-06,545.0
2025-05-07,545.0
2025-05-08,521.0
