date,MAB
2000-01-06,439.222
2000-01-07,439.222
2000-01-13,424.742
2000-01-14,429.568
2000-01-17,424.742
2000-01-18,423.776
2000-01-19,424.742
2000-01-20,424.742
2000-01-21,422.811
2000-01-24,422.811
2000-01-25,422.811
2000-01-26,422.811
2000-01-27,422.811
2000-01-31,422.811
2000-02-01,422.811
2000-02-02,422.811
2000-02-03,422.811
2000-02-04,422.811
2000-02-07,422.811
2000-02-17,401.574
2000-02-23,377.441
2000-02-24,357.169
2000-02-25,377.441
2000-02-28,359.1
2000-03-02,359.1
2000-03-03,361.996
2000-03-06,361.996
2000-03-07,361.996
2000-03-08,361.996
2000-03-10,364.892
2000-03-15,371.697
2000-03-16,377.441
2000-03-20,372.856
2000-03-23,372.856
2000-03-28,390.955
2000-03-29,390.955
2000-03-30,390.955
2000-04-05,381.302
2000-04-07,386.129
2000-04-11,381.302
2000-04-12,380.82
2000-04-13,376.476
2000-04-14,381.302
2000-04-17,371.649
2000-04-18,371.649
2000-04-20,361.996
2000-04-21,361.996
2000-04-25,364.892
2000-04-27,381.302
2000-04-28,358.424
2000-05-03,352.343
2000-05-04,352.343
2000-05-05,361.996
2000-05-08,340.276
2000-05-12,382.316
2000-05-16,412.192
2000-05-19,411.227
2000-05-22,435.891
2000-05-23,432.464
2000-05-24,426.576
2000-05-25,432.464
2000-05-26,432.464
2000-05-29,431.982
2000-05-31,430.534
2000-06-01,424.742
2000-06-02,426.672
2000-06-06,401.574
2000-06-07,419.915
2000-06-08,420.88
2000-06-09,420.88
2000-06-21,405.435
2000-06-22,405.435
2000-06-23,410.262
2000-06-27,389.99
2000-06-28,389.99
2000-06-29,366.629
2000-07-03,395.782
2000-07-04,395.83
2000-07-05,397.037
2000-07-06,397.037
2000-07-07,397.809
2000-07-14,363.926
2000-07-18,362.961
2000-07-19,366.822
2000-07-21,366.822
2000-07-25,366.822
2000-07-26,347.516
2000-07-27,348.481
2000-08-02,352.343
2000-08-07,342.689
2000-08-08,347.516
2000-08-09,349.447
2000-08-10,347.516
2000-08-18,400.609
2000-08-23,405.435
2000-08-24,389.025
2000-08-28,405.435
2000-08-29,405.435
2000-08-30,405.435
2000-08-31,381.302
2000-09-01,371.649
2000-09-04,358.134
2000-09-05,371.649
2000-09-06,371.649
2000-09-07,357.169
2000-09-12,357.169
2000-09-13,357.169
2000-09-14,361.996
2000-09-15,359.1
2000-09-18,359.1
2000-09-19,359.1
2000-09-20,361.996
2000-09-25,361.996
2000-09-26,357.169
2000-09-28,359.1
2000-09-29,358.134
2000-10-02,358.134
2000-10-03,379.613
2000-10-04,402.346
2000-10-05,405.435
2000-10-06,405.435
2000-10-09,405.435
2000-10-10,405.435
2000-10-11,405.435
2000-10-12,400.609
2000-10-13,405.435
2000-10-16,405.435
2000-10-19,405.435
2000-10-20,405.435
2000-10-23,405.435
2000-10-25,405.435
2000-10-30,405.435
2000-11-01,400.609
2000-11-02,405.435
2000-11-03,405.435
2000-11-07,404.47
2000-11-08,404.47
2000-11-09,404.47
2000-11-10,405.435
2000-11-13,405.435
2000-11-15,404.422
2000-11-17,395.782
2000-11-20,400.609
2000-11-27,354.08
2000-12-04,357.169
2000-12-05,353.308
2000-12-08,386.129
2000-12-11,363.926
2000-12-13,357.169
2000-12-14,376.476
2000-12-15,385.163
2000-12-19,386.129
2000-12-29,385.163
2001-01-02,386.129
2001-01-03,362.961
2001-01-04,341.193
2001-01-05,323.383
2001-01-08,325.314
2001-01-12,324.348
2001-01-16,305.042
2001-01-17,299.25
2001-01-18,299.491
2001-01-19,294.423
2001-01-22,279.943
2001-01-23,264.498
2001-01-24,280.33
2001-01-25,270.29
2001-01-26,270.29
2001-01-29,270.29
2001-01-30,286.508
2001-01-31,286.508
2001-02-01,286.508
2001-02-02,286.701
2001-02-05,286.701
2001-02-06,289.597
2001-02-07,306.972
2001-02-08,299.25
2001-02-09,306.972
2001-02-12,306.972
2001-02-13,308.903
2001-02-14,327.244
2001-02-15,346.84
2001-02-16,366.822
2001-02-19,387.094
2001-02-20,386.129
2001-02-21,386.129
2001-02-22,386.129
2001-02-23,400.609
2001-02-26,403.505
2001-02-27,403.505
2001-02-28,427.638
2001-03-01,427.638
2001-03-02,402.008
2001-03-05,415.088
2001-03-08,415.088
2001-03-09,405.435
2001-03-12,386.129
2001-03-13,387.094
2001-03-14,386.129
2001-03-15,386.129
2001-03-16,386.129
2001-03-19,386.129
2001-03-20,386.129
2001-03-21,386.129
2001-03-22,386.129
2001-03-23,386.129
2001-03-26,386.129
2001-03-28,386.129
2001-03-29,386.129
2001-03-30,386.129
2001-04-02,386.081
2001-04-03,386.081
2001-04-04,386.081
2001-04-05,386.032
2001-04-06,362.961
2001-04-09,362.961
2001-04-10,341.724
2001-04-11,321.452
2001-04-12,340.71
2001-04-13,342.689
2001-04-16,342.689
2001-04-17,341.724
2001-04-18,341.724
2001-04-19,328.209
2001-04-20,333.036
2001-04-23,347.516
2001-04-24,347.516
2001-04-25,337.863
2001-04-26,337.863
2001-04-27,342.689
2001-04-30,322.418
2001-05-02,325.314
2001-05-03,326.279
2001-05-04,327.148
2001-05-07,327.148
2001-05-08,346.744
2001-05-09,347.516
2001-05-10,347.516
2001-05-11,347.516
2001-05-14,347.516
2001-05-15,357.169
2001-05-16,357.169
2001-05-17,357.169
2001-05-18,357.169
2001-05-21,357.169
2001-05-22,355.238
2001-05-23,355.238
2001-05-24,355.238
2001-05-25,347.516
2001-05-28,347.516
2001-05-29,347.516
2001-05-30,347.516
2001-05-31,347.516
2001-06-01,347.516
2001-06-04,347.516
2001-06-07,347.516
2001-06-08,347.516
2001-06-11,347.516
2001-06-12,347.516
2001-06-13,347.516
2001-06-14,347.516
2001-06-15,328.209
2001-06-18,328.209
2001-06-19,328.209
2001-06-20,328.209
2001-06-21,329.175
2001-06-22,328.209
2001-06-25,328.209
2001-06-26,347.516
2001-06-27,347.516
2001-06-28,347.516
2001-06-29,334.001
2001-07-02,328.209
2001-07-03,328.209
2001-07-04,328.209
2001-07-05,328.209
2001-07-06,328.209
2001-07-09,295.389
2001-07-10,295.389
2001-07-11,296.547
2001-07-12,311.799
2001-07-13,311.799
2001-07-16,299.25
2001-07-17,299.25
2001-07-18,295.389
2001-07-19,295.389
2001-07-20,299.25
2001-07-23,281.874
2001-07-24,297.223
2001-07-25,294.423
2001-07-26,294.423
2001-07-27,294.423
2001-07-31,294.423
2001-08-01,299.25
2001-08-02,299.25
2001-08-03,299.346
2001-08-06,299.346
2001-08-07,317.301
2001-08-08,317.301
2001-08-09,308.903
2001-08-10,308.903
2001-08-13,308.903
2001-08-15,308.903
2001-08-16,308.903
2001-08-17,299.25
2001-08-22,299.25
2001-08-23,299.153
2001-08-24,299.153
2001-08-27,299.153
2001-08-28,299.153
2001-08-29,299.153
2001-08-30,299.25
2001-08-31,299.25
2001-09-03,294.423
2001-09-04,299.25
2001-09-05,293.458
2001-09-06,293.458
2001-09-07,293.458
2001-09-10,299.25
2001-09-11,299.25
2001-09-12,294.423
2001-09-13,294.423
2001-09-14,294.423
2001-09-17,294.423
2001-09-18,294.423
2001-09-19,289.597
2001-09-20,284.77
2001-09-21,283.805
2001-09-24,283.805
2001-09-25,283.805
2001-09-26,283.805
2001-09-27,281.874
2001-09-28,264.981
2001-10-01,265.464
2001-10-02,266.477
2001-10-03,266.477
2001-10-04,266.477
2001-10-05,267.442
2001-10-08,267.442
2001-10-09,267.442
2001-10-10,268.36
2001-10-11,268.36
2001-10-12,276.13
2001-10-15,276.13
2001-10-16,276.13
2001-10-17,276.227
2001-10-18,276.082
2001-10-19,279.992
2001-10-22,279.992
2001-10-23,279.992
2001-10-24,276.082
2001-10-25,275.117
2001-10-26,275.117
2001-10-29,289.597
2001-10-30,272.221
2001-10-31,286.701
2001-11-01,286.701
2001-11-02,286.701
2001-11-05,286.701
2001-11-07,271.255
2001-11-08,271.255
2001-11-09,275.117
2001-11-12,275.117
2001-11-13,275.117
2001-11-14,277.096
2001-11-15,277.096
2001-11-16,278.013
2001-11-19,278.013
2001-11-20,270.29
2001-11-21,270.29
2001-11-22,270.29
2001-11-23,278.013
2001-11-26,289.597
2001-11-27,289.597
2001-11-28,279.943
2001-11-29,289.597
2001-11-30,289.597
2001-12-03,289.597
2001-12-04,297.319
2001-12-05,297.319
2001-12-06,314.695
2001-12-07,314.695
2001-12-10,328.209
2001-12-11,337.863
2001-12-12,356.204
2001-12-13,357.169
2001-12-14,357.169
2001-12-19,357.169
2001-12-20,361.996
2001-12-21,366.822
2001-12-24,361.996
2001-12-25,365.857
2001-12-26,373.58
2001-12-27,371.649
2001-12-28,371.649
2001-12-31,386.129
2002-01-04,386.129
2002-01-09,341.193
2002-01-10,341.193
2002-01-14,320.728
2002-01-15,301.518
2002-01-16,301.518
2002-01-17,301.518
2002-01-18,301.518
2002-01-21,301.518
2002-01-22,301.518
2002-01-23,290.562
2002-01-24,290.562
2002-01-25,291.045
2002-01-28,291.817
2002-01-29,291.817
2002-01-30,291.817
2002-01-31,292.589
2002-02-01,292.589
2002-02-04,292.589
2002-02-05,292.589
2002-02-06,292.589
2002-02-07,295.389
2002-02-08,296.354
2002-02-11,294.423
2002-02-12,294.906
2002-02-13,294.423
2002-02-14,294.954
2002-02-15,294.954
2002-02-18,294.954
2002-02-19,296.45
2002-02-20,299.25
2002-02-21,297.319
2002-02-22,297.609
2002-02-26,297.609
2002-02-27,297.609
2002-02-28,297.609
2002-03-01,297.609
2002-03-05,300.215
2002-03-06,300.215
2002-03-07,300.215
2002-03-08,300.215
2002-03-11,300.215
2002-03-12,300.215
2002-03-13,284.77
2002-03-14,284.77
2002-03-18,284.77
2002-03-19,284.77
2002-03-20,289.597
2002-03-21,289.597
2002-03-22,289.597
2002-03-25,289.597
2002-03-26,289.597
2002-03-27,289.597
2002-03-28,289.597
2002-03-29,289.597
2002-04-01,289.597
2002-04-02,289.597
2002-04-03,289.597
2002-04-05,289.597
2002-04-08,289.597
2002-04-09,289.597
2002-04-11,290.562
2002-04-12,290.562
2002-04-16,290.562
2002-04-18,289.597
2002-04-22,289.597
2002-04-23,289.597
2002-04-24,289.597
2002-04-25,289.597
2002-04-26,289.597
2002-04-29,280.909
2002-05-03,292.493
2002-05-07,277.047
2002-05-08,260.637
2002-05-10,270.29
2002-05-14,274.151
2002-05-15,289.597
2002-05-16,289.597
2002-05-22,260.637
2002-05-23,276.275
2002-05-24,289.597
2002-06-04,284.77
2002-06-05,268.36
2002-06-06,279.943
2002-06-13,263.533
2002-06-14,270.29
2002-06-20,271.255
2002-06-21,271.255
2002-06-24,269.325
2002-06-26,269.325
2002-06-27,285.446
2002-06-28,294.423
2002-07-01,279.943
2002-07-02,282.839
2002-07-05,279.943
2002-07-11,249.053
2002-07-12,261.602
2002-07-19,265.56
2002-07-22,266.429
2002-07-23,268.36
2002-07-24,279.943
2002-07-25,289.597
2002-07-26,284.77
2002-07-31,289.597
2002-08-05,263.533
2002-08-07,279.268
2002-08-08,279.268
2002-08-12,275.117
2002-08-19,282.936
2002-08-28,289.597
2002-08-29,282.839
2002-09-04,299.25
2002-09-06,299.25
2002-09-10,299.25
2002-09-12,315.66
2002-09-13,299.25
2002-09-17,315.66
2002-09-23,315.66
2002-09-24,315.66
2002-09-25,306.972
2002-09-26,306.972
2002-09-30,315.66
2002-10-01,315.66
2002-10-03,315.66
2002-10-04,301.18
2002-10-09,289.597
2002-10-10,294.423
2002-10-11,300.263
2002-10-14,299.25
2002-10-15,299.25
2002-10-17,317.108
2002-10-18,322.418
2002-10-23,322.418
2002-10-24,322.418
2002-10-29,308.903
2002-10-30,313.73
2002-11-14,316.626
2002-11-15,316.626
2002-11-20,318.556
2002-11-21,313.73
2002-11-22,318.556
2002-12-09,300.215
2002-12-10,317.591
2002-12-11,319.522
2002-12-12,323.383
2002-12-13,330.14
2002-12-19,347.516
2002-12-20,353.308
2002-12-24,353.308
2002-12-25,371.649
2002-12-26,371.649
2002-12-27,376.476
2002-12-30,354.177
2002-12-31,356.204
2003-01-03,356.204
2003-01-07,356.204
2003-01-13,357.169
2003-01-15,376.476
2003-01-16,376.476
2003-01-17,376.476
2003-01-20,378.406
2003-01-21,376.476
2003-01-22,376.476
2003-01-23,376.476
2003-01-27,386.129
2003-01-29,386.129
2003-01-30,386.129
2003-01-31,386.129
2003-02-04,386.129
2003-02-06,386.129
2003-02-07,383.233
2003-02-10,376.476
2003-02-14,386.129
2003-02-20,383.233
2003-02-27,386.129
2003-02-28,386.129
2003-03-04,381.302
2003-03-07,381.302
2003-03-10,386.129
2003-03-11,386.129
2003-03-13,386.129
2003-03-17,386.129
2003-03-21,386.129
2003-03-25,386.129
2003-03-26,386.129
2003-04-01,386.129
2003-04-03,386.129
2003-04-08,386.129
2003-04-16,362.961
2003-04-22,364.892
2003-05-05,364.892
2003-05-06,364.892
2003-05-13,352.343
2003-05-19,355.238
2003-05-21,355.287
2003-05-22,355.238
2003-05-23,352.343
2003-05-27,352.343
2003-06-03,372.614
2003-06-05,357.169
2003-06-12,357.169
2003-06-20,362.961
2003-06-24,366.822
2003-06-30,366.822
2003-07-04,366.822
2003-07-16,366.822
2003-07-17,366.822
2003-07-31,347.516
2003-08-05,348.481
2003-08-11,338.828
2003-08-12,339.793
2003-09-02,343.655
2003-09-03,347.516
2003-09-09,347.516
2003-09-10,355.238
2003-09-11,355.238
2003-09-12,357.169
2003-10-02,356.204
2003-10-09,356.204
2003-10-13,354.273
2003-10-17,352.343
2003-10-21,357.169
2003-10-30,352.439
2003-11-12,352.343
2003-11-13,352.343
2003-11-14,352.343
2003-11-17,357.169
2003-11-21,344.62
2003-12-01,344.62
2003-12-05,346.647
2003-12-18,346.164
2003-12-24,366.822
2003-12-29,366.822
2003-12-31,366.822
2004-01-06,366.822
2004-01-14,376.476
2004-01-15,376.476
2004-01-20,354.273
2004-01-21,366.822
2004-01-28,376.476
2004-01-29,376.476
2004-02-06,376.476
2004-02-10,376.476
2004-02-17,376.476
2004-02-19,381.302
2004-02-20,359.1
2004-02-23,371.649
2004-02-25,371.649
2004-02-26,376.476
2004-02-27,361.996
2004-03-03,367.788
2004-03-04,364.892
2004-03-08,364.892
2004-03-09,359.196
2004-03-10,359.582
2004-03-11,359.582
2004-03-12,376.476
2004-03-15,376.476
2004-03-16,376.524
2004-03-17,386.129
2004-03-18,386.129
2004-03-22,386.129
2004-03-25,387.094
2004-03-29,386.129
2004-03-31,388.059
2004-04-02,391.052
2004-04-05,410.262
2004-04-12,394.334
2004-04-13,396.747
2004-04-16,410.165
2004-04-20,410.165
2004-04-23,395.782
2004-04-27,407.366
2004-04-28,415.088
2004-04-29,430.582
2004-04-30,431.499
2004-05-04,437.291
2004-05-12,448.875
2004-05-13,458.528
2004-05-14,448.875
2004-05-21,422.811
2004-05-24,424.886
2004-05-25,447.909
2004-05-27,448.875
2004-05-28,424.838
2004-06-03,424.742
2004-06-09,424.79
2004-06-14,423.873
2004-06-16,448.875
2004-06-18,423.776
2004-06-23,424.838
2004-06-24,399.643
2004-06-28,399.643
2004-06-29,399.643
2004-06-30,399.643
2004-07-08,399.643
2004-07-09,380.337
2004-07-13,376.476
2004-07-19,399.064
2004-07-20,423.004
2004-07-23,386.129
2004-07-27,386.129
2004-07-30,386.129
2004-08-03,409.297
2004-08-05,415.088
2004-08-09,405.435
2004-08-10,386.129
2004-08-11,390.955
2004-08-12,395.782
2004-08-13,395.782
2004-09-02,395.83
2004-09-03,396.747
2004-09-08,405.435
2004-09-09,414.123
2004-09-10,414.123
2004-09-14,395.879
2004-09-21,397.761
2004-09-22,398.726
2004-09-23,407.269
2004-09-24,398.678
2004-09-27,398.678
2004-09-30,398.678
2004-10-06,398.678
2004-10-07,398.678
2004-10-11,398.678
2004-10-13,398.678
2004-10-14,398.678
2004-10-18,376.476
2004-10-22,366.822
2004-10-25,365.857
2004-10-27,365.857
2004-11-01,366.822
2004-11-03,366.822
2004-11-23,348.674
2004-11-29,348.481
2004-11-30,347.516
2004-12-02,347.516
2004-12-13,352.391
2004-12-17,373.531
2004-12-21,386.129
2004-12-22,366.822
2004-12-23,366.822
2004-12-24,345.103
2004-12-29,365.809
2004-12-30,387.722
2004-12-31,384.198
2005-01-10,361.996
2005-01-13,361.996
2005-01-24,366.822
2005-01-28,361.996
2005-01-31,362.478
2005-02-01,362.478
2005-02-03,370.684
2005-02-17,370.684
2005-02-18,364.892
2005-02-22,381.302
2005-02-23,386.129
2005-02-25,381.302
2005-03-01,403.505
2005-03-02,379.372
2005-03-08,379.372
2005-03-09,363.975
2005-03-11,371.697
2005-03-17,386.129
2005-03-29,386.129
2005-03-30,386.129
2005-04-04,386.129
2005-04-05,388.059
2005-04-06,390.955
2005-04-28,403.505
2005-05-04,386.129
2005-05-06,395.782
2005-05-09,395.782
2005-05-10,395.782
2005-05-18,397.713
2005-05-19,396.747
2005-05-20,396.989
2005-05-27,396.989
2005-05-30,405.435
2005-05-31,397.713
2005-06-01,397.761
2005-06-02,397.761
2005-06-03,405.435
2005-06-06,396.747
2005-06-08,393.079
2005-06-09,415.088
2005-06-20,410.262
2005-06-21,393.079
2005-06-23,398.678
2005-06-29,398.678
2005-06-30,419.915
2005-07-11,372.035
2005-07-13,394.334
2005-07-15,417.984
2005-07-21,415.088
2005-07-22,419.915
2005-07-25,419.915
2005-08-08,410.262
2005-08-09,400.609
2005-08-11,400.609
2005-08-12,400.609
2005-08-16,400.657
2005-08-17,405.435
2005-08-22,405.484
2005-08-23,405.435
2005-08-24,424.742
2005-08-25,419.915
2005-08-26,415.088
2005-08-29,434.395
2005-08-30,408.331
2005-09-01,411.227
2005-09-06,411.227
2005-09-07,419.915
2005-09-08,419.915
2005-09-09,429.568
2005-09-15,405.435
2005-09-16,405.484
2005-09-21,405.435
2005-09-22,403.505
2005-09-23,390.955
2005-09-28,392.017
2005-09-29,391.052
2005-10-03,395.83
2005-10-12,397.761
2005-10-13,397.761
2005-10-14,414.123
2005-10-20,395.782
2005-10-21,397.713
2005-10-24,398.244
2005-10-28,398.678
2005-10-31,405.435
2005-11-07,410.262
2005-11-09,434.395
2005-11-11,415.088
2005-11-14,415.088
2005-11-21,415.088
2005-11-23,434.395
2005-11-24,434.395
2005-11-25,434.443
2005-11-28,444.048
2005-11-29,451.336
2005-11-30,453.701
2005-12-02,434.491
2005-12-07,434.395
2005-12-08,408.331
2005-12-12,419.915
2005-12-13,399.643
2005-12-14,423.583
2005-12-15,423.583
2005-12-16,422.811
2005-12-19,422.811
2005-12-21,422.811
2005-12-27,406.401
2005-12-28,406.352
2005-12-29,400.609
2005-12-30,415.088
2006-01-03,395.879
2006-01-04,397.713
2006-01-05,398.678
2006-01-09,415.088
2006-01-13,405.435
2006-01-17,408.814
2006-01-18,406.401
2006-01-26,410.262
2006-01-30,434.878
2006-02-01,454.715
2006-02-02,481.985
2006-02-03,509.69
2006-02-06,509.69
2006-02-07,530.927
2006-02-08,559.887
2006-02-09,579.193
2006-02-10,579.193
2006-02-13,569.54
2006-02-14,552.164
2006-02-15,552.164
2006-02-16,530.927
2006-02-17,511.621
2006-02-20,511.621
2006-02-22,540.58
2006-02-23,541.546
2006-02-24,511.621
2006-03-02,573.401
2006-03-03,573.401
2006-03-08,569.54
2006-03-09,569.54
2006-03-10,578.228
2006-03-15,511.621
2006-03-24,540.58
2006-03-27,508.725
2006-03-29,555.06
2006-03-31,579.193
2006-04-03,579.193
2006-04-04,587.881
2006-04-05,588.846
2006-04-06,588.846
2006-04-07,589.812
2006-04-13,622.633
2006-04-18,627.459
2006-04-19,608.153
2006-04-20,591.742
2006-04-21,626.494
2006-04-24,627.459
2006-04-25,632.286
2006-04-26,651.592
2006-04-27,690.205
2006-04-28,690.205
2006-05-02,675.725
2006-05-03,676.691
2006-05-04,690.205
2006-05-05,714.338
2006-05-08,726.887
2006-05-12,690.205
2006-05-15,728.818
2006-05-16,728.818
2006-05-17,690.205
2006-05-18,723.992
2006-05-19,690.205
2006-05-22,690.205
2006-05-23,675.725
2006-05-24,680.552
2006-05-26,640.008
2006-06-01,640.008
2006-06-06,640.008
2006-06-08,602.361
2006-06-12,638.078
2006-06-13,604.292
2006-06-14,568.575
2006-06-19,534.788
2006-06-20,550.234
2006-06-21,550.234
2006-06-27,582.089
2006-07-05,581.124
2006-07-06,586.916
2006-07-07,588.846
2006-07-10,587.881
2006-07-14,553.13
2006-07-18,579.193
2006-07-20,579.193
2006-07-21,578.228
2006-07-31,544.442
2006-08-02,576.297
2006-08-03,576.297
2006-08-04,606.222
2006-08-16,607.188
2006-08-24,579.193
2006-08-30,569.54
2006-09-04,569.54
2006-09-05,569.54
2006-09-06,564.713
2006-09-08,546.372
2006-09-11,564.713
2006-09-12,559.887
2006-09-13,559.887
2006-09-18,569.54
2006-09-19,569.54
2006-09-21,569.54
2006-09-22,569.54
2006-09-25,569.54
2006-09-27,535.754
2006-09-28,532.858
2006-10-02,564.713
2006-10-03,546.372
2006-10-04,546.372
2006-10-23,540.58
2006-10-30,540.58
2006-10-31,540.58
2006-11-01,540.58
2006-11-02,540.58
2006-11-03,541.546
2006-11-08,541.546
2006-11-09,540.58
2006-11-10,521.274
2006-11-14,522.239
2006-11-16,530.927
2006-11-17,523.205
2006-11-23,523.205
2006-11-24,521.274
2006-11-27,521.274
2006-12-04,492.314
2006-12-05,492.314
2006-12-11,521.274
2006-12-12,521.274
2006-12-13,521.274
2006-12-18,521.274
2006-12-20,492.314
2006-12-22,521.274
2006-12-27,535.754
2006-12-29,506.794
2007-01-02,536.719
2007-01-04,506.794
2007-01-09,517.413
2007-01-10,517.413
2007-01-15,530.927
2007-01-16,535.754
2007-01-19,564.713
2007-01-22,564.713
2007-01-23,537.684
2007-01-24,559.887
2007-01-25,588.846
2007-01-26,579.193
2007-01-29,579.193
2007-01-30,546.372
2007-02-01,540.58
2007-02-02,540.58
2007-02-06,579.193
2007-02-07,598.5
2007-02-08,562.783
2007-02-09,563.748
2007-02-12,597.534
2007-02-13,593.673
2007-02-14,564.713
2007-02-15,588.846
2007-02-16,580.159
2007-02-19,580.159
2007-02-20,588.846
2007-02-21,588.846
2007-02-22,578.228
2007-02-23,587.881
2007-02-26,555.06
2007-02-27,562.783
2007-03-02,564.713
2007-03-05,584.02
2007-03-06,584.985
2007-03-07,587.881
2007-03-08,587.881
2007-03-09,579.193
2007-03-12,569.54
2007-03-14,587.881
2007-03-15,588.846
2007-03-20,562.783
2007-03-21,584.985
2007-03-22,596.569
2007-03-23,631.321
2007-03-27,668.968
2007-03-28,668.968
2007-03-29,751.021
2007-03-30,706.616
2007-04-03,747.159
2007-04-05,723.026
2007-04-06,739.437
2007-04-09,742.333
2007-04-10,728.818
2007-04-12,723.992
2007-04-13,746.194
2007-04-16,723.992
2007-04-17,728.818
2007-04-18,685.379
2007-04-19,723.026
2007-04-20,762.604
2007-04-23,772.258
2007-04-24,788.668
2007-04-25,788.668
2007-04-26,791.564
2007-05-02,744.263
2007-05-03,762.604
2007-05-04,762.604
2007-05-07,768.396
2007-05-08,772.258
2007-05-09,772.258
2007-05-10,725.922
2007-05-11,766.466
2007-05-15,721.096
2007-05-16,762.604
2007-05-17,733.645
2007-05-18,766.466
2007-05-21,763.57
2007-05-23,733.645
2007-05-24,695.032
2007-05-28,736.541
2007-05-29,695.032
2007-05-31,736.541
2007-06-01,765.5
2007-06-04,762.604
2007-06-07,762.604
2007-06-08,767.431
2007-06-11,768.396
2007-06-12,791.564
2007-06-14,780.945
2007-06-28,771.292
2007-06-29,781.911
2007-07-11,772.258
2007-07-18,725.922
2007-07-19,687.309
2007-07-20,687.309
2007-07-25,723.992
2007-07-26,687.309
2007-07-31,725.922
2007-08-02,725.922
2007-08-03,725.922
2007-08-06,725.922
2007-08-07,691.171
2007-08-09,725.922
2007-08-15,757.778
2007-08-16,761.639
2007-08-17,716.269
2007-08-22,757.778
2007-08-23,752.951
2007-08-27,725.922
2007-08-28,723.992
2007-08-29,751.021
2007-08-30,751.021
2007-09-03,728.818
2007-09-06,728.818
2007-09-07,728.818
2007-09-11,725.922
2007-09-12,696.962
2007-09-18,696.962
2007-09-19,696.962
2007-09-20,695.032
2007-09-21,695.032
2007-09-25,680.552
2007-09-27,686.344
2007-09-28,680.552
2007-10-03,695.032
2007-10-04,723.992
2007-10-15,682.483
2007-10-17,716.269
2007-10-18,683.448
2007-10-23,676.691
2007-10-25,713.373
2007-10-26,675.725
2007-10-30,695.032
2007-10-31,675.725
2007-11-01,652.558
2007-11-02,653.523
2007-11-07,707.581
2007-11-09,668.003
2007-11-13,658.35
2007-11-14,657.384
2007-11-16,662.211
2007-11-23,660.28
2007-11-27,663.176
2007-11-30,662.211
2007-12-03,663.176
2007-12-05,675.725
2007-12-06,675.725
2007-12-07,670.899
2007-12-10,670.899
2007-12-11,668.968
2007-12-12,668.968
2007-12-13,661.246
2007-12-18,666.072
2007-12-19,663.176
2007-12-20,655.454
2007-12-24,627.459
2007-12-25,593.673
2007-12-26,593.673
2007-12-27,624.563
2007-12-28,593.673
2007-12-31,617.806
2008-01-07,636.147
2008-01-15,637.113
2008-01-16,637.113
2008-01-21,627.459
2008-01-22,636.147
2008-01-23,619.737
2008-01-24,620.702
2008-01-28,632.286
2008-01-30,620.702
2008-02-01,598.5
2008-02-05,634.217
2008-02-06,634.217
2008-02-13,637.113
2008-02-14,636.147
2008-02-19,598.5
2008-02-20,634.217
2008-02-22,603.326
2008-03-03,604.292
2008-03-04,640.008
2008-03-05,675.725
2008-03-06,675.725
2008-03-07,638.078
2008-03-10,656.419
2008-03-11,656.419
2008-03-12,653.523
2008-03-13,656.419
2008-03-14,656.419
2008-03-17,656.419
2008-03-18,656.419
2008-03-19,646.766
2008-03-24,624.563
2008-03-25,608.153
2008-03-26,608.153
2008-03-27,608.153
2008-03-28,643.87
2008-03-31,653.523
2008-04-01,650.627
2008-04-02,650.627
2008-04-03,647.731
2008-04-04,627.459
2008-04-07,617.806
2008-04-08,647.731
2008-04-09,646.766
2008-04-10,646.766
2008-04-11,646.766
2008-04-14,646.766
2008-04-15,645.8
2008-04-16,646.766
2008-04-17,646.766
2008-04-18,646.766
2008-04-21,645.8
2008-04-22,645.8
2008-04-23,644.835
2008-04-24,644.835
2008-04-25,643.87
2008-04-28,643.87
2008-04-29,617.806
2008-04-30,612.979
2008-05-02,612.979
2008-05-05,612.979
2008-05-06,608.153
2008-05-07,616.841
2008-05-08,612.979
2008-05-09,608.153
2008-05-12,598.5
2008-05-13,598.5
2008-05-14,598.5
2008-05-15,602.361
2008-05-16,598.5
2008-05-19,598.5
2008-05-20,608.153
2008-05-21,608.153
2008-05-22,627.459
2008-05-23,627.459
2008-05-26,626.494
2008-05-27,626.494
2008-05-28,626.494
2008-05-29,625.529
2008-05-30,625.529
2008-06-02,626.494
2008-06-03,626.494
2008-06-04,608.153
2008-06-05,608.153
2008-06-06,627.459
2008-06-09,623.598
2008-06-10,635.182
2008-06-11,627.459
2008-06-12,627.459
2008-06-13,661.246
2008-06-16,661.246
2008-06-17,674.76
2008-06-18,666.072
2008-06-19,666.072
2008-06-20,666.072
2008-06-23,637.113
2008-06-24,638.078
2008-06-25,593.673
2008-06-26,559.887
2008-06-27,592.708
2008-06-30,627.459
2008-07-01,589.812
2008-07-02,589.812
2008-07-03,589.812
2008-07-04,590.777
2008-07-07,590.777
2008-07-08,590.777
2008-07-09,589.812
2008-07-10,571.471
2008-07-11,575.332
2008-07-14,569.54
2008-07-15,569.54
2008-07-16,569.54
2008-07-17,569.54
2008-07-18,569.54
2008-07-21,569.54
2008-07-22,569.54
2008-07-23,569.54
2008-07-24,569.54
2008-07-25,598.5
2008-07-28,598.5
2008-07-29,598.5
2008-07-31,598.5
2008-08-01,616.841
2008-08-04,616.841
2008-08-05,616.841
2008-08-06,616.841
2008-08-07,616.841
2008-08-08,616.841
2008-08-11,580.159
2008-08-12,579.193
2008-08-13,579.193
2008-08-15,579.193
2008-08-18,579.193
2008-08-19,579.193
2008-08-22,579.193
2008-08-25,579.193
2008-08-26,579.193
2008-08-27,579.193
2008-08-28,579.193
2008-08-29,598.5
2008-09-02,598.5
2008-09-03,598.5
2008-09-04,598.5
2008-09-05,580.159
2008-09-08,580.159
2008-09-09,580.159
2008-09-10,580.159
2008-09-11,580.159
2008-09-12,579.193
2008-09-15,553.13
2008-09-16,551.199
2008-09-17,551.199
2008-09-18,579.193
2008-09-19,595.604
2008-09-22,595.604
2008-09-23,595.604
2008-09-24,559.887
2008-09-25,559.887
2008-09-26,579.193
2008-09-29,579.193
2008-09-30,579.193
2008-10-07,569.54
2008-10-08,551.199
2008-10-09,566.644
2008-10-10,566.644
2008-10-13,545.407
2008-10-14,567.609
2008-10-15,567.609
2008-10-16,567.609
2008-10-17,597.534
2008-10-20,597.534
2008-10-21,597.534
2008-10-22,597.534
2008-10-23,579.193
2008-10-24,567.609
2008-10-27,567.609
2008-10-28,567.609
2008-10-29,567.609
2008-10-30,567.609
2008-10-31,569.54
2008-11-03,565.679
2008-11-04,559.887
2008-11-05,559.887
2008-11-07,553.13
2008-11-10,553.13
2008-11-11,553.13
2008-11-12,537.684
2008-11-13,506.794
2008-11-14,506.794
2008-11-17,530.927
2008-11-19,521.274
2008-11-20,506.794
2008-11-21,506.794
2008-11-24,506.794
2008-11-25,506.794
2008-11-26,483.626
2008-11-27,483.626
2008-11-28,482.661
2008-12-01,463.355
2008-12-02,463.355
2008-12-03,463.355
2008-12-04,463.355
2008-12-05,463.355
2008-12-08,490.384
2008-12-11,490.384
2008-12-12,490.384
2008-12-15,493.28
2008-12-16,493.28
2008-12-17,501.967
2008-12-18,511.621
2008-12-19,516.447
2008-12-22,529.962
2008-12-23,529.962
2008-12-24,529.962
2008-12-25,529.962
2008-12-26,529.962
2008-12-30,529.962
2008-12-31,529.962
2009-01-02,511.621
2009-01-05,511.621
2009-01-06,480.923
2009-01-07,482.661
2009-01-08,482.661
2009-01-09,482.661
2009-01-12,482.661
2009-01-13,463.355
2009-01-14,463.355
2009-01-15,458.528
2009-01-16,458.528
2009-01-19,485.557
2009-01-20,485.557
2009-01-21,485.557
2009-01-22,485.557
2009-01-23,485.557
2009-01-26,485.557
2009-01-27,485.557
2009-01-28,510.655
2009-01-29,510.655
2009-01-30,510.655
2009-02-02,510.655
2009-02-03,497.141
2009-02-04,486.522
2009-02-05,514.517
2009-02-06,514.517
2009-02-09,514.517
2009-02-10,514.517
2009-02-11,486.522
2009-02-12,510.655
2009-02-13,501.967
2009-02-16,501.967
2009-02-17,501.967
2009-02-18,506.794
2009-02-19,511.621
2009-02-20,511.621
2009-02-23,511.621
2009-02-24,511.621
2009-02-25,513.551
2009-02-26,513.551
2009-02-27,513.551
2009-03-02,513.551
2009-03-03,513.551
2009-03-04,511.621
2009-03-05,511.621
2009-03-06,511.621
2009-03-09,511.621
2009-03-12,511.621
2009-03-13,511.621
2009-03-16,511.621
2009-03-17,480.923
2009-03-18,480.923
2009-03-19,480.923
2009-03-20,480.923
2009-03-23,494.245
2009-03-24,492.314
2009-03-25,492.314
2009-03-26,513.551
2009-03-27,540.58
2009-03-30,540.58
2009-03-31,540.58
2009-04-01,540.58
2009-04-02,540.58
2009-04-03,540.58
2009-04-06,540.58
2009-04-07,508.725
2009-04-08,508.725
2009-04-09,508.725
2009-04-10,508.725
2009-04-13,508.725
2009-04-14,516.447
2009-04-15,516.447
2009-04-16,516.447
2009-04-17,516.447
2009-04-20,516.447
2009-04-21,516.447
2009-04-22,516.447
2009-04-23,516.447
2009-04-24,516.447
2009-04-27,508.725
2009-04-28,508.725
2009-04-29,508.725
2009-04-30,508.725
2009-05-04,508.725
2009-05-05,508.725
2009-05-06,508.725
2009-05-07,508.725
2009-05-08,511.621
2009-05-11,511.621
2009-05-12,534.788
2009-05-13,530.927
2009-05-14,538.65
2009-05-15,538.65
2009-05-18,538.65
2009-05-19,538.65
2009-05-20,509.69
2009-05-21,509.69
2009-05-22,517.413
2009-05-25,517.413
2009-05-26,537.684
2009-05-27,534.788
2009-05-28,534.788
2009-05-29,530.927
2009-06-01,522.239
2009-06-02,537.684
2009-06-03,531.892
2009-06-04,539.615
2009-06-05,539.615
2009-06-08,539.615
2009-06-09,541.546
2009-06-10,540.58
2009-06-11,540.58
2009-06-12,549.268
2009-06-15,544.442
2009-06-16,544.442
2009-06-17,555.06
2009-06-18,558.921
2009-06-19,572.436
2009-06-22,572.436
2009-06-23,579.193
2009-06-24,579.193
2009-06-25,606.222
2009-06-26,603.326
2009-06-29,603.326
2009-06-30,579.193
2009-07-01,579.193
2009-07-02,579.193
2009-07-03,579.193
2009-07-06,579.193
2009-07-07,579.193
2009-07-08,579.193
2009-07-09,579.193
2009-07-10,579.193
2009-07-13,577.263
2009-07-14,577.263
2009-07-15,577.263
2009-07-16,577.263
2009-07-17,556.025
2009-07-20,556.025
2009-07-21,556.025
2009-07-22,550.234
2009-07-24,546.372
2009-07-27,548.303
2009-07-28,533.823
2009-07-29,557.956
2009-07-31,556.025
2009-08-03,556.025
2009-08-04,556.025
2009-08-05,552.164
2009-08-06,552.164
2009-08-07,552.164
2009-08-10,552.164
2009-08-11,552.164
2009-08-12,552.164
2009-08-13,552.164
2009-08-17,552.164
2009-08-18,552.164
2009-08-19,552.164
2009-08-24,552.164
2009-08-25,552.164
2009-08-26,550.234
2009-08-27,552.164
2009-08-28,552.164
2009-08-31,552.164
2009-09-01,552.164
2009-09-02,552.164
2009-09-03,552.164
2009-09-04,552.164
2009-09-07,552.164
2009-09-08,552.164
2009-09-09,552.164
2009-09-10,552.164
2009-09-11,550.234
2009-09-14,550.234
2009-09-15,550.234
2009-09-16,550.234
2009-09-17,550.234
2009-09-18,555.06
2009-09-23,555.06
2009-09-24,555.06
2009-09-25,555.06
2009-09-28,555.06
2009-09-29,555.06
2009-09-30,555.06
2009-10-01,555.06
2009-10-02,555.06
2009-10-05,555.06
2009-10-06,555.06
2009-10-07,555.06
2009-10-08,558.921
2009-10-09,558.921
2009-10-12,558.921
2009-10-13,559.887
2009-10-14,559.887
2009-10-15,559.887
2009-10-16,559.887
2009-10-19,559.887
2009-10-20,559.887
2009-10-21,527.066
2009-10-22,523.205
2009-10-23,523.205
2009-10-26,523.205
2009-10-27,554.095
2009-10-28,554.095
2009-10-29,554.095
2009-10-30,524.17
2009-11-02,505.829
2009-11-03,535.754
2009-11-04,507.759
2009-11-05,511.621
2009-11-09,511.621
2009-11-10,511.621
2009-11-11,505.829
2009-11-12,505.829
2009-11-13,505.829
2009-11-16,505.829
2009-11-17,505.829
2009-11-19,505.829
2009-11-20,505.829
2009-11-23,505.829
2009-11-24,505.829
2009-11-25,505.829
2009-11-26,506.794
2009-11-27,506.794
2009-11-30,506.794
2009-12-01,506.794
2009-12-02,506.794
2009-12-03,506.794
2009-12-04,506.794
2009-12-07,523.205
2009-12-08,538.65
2009-12-09,538.65
2009-12-10,538.65
2009-12-11,538.65
2009-12-14,506.794
2009-12-15,506.794
2009-12-16,487.488
2009-12-17,513.551
2009-12-21,513.551
2009-12-22,513.551
2009-12-23,513.551
2009-12-24,506.794
2009-12-25,506.794
2009-12-28,506.794
2009-12-29,506.794
2009-12-30,489.418
2009-12-31,489.418
2010-01-04,511.621
2010-01-05,526.1
2010-01-06,539.615
2010-01-07,538.65
2010-01-08,538.65
2010-01-12,538.65
2010-01-13,538.65
2010-01-14,538.65
2010-01-15,538.65
2010-01-18,538.65
2010-01-19,538.65
2010-01-20,538.65
2010-01-21,538.65
2010-01-22,538.65
2010-01-25,538.65
2010-01-26,538.65
2010-01-27,538.65
2010-01-28,538.65
2010-01-29,538.65
2010-02-01,538.65
2010-02-02,538.65
2010-02-03,538.65
2010-02-04,538.65
2010-02-05,538.65
2010-02-08,538.65
2010-02-09,538.65
2010-02-10,538.65
2010-02-11,540.58
2010-02-12,540.58
2010-02-15,540.58
2010-02-16,540.58
2010-02-17,540.58
2010-02-18,540.58
2010-02-19,540.58
2010-02-22,540.58
2010-02-23,540.58
2010-02-24,540.58
2010-02-25,522.239
2010-02-26,522.239
2010-03-01,553.13
2010-03-02,553.13
2010-03-03,553.13
2010-03-04,579.193
2010-03-05,578.228
2010-03-08,578.228
2010-03-09,574.367
2010-03-10,579.193
2010-03-11,550.234
2010-03-12,550.234
2010-03-15,550.234
2010-03-16,550.234
2010-03-17,550.234
2010-03-18,550.234
2010-03-19,551.199
2010-03-22,551.199
2010-03-23,584.02
2010-03-24,584.02
2010-03-25,584.02
2010-03-26,584.02
2010-03-29,582.089
2010-03-30,579.193
2010-03-31,584.02
2010-04-02,583.054
2010-04-05,583.054
2010-04-06,583.054
2010-04-07,583.054
2010-04-08,583.054
2010-04-09,579.193
2010-04-12,579.193
2010-04-13,579.193
2010-04-14,585.95
2010-04-15,585.95
2010-04-16,585.95
2010-04-19,589.812
2010-04-20,592.708
2010-04-21,596.569
2010-04-22,601.396
2010-04-23,637.113
2010-04-26,618.771
2010-04-27,617.806
2010-04-28,645.8
2010-04-29,643.87
2010-04-30,642.904
2010-05-03,646.766
2010-05-04,647.731
2010-05-05,645.8
2010-05-06,645.8
2010-05-07,644.835
2010-05-10,647.731
2010-05-11,647.731
2010-05-12,656.419
2010-05-13,669.933
2010-05-14,673.795
2010-05-17,666.072
2010-05-18,673.795
2010-05-19,673.795
2010-05-20,673.795
2010-05-21,673.795
2010-05-24,646.766
2010-05-25,669.933
2010-05-26,661.246
2010-05-27,675.725
2010-05-28,680.552
2010-05-31,680.552
2010-06-01,675.725
2010-06-02,679.587
2010-06-03,677.656
2010-06-04,684.413
2010-06-07,684.413
2010-06-08,685.379
2010-06-09,700.824
2010-06-10,708.546
2010-06-11,749.09
2010-06-14,749.09
2010-06-15,748.125
2010-06-16,743.298
2010-06-17,732.679
2010-06-18,732.679
2010-06-21,732.679
2010-06-22,732.679
2010-06-23,732.679
2010-06-24,732.679
2010-06-25,695.997
2010-06-28,733.645
2010-06-29,723.992
2010-06-30,656.419
2010-07-01,656.419
2010-07-02,632.286
2010-07-05,632.286
2010-07-06,666.072
2010-07-07,666.072
2010-07-08,666.072
2010-07-09,628.425
2010-07-12,632.286
2010-07-13,666.072
2010-07-14,666.072
2010-07-15,666.072
2010-07-16,666.072
2010-07-19,666.072
2010-07-20,666.072
2010-07-21,666.072
2010-07-22,663.176
2010-07-23,665.107
2010-07-26,665.107
2010-07-27,666.072
2010-07-28,668.003
2010-07-29,668.003
2010-08-02,668.003
2010-08-03,668.003
2010-08-04,669.933
2010-08-05,669.933
2010-08-06,669.933
2010-08-11,669.933
2010-08-12,669.933
2010-08-13,675.725
2010-08-16,675.725
2010-08-17,675.725
2010-08-18,672.829
2010-08-19,672.829
2010-08-23,707.581
2010-08-24,707.581
2010-08-25,707.581
2010-08-26,707.581
2010-08-27,695.032
2010-08-30,695.032
2010-09-02,685.379
2010-09-06,685.379
2010-09-07,704.685
2010-09-08,685.379
2010-09-09,704.685
2010-09-13,704.685
2010-09-15,704.685
2010-09-16,704.685
2010-09-20,692.136
2010-09-21,695.032
2010-09-22,696.962
2010-09-23,695.032
2010-09-24,696.962
2010-09-27,696.962
2010-09-28,692.136
2010-09-29,692.136
2010-09-30,692.136
2010-10-01,685.379
2010-10-04,685.379
2010-10-05,685.379
2010-10-06,685.379
2010-10-07,685.379
2010-10-08,661.246
2010-10-11,698.893
2010-10-12,698.893
2010-10-13,698.893
2010-10-14,698.893
2010-10-15,676.691
2010-10-18,676.691
2010-10-19,700.824
2010-10-20,700.824
2010-10-21,702.754
2010-10-22,703.72
2010-10-25,704.685
2010-10-26,704.685
2010-10-27,704.685
2010-10-28,704.685
2010-10-29,704.685
2010-11-01,704.685
2010-11-02,704.685
2010-11-03,704.685
2010-11-04,704.685
2010-11-05,704.685
2010-11-08,690.205
2010-11-09,690.205
2010-11-10,690.205
2010-11-11,690.205
2010-11-12,690.205
2010-11-15,687.309
2010-11-16,687.309
2010-11-19,687.309
2010-11-22,687.309
2010-11-23,723.992
2010-11-24,723.992
2010-11-25,723.992
2010-11-26,695.997
2010-11-29,695.997
2010-11-30,695.997
2010-12-01,723.992
2010-12-02,692.136
2010-12-03,704.685
2010-12-08,704.685
2010-12-09,704.685
2010-12-10,704.685
2010-12-13,704.685
2010-12-14,704.685
2010-12-15,704.685
2010-12-16,704.685
2010-12-17,704.685
2010-12-20,704.685
2010-12-21,704.685
2010-12-22,704.685
2010-12-23,704.685
2010-12-24,704.685
2010-12-27,704.685
2010-12-28,704.685
2010-12-29,704.685
2010-12-30,704.685
2010-12-31,704.685
2011-01-03,704.685
2011-01-04,704.685
2011-01-05,704.685
2011-01-06,704.685
2011-01-07,695.032
2011-01-10,695.032
2011-01-12,732.679
2011-01-13,732.679
2011-01-14,732.679
2011-01-17,732.679
2011-01-18,732.679
2011-01-19,732.679
2011-01-20,733.645
2011-01-21,738.471
2011-01-24,738.471
2011-01-25,771.292
2011-01-26,752.951
2011-01-27,748.125
2011-01-28,748.125
2011-01-31,744.263
2011-02-01,744.263
2011-02-02,762.604
2011-02-03,762.604
2011-02-04,767.431
2011-02-07,762.604
2011-02-08,762.604
2011-02-09,767.431
2011-02-10,767.431
2011-02-11,767.431
2011-02-14,772.258
2011-02-15,734.61
2011-02-18,734.61
2011-02-21,734.61
2011-02-22,771.292
2011-02-23,771.292
2011-02-24,728.818
2011-02-25,767.431
2011-02-28,767.431
2011-03-01,767.431
2011-03-02,767.431
2011-03-03,767.431
2011-03-04,767.431
2011-03-07,767.431
2011-03-08,767.431
2011-03-09,767.431
2011-03-10,772.258
2011-03-11,772.258
2011-03-14,779.98
2011-03-15,738.471
2011-03-16,738.471
2011-03-17,738.471
2011-03-18,738.471
2011-03-21,738.471
2011-03-22,775.154
2011-03-23,779.98
2011-03-24,779.98
2011-03-25,779.98
2011-03-28,779.98
2011-03-29,779.98
2011-03-30,779.98
2011-03-31,779.98
2011-04-01,779.98
2011-04-04,779.98
2011-04-05,779.98
2011-04-06,779.98
2011-04-07,779.98
2011-04-08,779.98
2011-04-11,779.98
2011-04-12,776.119
2011-04-13,729.783
2011-04-14,729.783
2011-04-15,729.783
2011-04-18,729.783
2011-04-19,729.783
2011-04-20,729.783
2011-04-21,694.067
2011-04-22,694.067
2011-04-25,694.067
2011-04-26,694.067
2011-04-27,694.067
2011-04-28,694.067
2011-04-29,694.067
2011-05-02,694.067
2011-05-03,694.067
2011-05-04,694.067
2011-05-05,694.067
2011-05-06,694.067
2011-05-09,696.962
2011-05-10,696.962
2011-05-11,696.962
2011-05-12,699.858
2011-05-13,741.367
2011-05-16,772.258
2011-05-17,772.258
2011-05-18,772.258
2011-05-19,772.258
2011-05-20,772.258
2011-05-23,732.679
2011-05-24,776.119
2011-05-25,772.258
2011-05-26,772.258
2011-05-27,775.154
2011-05-30,775.154
2011-05-31,775.154
2011-06-01,775.154
2011-06-02,775.154
2011-06-03,801.217
2011-06-06,807.975
2011-06-07,807.975
2011-06-08,807.975
2011-06-09,807.975
2011-06-10,811.836
2011-06-13,811.836
2011-06-14,811.836
2011-06-15,811.836
2011-06-16,763.57
2011-06-17,734.61
2011-06-20,734.61
2011-06-21,772.258
2011-06-22,772.258
2011-06-23,723.992
2011-06-24,723.992
2011-06-27,723.992
2011-06-28,723.992
2011-06-29,723.992
2011-06-30,723.992
2011-07-01,723.992
2011-07-04,723.992
2011-07-05,723.992
2011-07-06,723.992
2011-07-07,723.992
2011-07-08,723.992
2011-07-11,723.992
2011-07-12,683.448
2011-07-13,683.448
2011-07-14,721.096
2011-07-15,721.096
2011-07-18,721.096
2011-07-19,721.096
2011-07-20,721.096
2011-07-21,678.621
2011-07-22,679.587
2011-07-25,679.587
2011-07-26,679.587
2011-07-27,679.587
2011-07-28,679.587
2011-07-29,679.587
2011-08-01,679.587
2011-08-02,679.587
2011-08-03,679.587
2011-08-04,656.419
2011-08-05,627.459
2011-08-08,665.107
2011-08-09,665.107
2011-08-10,695.032
2011-08-11,653.523
2011-08-12,675.725
2011-08-15,675.725
2011-08-16,675.725
2011-08-17,675.725
2011-08-18,675.725
2011-08-19,716.269
2011-08-22,716.269
2011-08-23,716.269
2011-08-24,676.691
2011-08-25,676.691
2011-08-26,676.691
2011-08-29,713.373
2011-08-30,733.645
2011-09-02,733.645
2011-09-05,777.084
2011-09-06,777.084
2011-09-07,777.084
2011-09-08,774.188
2011-09-09,777.084
2011-09-12,777.084
2011-09-13,777.084
2011-09-14,777.084
2011-09-15,777.084
2011-09-16,777.084
2011-09-19,777.084
2011-09-20,777.084
2011-09-21,777.084
2011-09-22,777.084
2011-09-23,777.084
2011-09-26,777.084
2011-09-27,777.084
2011-09-28,777.084
2011-09-29,777.084
2011-09-30,786.737
2011-10-03,786.737
2011-10-04,786.737
2011-10-05,786.737
2011-10-06,786.737
2011-10-07,786.737
2011-10-10,786.737
2011-10-11,786.737
2011-10-12,786.737
2011-10-13,740.402
2011-10-14,740.402
2011-10-17,740.402
2011-10-18,740.402
2011-10-19,740.402
2011-10-20,740.402
2011-10-21,741.367
2011-10-24,741.367
2011-10-25,785.772
2011-10-26,801.217
2011-10-27,806.044
2011-10-28,820.524
2011-10-31,820.524
2011-11-01,820.524
2011-11-02,771.292
2011-11-03,752.951
2011-11-04,752.951
2011-11-09,752.951
2011-11-10,752.951
2011-11-11,752.951
2011-11-14,797.356
2011-11-15,797.356
2011-11-16,797.356
2011-11-17,797.356
2011-11-21,797.356
2011-11-22,797.356
2011-11-23,830.177
2011-11-24,830.177
2011-11-25,780.945
2011-11-28,780.945
2011-11-29,780.945
2011-11-30,780.945
2011-12-01,780.945
2011-12-02,780.945
2011-12-05,780.945
2011-12-06,780.945
2011-12-07,780.945
2011-12-08,780.945
2011-12-09,780.945
2011-12-12,780.945
2011-12-13,780.945
2011-12-14,741.367
2011-12-15,741.367
2011-12-16,741.367
2011-12-19,741.367
2011-12-20,783.841
2011-12-21,783.841
2011-12-22,818.593
2011-12-23,818.593
2011-12-26,818.593
2011-12-27,818.593
2011-12-28,818.593
2011-12-29,820.524
2011-12-30,819.558
2012-01-02,820.524
2012-01-03,820.524
2012-01-04,820.524
2012-01-05,820.524
2012-01-06,820.524
2012-01-09,820.524
2012-01-10,820.524
2012-01-12,820.524
2012-01-13,820.524
2012-01-16,820.524
2012-01-17,820.524
2012-01-18,820.524
2012-01-19,820.524
2012-01-20,859.137
2012-01-23,859.137
2012-01-24,859.137
2012-01-25,859.137
2012-01-26,859.137
2012-01-27,859.137
2012-01-30,859.137
2012-01-31,859.137
2012-02-01,859.137
2012-02-02,859.137
2012-02-03,859.137
2012-02-07,859.137
2012-02-08,859.137
2012-02-09,859.137
2012-02-10,859.137
2012-02-13,859.137
2012-02-14,859.137
2012-02-15,859.137
2012-02-16,825.35
2012-02-17,825.35
2012-02-20,825.35
2012-02-21,822.454
2012-02-22,822.454
2012-02-23,822.454
2012-02-24,822.454
2012-02-27,822.454
2012-02-28,822.454
2012-02-29,822.454
2012-03-01,822.454
2012-03-02,822.454
2012-03-05,822.454
2012-03-06,822.454
2012-03-07,822.454
2012-03-08,822.454
2012-03-09,822.454
2012-03-12,822.454
2012-03-13,822.454
2012-03-14,822.454
2012-03-15,822.454
2012-03-16,822.454
2012-03-19,822.454
2012-03-20,822.454
2012-03-21,852.379
2012-03-22,852.379
2012-03-23,825.35
2012-03-26,825.35
2012-03-27,824.385
2012-03-28,824.385
2012-03-29,824.385
2012-03-30,824.385
2012-04-02,791.564
2012-04-03,791.564
2012-04-04,791.564
2012-04-05,791.564
2012-04-06,791.564
2012-04-09,791.564
2012-04-10,791.564
2012-04-11,752.951
2012-04-12,752.951
2012-04-13,772.258
2012-04-16,772.258
2012-04-17,772.258
2012-04-18,772.258
2012-04-19,817.628
2012-04-20,817.628
2012-04-23,817.628
2012-04-24,817.628
2012-04-25,772.258
2012-04-26,772.258
2012-04-27,772.258
2012-04-30,772.258
2012-05-02,772.258
2012-05-03,772.258
2012-05-04,772.258
2012-05-07,772.258
2012-05-08,772.258
2012-05-09,772.258
2012-05-10,772.258
2012-05-11,772.258
2012-05-14,772.258
2012-05-15,772.258
2012-05-16,772.258
2012-05-17,772.258
2012-05-18,772.258
2012-05-21,772.258
2012-05-22,772.258
2012-05-23,772.258
2012-05-24,772.258
2012-05-25,772.258
2012-05-28,772.258
2012-05-29,728.818
2012-05-30,772.258
2012-05-31,815.697
2012-06-01,862.998
2012-06-04,862.998
2012-06-05,862.998
2012-06-06,862.998
2012-06-07,862.998
2012-06-08,862.998
2012-06-11,862.998
2012-06-12,859.137
2012-06-13,859.137
2012-06-14,859.137
2012-06-15,859.137
2012-06-18,859.137
2012-06-19,859.137
2012-06-20,859.137
2012-06-21,859.137
2012-06-22,859.137
2012-06-25,806.044
2012-06-26,806.044
2012-06-27,806.044
2012-06-28,806.044
2012-06-29,762.604
2012-07-02,762.604
2012-07-03,762.604
2012-07-04,762.604
2012-07-05,717.234
2012-07-06,717.234
2012-07-09,717.234
2012-07-10,717.234
2012-07-11,717.234
2012-07-12,717.234
2012-07-13,717.234
2012-07-16,717.234
2012-07-17,717.234
2012-07-18,717.234
2012-07-19,717.234
2012-07-20,717.234
2012-07-23,717.234
2012-07-24,717.234
2012-07-25,759.708
2012-07-26,805.079
2012-07-27,805.079
2012-07-31,805.079
2012-08-01,805.079
2012-08-02,805.079
2012-08-03,805.079
2012-08-06,805.079
2012-08-07,805.079
2012-08-08,805.079
2012-08-09,805.079
2012-08-10,805.079
2012-08-13,805.079
2012-08-15,805.079
2012-08-16,805.079
2012-08-17,805.079
2012-08-22,805.079
2012-08-23,805.079
2012-08-24,805.079
2012-08-27,805.079
2012-08-28,805.079
2012-08-29,805.079
2012-08-30,805.079
2012-08-31,805.079
2012-09-03,805.079
2012-09-04,805.079
2012-09-05,805.079
2012-09-06,805.079
2012-09-07,772.258
2012-09-10,772.258
2012-09-11,772.258
2012-09-12,772.258
2012-09-13,772.258
2012-09-14,772.258
2012-09-17,772.258
2012-09-18,772.258
2012-09-19,772.258
2012-09-20,772.258
2012-09-21,771.292
2012-09-24,771.292
2012-09-25,771.292
2012-09-26,771.292
2012-09-27,771.292
2012-09-28,727.853
2012-10-01,727.853
2012-10-02,727.853
2012-10-03,727.853
2012-10-04,727.853
2012-10-05,727.853
2012-10-08,727.853
2012-10-09,727.853
2012-10-10,727.853
2012-10-11,727.853
2012-10-12,684.413
2012-10-15,684.413
2012-10-16,643.87
2012-10-17,643.87
2012-10-18,643.87
2012-10-19,643.87
2012-10-22,643.87
2012-10-23,643.87
2012-10-24,608.153
2012-10-25,609.118
2012-10-29,609.118
2012-10-30,609.118
2012-10-31,609.118
2012-11-01,609.118
2012-11-02,609.118
2012-11-05,609.118
2012-11-07,644.835
2012-11-08,682.483
2012-11-09,723.026
2012-11-12,681.517
2012-11-13,722.061
2012-11-14,722.061
2012-11-15,722.061
2012-11-19,722.061
2012-11-20,722.061
2012-11-21,722.061
2012-11-22,722.061
2012-11-23,722.061
2012-11-26,761.639
2012-11-27,761.639
2012-11-28,761.639
2012-11-29,742.333
2012-11-30,704.685
2012-12-03,704.685
2012-12-04,704.685
2012-12-05,704.685
2012-12-06,704.685
2012-12-07,704.685
2012-12-10,704.685
2012-12-11,704.685
2012-12-12,704.685
2012-12-13,704.685
2012-12-14,704.685
2012-12-17,704.685
2012-12-18,746.194
2012-12-19,746.194
2012-12-20,746.194
2012-12-21,701.789
2012-12-24,701.789
2012-12-25,660.28
2012-12-26,660.28
2012-12-27,660.28
2012-12-28,632.286
2012-12-31,632.286
2013-01-02,668.968
2013-01-03,668.968
2013-01-04,668.968
2013-01-07,668.968
2013-01-08,668.968
2013-01-09,668.968
2013-01-10,668.968
2013-01-14,668.968
2013-01-15,668.968
2013-01-16,668.968
2013-01-17,629.39
2013-01-18,629.39
2013-01-21,629.39
2013-01-22,629.39
2013-01-23,629.39
2013-01-28,627.459
2013-01-29,627.459
2013-01-30,627.459
2013-01-31,627.459
2013-02-01,627.459
2013-02-04,627.459
2013-02-05,627.459
2013-02-06,626.397
2013-02-07,626.397
2013-02-08,626.397
2013-02-11,626.397
2013-02-12,626.397
2013-02-13,625.529
2013-02-14,625.529
2013-02-15,625.529
2013-02-18,625.529
2013-02-19,588.074
2013-02-20,564.713
2013-02-21,564.713
2013-02-22,564.713
2013-02-25,564.713
2013-02-26,530.831
2013-02-27,530.831
2013-02-28,530.831
2013-03-01,562.59
2013-03-04,528.9
2013-03-05,528.9
2013-03-06,528.9
2013-03-07,498.106
2013-03-08,497.237
2013-03-11,497.237
2013-03-12,497.237
2013-03-13,497.237
2013-03-14,497.237
2013-03-15,497.237
2013-03-18,527.066
2013-03-19,527.066
2013-03-20,557.956
2013-03-21,524.653
2013-03-22,524.653
2013-03-25,525.328
2013-03-26,497.141
2013-03-27,497.141
2013-03-28,497.141
2013-03-29,526.969
2013-04-01,549.268
2013-04-02,564.713
2013-04-03,579.193
2013-04-04,579.193
2013-04-05,579.193
2013-04-08,569.54
2013-04-09,603.326
2013-04-10,603.326
2013-04-11,603.326
2013-04-12,608.153
2013-04-15,608.153
2013-04-16,608.153
2013-04-17,571.664
2013-04-18,545.407
2013-04-19,545.407
2013-04-22,541.546
2013-04-23,545.31
2013-04-24,577.938
2013-04-25,608.153
2013-04-26,644.642
2013-04-29,644.642
2013-04-30,675.725
2013-05-02,675.725
2013-05-03,714.338
2013-05-06,743.298
2013-05-07,743.298
2013-05-08,743.298
2013-05-09,784.807
2013-05-10,784.807
2013-05-13,830.177
2013-05-14,830.177
2013-05-15,830.177
2013-05-16,830.177
2013-05-17,820.524
2013-05-20,830.177
2013-05-21,830.177
2013-05-22,830.177
2013-05-23,829.115
2013-05-24,829.115
2013-05-27,829.115
2013-05-28,829.115
2013-05-29,829.115
2013-05-30,829.115
2013-05-31,829.115
2013-06-03,829.115
2013-06-04,878.443
2013-06-05,878.443
2013-06-06,878.443
2013-06-07,878.443
2013-06-10,888.096
2013-06-11,878.443
2013-06-12,878.443
2013-06-13,878.443
2013-06-14,878.443
2013-06-17,878.443
2013-06-18,878.443
2013-06-19,878.443
2013-06-20,878.443
2013-06-21,878.443
2013-06-24,878.443
2013-06-25,830.177
2013-06-26,830.177
2013-06-27,878.443
2013-06-28,878.443
2013-07-01,878.443
2013-07-02,878.443
2013-07-03,878.443
2013-07-04,878.443
2013-07-05,878.443
2013-07-08,878.443
2013-07-09,878.443
2013-07-10,878.443
2013-07-11,878.443
2013-07-12,878.443
2013-07-15,878.443
2013-07-16,878.443
2013-07-17,878.443
2013-07-18,878.443
2013-07-19,878.443
2013-07-22,878.443
2013-07-23,878.443
2013-07-24,878.443
2013-07-25,878.443
2013-07-26,878.443
2013-07-29,878.443
2013-07-31,878.443
2013-08-01,878.443
2013-08-02,878.443
2013-08-05,878.443
2013-08-06,878.443
2013-08-08,878.443
2013-08-13,878.443
2013-08-15,826.316
2013-08-16,826.316
2013-08-19,826.316
2013-08-22,826.316
2013-08-23,826.316
2013-08-26,826.316
2013-08-27,826.316
2013-08-28,826.316
2013-08-29,826.316
2013-08-30,826.316
2013-09-02,826.316
2013-09-03,826.316
2013-09-04,826.316
2013-09-05,826.316
2013-09-06,826.316
2013-09-09,826.316
2013-09-10,826.316
2013-09-11,826.316
2013-09-12,826.316
2013-09-13,826.316
2013-09-16,826.316
2013-09-17,826.316
2013-09-18,826.316
2013-09-19,826.316
2013-09-20,826.316
2013-09-23,826.316
2013-09-24,826.316
2013-09-25,826.316
2013-09-26,826.316
2013-09-27,826.316
2013-09-30,826.316
2013-10-01,826.316
2013-10-02,826.316
2013-10-03,826.316
2013-10-04,826.316
2013-10-07,826.316
2013-10-08,826.316
2013-10-09,826.316
2013-10-10,826.316
2013-10-11,826.316
2013-10-14,826.316
2013-10-15,826.316
2013-10-21,826.316
2013-10-22,826.316
2013-10-23,863.963
2013-10-24,863.963
2013-10-25,863.963
2013-10-28,863.963
2013-10-29,863.963
2013-10-30,863.963
2013-10-31,863.963
2013-11-01,863.963
2013-11-07,863.963
2013-11-08,863.963
2013-11-11,812.125
2013-11-12,819.558
2013-11-13,819.558
2013-11-14,819.558
2013-11-15,819.558
2013-11-19,819.558
2013-11-20,819.558
2013-11-21,819.558
2013-11-22,819.558
2013-11-25,819.558
2013-11-26,819.558
2013-11-27,819.558
2013-11-28,819.558
2013-11-29,819.558
2013-12-02,819.558
2013-12-03,819.558
2013-12-04,819.558
2013-12-05,819.558
2013-12-06,819.558
2013-12-09,819.558
2013-12-10,819.558
2013-12-11,819.558
2013-12-12,819.558
2013-12-13,819.558
2013-12-16,819.558
2013-12-17,770.423
2013-12-18,770.423
2013-12-19,770.423
2013-12-20,770.423
2013-12-23,770.423
2013-12-24,770.423
2013-12-25,770.423
2013-12-26,770.423
2013-12-27,770.423
2013-12-30,770.423
2013-12-31,770.423
2014-01-02,770.423
2014-01-03,770.423
2014-01-06,770.423
2014-01-07,770.423
2014-01-08,770.423
2014-01-09,770.423
2014-01-10,770.423
2014-01-13,770.423
2014-01-16,770.423
2014-01-17,725.922
2014-01-20,725.922
2014-01-21,725.922
2014-01-22,725.922
2014-01-23,725.922
2014-01-24,725.922
2014-01-27,725.922
2014-01-28,725.922
2014-01-29,725.922
2014-01-30,725.922
2014-01-31,725.922
2014-02-03,725.922
2014-02-04,725.922
2014-02-05,725.922
2014-02-06,725.922
2014-02-07,725.922
2014-02-10,725.922
2014-02-11,725.922
2014-02-12,725.922
2014-02-13,725.922
2014-02-14,769.362
2014-02-17,769.362
2014-02-18,769.362
2014-02-19,769.362
2014-02-20,769.362
2014-02-21,769.362
2014-02-24,769.362
2014-02-25,769.362
2014-02-26,769.362
2014-02-27,769.362
2014-02-28,769.362
2014-03-03,769.362
2014-03-04,769.362
2014-03-05,769.362
2014-03-06,810.87
2014-03-07,810.87
2014-03-10,810.87
2014-03-11,810.87
2014-03-12,810.87
2014-03-13,810.87
2014-03-14,810.87
2014-03-17,762.604
2014-03-18,762.604
2014-03-19,762.604
2014-03-20,717.234
2014-03-21,724.957
2014-03-24,724.957
2014-03-25,724.957
2014-03-26,759.612
2014-03-27,759.612
2014-03-28,801.217
2014-03-31,801.217
2014-04-01,801.217
2014-04-02,754.013
2014-04-03,754.013
2014-04-04,798.321
2014-04-07,798.321
2014-04-08,798.321
2014-04-09,752.951
2014-04-10,752.951
2014-04-11,752.951
2014-04-14,752.951
2014-04-15,752.951
2014-04-16,752.951
2014-04-17,752.951
2014-04-18,752.951
2014-04-21,752.951
2014-04-22,752.951
2014-04-23,752.951
2014-04-24,752.951
2014-04-25,752.951
2014-04-28,752.951
2014-04-29,752.951
2014-04-30,752.951
2014-05-02,752.951
2014-05-05,752.951
2014-05-06,752.951
2014-05-07,752.951
2014-05-08,752.951
2014-05-09,752.951
2014-05-12,752.951
2014-05-13,752.951
2014-05-14,752.951
2014-05-15,752.951
2014-05-16,752.951
2014-05-19,752.951
2014-05-20,752.951
2014-05-21,752.951
2014-05-22,752.951
2014-05-23,752.951
2014-05-26,717.234
2014-05-27,717.234
2014-05-28,717.234
2014-05-29,717.234
2014-05-30,717.234
2014-06-02,733.548
2014-06-03,733.548
2014-06-04,733.548
2014-06-05,733.548
2014-06-06,733.548
2014-06-09,733.548
2014-06-10,733.548
2014-06-11,733.548
2014-06-12,733.548
2014-06-13,733.548
2014-06-16,733.548
2014-06-17,733.548
2014-06-18,733.645
2014-06-19,723.992
2014-06-20,723.992
2014-06-23,723.992
2014-06-24,723.992
2014-06-25,714.338
2014-06-26,714.338
2014-06-27,666.072
2014-06-30,666.072
2014-07-01,666.072
2014-07-02,666.072
2014-07-03,666.072
2014-07-04,666.072
2014-07-07,666.072
2014-07-08,666.072
2014-07-09,666.072
2014-07-10,666.072
2014-07-11,666.072
2014-07-14,666.072
2014-07-15,666.072
2014-07-16,666.072
2014-07-17,666.072
2014-07-18,666.072
2014-07-21,666.072
2014-07-22,666.072
2014-07-23,666.072
2014-07-24,666.072
2014-07-25,666.072
2014-07-31,632.286
2014-08-01,632.286
2014-08-04,670.223
2014-08-05,670.223
2014-08-06,670.223
2014-08-07,670.223
2014-08-08,670.223
2014-08-11,670.223
2014-08-12,670.223
2014-08-13,666.072
2014-08-15,666.072
2014-08-18,666.072
2014-08-19,666.072
2014-08-22,706.037
2014-08-25,706.037
2014-08-26,706.037
2014-08-27,668.003
2014-08-28,705.65
2014-08-29,705.65
2014-09-01,666.072
2014-09-02,705.65
2014-09-03,663.369
2014-09-04,663.369
2014-09-05,663.369
2014-09-08,663.369
2014-09-09,663.369
2014-09-10,663.369
2014-09-11,695.032
2014-09-12,695.032
2014-09-15,695.032
2014-09-16,675.725
2014-09-17,714.338
2014-09-18,675.725
2014-09-19,714.338
2014-09-22,675.725
2014-09-23,666.072
2014-09-24,666.072
2014-09-25,705.65
2014-09-26,705.65
2014-09-29,705.65
2014-09-30,705.65
2014-10-01,705.65
2014-10-02,705.65
2014-10-03,705.65
2014-10-07,705.65
2014-10-08,705.65
2014-10-09,704.685
2014-10-10,704.685
2014-10-13,707.678
2014-10-14,707.678
2014-10-15,707.581
2014-10-16,707.581
2014-10-17,709.512
2014-10-20,675.725
2014-10-21,713.856
2014-10-22,675.725
2014-10-23,676.594
2014-10-24,676.594
2014-10-27,676.594
2014-10-28,676.594
2014-10-29,676.594
2014-10-30,676.594
2014-10-31,670.899
2014-11-03,670.899
2014-11-04,674.76
2014-11-05,651.592
2014-11-07,639.236
2014-11-10,639.236
2014-11-11,639.236
2014-11-12,651.592
2014-11-13,651.592
2014-11-14,651.592
2014-11-17,651.592
2014-11-19,690.205
2014-11-20,690.205
2014-11-21,723.992
2014-11-24,723.992
2014-11-25,703.72
2014-11-26,678.621
2014-11-27,704.685
2014-11-28,704.685
2014-12-01,704.685
2014-12-02,704.685
2014-12-03,704.685
2014-12-04,704.685
2014-12-05,704.685
2014-12-08,704.685
2014-12-09,704.685
2014-12-10,704.685
2014-12-11,728.818
2014-12-12,728.818
2014-12-15,685.379
2014-12-16,704.685
2014-12-17,663.176
2014-12-18,700.824
2014-12-19,700.824
2014-12-22,738.471
2014-12-23,738.471
2014-12-24,781.911
2014-12-25,734.996
2014-12-26,723.992
2014-12-29,723.992
2014-12-30,723.992
2014-12-31,699.858
2015-01-02,699.858
2015-01-06,699.858
2015-01-07,699.858
2015-01-08,699.858
2015-01-09,699.858
2015-01-12,699.858
2015-01-13,699.858
2015-01-14,699.858
2015-01-15,699.858
2015-01-16,699.858
2015-01-19,699.858
2015-01-20,699.858
2015-01-21,699.858
2015-01-22,699.858
2015-01-23,687.309
2015-01-26,687.309
2015-01-27,687.309
2015-01-28,687.309
2015-01-29,687.309
2015-01-30,687.309
2015-02-02,687.309
2015-02-03,687.309
2015-02-04,687.309
2015-02-05,687.309
2015-02-06,687.309
2015-02-09,687.309
2015-02-10,687.309
2015-02-11,687.309
2015-02-12,687.309
2015-02-13,687.309
2015-02-16,728.529
2015-02-17,751.986
2015-02-18,751.986
2015-02-19,751.986
2015-02-20,751.986
2015-02-23,751.986
2015-02-24,751.986
2015-02-25,751.986
2015-02-26,751.986
2015-02-27,751.986
2015-03-02,751.986
2015-03-03,751.986
2015-03-04,751.986
2015-03-05,751.986
2015-03-06,751.986
2015-03-09,751.986
2015-03-10,751.986
2015-03-11,751.986
2015-03-12,751.986
2015-03-13,751.986
2015-03-16,751.986
2015-03-17,751.986
2015-03-18,751.986
2015-03-19,751.986
2015-03-20,751.986
2015-03-23,751.986
2015-03-24,751.986
2015-03-25,751.986
2015-03-26,751.986
2015-03-27,751.986
2015-03-30,751.986
2015-03-31,751.986
2015-04-01,751.986
2015-04-02,751.986
2015-04-03,751.986
2015-04-06,751.986
2015-04-07,751.986
2015-04-08,751.986
2015-04-09,751.986
2015-04-10,751.986
2015-04-13,751.986
2015-04-14,751.986
2015-04-15,751.986
2015-04-16,751.986
2015-04-17,751.986
2015-04-20,751.986
2015-04-21,751.986
2015-04-22,751.986
2015-04-23,751.986
2015-04-24,751.986
2015-04-27,751.986
2015-04-28,751.986
2015-04-29,751.986
2015-04-30,751.986
2015-05-04,751.986
2015-05-05,751.986
2015-05-06,751.986
2015-05-07,751.986
2015-05-08,751.986
2015-05-11,751.986
2015-05-12,757.778
2015-05-13,757.778
2015-05-14,758.743
2015-05-15,772.258
2015-05-18,757.778
2015-05-19,757.778
2015-05-20,770.7
2015-05-21,770.7
2015-05-22,770.7
2015-05-25,770.7
2015-05-26,770.7
2015-05-27,800.0
2015-05-28,800.0
2015-05-29,800.0
2015-06-01,800.0
2015-06-02,800.0
2015-06-03,800.0
2015-06-04,800.0
2015-06-05,800.0
2015-06-08,800.0
2015-06-09,752.0
2015-06-10,752.0
2015-06-11,752.0
2015-06-12,752.6
2015-06-15,752.6
2015-06-16,752.6
2015-06-17,752.6
2015-06-18,752.6
2015-06-19,752.6
2015-06-22,752.6
2015-06-23,752.5
2015-06-24,752.5
2015-06-25,752.5
2015-06-26,752.5
2015-06-29,754.0
2015-06-30,754.0
2015-07-01,752.5
2015-07-02,752.5
2015-07-03,752.5
2015-07-06,752.5
2015-07-07,752.5
2015-07-08,795.0
2015-07-09,795.0
2015-07-10,750.0
2015-07-13,700.0
2015-07-14,700.0
2015-07-15,658.0
2015-07-16,658.0
2015-07-20,697.4
2015-07-21,698.0
2015-07-22,698.0
2015-07-23,698.0
2015-07-24,698.0
2015-07-27,657.0
2015-07-28,693.0
2015-07-29,693.0
2015-07-31,693.0
2015-08-03,693.0
2015-08-04,693.0
2015-08-05,693.0
2015-08-06,693.0
2015-08-07,693.0
2015-08-10,693.0
2015-08-11,662.0
2015-08-12,662.0
2015-08-13,664.0
2015-08-17,700.0
2015-08-18,664.0
2015-08-19,664.0
2015-08-24,664.0
2015-08-25,664.0
2015-08-26,664.0
2015-08-27,664.0
2015-08-28,664.0
2015-08-31,675.0
2015-09-01,675.0
2015-09-02,675.0
2015-09-03,663.0
2015-09-04,663.0
2015-09-07,663.0
2015-09-08,663.0
2015-09-09,663.0
2015-09-10,624.0
2015-09-11,624.0
2015-09-14,624.0
2015-09-15,624.0
2015-09-16,624.0
2015-09-17,624.0
2015-09-18,659.0
2015-09-21,659.0
2015-09-22,659.0
2015-09-23,659.0
2015-09-28,698.0
2015-09-29,698.0
2015-09-30,698.0
2015-10-01,698.0
2015-10-02,698.0
2015-10-05,698.0
2015-10-06,698.0
2015-10-07,698.0
2015-10-08,698.0
2015-10-09,698.0
2015-10-12,698.0
2015-10-14,698.0
2015-10-16,698.0
2015-10-19,698.0
2015-10-20,698.0
2015-10-21,698.0
2015-10-22,698.0
2015-10-23,698.0
2015-10-26,698.0
2015-10-27,698.0
2015-10-28,698.0
2015-10-29,698.0
2015-10-30,698.0
2015-11-02,698.0
2015-11-03,701.0
2015-11-04,701.0
2015-11-05,701.0
2015-11-09,701.0
2015-11-10,728.0
2015-11-11,729.0
2015-11-12,729.0
2015-11-13,729.0
2015-11-16,729.0
2015-11-17,729.0
2015-11-19,729.0
2015-11-20,729.0
2015-11-23,729.0
2015-11-24,729.0
2015-11-25,729.0
2015-11-26,729.0
2015-11-27,729.0
2015-11-30,729.0
2015-12-01,729.0
2015-12-02,729.0
2015-12-03,729.0
2015-12-04,729.0
2015-12-07,729.0
2015-12-08,729.0
2015-12-09,700.0
2015-12-10,698.9
2015-12-11,699.0
2015-12-14,699.0
2015-12-15,699.0
2015-12-16,699.0
2015-12-17,699.0
2015-12-18,699.0
2015-12-21,699.0
2015-12-22,699.0
2015-12-23,699.0
2015-12-28,665.0
2015-12-29,625.1
2015-12-30,625.1
2015-12-31,625.1
2016-01-04,625.1
2016-01-05,625.1
2016-01-06,625.1
2016-01-07,625.1
2016-01-08,592.0
2016-01-12,592.0
2016-01-13,610.0
2016-01-14,592.0
2016-01-15,592.0
2016-01-18,600.1
2016-01-19,591.0
2016-01-20,599.0
2016-01-21,599.0
2016-01-22,599.0
2016-01-25,599.0
2016-01-26,599.0
2016-01-27,599.0
2016-01-28,599.0
2016-01-29,599.0
2016-02-01,591.0
2016-02-02,591.0
2016-02-03,591.0
2016-02-04,591.0
2016-02-05,591.0
2016-02-08,591.0
2016-02-09,591.0
2016-02-10,591.0
2016-02-11,591.0
2016-02-12,591.0
2016-02-15,591.0
2016-02-16,591.0
2016-02-17,591.0
2016-02-18,591.0
2016-02-19,591.0
2016-02-22,591.0
2016-02-23,591.0
2016-02-24,591.0
2016-02-25,591.0
2016-02-26,592.0
2016-02-29,592.0
2016-03-01,600.1
2016-03-02,606.0
2016-03-03,610.2
2016-03-04,610.2
2016-03-07,642.3
2016-03-08,679.0
2016-03-09,650.0
2016-03-10,648.9
2016-03-11,648.9
2016-03-14,648.9
2016-03-15,648.9
2016-03-16,648.9
2016-03-17,648.9
2016-03-18,686.0
2016-03-21,686.0
2016-03-22,686.0
2016-03-23,686.0
2016-03-24,686.0
2016-03-25,698.0
2016-03-28,698.0
2016-03-29,698.0
2016-03-30,724.0
2016-03-31,702.0
2016-04-01,702.0
2016-04-04,702.0
2016-04-05,702.0
2016-04-06,702.0
2016-04-07,702.0
2016-04-08,659.9
2016-04-11,659.9
2016-04-12,699.0
2016-04-13,699.0
2016-04-14,699.0
2016-04-15,699.0
2016-04-18,665.0
2016-04-19,698.0
2016-04-20,665.0
2016-04-21,665.0
2016-04-22,665.0
2016-04-25,665.0
2016-04-26,663.0
2016-04-27,663.0
2016-04-28,663.0
2016-04-29,697.0
2016-05-02,697.0
2016-05-03,697.0
2016-05-04,697.0
2016-05-05,697.0
2016-05-06,697.0
2016-05-09,697.0
2016-05-10,697.0
2016-05-11,697.0
2016-05-12,697.0
2016-05-13,735.0
2016-05-16,735.0
2016-05-17,735.0
2016-05-18,735.0
2016-05-19,735.0
2016-05-20,735.0
2016-05-23,735.0
2016-05-24,735.0
2016-05-25,735.0
2016-05-26,735.0
2016-05-27,735.0
2016-05-30,735.0
2016-05-31,735.0
2016-06-01,735.0
2016-06-02,735.0
2016-06-03,735.0
2016-06-06,735.0
2016-06-07,735.0
2016-06-08,735.0
2016-06-09,735.0
2016-06-10,735.0
2016-06-13,735.0
2016-06-14,735.0
2016-06-15,735.0
2016-06-16,735.0
2016-06-17,735.0
2016-06-20,735.0
2016-06-21,735.0
2016-06-22,735.0
2016-06-23,735.0
2016-06-24,735.0
2016-06-27,735.0
2016-06-28,689.0
2016-06-29,689.0
2016-06-30,689.0
2016-07-01,689.0
2016-07-04,689.0
2016-07-05,689.0
2016-07-11,689.0
2016-07-12,689.0
2016-07-13,689.0
2016-07-14,700.0
2016-07-15,700.0
2016-07-18,700.0
2016-07-19,700.0
2016-07-20,700.0
2016-07-21,700.0
2016-07-22,700.0
2016-07-25,700.0
2016-07-26,687.0
2016-07-27,687.0
2016-07-28,687.0
2016-07-29,687.0
2016-08-01,687.0
2016-08-02,687.0
2016-08-03,687.0
2016-08-04,687.0
2016-08-05,687.0
2016-08-08,684.0
2016-08-09,685.0
2016-08-10,685.0
2016-08-11,685.0
2016-08-12,684.0
2016-08-15,684.0
2016-08-16,684.0
2016-08-17,684.0
2016-08-18,684.0
2016-08-19,684.0
2016-08-22,684.0
2016-08-23,684.0
2016-08-24,684.0
2016-08-25,684.0
2016-08-26,684.0
2016-08-29,684.0
2016-08-30,684.0
2016-08-31,684.0
2016-09-01,684.0
2016-09-02,685.0
2016-09-05,685.0
2016-09-06,685.0
2016-09-07,685.0
2016-09-08,685.0
2016-09-09,685.0
2016-09-14,685.0
2016-09-15,685.0
2016-09-16,685.0
2016-09-19,685.0
2016-09-20,685.0
2016-09-21,685.0
2016-09-22,685.0
2016-09-23,685.0
2016-09-26,685.0
2016-09-27,685.0
2016-09-28,685.0
2016-09-29,685.0
2016-09-30,715.0
2016-10-04,735.0
2016-10-05,775.0
2016-10-06,821.0
2016-10-07,870.0
2016-10-10,870.0
2016-10-11,870.0
2016-10-12,870.0
2016-10-13,870.0
2016-10-14,870.0
2016-10-17,870.0
2016-10-18,870.0
2016-10-19,870.0
2016-10-20,870.0
2016-10-21,870.0
2016-10-24,870.0
2016-10-25,870.0
2016-10-26,870.0
2016-10-27,870.0
2016-10-28,870.0
2016-10-31,870.0
2016-11-01,819.0
2016-11-02,819.0
2016-11-03,819.0
2016-11-04,868.0
2016-11-07,868.0
2016-11-08,868.0
2016-11-09,868.0
2016-11-10,920.0
2016-11-11,920.0
2016-11-14,920.0
2016-11-15,920.0
2016-11-16,920.0
2016-11-17,920.0
2016-11-21,920.0
2016-11-22,920.0
2016-11-23,920.0
2016-11-24,920.0
2016-11-25,920.0
2016-11-28,920.0
2016-11-29,920.0
2016-11-30,920.0
2016-12-01,920.0
2016-12-02,920.0
2016-12-05,920.0
2016-12-06,920.0
2016-12-07,920.0
2016-12-08,920.0
2016-12-09,920.0
2016-12-14,920.0
2016-12-15,920.0
2016-12-16,920.0
2016-12-19,920.0
2016-12-20,920.0
2016-12-21,920.0
2016-12-22,920.0
2016-12-23,920.0
2016-12-26,920.0
2016-12-27,920.0
2016-12-28,920.0
2016-12-29,920.0
2016-12-30,925.0
2017-01-02,925.0
2017-01-03,925.0
2017-01-04,925.0
2017-01-05,925.0
2017-01-06,925.0
2017-01-09,925.0
2017-01-10,925.0
2017-01-12,925.0
2017-01-13,920.0
2017-01-16,920.0
2017-01-17,920.0
2017-01-18,920.0
2017-01-19,925.0
2017-01-20,925.0
2017-01-23,925.0
2017-01-24,925.0
2017-01-25,925.0
2017-01-26,925.0
2017-01-27,925.0
2017-01-30,925.0
2017-01-31,925.0
2017-02-01,925.0
2017-02-02,925.0
2017-02-03,925.0
2017-02-06,925.0
2017-02-07,925.0
2017-02-08,925.0
2017-02-09,925.0
2017-02-10,925.0
2017-02-13,925.0
2017-02-14,925.0
2017-02-15,925.0
2017-02-16,925.0
2017-02-17,925.0
2017-02-20,925.0
2017-02-21,925.0
2017-02-22,925.0
2017-02-23,925.0
2017-02-24,925.0
2017-02-27,925.0
2017-02-28,925.0
2017-03-01,925.0
2017-03-02,925.0
2017-03-03,925.0
2017-03-06,925.0
2017-03-07,925.0
2017-03-08,925.0
2017-03-09,925.0
2017-03-10,925.0
2017-03-13,925.0
2017-03-14,925.0
2017-03-15,925.0
2017-03-16,925.0
2017-03-17,925.0
2017-03-20,925.0
2017-03-21,925.0
2017-03-22,925.0
2017-03-23,925.0
2017-03-24,925.0
2017-03-27,925.0
2017-03-28,925.0
2017-03-29,925.0
2017-03-30,925.0
2017-03-31,925.0
2017-04-03,925.0
2017-04-04,925.0
2017-04-05,925.0
2017-04-06,925.0
2017-04-07,925.0
2017-04-10,925.0
2017-04-11,920.0
2017-04-12,920.0
2017-04-13,920.0
2017-04-14,920.0
2017-04-17,920.0
2017-04-18,920.0
2017-04-19,920.0
2017-04-20,920.0
2017-04-21,920.0
2017-04-24,920.0
2017-04-25,920.0
2017-04-26,920.0
2017-04-27,920.0
2017-04-28,920.0
2017-05-02,920.0
2017-05-03,920.0
2017-05-04,920.0
2017-05-05,975.1
2017-05-08,975.1
2017-05-09,975.1
2017-05-10,975.1
2017-05-11,975.1
2017-05-12,975.1
2017-05-15,975.1
2017-05-16,975.1
2017-05-17,975.1
2017-05-18,975.1
2017-05-19,975.1
2017-05-22,975.1
2017-05-23,975.1
2017-05-24,975.1
2017-05-25,975.1
2017-05-26,975.1
2017-05-29,975.1
2017-05-30,975.1
2017-05-31,975.1
2017-06-01,975.1
2017-06-02,975.1
2017-06-05,975.1
2017-06-06,975.1
2017-06-07,975.1
2017-06-08,975.1
2017-06-09,975.1
2017-06-12,975.1
2017-06-13,919.1
2017-06-14,919.1
2017-06-15,919.1
2017-06-16,919.1
2017-06-19,919.1
2017-06-20,969.9
2017-06-21,969.9
2017-06-22,969.9
2017-06-23,969.9
2017-06-28,969.9
2017-06-29,922.9
2017-06-30,922.9
2017-07-03,922.9
2017-07-04,922.9
2017-07-05,922.9
2017-07-06,922.9
2017-07-07,922.9
2017-07-10,922.9
2017-07-11,922.9
2017-07-12,922.9
2017-07-13,922.9
2017-07-14,922.9
2017-07-17,903.0
2017-07-18,903.0
2017-07-19,903.0
2017-07-20,903.0
2017-07-21,903.0
2017-07-24,903.0
2017-07-25,950.0
2017-07-26,950.0
2017-07-27,920.0
2017-07-28,920.0
2017-07-31,920.0
2017-08-01,920.0
2017-08-02,911.0
2017-08-03,950.0
2017-08-04,950.0
2017-08-07,950.0
2017-08-08,950.0
2017-08-09,950.0
2017-08-10,950.0
2017-08-11,950.0
2017-08-15,950.0
2017-08-16,950.0
2017-08-17,950.0
2017-08-18,950.0
2017-08-22,950.0
2017-08-23,950.0
2017-08-24,950.0
2017-08-25,932.0
2017-08-28,932.0
2017-08-29,932.0
2017-08-30,964.0
2017-08-31,964.0
2017-09-04,964.0
2017-09-05,964.0
2017-09-06,964.0
2017-09-07,964.0
2017-09-08,964.0
2017-09-11,964.0
2017-09-12,964.0
2017-09-13,964.0
2017-09-14,964.0
2017-09-15,964.0
2017-09-18,964.0
2017-09-19,964.0
2017-09-20,964.0
2017-09-21,964.0
2017-09-25,964.0
2017-09-26,964.0
2017-09-27,964.0
2017-09-28,964.0
2017-09-29,964.0
2017-10-02,964.0
2017-10-03,964.0
2017-10-04,912.0
2017-10-05,912.0
2017-10-06,912.0
2017-10-09,912.0
2017-10-10,912.0
2017-10-11,912.0
2017-10-12,912.0
2017-10-13,912.0
2017-10-16,912.0
2017-10-17,912.0
2017-10-18,912.0
2017-10-19,912.0
2017-10-20,912.0
2017-10-23,912.0
2017-10-24,912.0
2017-10-25,912.0
2017-10-26,912.0
2017-10-27,900.0
2017-10-30,901.0
2017-10-31,901.0
2017-11-01,901.0
2017-11-02,901.0
2017-11-03,901.0
2017-11-07,901.0
2017-11-08,901.0
2017-11-09,901.0
2017-11-10,901.0
2017-11-13,901.0
2017-11-14,901.0
2017-11-15,901.0
2017-11-16,901.0
2017-11-17,901.0
2017-11-20,901.0
2017-11-21,901.0
2017-11-22,900.0
2017-11-23,900.0
2017-11-24,900.0
2017-11-27,948.9
2017-11-28,948.9
2017-11-29,948.9
2017-11-30,948.9
2017-12-04,948.9
2017-12-05,948.9
2017-12-06,948.9
2017-12-07,948.0
2017-12-08,948.0
2017-12-11,948.0
2017-12-12,948.0
2017-12-13,948.0
2017-12-14,948.0
2017-12-15,906.0
2017-12-18,906.0
2017-12-19,906.0
2017-12-20,906.0
2017-12-21,906.0
2017-12-22,906.0
2017-12-25,906.0
2017-12-26,930.0
2017-12-27,930.0
2017-12-28,930.0
2017-12-29,930.0
2018-01-02,930.0
2018-01-03,930.0
2018-01-04,930.0
2018-01-05,930.0
2018-01-08,930.0
2018-01-09,930.0
2018-01-10,930.0
2018-01-12,930.0
2018-01-15,930.0
2018-01-16,930.0
2018-01-17,930.0
2018-01-18,930.0
2018-01-19,930.0
2018-01-22,930.0
2018-01-23,930.0
2018-01-24,930.0
2018-01-25,930.0
2018-01-26,930.0
2018-01-29,930.0
2018-01-30,974.0
2018-01-31,975.0
2018-02-01,975.0
2018-02-02,960.0
2018-02-05,960.0
2018-02-06,960.0
2018-02-07,960.0
2018-02-08,960.0
2018-02-09,975.0
2018-02-12,975.0
2018-02-13,975.0
2018-02-14,975.0
2018-02-15,922.0
2018-02-16,922.0
2018-02-19,922.0
2018-02-20,927.0
2018-02-21,927.0
2018-02-22,927.0
2018-02-23,927.0
2018-02-26,927.0
2018-02-27,927.0
2018-02-28,927.0
2018-03-01,970.0
2018-03-02,970.0
2018-03-05,970.0
2018-03-06,970.0
2018-03-07,970.0
2018-03-08,970.0
2018-03-09,970.0
2018-03-12,970.0
2018-03-13,970.0
2018-03-14,970.0
2018-03-15,970.0
2018-03-16,970.0
2018-03-19,970.0
2018-03-20,970.0
2018-03-21,970.0
2018-03-22,970.0
2018-03-23,970.0
2018-03-26,984.0
2018-03-27,984.0
2018-03-28,984.0
2018-03-29,984.0
2018-03-30,984.0
2018-04-02,984.0
2018-04-03,955.0
2018-04-04,955.0
2018-04-05,984.0
2018-04-06,984.0
2018-04-09,984.0
2018-04-10,984.0
2018-04-11,984.0
2018-04-12,984.0
2018-04-13,984.0
2018-04-16,984.0
2018-04-17,984.0
2018-04-18,984.0
2018-04-19,984.0
2018-04-20,984.0
2018-04-23,984.0
2018-04-24,984.0
2018-04-25,984.0
2018-04-26,984.0
2018-04-27,984.0
2018-04-30,984.0
2018-05-02,984.0
2018-05-03,984.0
2018-05-04,984.0
2018-05-07,984.0
2018-05-08,925.1
2018-05-09,925.1
2018-05-10,925.1
2018-05-11,925.1
2018-05-14,925.1
2018-05-15,925.1
2018-05-16,925.1
2018-05-17,925.1
2018-05-18,925.1
2018-05-21,925.1
2018-05-22,925.1
2018-05-23,925.1
2018-05-24,925.1
2018-05-25,925.1
2018-05-28,925.1
2018-05-29,925.1
2018-05-30,925.1
2018-05-31,925.1
2018-06-01,925.1
2018-06-04,925.1
2018-06-05,925.1
2018-06-06,925.1
2018-06-07,912.0
2018-06-08,949.0
2018-06-11,949.0
2018-06-12,949.0
2018-06-13,949.0
2018-06-14,949.0
2018-06-18,949.0
2018-06-19,949.0
2018-06-20,949.0
2018-06-21,949.0
2018-06-22,949.0
2018-06-25,949.0
2018-06-26,949.0
2018-06-27,950.0
2018-06-28,950.0
2018-06-29,949.0
2018-07-02,950.0
2018-07-03,950.0
2018-07-04,950.0
2018-07-05,950.0
2018-07-06,950.0
2018-07-09,950.0
2018-07-10,950.0
2018-07-11,950.0
2018-07-12,950.0
2018-07-13,950.0
2018-07-16,950.0
2018-07-17,950.0
2018-07-18,950.0
2018-07-19,950.0
2018-07-20,950.0
2018-07-23,950.0
2018-07-24,950.0
2018-07-25,950.0
2018-07-26,950.0
2018-07-27,950.0
2018-07-31,950.0
2018-08-01,950.0
2018-08-02,950.0
2018-08-03,950.0
2018-08-06,950.0
2018-08-07,950.0
2018-08-08,950.0
2018-08-09,950.0
2018-08-10,950.0
2018-08-13,950.0
2018-08-15,950.0
2018-08-16,950.0
2018-08-17,950.0
2018-08-24,950.0
2018-08-27,950.0
2018-08-28,950.0
2018-08-29,950.0
2018-08-30,950.0
2018-08-31,906.0
2018-09-03,906.0
2018-09-04,906.0
2018-09-05,906.0
2018-09-06,906.0
2018-09-07,852.0
2018-09-10,852.0
2018-09-12,852.0
2018-09-13,852.0
2018-09-14,852.0
2018-09-17,852.0
2018-09-18,852.0
2018-09-19,850.0
2018-09-20,850.0
2018-09-21,850.0
2018-09-24,850.0
2018-09-25,850.0
2018-09-26,850.0
2018-09-27,850.0
2018-09-28,850.0
2018-10-01,850.0
2018-10-02,850.0
2018-10-03,850.0
2018-10-04,850.0
2018-10-05,850.0
2018-10-08,850.0
2018-10-09,850.0
2018-10-10,850.0
2018-10-11,850.0
2018-10-12,850.0
2018-10-15,850.0
2018-10-16,850.0
2018-10-17,850.0
2018-10-18,850.0
2018-10-19,850.0
2018-10-22,850.0
2018-10-23,850.0
2018-10-24,850.0
2018-10-25,850.0
2018-10-26,850.0
2018-10-29,850.0
2018-10-30,850.0
2018-10-31,850.0
2018-11-01,850.0
2018-11-02,850.0
2018-11-05,850.0
2018-11-07,850.0
2018-11-08,850.0
2018-11-09,799.1
2018-11-12,799.1
2018-11-13,799.1
2018-11-14,799.1
2018-11-15,799.1
2018-11-16,799.1
2018-11-19,799.1
2018-11-22,799.1
2018-11-23,799.1
2018-11-26,799.1
2018-11-27,799.1
2018-11-28,847.0
2018-11-29,847.0
2018-11-30,800.0
2018-12-03,800.0
2018-12-04,800.0
2018-12-05,800.0
2018-12-06,800.0
2018-12-07,800.0
2018-12-10,800.0
2018-12-11,800.0
2018-12-12,800.0
2018-12-13,800.0
2018-12-14,800.0
2018-12-17,800.0
2018-12-18,800.0
2018-12-19,800.0
2018-12-20,800.0
2018-12-21,800.0
2018-12-24,800.0
2018-12-25,800.0
2018-12-26,800.0
2018-12-27,800.0
2018-12-28,752.2
2018-12-31,797.0
2019-01-02,797.0
2019-01-03,797.0
2019-01-04,797.0
2019-01-07,797.0
2019-01-08,797.0
2019-01-09,797.0
2019-01-10,797.0
2019-01-14,797.0
2019-01-15,797.0
2019-01-16,797.0
2019-01-17,797.0
2019-01-18,780.0
2019-01-21,780.0
2019-01-22,780.0
2019-01-23,780.0
2019-01-24,780.0
2019-01-25,780.0
2019-01-28,780.0
2019-01-29,780.0
2019-01-30,780.0
2019-01-31,780.0
2019-02-01,780.0
2019-02-04,780.0
2019-02-05,780.0
2019-02-06,780.0
2019-02-07,780.0
2019-02-08,780.0
2019-02-11,780.0
2019-02-12,780.0
2019-02-13,780.0
2019-02-14,780.0
2019-02-15,780.0
2019-02-18,780.0
2019-02-19,780.0
2019-02-20,734.0
2019-02-21,734.0
2019-02-22,778.0
2019-02-25,778.0
2019-02-26,778.0
2019-02-27,778.0
2019-02-28,778.0
2019-03-01,824.6
2019-03-04,824.6
2019-03-05,824.6
2019-03-06,824.6
2019-03-07,824.6
2019-03-08,824.6
2019-03-11,824.6
2019-03-12,824.6
2019-03-13,825.0
2019-03-14,825.0
2019-03-15,825.0
2019-03-18,825.0
2019-03-19,825.0
2019-03-20,810.0
2019-03-21,810.0
2019-03-22,810.0
2019-03-25,810.0
2019-03-26,810.0
2019-03-27,810.0
2019-03-28,810.0
2019-03-29,810.0
2019-04-01,810.0
2019-04-02,810.0
2019-04-03,810.0
2019-04-04,810.0
2019-04-05,810.0
2019-04-08,810.0
2019-04-09,810.0
2019-04-10,810.0
2019-04-11,810.0
2019-04-12,810.0
2019-04-15,810.0
2019-04-16,810.0
2019-04-17,810.0
2019-04-18,810.0
2019-04-19,810.0
2019-04-22,810.0
2019-04-23,810.0
2019-04-24,810.0
2019-04-25,810.0
2019-04-26,858.5
2019-04-29,858.5
2019-04-30,858.5
2019-05-02,858.5
2019-05-03,858.5
2019-05-06,858.5
2019-05-07,858.5
2019-05-08,858.5
2019-05-09,858.5
2019-05-10,858.5
2019-05-13,861.0
2019-05-14,861.0
2019-05-15,861.0
2019-05-16,862.0
2019-05-17,862.0
2019-05-20,910.0
2019-05-21,910.0
2019-05-22,910.0
2019-05-23,910.0
2019-05-24,910.0
2019-05-27,910.0
2019-05-28,910.0
2019-05-29,910.0
2019-05-30,910.0
2019-05-31,910.0
2019-06-03,910.0
2019-06-04,910.0
2019-06-10,910.0
2019-06-11,960.0
2019-06-12,960.0
2019-06-13,960.0
2019-06-14,960.0
2019-06-17,950.0
2019-06-18,950.0
2019-06-19,950.0
2019-06-20,950.0
2019-06-21,950.0
2019-06-24,950.0
2019-06-25,950.0
2019-06-26,950.0
2019-06-27,950.0
2019-06-28,950.0
2019-07-01,900.0
2019-07-02,900.0
2019-07-03,900.0
2019-07-04,900.0
2019-07-05,900.0
2019-07-08,900.0
2019-07-09,900.0
2019-07-10,900.0
2019-07-11,900.0
2019-07-12,900.0
2019-07-15,900.0
2019-07-16,846.2
2019-07-17,846.2
2019-07-18,846.2
2019-07-19,846.2
2019-07-22,846.2
2019-07-23,846.2
2019-07-24,846.2
2019-07-25,846.2
2019-07-26,846.2
2019-07-29,846.2
2019-07-31,846.2
2019-08-01,846.2
2019-08-02,846.2
2019-08-05,846.2
2019-08-06,846.2
2019-08-07,846.2
2019-08-08,846.2
2019-08-09,846.2
2019-08-15,846.2
2019-08-16,846.2
2019-08-19,846.2
2019-08-22,846.2
2019-08-23,846.2
2019-08-26,846.2
2019-08-27,846.2
2019-08-28,846.2
2019-08-29,846.2
2019-08-30,846.2
2019-09-02,850.0
2019-09-03,850.0
2019-09-04,850.0
2019-09-05,850.0
2019-09-06,850.0
2019-09-09,850.0
2019-09-10,850.0
2019-09-11,850.0
2019-09-12,850.0
2019-09-13,850.0
2019-09-16,850.0
2019-09-17,850.0
2019-09-18,850.0
2019-09-19,850.0
2019-09-20,847.5
2019-09-23,847.5
2019-09-24,847.5
2019-09-25,847.5
2019-09-26,847.5
2019-09-27,847.5
2019-09-30,847.5
2019-10-01,847.2
2019-10-02,847.2
2019-10-03,847.2
2019-10-04,894.0
2019-10-07,894.0
2019-10-08,894.0
2019-10-09,894.0
2019-10-10,894.0
2019-10-11,894.0
2019-10-14,894.0
2019-10-15,894.0
2019-10-16,894.0
2019-10-17,894.0
2019-10-18,894.0
2019-10-21,894.0
2019-10-22,894.0
2019-10-23,894.0
2019-10-24,894.0
2019-10-25,894.0
2019-10-28,894.0
2019-10-29,842.0
2019-10-30,842.0
2019-10-31,842.0
2019-11-01,842.0
2019-11-04,842.0
2019-11-05,844.0
2019-11-07,844.0
2019-11-08,844.0
2019-11-12,844.0
2019-11-13,844.0
2019-11-14,845.0
2019-11-15,845.0
2019-11-19,845.0
2019-11-20,845.0
2019-11-21,845.0
2019-11-22,845.0
2019-11-25,845.0
2019-11-26,845.0
2019-11-27,845.0
2019-11-28,845.0
2019-11-29,845.0
2019-12-02,845.0
2019-12-03,845.0
2019-12-04,845.0
2019-12-05,845.0
2019-12-06,845.0
2019-12-09,845.0
2019-12-10,856.0
2019-12-11,856.0
2019-12-12,856.0
2019-12-13,856.0
2019-12-16,856.0
2019-12-17,856.0
2019-12-18,864.5
2019-12-19,864.5
2019-12-20,864.5
2019-12-23,890.0
2019-12-24,890.0
2019-12-25,892.0
2019-12-26,892.0
2019-12-27,892.0
2019-12-30,892.0
2019-12-31,892.0
2020-01-02,892.0
2020-01-03,892.0
2020-01-06,892.0
2020-01-07,892.0
2020-01-08,892.0
2020-01-09,892.0
2020-01-10,892.0
2020-01-13,892.0
2020-01-14,892.0
2020-01-15,892.0
2020-01-16,892.0
2020-01-17,944.0
2020-01-20,944.0
2020-01-21,944.0
2020-01-22,944.0
2020-01-23,944.0
2020-01-24,944.0
2020-01-27,944.0
2020-01-28,944.0
2020-01-29,944.0
2020-01-30,944.0
2020-01-31,944.0
2020-02-03,944.0
2020-02-04,944.0
2020-02-05,944.0
2020-02-06,944.0
2020-02-07,944.0
2020-02-10,944.0
2020-02-11,944.0
2020-02-12,944.0
2020-02-13,944.0
2020-02-14,944.0
2020-02-17,944.0
2020-02-18,944.0
2020-02-19,944.0
2020-02-20,944.0
2020-02-21,944.0
2020-02-24,944.0
2020-02-25,944.0
2020-02-26,944.0
2020-02-27,944.0
2020-02-28,944.0
2020-03-02,944.0
2020-03-03,944.0
2020-03-04,944.0
2020-03-05,944.0
2020-03-06,944.0
2020-03-09,944.0
2020-03-10,944.0
2020-03-11,944.0
2020-03-12,944.0
2020-03-13,944.0
2020-03-16,944.0
2020-03-17,944.0
2020-03-18,944.0
2020-03-19,944.0
2020-03-20,944.0
2020-03-23,944.0
2020-03-24,962.0
2020-03-25,962.0
2020-03-26,962.0
2020-03-27,962.0
2020-03-30,962.0
2020-03-31,962.0
2020-04-01,962.0
2020-04-02,962.0
2020-04-03,962.0
2020-04-06,962.0
2020-04-07,962.0
2020-04-08,962.0
2020-04-09,962.0
2020-04-10,962.0
2020-04-13,962.0
2020-04-14,962.0
2020-04-15,962.0
2020-04-16,962.0
2020-04-17,962.0
2020-04-20,962.0
2020-04-21,962.0
2020-04-22,962.0
2020-04-23,962.0
2020-04-24,962.0
2020-04-27,962.0
2020-04-28,962.0
2020-04-29,962.0
2020-04-30,962.0
2020-05-04,962.0
2020-05-05,962.0
2020-05-06,962.0
2020-05-07,962.0
2020-05-08,962.0
2020-05-11,962.0
2020-05-12,962.0
2020-05-13,962.0
2020-05-14,962.0
2020-05-15,962.0
2020-05-18,962.0
2020-05-19,962.0
2020-05-20,962.0
2020-05-21,962.0
2020-05-22,962.0
2020-05-26,962.0
2020-05-27,962.0
2020-05-28,962.0
2020-05-29,962.0
2020-06-01,962.0
2020-06-02,962.0
2020-06-03,962.0
2020-06-04,962.0
2020-06-05,962.0
2020-06-08,962.0
2020-06-09,962.0
2020-06-10,962.0
2020-06-11,962.0
2020-06-12,962.0
2020-06-15,962.0
2020-06-16,962.0
2020-06-17,962.0
2020-06-18,962.0
2020-06-19,962.0
2020-06-22,962.0
2020-06-23,962.0
2020-06-24,962.0
2020-06-25,962.0
2020-06-26,962.0
2020-06-29,962.0
2020-06-30,962.0
2020-07-01,962.0
2020-07-02,943.0
2020-07-03,943.0
2020-07-06,943.0
2020-07-07,943.0
2020-07-08,943.0
2020-07-09,943.0
2020-07-10,943.0
2020-07-13,943.0
2020-07-14,943.0
2020-07-15,943.0
2020-07-16,943.0
2020-07-17,893.0
2020-07-20,893.0
2020-07-21,893.0
2020-07-22,893.0
2020-07-23,893.0
2020-07-24,893.0
2020-07-27,893.0
2020-07-28,893.0
2020-07-29,893.0
2020-08-03,876.0
2020-08-04,876.0
2020-08-05,876.0
2020-08-06,876.0
2020-08-07,876.0
2020-08-10,876.0
2020-08-11,876.0
2020-08-12,876.0
2020-08-13,876.0
2020-08-17,876.0
2020-08-18,876.0
2020-08-19,876.0
2020-08-24,876.0
2020-08-25,876.0
2020-08-26,876.0
2020-08-27,876.0
2020-08-28,876.0
2020-08-31,876.0
2020-09-01,876.0
2020-09-02,876.0
2020-09-03,876.0
2020-09-04,876.0
2020-09-07,876.0
2020-09-08,876.0
2020-09-09,876.0
2020-09-10,876.0
2020-09-11,876.0
2020-09-14,876.0
2020-09-15,876.0
2020-09-16,876.0
2020-09-17,876.0
2020-09-18,876.0
2020-09-21,876.0
2020-09-22,876.0
2020-09-23,876.0
2020-09-24,859.0
2020-09-25,859.0
2020-09-28,873.0
2020-09-29,889.0
2020-09-30,889.0
2020-10-01,889.0
2020-10-02,889.0
2020-10-05,889.0
2020-10-06,889.0
2020-10-07,889.0
2020-10-08,889.0
2020-10-09,889.0
2020-10-12,889.0
2020-10-13,889.0
2020-10-14,889.0
2020-10-15,889.0
2020-10-16,889.0
2020-10-19,889.0
2020-10-20,889.0
2020-10-21,889.0
2020-10-22,889.0
2020-10-23,889.0
2020-10-26,889.0
2020-10-27,889.0
2020-10-28,889.0
2020-11-02,889.0
2020-11-03,889.0
2020-11-04,889.0
2020-11-05,889.0
2020-11-09,889.0
2020-11-10,889.0
2020-11-11,889.0
2020-11-12,889.0
2020-11-13,889.0
2020-11-16,889.0
2020-11-17,889.0
2020-11-19,889.0
2020-11-20,889.0
2020-11-23,889.0
2020-11-24,889.0
2020-11-25,889.0
2020-11-26,889.0
2020-11-27,889.0
2020-11-30,872.0
2020-12-01,872.0
2020-12-02,873.0
2020-12-03,873.0
2020-12-04,873.0
2020-12-07,873.0
2020-12-08,873.0
2020-12-09,873.0
2020-12-10,873.0
2020-12-11,873.0
2020-12-14,873.0
2020-12-15,873.0
2020-12-16,873.0
2020-12-17,873.0
2020-12-18,873.0
2020-12-21,873.0
2020-12-22,873.0
2020-12-23,873.0
2020-12-24,873.0
2020-12-25,873.0
2020-12-28,873.0
2020-12-29,873.0
2020-12-30,873.0
2020-12-31,873.0
2021-01-04,873.0
2021-01-05,873.0
2021-01-06,873.0
2021-01-07,873.0
2021-01-08,873.0
2021-01-12,873.0
2021-01-13,873.0
2021-01-14,873.0
2021-01-15,873.0
2021-01-18,873.0
2021-01-19,873.0
2021-01-20,873.0
2021-01-21,873.0
2021-01-22,873.0
2021-01-25,873.0
2021-01-26,873.0
2021-01-27,873.0
2021-01-28,873.0
2021-01-29,873.0
2021-02-01,873.0
2021-02-02,873.0
2021-02-03,874.0
2021-02-04,874.0
2021-02-05,874.0
2021-02-08,856.6
2021-02-09,856.6
2021-02-10,856.6
2021-02-11,856.6
2021-02-12,856.6
2021-02-15,856.6
2021-02-16,856.6
2021-02-17,856.6
2021-02-18,856.6
2021-02-19,856.6
2021-02-22,856.6
2021-02-23,856.0
2021-02-24,856.0
2021-02-25,856.0
2021-02-26,856.0
2021-03-01,856.0
2021-03-02,856.0
2021-03-03,873.0
2021-03-04,873.0
2021-03-05,873.0
2021-03-08,873.0
2021-03-09,873.0
2021-03-10,873.0
2021-03-11,873.0
2021-03-12,889.0
2021-03-15,889.0
2021-03-16,889.0
2021-03-17,889.0
2021-03-18,889.0
2021-03-19,889.0
2021-03-22,889.0
2021-03-23,889.0
2021-03-24,889.0
2021-03-25,889.0
2021-03-26,889.0
2021-03-29,889.0
2021-03-30,889.0
2021-03-31,889.0
2021-04-01,889.0
2021-04-02,889.0
2021-04-05,889.0
2021-04-06,889.0
2021-04-07,889.0
2021-04-08,889.0
2021-04-09,889.0
2021-04-12,889.0
2021-04-13,889.0
2021-04-14,889.0
2021-04-15,889.0
2021-04-16,889.0
2021-04-19,889.0
2021-04-20,889.0
2021-04-21,889.0
2021-04-22,889.0
2021-04-23,889.0
2021-04-26,889.0
2021-04-27,889.0
2021-04-28,889.0
2021-04-29,889.0
2021-04-30,889.0
2021-05-03,889.0
2021-05-04,889.0
2021-05-05,889.0
2021-05-06,889.0
2021-05-07,889.0
2021-05-10,889.0
2021-05-11,889.0
2021-05-12,889.0
2021-05-17,889.0
2021-05-18,889.0
2021-05-19,889.0
2021-05-20,889.0
2021-05-21,889.0
2021-05-24,889.0
2021-05-25,889.0
2021-05-26,889.0
2021-05-27,889.0
2021-05-28,889.0
2021-05-31,889.0
2021-06-01,889.0
2021-06-02,889.0
2021-06-03,889.0
2021-06-04,888.0
2021-06-07,888.0
2021-06-08,888.0
2021-06-09,888.0
2021-06-10,888.0
2021-06-11,871.0
2021-06-14,860.0
2021-06-15,854.0
2021-06-16,850.0
2021-06-17,850.0
2021-06-18,850.0
2021-06-21,833.1
2021-06-22,820.0
2021-06-23,820.0
2021-06-24,804.0
2021-06-25,804.0
2021-06-28,804.0
2021-06-29,804.0
2021-06-30,820.0
2021-07-01,790.0
2021-07-02,790.0
2021-07-05,790.0
2021-07-06,805.7
2021-07-07,805.7
2021-07-08,805.7
2021-07-09,805.7
2021-07-12,805.7
2021-07-13,805.7
2021-07-14,804.0
2021-07-15,804.0
2021-07-16,804.0
2021-07-19,804.0
2021-07-20,804.0
2021-07-23,804.0
2021-07-26,800.0
2021-07-27,792.0
2021-07-28,792.0
2021-07-29,790.0
2021-08-02,790.0
2021-08-03,790.0
2021-08-04,790.0
2021-08-05,790.0
2021-08-06,790.0
2021-08-09,790.0
2021-08-11,790.0
2021-08-12,790.0
2021-08-13,780.0
2021-08-16,780.0
2021-08-17,780.0
2021-08-18,780.0
2021-08-19,770.0
2021-08-23,770.0
2021-08-24,770.0
2021-08-25,770.0
2021-08-26,770.0
2021-08-27,755.0
2021-08-30,755.0
2021-08-31,762.0
2021-09-01,762.0
2021-09-02,765.0
2021-09-03,756.0
2021-09-06,756.0
2021-09-07,757.0
2021-09-08,758.0
2021-09-09,760.0
2021-09-10,760.0
2021-09-13,760.0
2021-09-14,760.0
2021-09-15,760.0
2021-09-16,773.0
2021-09-17,773.0
2021-09-20,773.0
2021-09-21,773.0
2021-09-22,770.0
2021-09-23,770.0
2021-09-24,771.2
2021-09-27,771.2
2021-09-28,785.0
2021-09-29,771.4
2021-09-30,771.4
2021-10-01,771.4
2021-10-04,771.4
2021-10-05,771.4
2021-10-06,771.4
2021-10-07,771.4
2021-10-08,771.4
2021-10-11,771.4
2021-10-12,771.4
2021-10-13,771.4
2021-10-14,785.0
2021-10-15,785.0
2021-10-18,785.0
2021-10-21,785.0
2021-10-22,785.0
2021-10-25,785.0
2021-10-26,785.0
2021-10-27,785.0
2021-10-28,785.0
2021-10-29,785.0
2021-11-01,785.0
2021-11-02,785.1
2021-11-03,785.1
2021-11-04,785.1
2021-11-05,785.1
2021-11-08,785.1
2021-11-09,785.1
2021-11-10,785.1
2021-11-11,785.1
2021-11-12,785.1
2021-11-15,785.1
2021-11-16,787.0
2021-11-17,787.0
2021-11-19,787.0
2021-11-22,787.0
2021-11-23,787.0
2021-11-24,787.0
2021-11-25,787.0
2021-11-26,785.0
2021-11-29,785.0
2021-11-30,785.0
2021-12-01,785.0
2021-12-02,785.0
2021-12-03,785.0
2021-12-06,785.0
2021-12-07,785.0
2021-12-08,785.0
2021-12-09,785.0
2021-12-10,815.0
2021-12-13,815.0
2021-12-14,815.0
2021-12-15,815.0
2021-12-16,815.0
2021-12-17,815.0
2021-12-20,815.0
2021-12-21,815.0
2021-12-22,815.0
2021-12-23,815.0
2021-12-24,815.0
2021-12-27,815.0
2021-12-28,815.0
2021-12-29,815.0
2021-12-30,815.0
2021-12-31,815.0
2022-01-03,815.0
2022-01-04,815.0
2022-01-05,815.0
2022-01-06,815.0
2022-01-07,815.0
2022-01-10,815.0
2022-01-12,815.0
2022-01-13,815.0
2022-01-14,805.0
2022-01-17,805.0
2022-01-18,805.0
2022-01-19,805.0
2022-01-20,805.0
2022-01-21,807.0
2022-01-24,807.0
2022-01-25,807.0
2022-01-26,810.0
2022-01-27,810.5
2022-01-28,820.0
2022-01-31,820.0
2022-02-01,820.0
2022-02-02,820.0
2022-02-03,820.0
2022-02-04,820.0
2022-02-07,820.0
2022-02-08,835.0
2022-02-09,835.0
2022-02-10,835.0
2022-02-11,835.0
2022-02-14,835.0
2022-02-15,830.0
2022-02-16,830.0
2022-02-17,830.0
2022-02-18,830.0
2022-02-21,835.0
2022-02-22,835.0
2022-02-23,835.0
2022-02-24,820.0
2022-02-25,805.0
2022-02-28,805.0
2022-03-01,805.0
2022-03-02,805.0
2022-03-03,805.0
2022-03-04,805.0
2022-03-07,805.0
2022-03-08,800.0
2022-03-09,800.0
2022-03-10,800.0
2022-03-11,800.0
2022-03-14,800.0
2022-03-15,831.9
2022-03-16,850.0
2022-03-17,865.0
2022-03-18,865.0
2022-03-21,865.0
2022-03-22,865.0
2022-03-23,865.0
2022-03-24,865.0
2022-03-25,865.0
2022-03-28,865.0
2022-03-29,830.5
2022-03-30,830.5
2022-03-31,830.0
2022-04-01,830.0
2022-04-04,830.0
2022-04-05,830.0
2022-04-06,830.0
2022-04-07,830.0
2022-04-08,830.0
2022-04-11,830.0
2022-04-12,850.0
2022-04-13,851.0
2022-04-14,851.0
2022-04-15,832.0
2022-04-18,832.0
2022-04-19,832.0
2022-04-20,832.0
2022-04-21,832.0
2022-04-22,832.0
2022-04-25,832.0
2022-04-26,865.0
2022-04-27,865.0
2022-04-28,865.0
2022-04-29,865.0
2022-05-04,865.0
2022-05-05,865.0
2022-05-06,880.0
2022-05-09,883.0
2022-05-10,883.0
2022-05-11,883.0
2022-05-12,883.0
2022-05-13,883.0
2022-05-16,883.0
2022-05-17,883.0
2022-05-18,883.0
2022-05-19,883.0
2022-05-20,883.0
2022-05-23,883.0
2022-05-24,883.0
2022-05-25,848.0
2022-05-26,848.0
2022-05-27,848.0
2022-05-30,848.0
2022-05-31,842.0
2022-06-01,842.0
2022-06-02,842.0
2022-06-03,867.0
2022-06-06,867.0
2022-06-07,867.0
2022-06-08,870.0
2022-06-09,879.0
2022-06-10,875.0
2022-06-13,875.0
2022-06-14,875.0
2022-06-15,875.0
2022-06-16,875.0
2022-06-17,875.0
2022-06-20,875.0
2022-06-21,875.0
2022-06-22,875.0
2022-06-23,875.0
2022-06-24,875.0
2022-06-27,840.3
2022-06-28,840.3
2022-06-29,840.3
2022-06-30,790.3
2022-07-01,821.0
2022-07-04,821.0
2022-07-05,821.0
2022-07-06,821.0
2022-07-07,821.0
2022-07-08,821.0
2022-07-12,821.0
2022-07-13,821.0
2022-07-14,821.0
2022-07-15,821.0
2022-07-18,821.0
2022-07-19,821.0
2022-07-20,821.0
2022-07-21,821.0
2022-07-22,821.0
2022-07-25,821.0
2022-07-26,821.0
2022-07-27,821.0
2022-07-28,821.0
2022-07-29,821.0
2022-08-01,820.0
2022-08-02,820.0
2022-08-03,820.0
2022-08-04,820.0
2022-08-05,820.0
2022-08-08,820.0
2022-08-09,830.0
2022-08-10,830.0
2022-08-11,830.0
2022-08-12,830.0
2022-08-15,830.0
2022-08-16,830.0
2022-08-17,850.0
2022-08-18,850.0
2022-08-19,850.0
2022-08-22,850.0
2022-08-23,850.0
2022-08-24,850.0
2022-08-25,883.0
2022-08-26,883.0
2022-08-29,883.0
2022-08-30,883.0
2022-08-31,883.0
2022-09-01,883.0
2022-09-02,883.0
2022-09-05,883.0
2022-09-06,883.0
2022-09-07,883.0
2022-09-08,883.0
2022-09-09,883.0
2022-09-12,883.0
2022-09-13,883.0
2022-09-14,883.0
2022-09-15,883.0
2022-09-16,883.0
2022-09-19,883.0
2022-09-20,883.0
2022-09-21,883.0
2022-09-22,860.1
2022-09-23,860.1
2022-09-26,860.1
2022-09-27,860.1
2022-09-28,860.1
2022-09-29,860.1
2022-09-30,860.1
2022-10-03,860.1
2022-10-04,860.1
2022-10-05,860.1
2022-10-06,860.1
2022-10-07,860.1
2022-10-11,860.1
2022-10-12,860.1
2022-10-13,860.1
2022-10-14,860.1
2022-10-17,870.0
2022-10-18,870.0
2022-10-19,843.0
2022-10-20,843.0
2022-10-21,843.0
2022-10-24,843.0
2022-10-25,843.0
2022-10-26,843.0
2022-10-27,843.0
2022-10-28,843.0
2022-10-31,843.0
2022-11-01,843.0
2022-11-02,843.0
2022-11-03,843.0
2022-11-04,873.0
2022-11-07,873.0
2022-11-08,873.0
2022-11-09,873.0
2022-11-10,873.0
2022-11-11,873.0
2022-11-14,873.0
2022-11-15,873.0
2022-11-16,873.0
2022-11-17,873.0
2022-11-21,873.0
2022-11-22,873.0
2022-11-23,873.0
2022-11-24,873.0
2022-11-25,873.0
2022-11-28,873.0
2022-11-29,873.0
2022-11-30,873.0
2022-12-01,873.0
2022-12-02,873.0
2022-12-05,873.0
2022-12-06,873.0
2022-12-07,873.0
2022-12-08,873.0
2022-12-09,873.0
2022-12-12,873.0
2022-12-13,899.0
2022-12-14,899.0
2022-12-15,899.0
2022-12-16,899.0
2022-12-19,899.0
2022-12-20,899.0
2022-12-21,899.0
2022-12-22,899.0
2022-12-23,899.0
2022-12-26,899.0
2022-12-27,899.0
2022-12-28,899.0
2022-12-29,899.0
2022-12-30,899.0
2023-01-02,899.0
2023-01-03,863.1
2023-01-04,897.6
2023-01-05,897.6
2023-01-06,897.6
2023-01-09,897.6
2023-01-10,897.6
2023-01-12,897.6
2023-01-13,897.6
2023-01-16,897.6
2023-01-17,897.6
2023-01-18,897.6
2023-01-19,897.6
2023-01-20,897.6
2023-01-23,897.6
2023-01-24,897.6
2023-01-25,897.6
2023-01-26,897.6
2023-01-27,862.0
2023-01-30,862.0
2023-01-31,862.0
2023-02-01,862.0
2023-02-02,862.0
2023-02-03,862.0
2023-02-06,862.0
2023-02-07,862.0
2023-02-08,862.0
2023-02-09,862.0
2023-02-10,862.0
2023-02-13,862.0
2023-02-14,870.0
2023-02-15,870.0
2023-02-16,870.0
2023-02-17,870.0
2023-02-20,870.0
2023-02-21,859.0
2023-02-22,859.0
2023-02-23,859.0
2023-02-24,859.0
2023-02-27,859.0
2023-02-28,859.0
2023-03-01,859.0
2023-03-02,859.0
2023-03-03,859.0
2023-03-06,859.0
2023-03-07,859.0
2023-03-08,861.0
2023-03-09,860.0
2023-03-10,860.0
2023-03-13,860.0
2023-03-14,860.0
2023-03-15,860.0
2023-03-16,860.0
2023-03-17,860.0
2023-03-20,860.0
2023-03-21,860.0
2023-03-22,860.0
2023-03-23,860.0
2023-03-24,860.0
2023-03-27,860.0
2023-03-28,860.0
2023-03-29,860.0
2023-03-30,860.0
2023-03-31,860.0
2023-04-03,860.0
2023-04-04,860.0
2023-04-05,860.0
2023-04-06,860.0
2023-04-07,860.0
2023-04-10,890.0
2023-04-11,889.0
2023-04-12,889.0
2023-04-13,889.0
2023-04-14,889.0
2023-04-17,889.0
2023-04-18,889.0
2023-04-19,889.0
2023-04-20,889.0
2023-04-21,889.0
2023-04-25,889.0
2023-04-26,889.0
2023-04-27,889.0
2023-04-28,889.0
2023-05-02,889.0
2023-05-03,889.0
2023-05-04,889.0
2023-05-05,855.0
2023-05-08,855.0
2023-05-09,855.0
2023-05-10,855.0
2023-05-11,855.0
2023-05-12,855.0
2023-05-15,855.0
2023-05-16,880.0
2023-05-17,880.0
2023-05-18,880.0
2023-05-19,880.0
2023-05-22,880.0
2023-05-23,880.0
2023-05-24,880.0
2023-05-25,880.0
2023-05-26,900.0
2023-05-29,914.0
2023-05-30,914.0
2023-05-31,901.0
2023-06-01,937.0
2023-06-02,937.0
2023-06-05,937.0
2023-06-06,937.0
2023-06-07,937.0
2023-06-08,940.0
2023-06-09,940.0
2023-06-12,940.0
2023-06-13,940.0
2023-06-14,940.0
2023-06-15,940.0
2023-06-16,940.0
2023-06-19,940.0
2023-06-20,940.0
2023-06-21,940.0
2023-06-22,940.0
2023-06-23,940.0
2023-06-26,940.0
2023-06-27,940.0
2023-06-28,940.0
2023-07-03,940.0
2023-07-04,890.0
2023-07-05,890.0
2023-07-06,890.0
2023-07-07,925.5
2023-07-10,925.5
2023-07-11,925.5
2023-07-12,925.5
2023-07-13,925.5
2023-07-14,925.5
2023-07-17,925.5
2023-07-18,925.5
2023-07-20,925.5
2023-07-21,925.5
2023-07-24,925.5
2023-07-25,925.5
2023-07-26,925.5
2023-07-27,925.5
2023-07-28,925.5
2023-07-31,925.0
2023-08-01,925.0
2023-08-02,900.0
2023-08-03,900.0
2023-08-04,900.0
2023-08-07,900.0
2023-08-08,900.0
2023-08-09,900.0
2023-08-10,900.0
2023-08-11,900.0
2023-08-15,900.0
2023-08-16,900.0
2023-08-17,900.0
2023-08-18,900.0
2023-08-22,925.0
2023-08-23,925.0
2023-08-24,925.0
2023-08-25,925.0
2023-08-28,925.0
2023-08-29,925.0
2023-08-30,925.0
2023-08-31,908.0
2023-09-01,872.0
2023-09-04,906.7
2023-09-05,906.7
2023-09-06,906.7
2023-09-07,900.0
2023-09-08,900.0
2023-09-11,900.0
2023-09-12,900.0
2023-09-13,885.0
2023-09-14,885.0
2023-09-15,885.0
2023-09-18,885.0
2023-09-19,885.0
2023-09-20,885.0
2023-09-21,886.0
2023-09-22,856.0
2023-09-25,856.0
2023-09-26,890.2
2023-09-27,925.8
2023-10-02,925.8
2023-10-03,930.0
2023-10-04,930.0
2023-10-05,930.0
2023-10-06,967.0
2023-10-09,967.0
2023-10-10,967.0
2023-10-11,967.0
2023-10-12,967.0
2023-10-13,967.0
2023-10-16,967.0
2023-10-17,967.0
2023-10-18,967.0
2023-10-19,967.0
2023-10-20,967.0
2023-10-23,950.0
2023-10-24,950.0
2023-10-25,950.0
2023-10-26,950.0
2023-10-27,950.0
2023-10-30,950.0
2023-10-31,950.0
2023-11-01,950.0
2023-11-02,950.0
2023-11-03,950.0
2023-11-07,950.0
2023-11-08,950.0
2023-11-09,950.0
2023-11-10,950.0
2023-11-13,950.0
2023-11-14,950.0
2023-11-15,950.0
2023-11-16,950.0
2023-11-17,950.0
2023-11-20,950.0
2023-11-21,950.0
2023-11-22,950.0
2023-11-23,950.0
2023-11-24,950.0
2023-11-27,950.0
2023-11-28,950.0
2023-11-29,950.0
2023-11-30,950.0
2023-12-01,950.0
2023-12-04,950.0
2023-12-05,945.0
2023-12-06,945.0
2023-12-07,945.0
2023-12-08,945.0
2023-12-11,945.0
2023-12-12,901.0
2023-12-13,901.0
2023-12-14,901.0
2023-12-15,901.0
2023-12-18,901.0
2023-12-19,901.0
2023-12-20,901.0
2023-12-21,900.0
2023-12-22,900.0
2023-12-25,900.0
2023-12-26,900.0
2023-12-27,910.0
2023-12-28,910.0
2023-12-29,910.0
2024-01-02,910.0
2024-01-03,910.0
2024-01-04,910.0
2024-01-05,910.0
2024-01-08,910.0
2024-01-09,910.0
2024-01-10,910.0
2024-01-12,910.0
2024-01-15,913.0
2024-01-16,967.0
2024-01-17,909.0
2024-01-18,963.4
2024-01-19,963.4
2024-01-22,963.4
2024-01-23,963.4
2024-01-24,963.4
2024-01-25,963.4
2024-01-26,999.0
2024-01-29,995.0
2024-01-30,995.0
2024-01-31,995.0
2024-02-01,995.0
2024-02-02,995.0
2024-02-05,994.7
2024-02-06,994.7
2024-02-07,994.0
2024-02-08,950.0
2024-02-09,950.0
2024-02-12,950.0
2024-02-13,950.0
2024-02-14,950.0
2024-02-15,950.0
2024-02-16,950.0
2024-02-19,950.0
2024-02-20,950.0
2024-02-21,950.0
2024-02-22,950.0
2024-02-23,950.0
2024-02-26,969.0
2024-02-27,969.0
2024-02-28,969.0
2024-02-29,969.0
2024-03-01,969.0
2024-03-04,969.0
2024-03-05,969.0
2024-03-06,969.0
2024-03-07,969.0
2024-03-08,969.0
2024-03-11,969.0
2024-03-12,969.0
2024-03-13,969.0
2024-03-14,969.0
2024-03-15,969.0
2024-03-18,969.0
2024-03-19,911.0
2024-03-20,920.0
2024-03-21,920.0
2024-03-22,920.0
2024-03-25,920.0
2024-03-26,920.0
2024-03-27,920.0
2024-03-28,920.0
2024-03-29,920.0
2024-04-01,920.0
2024-04-02,920.0
2024-04-03,920.0
2024-04-04,920.0
2024-04-05,920.0
2024-04-08,920.0
2024-04-09,925.0
2024-04-15,925.0
2024-04-16,969.0
2024-04-17,969.0
2024-04-18,969.0
2024-04-19,969.0
2024-04-22,969.0
2024-04-23,969.0
2024-04-24,969.0
2024-04-25,969.0
2024-04-26,969.0
2024-04-29,968.0
2024-04-30,968.0
2024-05-02,968.0
2024-05-03,968.0
2024-05-06,968.0
2024-05-07,968.0
2024-05-08,950.0
2024-05-09,945.0
2024-05-10,946.0
2024-05-13,925.0
2024-05-14,925.0
2024-05-15,925.0
2024-05-16,925.0
2024-05-17,925.0
2024-05-20,925.0
2024-05-21,925.0
2024-05-22,925.0
2024-05-23,925.0
2024-05-24,925.0
2024-05-27,925.0
2024-05-28,916.0
2024-05-29,916.0
2024-05-30,916.0
2024-05-31,918.0
2024-06-03,918.0
2024-06-04,918.0
2024-06-05,918.0
2024-06-06,972.0
2024-06-07,972.0
2024-06-10,972.0
2024-06-11,972.0
2024-06-12,972.0
2024-06-13,972.0
2024-06-14,972.0
2024-06-19,972.0
2024-06-20,972.0
2024-06-21,972.0
2024-06-24,972.0
2024-06-25,972.0
2024-06-26,972.0
2024-06-27,972.0
2024-06-28,972.0
2024-07-01,972.0
2024-07-02,972.0
2024-07-03,972.0
2024-07-04,972.0
2024-07-05,972.0
2024-07-08,972.0
2024-07-09,914.0
2024-07-10,914.0
2024-07-11,914.0
2024-07-12,914.0
2024-07-15,914.0
2024-07-16,914.0
2024-07-17,914.0
2024-07-18,914.0
2024-07-19,916.0
2024-07-22,970.9
2024-07-23,970.0
2024-07-24,970.0
2024-07-25,970.0
2024-07-26,970.0
2024-07-29,970.0
2024-07-31,970.0
2024-08-01,974.0
2024-08-02,999.0
2024-08-05,1000.0
2024-08-06,968.0
2024-08-07,968.0
2024-08-08,968.0
2024-08-09,968.0
2024-08-12,968.0
2024-08-13,968.0
2024-08-15,968.0
2024-08-16,968.0
2024-08-19,968.0
2024-08-22,968.0
2024-08-23,959.8
2024-08-26,902.5
2024-08-27,902.5
2024-08-28,902.5
2024-08-29,902.5
2024-08-30,902.5
2024-09-02,902.5
2024-09-03,906.0
2024-09-04,906.0
2024-09-05,949.0
2024-09-06,949.0
2024-09-09,949.0
2024-09-10,949.0
2024-09-11,949.0
2024-09-12,946.0
2024-09-13,946.0
2024-09-18,946.0
2024-09-19,932.0
2024-09-20,930.0
2024-09-23,925.0
2024-09-24,925.0
2024-09-25,925.0
2024-09-26,925.0
2024-09-27,925.0
2024-09-30,925.0
2024-10-01,925.0
2024-10-02,925.0
2024-10-03,925.0
2024-10-04,925.0
2024-10-07,925.0
2024-10-08,935.0
2024-10-09,935.0
2024-10-10,935.0
2024-10-11,935.0
2024-10-14,935.0
2024-10-15,935.0
2024-10-16,935.0
2024-10-17,935.0
2024-10-18,935.0
2024-10-21,900.0
2024-10-22,900.0
2024-10-23,900.0
2024-10-24,900.0
2024-10-25,900.0
2024-10-28,901.0
2024-10-29,901.0
2024-10-30,901.0
2024-10-31,901.0
2024-11-01,901.0
2024-11-04,901.0
2024-11-05,901.0
2024-11-07,901.0
2024-11-08,901.0
2024-11-11,905.0
2024-11-12,900.0
2024-11-13,929.0
2024-11-14,929.0
2024-11-15,929.0
2024-11-19,929.0
2024-11-20,929.0
2024-11-21,929.0
2024-11-22,929.0
2024-11-25,929.0
2024-11-26,929.0
2024-11-27,929.0
2024-11-28,929.0
2024-11-29,929.0
2024-12-02,929.0
2024-12-03,929.0
2024-12-04,929.0
2024-12-05,929.0
2024-12-06,929.0
2024-12-09,929.0
2024-12-10,929.0
2024-12-11,929.0
2024-12-12,929.0
2024-12-13,928.0
2024-12-16,928.0
2024-12-17,900.0
2024-12-18,900.0
2024-12-19,900.0
2024-12-20,900.0
2024-12-23,900.0
2024-12-24,900.0
2024-12-25,900.0
2024-12-26,900.0
2024-12-27,900.0
2024-12-30,900.0
2024-12-31,900.0
2025-01-02,900.0
2025-01-03,900.0
2025-01-06,900.0
2025-01-07,900.0
2025-01-08,900.0
2025-01-09,900.0
2025-01-10,910.0
2025-01-13,910.0
2025-01-15,901.0
2025-01-16,901.0
2025-01-17,901.0
2025-01-20,901.0
2025-01-21,901.0
2025-01-22,901.0
2025-01-23,901.0
2025-01-24,901.0
2025-01-27,901.0
2025-01-28,901.0
2025-01-29,907.1
2025-01-30,907.1
2025-01-31,907.1
2025-02-03,915.0
2025-02-04,915.0
2025-02-05,925.0
2025-02-06,900.0
2025-02-07,900.0
2025-02-10,900.0
2025-02-11,900.0
2025-02-12,900.0
2025-02-13,900.0
2025-02-14,900.0
2025-02-17,901.0
2025-02-18,900.0
2025-02-19,901.0
2025-02-20,901.0
2025-02-21,901.0
2025-02-24,901.1
2025-02-25,902.0
2025-02-26,940.0
2025-02-27,940.0
2025-02-28,940.0
2025-03-03,940.0
2025-03-04,940.0
2025-03-05,940.0
2025-03-06,940.0
2025-03-07,940.0
2025-03-10,940.0
2025-03-11,940.0
2025-03-12,940.0
2025-03-13,940.0
2025-03-14,940.0
2025-03-17,940.0
2025-03-18,940.0
2025-03-19,940.0
2025-03-20,940.0
2025-03-21,940.0
2025-03-24,940.0
2025-03-25,940.0
2025-03-26,977.0
2025-03-27,977.0
2025-03-28,977.0
2025-04-02,977.0
2025-04-03,977.0
2025-04-04,977.0
2025-04-07,977.0
2025-04-08,975.0
2025-04-09,930.0
2025-04-10,930.0
2025-04-11,930.0
2025-04-14,930.0
2025-04-15,975.0
2025-04-16,975.0
2025-04-17,975.0
2025-04-18,975.0
2025-04-21,975.0
2025-04-22,920.0
2025-04-23,926.1
2025-04-24,926.1
2025-04-25,972.0
2025-04-28,972.0
2025-04-29,972.0
2025-04-30,972.0
2025-05-02,941.0
2025-05-05,972.0
2025-05-06,972.0
2025-05-07,972.0
2025-05-08,972.0
