date,MIC
2008-01-03,239.75
2008-01-04,228.75
2008-01-07,224.5
2008-01-08,223.75
2008-01-09,224.75
2008-01-14,224.75
2008-01-15,215.0
2008-01-16,210.0
2008-01-17,210.75
2008-01-18,222.25
2008-01-21,217.5
2008-01-22,217.0
2008-01-23,212.5
2008-01-24,211.5
2008-01-25,217.5
2008-01-28,220.0
2008-01-29,220.0
2008-01-30,221.75
2008-01-31,217.75
2008-02-01,213.25
2008-02-04,212.5
2008-02-05,216.75
2008-02-06,215.75
2008-02-07,212.5
2008-02-08,216.25
2008-02-11,211.0
2008-02-12,213.25
2008-02-13,215.75
2008-02-14,211.5
2008-02-15,211.0
2008-02-18,201.75
2008-02-19,202.75
2008-02-20,201.75
2008-02-21,200.0
2008-02-22,190.0
2008-02-25,178.75
2008-02-26,172.5
2008-02-27,181.25
2008-02-28,177.75
2008-02-29,181.25
2008-03-03,176.75
2008-03-04,167.5
2008-03-05,172.5
2008-03-06,172.5
2008-03-07,172.75
2008-03-10,172.5
2008-03-11,167.5
2008-03-12,168.75
2008-03-13,165.0
2008-03-14,165.0
2008-03-17,163.25
2008-03-18,163.25
2008-03-19,162.5
2008-03-24,162.5
2008-03-25,160.0
2008-03-26,160.0
2008-03-27,159.25
2008-03-28,160.0
2008-03-31,160.0
2008-04-01,159.0
2008-04-02,160.0
2008-04-03,160.0
2008-04-04,160.0
2008-04-07,155.0
2008-04-08,152.25
2008-04-09,152.5
2008-04-10,152.5
2008-04-11,148.25
2008-04-14,150.25
2008-04-15,149.5
2008-04-16,145.0
2008-04-17,144.5
2008-04-18,142.5
2008-04-21,145.0
2008-04-22,142.25
2008-04-23,135.5
2008-04-24,132.75
2008-04-25,134.25
2008-04-28,126.25
2008-04-29,122.5
2008-04-30,123.25
2008-05-02,120.0
2008-05-05,118.75
2008-05-06,125.0
2008-05-07,124.25
2008-05-08,122.5
2008-05-09,120.75
2008-05-12,123.25
2008-05-13,124.75
2008-05-14,128.75
2008-05-15,128.75
2008-05-16,124.25
2008-05-19,123.0
2008-05-20,126.75
2008-05-21,134.25
2008-05-22,133.0
2008-05-23,135.0
2008-05-26,132.0
2008-05-27,132.5
2008-05-28,131.5
2008-05-29,132.0
2008-05-30,134.75
2008-06-02,135.25
2008-06-03,132.75
2008-06-04,132.75
2008-06-05,135.0
2008-06-06,139.25
2008-06-09,147.5
2008-06-10,156.25
2008-06-11,160.0
2008-06-12,158.75
2008-06-13,153.0
2008-06-16,152.75
2008-06-17,148.5
2008-06-18,146.5
2008-06-19,142.5
2008-06-20,137.75
2008-06-23,135.0
2008-06-24,130.25
2008-06-25,133.75
2008-06-26,136.0
2008-06-27,141.25
2008-06-30,132.25
2008-07-01,130.0
2008-07-02,127.5
2008-07-03,128.75
2008-07-04,127.25
2008-07-07,123.75
2008-07-08,125.0
2008-07-09,124.25
2008-07-10,122.5
2008-07-11,125.0
2008-07-14,125.0
2008-07-15,124.75
2008-07-16,122.5
2008-07-17,124.875
2008-07-18,123.75
2008-07-21,123.75
2008-07-22,127.5
2008-07-23,125.25
2008-07-24,126.25
2008-07-25,122.5
2008-07-28,124.75
2008-07-29,120.0
2008-07-31,120.375
2008-08-01,122.5
2008-08-04,122.125
2008-08-05,120.0
2008-08-06,118.75
2008-08-07,118.75
2008-08-08,120.0
2008-08-11,120.0
2008-08-12,118.75
2008-08-13,118.5
2008-08-15,118.25
2008-08-18,121.25
2008-08-19,120.0
2008-08-22,117.75
2008-08-25,117.75
2008-08-26,118.0
2008-08-27,118.0
2008-08-28,117.625
2008-08-29,122.0
2008-09-01,125.0
2008-09-02,125.0
2008-09-03,125.0
2008-09-04,122.0
2008-09-05,120.75
2008-09-08,119.6
2008-09-09,117.5
2008-09-10,117.5
2008-09-11,116.25
2008-09-12,115.25
2008-09-15,108.338
2008-09-16,101.838
2008-09-17,107.5
2008-09-18,113.938
2008-09-19,115.0
2008-09-22,115.0
2008-09-23,113.275
2008-09-24,116.25
2008-09-25,116.25
2008-09-26,109.5
2008-09-29,107.75
2008-09-30,101.3
2008-10-03,107.175
2008-10-06,103.0
2008-10-07,102.5
2008-10-08,105.0
2008-10-09,101.5
2008-10-10,95.75
2008-10-13,101.0
2008-10-14,107.05
2008-10-15,107.0
2008-10-16,105.0
2008-10-17,105.0
2008-10-20,105.5
2008-10-21,103.0
2008-10-22,103.25
2008-10-23,104.5
2008-10-24,102.5
2008-10-27,100.0
2008-10-28,100.0
2008-10-29,103.5
2008-10-30,102.5
2008-10-31,100.0
2008-11-03,97.75
2008-11-04,100.0
2008-11-05,106.0
2008-11-07,103.75
2008-11-10,102.5
2008-11-11,100.0
2008-11-12,100.0
2008-11-13,100.0
2008-11-14,98.775
2008-11-17,104.5
2008-11-19,100.75
2008-11-20,100.0
2008-11-21,98.275
2008-11-24,97.5
2008-11-25,97.5
2008-11-26,97.5
2008-11-27,97.5
2008-11-28,97.5
2008-12-01,98.5
2008-12-02,97.488
2008-12-03,95.263
2008-12-04,92.75
2008-12-05,93.75
2008-12-08,95.0
2008-12-11,97.5
2008-12-12,100.0
2008-12-15,102.5
2008-12-16,106.5
2008-12-17,106.25
2008-12-18,104.75
2008-12-19,105.0
2008-12-22,104.75
2008-12-23,102.5
2008-12-24,96.5
2008-12-25,98.5
2008-12-26,92.75
2008-12-30,94.75
2008-12-31,89.075
2009-01-02,89.075
2009-01-05,84.013
2009-01-06,89.05
2009-01-07,84.5
2009-01-08,84.5
2009-01-09,88.975
2009-01-12,88.75
2009-01-13,84.25
2009-01-14,84.0
2009-01-15,89.0
2009-01-16,93.488
2009-01-19,88.013
2009-01-20,85.013
2009-01-21,85.25
2009-01-22,85.025
2009-01-23,90.125
2009-01-26,89.5
2009-01-27,87.75
2009-01-28,87.5
2009-01-29,91.75
2009-01-30,91.75
2009-02-02,88.25
2009-02-03,91.375
2009-02-04,91.125
2009-02-05,90.675
2009-02-06,90.375
2009-02-09,87.563
2009-02-10,89.825
2009-02-11,85.275
2009-02-12,89.938
2009-02-13,89.013
2009-02-16,94.35
2009-02-17,99.25
2009-02-18,94.513
2009-02-19,98.713
2009-02-20,97.975
2009-02-23,100.0
2009-02-24,99.738
2009-02-25,97.275
2009-02-26,101.25
2009-02-27,100.0
2009-03-02,96.75
2009-03-03,99.713
2009-03-04,95.763
2009-03-05,99.725
2009-03-06,99.725
2009-03-09,98.725
2009-03-12,97.45
2009-03-13,97.45
2009-03-16,97.213
2009-03-17,96.975
2009-03-18,94.525
2009-03-19,94.525
2009-03-20,94.525
2009-03-23,94.513
2009-03-24,94.475
2009-03-25,97.0
2009-03-26,95.75
2009-03-27,101.488
2009-03-30,107.5
2009-03-31,107.5
2009-04-01,108.25
2009-04-02,107.538
2009-04-03,105.0
2009-04-06,107.5
2009-04-07,105.75
2009-04-08,105.0
2009-04-09,103.875
2009-04-10,103.75
2009-04-13,104.25
2009-04-14,103.75
2009-04-15,104.25
2009-04-16,104.45
2009-04-17,104.25
2009-04-20,104.5
2009-04-21,104.25
2009-04-22,103.5
2009-04-23,104.25
2009-04-24,104.25
2009-04-27,103.875
2009-04-28,105.0
2009-04-29,104.063
2009-04-30,104.5
2009-05-04,105.75
2009-05-05,106.0
2009-05-06,107.5
2009-05-07,107.525
2009-05-08,107.5
2009-05-11,107.3
2009-05-12,109.75
2009-05-13,109.713
2009-05-14,108.75
2009-05-15,109.763
2009-05-18,110.0
2009-05-19,109.0
2009-05-20,109.0
2009-05-21,108.5
2009-05-22,108.5
2009-05-25,110.0
2009-05-26,113.238
2009-05-27,110.5
2009-05-28,113.5
2009-05-29,113.5
2009-06-01,118.5
2009-06-02,117.25
2009-06-03,115.0
2009-06-04,117.488
2009-06-05,117.25
2009-06-08,120.0
2009-06-09,118.775
2009-06-10,121.25
2009-06-11,125.0
2009-06-12,125.0
2009-06-15,124.875
2009-06-16,122.75
2009-06-17,122.125
2009-06-18,123.5
2009-06-19,124.238
2009-06-22,121.813
2009-06-23,121.8
2009-06-24,123.7
2009-06-25,122.55
2009-06-26,125.0
2009-06-29,125.0
2009-06-30,126.75
2009-07-01,124.55
2009-07-02,124.538
2009-07-03,122.5
2009-07-06,107.5
2009-07-07,109.988
2009-07-08,108.5
2009-07-09,109.75
2009-07-10,108.75
2009-07-13,107.525
2009-07-14,109.988
2009-07-15,108.013
2009-07-16,107.75
2009-07-17,107.513
2009-07-20,107.513
2009-07-21,107.575
2009-07-22,108.725
2009-07-23,109.0
2009-07-24,109.0
2009-07-27,108.0
2009-07-28,107.825
2009-07-29,108.725
2009-07-31,109.125
2009-08-03,108.75
2009-08-04,108.25
2009-08-05,108.75
2009-08-06,108.75
2009-08-07,107.15
2009-08-10,107.15
2009-08-11,107.5
2009-08-12,107.325
2009-08-13,107.388
2009-08-17,107.75
2009-08-18,109.488
2009-08-19,107.5
2009-08-24,107.75
2009-08-25,109.113
2009-08-26,108.988
2009-08-27,109.075
2009-08-28,107.75
2009-08-31,108.0
2009-09-01,107.788
2009-09-02,107.788
2009-09-03,107.5
2009-09-04,108.725
2009-09-07,108.0
2009-09-08,107.5
2009-09-09,107.5
2009-09-10,107.5
2009-09-11,107.513
2009-09-14,107.5
2009-09-15,109.0
2009-09-16,109.0
2009-09-17,107.75
2009-09-18,107.5
2009-09-23,106.65
2009-09-24,106.75
2009-09-25,109.225
2009-09-28,107.275
2009-09-29,107.5
2009-09-30,106.75
2009-10-01,106.363
2009-10-02,106.363
2009-10-05,106.438
2009-10-06,106.438
2009-10-07,107.5
2009-10-08,108.238
2009-10-09,106.5
2009-10-12,106.888
2009-10-13,106.875
2009-10-14,107.75
2009-10-15,106.788
2009-10-16,108.488
2009-10-19,108.75
2009-10-20,108.75
2009-10-21,108.963
2009-10-22,107.5
2009-10-23,107.5
2009-10-26,110.475
2009-10-27,110.0
2009-10-28,110.388
2009-10-29,110.0
2009-10-30,108.013
2009-11-02,107.5
2009-11-03,107.5
2009-11-04,107.513
2009-11-05,107.313
2009-11-09,107.538
2009-11-10,109.938
2009-11-11,113.5
2009-11-12,111.225
2009-11-13,111.25
2009-11-16,109.038
2009-11-17,109.25
2009-11-19,109.975
2009-11-20,109.963
2009-11-23,105.638
2009-11-24,109.713
2009-11-25,108.625
2009-11-26,107.625
2009-11-27,108.988
2009-11-30,109.688
2009-12-01,109.5
2009-12-02,108.0
2009-12-03,110.725
2009-12-04,107.75
2009-12-07,108.125
2009-12-08,109.613
2009-12-09,108.125
2009-12-10,110.725
2009-12-11,108.175
2009-12-14,108.875
2009-12-15,109.975
2009-12-16,107.525
2009-12-17,109.0
2009-12-21,109.738
2009-12-22,109.713
2009-12-23,109.7
2009-12-24,105.8
2009-12-25,105.125
2009-12-28,109.438
2009-12-29,106.5
2009-12-30,109.0
2009-12-31,108.875
2010-01-04,104.65
2010-01-05,108.75
2010-01-06,109.0
2010-01-07,109.238
2010-01-08,109.238
2010-01-12,109.0
2010-01-13,108.5
2010-01-14,107.5
2010-01-15,108.75
2010-01-18,107.5
2010-01-19,107.75
2010-01-20,108.75
2010-01-21,115.0
2010-01-22,119.0
2010-01-25,117.75
2010-01-26,117.45
2010-01-27,117.488
2010-01-28,114.0
2010-01-29,114.5
2010-02-01,115.0
2010-02-02,115.0
2010-02-03,112.813
2010-02-04,117.475
2010-02-05,118.95
2010-02-08,118.75
2010-02-09,118.6
2010-02-10,125.5
2010-02-11,125.75
2010-02-12,124.738
2010-02-15,124.975
2010-02-16,125.75
2010-02-17,125.0
2010-02-18,131.75
2010-02-19,135.25
2010-02-22,138.25
2010-02-23,139.5
2010-02-24,139.25
2010-02-25,139.75
2010-02-26,139.75
2010-03-01,138.75
2010-03-02,136.25
2010-03-03,136.25
2010-03-04,135.5
2010-03-05,135.0
2010-03-08,131.25
2010-03-09,127.75
2010-03-10,127.75
2010-03-11,127.0
2010-03-12,127.0
2010-03-15,134.5
2010-03-16,142.5
2010-03-17,144.0
2010-03-18,144.25
2010-03-19,151.0
2010-03-22,157.5
2010-03-23,160.75
2010-03-24,159.25
2010-03-25,153.75
2010-03-26,154.5
2010-03-29,153.75
2010-03-30,152.25
2010-03-31,150.25
2010-04-01,152.25
2010-04-02,150.0
2010-04-05,153.25
2010-04-06,152.75
2010-04-07,153.5
2010-04-08,154.0
2010-04-09,156.5
2010-04-12,156.0
2010-04-13,153.0
2010-04-14,153.75
2010-04-15,155.25
2010-04-16,154.0
2010-04-19,153.75
2010-04-20,155.0
2010-04-21,153.75
2010-04-22,155.0
2010-04-23,154.5
2010-04-26,153.25
2010-04-27,152.0
2010-04-28,153.75
2010-04-29,153.75
2010-04-30,151.75
2010-05-03,153.75
2010-05-04,154.0
2010-05-05,158.75
2010-05-06,158.75
2010-05-07,159.5
2010-05-10,155.5
2010-05-11,158.75
2010-05-12,162.5
2010-05-13,167.25
2010-05-14,166.0
2010-05-17,165.0
2010-05-18,166.25
2010-05-19,166.75
2010-05-20,166.5
2010-05-21,166.25
2010-05-24,165.0
2010-05-25,166.0
2010-05-26,162.5
2010-05-27,166.0
2010-05-28,163.5
2010-05-31,167.5
2010-06-01,168.75
2010-06-02,172.0
2010-06-03,167.75
2010-06-04,167.5
2010-06-07,167.0
2010-06-08,166.0
2010-06-09,170.0
2010-06-10,171.25
2010-06-11,176.75
2010-06-14,176.0
2010-06-15,174.5
2010-06-16,174.0
2010-06-17,170.0
2010-06-18,169.5
2010-06-21,169.25
2010-06-22,169.5
2010-06-23,169.25
2010-06-24,165.5
2010-06-25,166.0
2010-06-28,166.0
2010-06-29,167.0
2010-06-30,164.5
2010-07-01,164.0
2010-07-02,164.0
2010-07-05,160.0
2010-07-06,148.5
2010-07-07,140.5
2010-07-08,138.75
2010-07-09,137.5
2010-07-12,140.5
2010-07-13,140.25
2010-07-14,142.25
2010-07-15,137.75
2010-07-16,137.75
2010-07-19,137.5
2010-07-20,135.5
2010-07-21,133.75
2010-07-22,134.75
2010-07-23,133.75
2010-07-26,131.5
2010-07-27,135.5
2010-07-28,134.5
2010-07-29,130.75
2010-08-02,132.5
2010-08-03,131.5
2010-08-04,132.0
2010-08-05,131.25
2010-08-06,132.0
2010-08-09,131.5
2010-08-10,132.0
2010-08-11,133.75
2010-08-12,131.75
2010-08-13,130.25
2010-08-16,130.25
2010-08-17,130.25
2010-08-18,130.5
2010-08-19,130.5
2010-08-23,135.0
2010-08-24,138.0
2010-08-25,138.25
2010-08-26,137.0
2010-08-27,137.0
2010-08-30,137.0
2010-08-31,134.75
2010-09-01,135.0
2010-09-02,135.25
2010-09-03,135.5
2010-09-06,141.25
2010-09-07,142.75
2010-09-08,142.75
2010-09-09,142.25
2010-09-13,142.25
2010-09-14,140.0
2010-09-15,141.0
2010-09-16,141.75
2010-09-17,142.0
2010-09-20,142.0
2010-09-21,140.25
2010-09-22,140.75
2010-09-23,146.0
2010-09-24,145.75
2010-09-27,145.25
2010-09-28,136.75
2010-09-29,131.25
2010-09-30,134.5
2010-10-01,134.5
2010-10-04,132.0
2010-10-05,135.5
2010-10-06,135.5
2010-10-07,135.5
2010-10-08,135.5
2010-10-11,134.75
2010-10-12,135.0
2010-10-13,134.5
2010-10-14,134.75
2010-10-15,134.5
2010-10-18,135.0
2010-10-19,136.0
2010-10-20,136.0
2010-10-21,136.5
2010-10-22,137.0
2010-10-25,135.75
2010-10-26,136.5
2010-10-27,137.25
2010-10-28,134.0
2010-10-29,133.75
2010-11-01,132.75
2010-11-02,132.75
2010-11-03,132.75
2010-11-04,133.0
2010-11-05,132.75
2010-11-08,133.0
2010-11-09,133.25
2010-11-10,134.75
2010-11-11,136.0
2010-11-12,134.75
2010-11-15,134.5
2010-11-16,132.75
2010-11-19,132.75
2010-11-22,133.0
2010-11-23,135.0
2010-11-24,133.75
2010-11-25,131.5
2010-11-26,131.75
2010-11-29,131.5
2010-11-30,130.25
2010-12-01,132.5
2010-12-02,138.5
2010-12-03,138.5
2010-12-06,144.25
2010-12-08,138.5
2010-12-09,140.25
2010-12-10,137.25
2010-12-13,138.25
2010-12-14,142.25
2010-12-15,141.25
2010-12-16,138.25
2010-12-17,138.5
2010-12-20,137.5
2010-12-21,135.75
2010-12-22,136.5
2010-12-23,136.0
2010-12-24,135.25
2010-12-27,135.0
2010-12-28,135.0
2010-12-29,135.0
2010-12-30,135.0
2010-12-31,135.0
2011-01-03,135.0
2011-01-04,136.25
2011-01-05,140.0
2011-01-06,137.5
2011-01-07,139.75
2011-01-10,136.25
2011-01-12,144.25
2011-01-13,145.0
2011-01-14,147.5
2011-01-17,146.25
2011-01-18,145.0
2011-01-19,145.0
2011-01-20,143.0
2011-01-21,142.5
2011-01-24,141.25
2011-01-25,141.25
2011-01-26,142.5
2011-01-27,142.5
2011-01-28,142.5
2011-01-31,136.25
2011-02-01,136.75
2011-02-02,136.5
2011-02-03,137.5
2011-02-04,137.5
2011-02-07,137.5
2011-02-08,137.5
2011-02-09,138.0
2011-02-10,136.75
2011-02-11,136.75
2011-02-14,140.0
2011-02-15,139.0
2011-02-18,137.25
2011-02-21,137.25
2011-02-22,132.75
2011-02-23,132.75
2011-02-24,135.0
2011-02-25,140.0
2011-02-28,139.75
2011-03-01,139.75
2011-03-02,141.25
2011-03-03,138.75
2011-03-04,141.25
2011-03-07,141.25
2011-03-08,139.0
2011-03-09,139.25
2011-03-10,141.0
2011-03-11,141.0
2011-03-14,139.75
2011-03-15,139.5
2011-03-16,139.25
2011-03-17,139.75
2011-03-18,148.0
2011-03-21,151.75
2011-03-22,150.5
2011-03-23,150.0
2011-03-24,150.0
2011-03-25,153.25
2011-03-28,155.75
2011-03-29,155.75
2011-03-30,156.0
2011-03-31,156.25
2011-04-01,154.75
2011-04-04,151.25
2011-04-05,153.5
2011-04-06,153.25
2011-04-07,153.75
2011-04-08,153.0
2011-04-11,154.75
2011-04-12,154.25
2011-04-13,154.25
2011-04-14,153.75
2011-04-15,153.75
2011-04-18,152.5
2011-04-19,161.5
2011-04-20,159.5
2011-04-21,157.0
2011-04-22,158.75
2011-04-25,160.0
2011-04-26,159.5
2011-04-27,159.5
2011-04-28,162.5
2011-04-29,160.0
2011-05-02,162.25
2011-05-03,162.5
2011-05-04,162.5
2011-05-05,162.5
2011-05-06,163.5
2011-05-09,163.5
2011-05-10,163.75
2011-05-11,161.75
2011-05-12,163.5
2011-05-13,162.0
2011-05-16,163.5
2011-05-17,163.0
2011-05-18,163.25
2011-05-19,162.5
2011-05-20,163.0
2011-05-23,163.5
2011-05-24,163.75
2011-05-25,166.0
2011-05-26,167.25
2011-05-27,170.0
2011-05-30,172.5
2011-05-31,172.0
2011-06-01,171.25
2011-06-02,172.25
2011-06-03,170.5
2011-06-06,170.5
2011-06-07,170.25
2011-06-08,167.5
2011-06-09,168.5
2011-06-10,165.0
2011-06-13,165.0
2011-06-14,164.0
2011-06-15,164.0
2011-06-16,164.0
2011-06-17,166.0
2011-06-20,164.25
2011-06-21,163.75
2011-06-22,165.25
2011-06-23,165.0
2011-06-24,164.0
2011-06-27,165.0
2011-06-28,162.5
2011-06-29,162.5
2011-06-30,166.25
2011-07-01,165.75
2011-07-04,166.25
2011-07-05,166.25
2011-07-06,143.0
2011-07-07,149.75
2011-07-08,141.0
2011-07-11,136.25
2011-07-12,136.25
2011-07-13,139.0
2011-07-14,142.0
2011-07-15,142.0
2011-07-18,142.0
2011-07-19,134.0
2011-07-20,134.25
2011-07-21,142.0
2011-07-22,142.0
2011-07-25,135.0
2011-07-26,134.5
2011-07-27,134.75
2011-07-28,135.25
2011-07-29,134.75
2011-08-01,135.0
2011-08-02,135.0
2011-08-03,135.5
2011-08-04,135.5
2011-08-05,135.25
2011-08-08,135.25
2011-08-09,135.25
2011-08-10,139.5
2011-08-11,139.5
2011-08-12,142.0
2011-08-15,141.5
2011-08-16,141.5
2011-08-17,138.0
2011-08-18,138.0
2011-08-19,138.25
2011-08-22,138.25
2011-08-23,139.25
2011-08-24,142.5
2011-08-25,140.0
2011-08-26,142.5
2011-08-29,142.5
2011-09-02,142.5
2011-09-05,143.75
2011-09-06,149.25
2011-09-07,143.75
2011-09-08,142.75
2011-09-09,148.5
2011-09-12,148.5
2011-09-13,147.0
2011-09-14,141.25
2011-09-15,141.25
2011-09-16,149.5
2011-09-19,153.75
2011-09-20,153.75
2011-09-21,153.75
2011-09-22,150.75
2011-09-23,150.25
2011-09-26,150.0
2011-09-27,152.5
2011-09-28,150.0
2011-09-29,153.5
2011-09-30,153.5
2011-10-03,150.25
2011-10-04,150.75
2011-10-05,153.5
2011-10-06,153.5
2011-10-07,151.5
2011-10-10,151.5
2011-10-11,151.75
2011-10-12,152.5
2011-10-13,153.5
2011-10-14,153.0
2011-10-17,153.5
2011-10-18,153.5
2011-10-19,154.75
2011-10-20,153.25
2011-10-21,153.5
2011-10-24,153.5
2011-10-25,153.5
2011-10-26,152.75
2011-10-27,153.0
2011-10-28,153.0
2011-10-31,153.0
2011-11-01,153.0
2011-11-02,153.0
2011-11-03,153.75
2011-11-04,159.25
2011-11-09,159.25
2011-11-10,156.25
2011-11-11,156.25
2011-11-14,158.25
2011-11-15,159.25
2011-11-16,159.5
2011-11-17,160.0
2011-11-21,160.0
2011-11-22,160.0
2011-11-23,161.25
2011-11-24,160.5
2011-11-25,157.5
2011-11-28,161.75
2011-11-29,161.75
2011-11-30,157.75
2011-12-01,158.0
2011-12-02,161.25
2011-12-05,161.25
2011-12-06,157.5
2011-12-07,157.5
2011-12-08,158.5
2011-12-09,158.5
2011-12-12,158.75
2011-12-13,159.75
2011-12-14,157.5
2011-12-15,158.0
2011-12-16,158.75
2011-12-19,158.75
2011-12-20,161.25
2011-12-21,158.75
2011-12-22,158.75
2011-12-23,161.25
2011-12-26,161.25
2011-12-27,161.25
2011-12-28,161.25
2011-12-29,159.0
2011-12-30,159.0
2012-01-02,157.0
2012-01-03,157.25
2012-01-04,157.25
2012-01-05,157.75
2012-01-06,157.75
2012-01-09,162.5
2012-01-10,164.75
2012-01-12,162.5
2012-01-13,166.0
2012-01-16,162.75
2012-01-17,162.75
2012-01-18,167.5
2012-01-19,163.25
2012-01-20,167.5
2012-01-23,163.25
2012-01-24,163.25
2012-01-25,167.5
2012-01-26,167.5
2012-01-27,165.0
2012-01-30,164.0
2012-01-31,162.75
2012-02-01,163.0
2012-02-02,164.0
2012-02-03,163.0
2012-02-07,165.0
2012-02-08,168.5
2012-02-09,169.75
2012-02-10,169.75
2012-02-13,162.75
2012-02-14,162.5
2012-02-15,169.0
2012-02-16,162.75
2012-02-17,162.75
2012-02-20,163.5
2012-02-21,163.5
2012-02-22,172.5
2012-02-23,174.5
2012-02-24,175.0
2012-02-27,170.25
2012-02-28,170.75
2012-02-29,172.5
2012-03-01,172.5
2012-03-02,173.0
2012-03-05,173.75
2012-03-06,173.75
2012-03-07,173.75
2012-03-08,170.0
2012-03-09,170.0
2012-03-12,170.0
2012-03-13,170.0
2012-03-14,170.0
2012-03-15,170.25
2012-03-16,169.0
2012-03-19,169.0
2012-03-20,169.5
2012-03-21,169.5
2012-03-22,168.0
2012-03-23,173.75
2012-03-26,173.75
2012-03-27,170.0
2012-03-28,170.0
2012-03-29,166.5
2012-03-30,168.75
2012-04-02,167.5
2012-04-03,167.5
2012-04-04,169.75
2012-04-05,163.0
2012-04-06,158.75
2012-04-09,158.5
2012-04-10,158.0
2012-04-11,158.5
2012-04-12,158.5
2012-04-13,157.75
2012-04-16,155.0
2012-04-17,155.0
2012-04-18,155.25
2012-04-19,162.25
2012-04-20,160.0
2012-04-23,163.0
2012-04-24,156.25
2012-04-25,156.75
2012-04-26,156.75
2012-04-27,157.5
2012-04-30,157.5
2012-05-02,157.5
2012-05-03,157.5
2012-05-04,157.5
2012-05-07,158.5
2012-05-08,156.0
2012-05-09,159.25
2012-05-10,159.25
2012-05-11,159.25
2012-05-14,159.5
2012-05-15,159.5
2012-05-16,155.25
2012-05-17,155.25
2012-05-18,155.0
2012-05-21,155.0
2012-05-22,155.0
2012-05-23,155.0
2012-05-24,155.25
2012-05-25,155.25
2012-05-28,155.25
2012-05-29,155.0
2012-05-30,155.5
2012-05-31,156.0
2012-06-01,161.5
2012-06-04,161.5
2012-06-05,157.25
2012-06-06,157.25
2012-06-07,154.75
2012-06-08,154.75
2012-06-11,154.75
2012-06-12,155.25
2012-06-13,155.5
2012-06-14,156.75
2012-06-15,156.75
2012-06-18,156.25
2012-06-19,162.0
2012-06-20,159.5
2012-06-21,157.0
2012-06-22,156.0
2012-06-25,156.0
2012-06-26,158.75
2012-06-27,156.75
2012-06-28,156.75
2012-06-29,156.75
2012-07-02,156.75
2012-07-03,157.5
2012-07-04,158.75
2012-07-05,149.5
2012-07-06,149.5
2012-07-09,152.0
2012-07-10,152.25
2012-07-11,158.0
2012-07-12,158.0
2012-07-13,158.0
2012-07-16,158.0
2012-07-17,154.95
2012-07-18,154.95
2012-07-19,154.95
2012-07-20,154.95
2012-07-23,150.9
2012-07-24,141.9
2012-07-25,141.9
2012-07-26,141.0
2012-07-27,141.0
2012-07-31,141.0
2012-08-01,149.0
2012-08-02,149.0
2012-08-03,149.0
2012-08-06,149.0
2012-08-07,145.0
2012-08-08,145.0
2012-08-09,149.0
2012-08-10,143.0
2012-08-13,143.0
2012-08-15,143.0
2012-08-16,143.0
2012-08-17,141.1
2012-08-22,149.55
2012-08-23,148.8
2012-08-24,148.85
2012-08-27,140.0
2012-08-28,140.0
2012-08-29,133.15
2012-08-30,135.1
2012-08-31,135.1
2012-09-03,135.15
2012-09-04,135.2
2012-09-05,135.65
2012-09-06,140.0
2012-09-07,136.5
2012-09-10,140.0
2012-09-11,140.0
2012-09-12,136.1
2012-09-13,136.1
2012-09-14,136.1
2012-09-17,136.0
2012-09-18,136.0
2012-09-19,136.0
2012-09-20,135.05
2012-09-21,128.2
2012-09-24,128.0
2012-09-25,128.55
2012-09-26,128.55
2012-09-27,128.55
2012-09-28,120.85
2012-10-01,127.0
2012-10-02,133.8
2012-10-03,125.9
2012-10-04,126.0
2012-10-05,132.95
2012-10-08,132.95
2012-10-09,126.25
2012-10-10,126.25
2012-10-11,126.0
2012-10-12,126.0
2012-10-15,126.0
2012-10-16,132.95
2012-10-17,126.0
2012-10-18,118.45
2012-10-19,113.7
2012-10-22,120.5
2012-10-23,122.95
2012-10-24,122.95
2012-10-25,125.4
2012-10-29,125.2
2012-10-30,125.25
2012-10-31,125.25
2012-11-01,125.25
2012-11-02,120.0
2012-11-05,125.0
2012-11-07,122.0
2012-11-08,122.0
2012-11-09,125.0
2012-11-12,125.0
2012-11-13,125.0
2012-11-14,125.0
2012-11-15,125.0
2012-11-19,131.95
2012-11-20,132.0
2012-11-21,124.1
2012-11-22,124.1
2012-11-23,120.15
2012-11-26,127.35
2012-11-27,127.5
2012-11-28,127.5
2012-11-29,127.5
2012-11-30,127.5
2012-12-03,127.5
2012-12-04,127.5
2012-12-05,122.0
2012-12-06,122.0
2012-12-07,120.05
2012-12-10,120.05
2012-12-11,120.05
2012-12-12,114.05
2012-12-13,120.85
2012-12-14,120.85
2012-12-17,120.85
2012-12-18,115.25
2012-12-19,117.0
2012-12-20,119.0
2012-12-21,116.05
2012-12-24,116.05
2012-12-25,117.1
2012-12-26,117.1
2012-12-27,117.1
2012-12-28,117.0
2012-12-31,115.25
2013-01-02,109.0
2013-01-03,115.0
2013-01-04,115.0
2013-01-07,115.0
2013-01-08,119.35
2013-01-09,119.35
2013-01-10,119.35
2013-01-14,112.2
2013-01-15,111.05
2013-01-16,117.5
2013-01-17,117.5
2013-01-18,117.5
2013-01-21,111.0
2013-01-22,111.0
2013-01-23,117.0
2013-01-28,124.0
2013-01-29,124.0
2013-01-30,124.0
2013-01-31,124.0
2013-02-01,116.6
2013-02-04,116.6
2013-02-05,116.6
2013-02-06,110.0
2013-02-07,110.0
2013-02-08,112.0
2013-02-11,112.0
2013-02-12,105.3
2013-02-13,106.35
2013-02-14,107.0
2013-02-15,107.0
2013-02-18,107.0
2013-02-19,105.15
2013-02-20,109.0
2013-02-21,110.0
2013-02-22,114.0
2013-02-25,114.0
2013-02-26,114.0
2013-02-27,110.0
2013-02-28,110.0
2013-03-01,110.0
2013-03-04,115.0
2013-03-05,119.95
2013-03-06,119.95
2013-03-07,115.0
2013-03-08,115.0
2013-03-11,115.0
2013-03-12,115.0
2013-03-13,115.0
2013-03-14,115.15
2013-03-15,126.65
2013-03-18,130.0
2013-03-19,130.0
2013-03-20,129.0
2013-03-21,121.3
2013-03-22,121.3
2013-03-25,115.0
2013-03-26,115.0
2013-03-27,121.85
2013-03-28,121.0
2013-03-29,113.75
2013-04-01,120.55
2013-04-02,119.0
2013-04-03,112.1
2013-04-04,116.8
2013-04-05,122.3
2013-04-08,123.95
2013-04-09,122.8
2013-04-10,121.8
2013-04-11,121.8
2013-04-12,115.0
2013-04-15,116.0
2013-04-16,113.0
2013-04-17,113.0
2013-04-18,115.0
2013-04-19,115.0
2013-04-22,111.15
2013-04-23,111.15
2013-04-24,111.0
2013-04-25,111.0
2013-04-26,115.0
2013-04-29,111.1
2013-04-30,109.0
2013-05-02,115.0
2013-05-03,110.0
2013-05-06,110.0
2013-05-07,110.0
2013-05-08,110.0
2013-05-09,110.0
2013-05-10,110.0
2013-05-13,114.0
2013-05-14,110.05
2013-05-15,110.05
2013-05-16,110.05
2013-05-17,111.0
2013-05-20,111.0
2013-05-21,111.0
2013-05-22,111.0
2013-05-23,112.0
2013-05-24,111.0
2013-05-27,110.0
2013-05-28,108.5
2013-05-29,107.0
2013-05-30,111.0
2013-05-31,108.5
2013-06-03,109.3
2013-06-04,109.3
2013-06-05,108.4
2013-06-06,113.35
2013-06-07,108.6
2013-06-10,110.0
2013-06-11,110.0
2013-06-12,110.0
2013-06-13,110.0
2013-06-14,109.0
2013-06-17,109.0
2013-06-18,109.0
2013-06-19,109.0
2013-06-20,109.0
2013-06-21,109.0
2013-06-24,107.0
2013-06-25,110.0
2013-06-26,107.0
2013-06-27,107.0
2013-06-28,107.0
2013-07-01,110.0
2013-07-02,110.05
2013-07-03,110.0
2013-07-04,106.0
2013-07-05,106.0
2013-07-08,97.52
2013-07-09,99.0
2013-07-10,104.0
2013-07-11,98.0
2013-07-12,103.5
2013-07-15,103.5
2013-07-16,100.0
2013-07-17,97.6
2013-07-18,101.95
2013-07-19,98.0
2013-07-22,100.0
2013-07-23,100.0
2013-07-24,98.0
2013-07-25,99.0
2013-07-26,99.0
2013-07-29,95.3
2013-07-31,94.05
2013-08-01,94.05
2013-08-02,94.05
2013-08-05,90.2
2013-08-06,90.2
2013-08-08,90.2
2013-08-12,90.1
2013-08-13,92.0
2013-08-15,91.0
2013-08-16,90.0
2013-08-19,91.0
2013-08-22,90.2
2013-08-23,90.2
2013-08-26,89.62
2013-08-27,90.0
2013-08-28,94.0
2013-08-29,90.03
2013-08-30,90.03
2013-09-02,90.03
2013-09-03,90.03
2013-09-04,94.0
2013-09-05,92.0
2013-09-06,92.0
2013-09-09,92.11
2013-09-10,92.11
2013-09-11,95.0
2013-09-12,96.5
2013-09-13,95.0
2013-09-16,95.0
2013-09-17,98.0
2013-09-18,98.0
2013-09-19,103.0
2013-09-20,113.3
2013-09-23,115.9
2013-09-24,111.0
2013-09-25,113.0
2013-09-26,113.0
2013-09-27,110.1
2013-09-30,113.0
2013-10-01,113.95
2013-10-02,114.0
2013-10-03,114.9
2013-10-04,118.25
2013-10-07,124.9
2013-10-08,129.0
2013-10-09,127.5
2013-10-10,122.0
2013-10-11,121.1
2013-10-14,124.0
2013-10-15,125.0
2013-10-21,124.0
2013-10-22,118.9
2013-10-23,124.5
2013-10-24,125.0
2013-10-25,124.5
2013-10-28,124.5
2013-10-29,120.0
2013-10-30,120.0
2013-10-31,126.65
2013-11-01,126.0
2013-11-04,125.0
2013-11-07,120.0
2013-11-08,120.25
2013-11-11,120.4
2013-11-12,120.4
2013-11-13,125.0
2013-11-14,124.0
2013-11-15,124.0
2013-11-19,124.0
2013-11-20,127.0
2013-11-21,125.0
2013-11-22,124.1
2013-11-25,124.1
2013-11-26,125.0
2013-11-27,124.05
2013-11-28,124.05
2013-11-29,124.05
2013-12-02,124.05
2013-12-03,124.05
2013-12-04,124.05
2013-12-05,124.05
2013-12-06,117.05
2013-12-09,117.05
2013-12-10,121.0
2013-12-11,121.0
2013-12-12,121.05
2013-12-13,121.05
2013-12-16,121.05
2013-12-17,120.0
2013-12-18,120.0
2013-12-19,120.5
2013-12-20,120.5
2013-12-23,120.5
2013-12-24,120.8
2013-12-25,120.8
2013-12-26,120.6
2013-12-27,120.6
2013-12-30,120.6
2013-12-31,123.0
2014-01-02,123.0
2014-01-03,120.1
2014-01-06,120.1
2014-01-07,127.0
2014-01-08,127.0
2014-01-09,127.0
2014-01-10,120.25
2014-01-13,120.5
2014-01-16,120.25
2014-01-17,120.5
2014-01-20,120.65
2014-01-21,121.1
2014-01-22,127.45
2014-01-23,130.4
2014-01-24,125.3
2014-01-27,130.0
2014-01-28,130.0
2014-01-29,137.0
2014-01-30,139.95
2014-01-31,132.0
2014-02-03,130.1
2014-02-04,126.6
2014-02-05,125.05
2014-02-06,132.55
2014-02-07,133.9
2014-02-10,134.4
2014-02-11,134.4
2014-02-12,134.35
2014-02-13,134.35
2014-02-14,137.9
2014-02-17,137.0
2014-02-18,135.0
2014-02-19,135.0
2014-02-20,128.2
2014-02-21,128.2
2014-02-24,129.0
2014-02-25,135.8
2014-02-26,135.8
2014-02-27,141.8
2014-02-28,143.85
2014-03-03,144.0
2014-03-04,143.0
2014-03-05,138.0
2014-03-06,137.6
2014-03-07,138.15
2014-03-10,147.0
2014-03-11,159.95
2014-03-12,155.0
2014-03-13,150.0
2014-03-14,154.95
2014-03-17,148.0
2014-03-18,155.0
2014-03-19,159.25
2014-03-20,162.0
2014-03-21,153.1
2014-03-24,158.0
2014-03-25,155.0
2014-03-26,150.15
2014-03-27,150.15
2014-03-28,156.35
2014-03-31,158.5
2014-04-01,155.0
2014-04-02,155.0
2014-04-03,156.95
2014-04-04,152.0
2014-04-07,157.6
2014-04-08,157.6
2014-04-09,164.0
2014-04-10,166.0
2014-04-11,165.95
2014-04-14,165.95
2014-04-15,163.95
2014-04-16,156.5
2014-04-17,161.5
2014-04-18,161.5
2014-04-21,164.75
2014-04-22,157.0
2014-04-23,155.1
2014-04-24,162.0
2014-04-25,156.0
2014-04-28,160.6
2014-04-29,156.0
2014-04-30,153.5
2014-05-02,153.5
2014-05-05,153.5
2014-05-06,160.0
2014-05-07,158.5
2014-05-08,156.0
2014-05-09,154.0
2014-05-12,156.0
2014-05-13,157.0
2014-05-14,154.0
2014-05-15,154.0
2014-05-16,149.3
2014-05-19,155.9
2014-05-20,155.75
2014-05-21,155.6
2014-05-22,155.6
2014-05-23,155.6
2014-05-26,149.05
2014-05-27,148.35
2014-05-28,149.0
2014-05-29,148.25
2014-05-30,152.9
2014-06-02,147.0
2014-06-03,153.65
2014-06-04,147.0
2014-06-05,148.0
2014-06-06,147.0
2014-06-09,147.0
2014-06-10,147.0
2014-06-11,151.7
2014-06-12,150.0
2014-06-13,150.0
2014-06-16,150.0
2014-06-17,150.0
2014-06-18,148.0
2014-06-19,150.0
2014-06-20,150.0
2014-06-23,150.0
2014-06-24,150.0
2014-06-25,150.0
2014-06-26,150.0
2014-06-27,150.0
2014-06-30,150.0
2014-07-01,150.0
2014-07-02,148.0
2014-07-03,148.0
2014-07-04,148.0
2014-07-07,148.0
2014-07-08,148.0
2014-07-09,148.0
2014-07-10,148.0
2014-07-11,147.5
2014-07-14,147.5
2014-07-15,149.0
2014-07-16,140.0
2014-07-17,148.4
2014-07-18,144.95
2014-07-21,139.0
2014-07-22,146.0
2014-07-23,146.0
2014-07-24,146.0
2014-07-25,139.0
2014-07-31,144.55
2014-08-01,137.7
2014-08-04,137.2
2014-08-05,138.2
2014-08-06,145.95
2014-08-07,145.95
2014-08-08,140.05
2014-08-11,140.0
2014-08-12,137.5
2014-08-13,138.5
2014-08-15,138.5
2014-08-18,138.6
2014-08-19,138.6
2014-08-22,139.0
2014-08-25,134.2
2014-08-26,139.0
2014-08-27,139.0
2014-08-28,139.0
2014-08-29,143.0
2014-09-01,145.0
2014-09-02,138.0
2014-09-03,139.15
2014-09-04,144.9
2014-09-05,138.15
2014-09-08,138.15
2014-09-09,144.0
2014-09-10,146.0
2014-09-11,147.0
2014-09-12,147.0
2014-09-15,147.0
2014-09-16,150.0
2014-09-17,147.0
2014-09-18,149.5
2014-09-19,149.5
2014-09-22,149.5
2014-09-23,149.5
2014-09-24,149.5
2014-09-25,141.0
2014-09-26,147.7
2014-09-29,141.0
2014-09-30,147.9
2014-10-01,141.0
2014-10-02,141.0
2014-10-03,141.0
2014-10-07,145.0
2014-10-08,145.0
2014-10-09,145.0
2014-10-10,146.95
2014-10-13,146.95
2014-10-14,144.0
2014-10-15,141.1
2014-10-16,141.1
2014-10-17,146.4
2014-10-20,141.25
2014-10-21,141.0
2014-10-22,144.4
2014-10-23,140.55
2014-10-24,139.15
2014-10-27,144.0
2014-10-28,144.0
2014-10-29,144.0
2014-10-30,143.7
2014-10-31,143.5
2014-11-03,143.5
2014-11-04,141.0
2014-11-05,141.0
2014-11-07,140.0
2014-11-10,143.0
2014-11-11,140.0
2014-11-12,143.0
2014-11-13,143.0
2014-11-14,143.0
2014-11-17,143.0
2014-11-19,139.1
2014-11-20,139.0
2014-11-21,143.0
2014-11-24,143.0
2014-11-25,143.0
2014-11-26,140.0
2014-11-27,140.0
2014-11-28,135.2
2014-12-01,135.2
2014-12-02,135.2
2014-12-03,141.85
2014-12-04,134.0
2014-12-05,134.0
2014-12-08,141.35
2014-12-09,134.0
2014-12-10,133.2
2014-12-11,135.0
2014-12-12,134.0
2014-12-15,133.1
2014-12-16,133.1
2014-12-17,139.85
2014-12-18,139.0
2014-12-19,132.0
2014-12-22,138.9
2014-12-23,138.0
2014-12-24,138.0
2014-12-25,138.0
2014-12-26,137.5
2014-12-29,137.5
2014-12-30,136.95
2014-12-31,136.95
2015-01-02,136.95
2015-01-06,133.3
2015-01-07,136.0
2015-01-08,133.1
2015-01-09,141.05
2015-01-12,141.05
2015-01-13,144.0
2015-01-14,144.0
2015-01-15,144.0
2015-01-16,143.0
2015-01-19,143.0
2015-01-20,138.0
2015-01-21,142.5
2015-01-22,138.0
2015-01-23,134.05
2015-01-26,142.0
2015-01-27,138.0
2015-01-28,137.15
2015-01-29,137.15
2015-01-30,138.0
2015-02-02,140.0
2015-02-03,143.0
2015-02-04,142.0
2015-02-05,142.0
2015-02-06,142.5
2015-02-09,138.5
2015-02-10,140.0
2015-02-11,140.0
2015-02-12,141.0
2015-02-13,134.0
2015-02-16,139.0
2015-02-17,139.0
2015-02-18,139.0
2015-02-19,139.85
2015-02-20,140.0
2015-02-23,140.0
2015-02-24,139.0
2015-02-25,139.0
2015-02-26,140.0
2015-02-27,142.0
2015-03-02,142.7
2015-03-03,142.7
2015-03-04,143.0
2015-03-05,148.0
2015-03-06,147.75
2015-03-09,147.75
2015-03-10,147.75
2015-03-11,143.0
2015-03-12,143.05
2015-03-13,144.0
2015-03-16,149.8
2015-03-17,149.8
2015-03-18,149.8
2015-03-19,143.2
2015-03-20,148.0
2015-03-23,148.2
2015-03-24,148.0
2015-03-25,149.9
2015-03-26,152.8
2015-03-27,145.3
2015-03-30,146.0
2015-03-31,152.75
2015-04-01,146.0
2015-04-02,145.5
2015-04-03,143.0
2015-04-06,143.0
2015-04-07,143.0
2015-04-08,143.0
2015-04-09,146.5
2015-04-10,142.05
2015-04-13,143.0
2015-04-14,138.3
2015-04-15,143.0
2015-04-16,142.0
2015-04-17,146.0
2015-04-20,142.0
2015-04-21,142.0
2015-04-22,142.0
2015-04-23,146.5
2015-04-24,142.1
2015-04-27,142.1
2015-04-28,140.2
2015-04-29,145.0
2015-04-30,145.0
2015-05-04,145.0
2015-05-05,146.0
2015-05-06,143.0
2015-05-07,143.0
2015-05-08,143.0
2015-05-11,143.0
2015-05-12,143.0
2015-05-13,143.0
2015-05-14,143.0
2015-05-15,150.0
2015-05-18,144.05
2015-05-19,150.0
2015-05-20,150.0
2015-05-21,150.0
2015-05-22,145.0
2015-05-25,141.1
2015-05-26,149.0
2015-05-27,149.0
2015-05-28,149.0
2015-05-29,149.0
2015-06-01,149.0
2015-06-02,144.0
2015-06-03,148.0
2015-06-04,148.0
2015-06-05,148.0
2015-06-08,148.0
2015-06-09,148.0
2015-06-10,144.0
2015-06-11,147.9
2015-06-12,142.6
2015-06-15,143.1
2015-06-16,144.5
2015-06-17,143.0
2015-06-18,150.0
2015-06-19,150.0
2015-06-22,150.0
2015-06-23,150.0
2015-06-24,150.0
2015-06-25,150.0
2015-06-26,149.8
2015-06-29,149.8
2015-06-30,149.8
2015-07-01,149.5
2015-07-02,149.5
2015-07-03,149.5
2015-07-06,143.55
2015-07-07,146.4
2015-07-08,143.6
2015-07-09,143.6
2015-07-10,144.05
2015-07-13,148.8
2015-07-14,148.8
2015-07-15,148.3
2015-07-16,144.05
2015-07-20,139.4
2015-07-21,140.0
2015-07-22,140.0
2015-07-23,131.6
2015-07-24,131.6
2015-07-27,139.0
2015-07-28,138.0
2015-07-29,138.0
2015-07-31,134.0
2015-08-03,134.0
2015-08-04,134.0
2015-08-05,126.0
2015-08-06,125.9
2015-08-07,124.75
2015-08-10,125.0
2015-08-11,125.0
2015-08-12,125.0
2015-08-13,125.0
2015-08-17,125.0
2015-08-18,125.0
2015-08-19,118.1
2015-08-24,117.5
2015-08-25,111.0
2015-08-26,117.0
2015-08-27,117.0
2015-08-28,117.0
2015-08-31,117.0
2015-09-01,110.0
2015-09-02,110.0
2015-09-03,110.0
2015-09-04,110.0
2015-09-07,116.0
2015-09-08,116.0
2015-09-09,110.0
2015-09-10,110.0
2015-09-11,110.15
2015-09-14,110.15
2015-09-15,110.15
2015-09-16,116.0
2015-09-17,116.0
2015-09-18,116.0
2015-09-21,116.0
2015-09-22,116.0
2015-09-23,116.0
2015-09-28,116.0
2015-09-29,116.0
2015-09-30,116.0
2015-10-01,116.0
2015-10-02,116.0
2015-10-05,116.0
2015-10-06,120.0
2015-10-07,120.0
2015-10-08,120.0
2015-10-09,122.5
2015-10-12,122.5
2015-10-13,120.0
2015-10-14,120.0
2015-10-16,120.0
2015-10-19,112.8
2015-10-20,105.0
2015-10-21,109.95
2015-10-22,105.0
2015-10-23,105.0
2015-10-26,109.95
2015-10-27,106.0
2015-10-28,106.0
2015-10-29,112.35
2015-10-30,115.0
2015-11-02,120.0
2015-11-03,120.0
2015-11-04,119.95
2015-11-05,116.0
2015-11-09,122.0
2015-11-10,123.45
2015-11-11,123.45
2015-11-12,123.45
2015-11-13,121.9
2015-11-16,121.9
2015-11-17,120.95
2015-11-19,115.0
2015-11-20,119.95
2015-11-23,119.95
2015-11-24,119.95
2015-11-25,113.0
2015-11-26,115.85
2015-11-27,118.35
2015-11-30,118.35
2015-12-01,118.35
2015-12-02,118.35
2015-12-03,118.35
2015-12-04,118.35
2015-12-07,118.35
2015-12-08,112.0
2015-12-09,105.3
2015-12-10,105.3
2015-12-11,106.1
2015-12-14,106.1
2015-12-15,106.1
2015-12-16,107.1
2015-12-17,110.0
2015-12-18,111.0
2015-12-21,115.0
2015-12-22,115.0
2015-12-23,111.0
2015-12-28,115.95
2015-12-29,115.95
2015-12-30,115.95
2015-12-31,115.95
2016-01-04,115.95
2016-01-05,115.5
2016-01-06,118.5
2016-01-07,118.5
2016-01-08,118.5
2016-01-12,118.5
2016-01-13,118.5
2016-01-14,118.5
2016-01-15,118.5
2016-01-18,111.4
2016-01-19,112.0
2016-01-20,107.05
2016-01-21,107.1
2016-01-22,107.1
2016-01-25,107.1
2016-01-26,107.1
2016-01-27,108.05
2016-01-28,108.05
2016-01-29,113.5
2016-02-01,113.5
2016-02-02,113.5
2016-02-03,113.5
2016-02-04,108.7
2016-02-05,103.05
2016-02-08,109.0
2016-02-09,108.0
2016-02-10,108.0
2016-02-11,103.05
2016-02-12,107.0
2016-02-15,113.0
2016-02-16,118.0
2016-02-17,120.0
2016-02-18,123.0
2016-02-19,122.0
2016-02-22,120.0
2016-02-23,120.0
2016-02-24,122.0
2016-02-25,129.3
2016-02-26,132.55
2016-02-29,139.05
2016-03-01,147.3
2016-03-02,140.0
2016-03-03,146.75
2016-03-04,140.0
2016-03-07,145.0
2016-03-08,145.0
2016-03-09,140.0
2016-03-10,140.0
2016-03-11,143.0
2016-03-14,144.45
2016-03-15,138.0
2016-03-16,138.0
2016-03-17,141.9
2016-03-18,141.9
2016-03-21,141.9
2016-03-22,135.0
2016-03-23,141.0
2016-03-24,136.1
2016-03-25,140.0
2016-03-28,140.0
2016-03-29,140.0
2016-03-30,133.6
2016-03-31,137.0
2016-04-01,137.0
2016-04-04,138.5
2016-04-05,138.5
2016-04-06,139.85
2016-04-07,139.9
2016-04-08,134.05
2016-04-11,139.5
2016-04-12,137.0
2016-04-13,137.95
2016-04-14,139.8
2016-04-15,139.9
2016-04-18,140.0
2016-04-19,140.0
2016-04-20,135.0
2016-04-21,135.0
2016-04-22,133.0
2016-04-25,139.5
2016-04-26,133.5
2016-04-27,133.5
2016-04-28,134.0
2016-04-29,134.0
2016-05-02,134.0
2016-05-03,134.5
2016-05-04,134.5
2016-05-05,140.0
2016-05-06,139.85
2016-05-09,135.0
2016-05-10,135.0
2016-05-11,135.0
2016-05-12,134.0
2016-05-13,133.1
2016-05-16,139.0
2016-05-17,133.4
2016-05-18,133.4
2016-05-19,133.4
2016-05-20,134.0
2016-05-23,134.1
2016-05-24,134.05
2016-05-25,134.05
2016-05-26,134.05
2016-05-27,134.1
2016-05-30,138.5
2016-05-31,138.5
2016-06-01,138.5
2016-06-02,132.0
2016-06-03,138.9
2016-06-06,137.0
2016-06-07,138.9
2016-06-08,138.8
2016-06-09,138.8
2016-06-10,138.8
2016-06-13,138.8
2016-06-14,138.8
2016-06-15,138.8
2016-06-16,137.8
2016-06-17,137.8
2016-06-20,135.0
2016-06-21,135.0
2016-06-22,132.4
2016-06-23,132.4
2016-06-24,132.45
2016-06-27,130.05
2016-06-28,136.0
2016-06-29,130.0
2016-06-30,135.0
2016-07-01,131.0
2016-07-04,134.0
2016-07-05,134.0
2016-07-11,132.0
2016-07-12,133.0
2016-07-13,135.0
2016-07-14,137.2
2016-07-15,136.5
2016-07-18,136.5
2016-07-19,137.0
2016-07-20,135.0
2016-07-21,135.0
2016-07-22,133.1
2016-07-25,133.1
2016-07-26,137.0
2016-07-27,136.9
2016-07-28,136.9
2016-07-29,132.25
2016-08-01,135.0
2016-08-02,131.0
2016-08-03,127.0
2016-08-04,126.7
2016-08-05,114.5
2016-08-08,125.7
2016-08-09,125.8
2016-08-10,115.0
2016-08-11,117.2
2016-08-12,117.0
2016-08-15,122.0
2016-08-16,117.5
2016-08-17,117.2
2016-08-18,120.0
2016-08-19,120.0
2016-08-22,117.2
2016-08-23,124.0
2016-08-24,123.0
2016-08-25,123.9
2016-08-26,123.9
2016-08-29,123.9
2016-08-30,123.9
2016-08-31,123.9
2016-09-01,123.9
2016-09-02,123.95
2016-09-05,123.95
2016-09-06,124.5
2016-09-07,124.5
2016-09-08,133.0
2016-09-09,133.0
2016-09-14,133.0
2016-09-15,133.0
2016-09-16,129.05
2016-09-19,132.0
2016-09-20,132.0
2016-09-21,132.0
2016-09-22,136.3
2016-09-23,137.0
2016-09-26,137.0
2016-09-27,133.6
2016-09-28,135.0
2016-09-29,137.0
2016-09-30,135.1
2016-10-04,135.2
2016-10-05,136.95
2016-10-06,136.95
2016-10-07,135.0
2016-10-10,135.0
2016-10-11,134.0
2016-10-12,130.0
2016-10-13,130.0
2016-10-14,130.0
2016-10-17,130.0
2016-10-18,133.0
2016-10-19,133.0
2016-10-20,131.0
2016-10-21,131.0
2016-10-24,131.0
2016-10-25,131.0
2016-10-26,131.0
2016-10-27,131.0
2016-10-28,131.0
2016-10-31,133.0
2016-11-01,134.9
2016-11-02,134.9
2016-11-03,133.0
2016-11-04,134.9
2016-11-07,134.9
2016-11-08,132.0
2016-11-09,135.0
2016-11-10,136.0
2016-11-11,136.0
2016-11-14,140.0
2016-11-15,139.75
2016-11-16,139.75
2016-11-17,140.0
2016-11-21,140.0
2016-11-22,133.6
2016-11-23,138.5
2016-11-24,138.0
2016-11-25,138.0
2016-11-28,135.0
2016-11-29,138.0
2016-11-30,140.0
2016-12-01,140.0
2016-12-02,138.9
2016-12-05,139.75
2016-12-06,140.0
2016-12-07,140.0
2016-12-08,136.05
2016-12-09,139.75
2016-12-14,136.3
2016-12-15,136.3
2016-12-16,141.45
2016-12-19,140.0
2016-12-20,140.0
2016-12-21,140.0
2016-12-22,141.9
2016-12-23,144.0
2016-12-26,144.0
2016-12-27,145.9
2016-12-28,145.9
2016-12-29,145.9
2016-12-30,149.8
2017-01-02,149.5
2017-01-03,152.5
2017-01-04,148.0
2017-01-05,155.95
2017-01-06,159.4
2017-01-09,155.0
2017-01-10,154.3
2017-01-12,154.5
2017-01-13,158.0
2017-01-16,158.0
2017-01-17,151.05
2017-01-18,158.75
2017-01-19,153.0
2017-01-20,156.95
2017-01-23,156.95
2017-01-24,156.95
2017-01-25,155.0
2017-01-26,158.5
2017-01-27,158.5
2017-01-30,151.05
2017-01-31,151.0
2017-02-01,151.0
2017-02-02,150.0
2017-02-03,150.0
2017-02-06,151.0
2017-02-07,153.95
2017-02-08,150.5
2017-02-09,153.85
2017-02-10,153.9
2017-02-13,150.35
2017-02-14,153.5
2017-02-15,152.5
2017-02-16,153.0
2017-02-17,155.0
2017-02-20,156.95
2017-02-21,162.0
2017-02-22,165.0
2017-02-23,165.0
2017-02-24,165.0
2017-02-27,165.0
2017-02-28,166.5
2017-03-01,167.95
2017-03-02,167.95
2017-03-03,165.9
2017-03-06,165.9
2017-03-07,165.9
2017-03-08,165.0
2017-03-09,181.45
2017-03-10,199.55
2017-03-13,218.8
2017-03-14,211.0
2017-03-15,202.0
2017-03-16,199.95
2017-03-17,206.9
2017-03-20,206.9
2017-03-21,198.0
2017-03-22,200.0
2017-03-23,200.0
2017-03-24,204.5
2017-03-27,204.5
2017-03-28,204.9
2017-03-29,195.6
2017-03-30,195.2
2017-03-31,195.2
2017-04-03,195.2
2017-04-04,191.55
2017-04-05,193.0
2017-04-06,193.0
2017-04-07,193.0
2017-04-10,198.7
2017-04-11,195.0
2017-04-12,190.5
2017-04-13,194.8
2017-04-14,194.8
2017-04-17,194.8
2017-04-18,190.0
2017-04-19,195.5
2017-04-20,194.0
2017-04-21,195.0
2017-04-24,198.0
2017-04-25,196.1
2017-04-26,197.0
2017-04-27,197.0
2017-04-28,199.95
2017-05-02,204.5
2017-05-03,198.1
2017-05-04,207.0
2017-05-05,208.0
2017-05-08,208.0
2017-05-09,208.0
2017-05-10,204.0
2017-05-11,204.0
2017-05-12,200.0
2017-05-15,200.15
2017-05-16,200.5
2017-05-17,200.4
2017-05-18,200.1
2017-05-19,200.2
2017-05-22,201.0
2017-05-23,202.0
2017-05-24,210.0
2017-05-25,213.5
2017-05-26,213.5
2017-05-29,213.5
2017-05-30,205.0
2017-05-31,205.0
2017-06-01,205.5
2017-06-02,212.0
2017-06-05,212.0
2017-06-06,211.9
2017-06-07,212.0
2017-06-08,211.9
2017-06-09,212.0
2017-06-12,212.0
2017-06-13,212.2
2017-06-14,212.3
2017-06-15,212.0
2017-06-16,211.0
2017-06-19,212.0
2017-06-20,212.55
2017-06-21,214.5
2017-06-22,216.0
2017-06-23,216.15
2017-06-28,215.95
2017-06-29,215.0
2017-06-30,218.8
2017-07-03,218.0
2017-07-04,215.4
2017-07-05,222.0
2017-07-06,227.95
2017-07-07,227.0
2017-07-10,230.0
2017-07-11,230.0
2017-07-12,228.0
2017-07-13,233.9
2017-07-14,227.5
2017-07-17,231.5
2017-07-18,215.0
2017-07-19,215.2
2017-07-20,217.1
2017-07-21,213.0
2017-07-24,210.3
2017-07-25,217.0
2017-07-26,215.0
2017-07-27,219.5
2017-07-28,213.0
2017-07-31,210.0
2017-08-01,208.0
2017-08-02,206.0
2017-08-03,206.0
2017-08-04,206.0
2017-08-07,206.0
2017-08-08,206.0
2017-08-09,205.5
2017-08-10,207.95
2017-08-11,200.15
2017-08-15,202.0
2017-08-16,202.0
2017-08-17,202.0
2017-08-18,204.9
2017-08-22,201.0
2017-08-23,200.0
2017-08-24,200.0
2017-08-25,201.0
2017-08-28,204.0
2017-08-29,200.25
2017-08-30,204.8
2017-08-31,208.0
2017-09-04,209.5
2017-09-05,223.95
2017-09-06,230.0
2017-09-07,233.9
2017-09-08,229.85
2017-09-11,222.0
2017-09-12,228.95
2017-09-13,226.0
2017-09-14,225.0
2017-09-15,220.65
2017-09-18,224.0
2017-09-19,223.0
2017-09-20,220.0
2017-09-21,224.9
2017-09-25,212.0
2017-09-26,212.0
2017-09-27,212.0
2017-09-28,219.5
2017-09-29,220.0
2017-10-02,215.0
2017-10-03,215.0
2017-10-04,223.6
2017-10-05,228.95
2017-10-06,221.2
2017-10-09,221.2
2017-10-10,225.0
2017-10-11,226.0
2017-10-12,223.0
2017-10-13,230.0
2017-10-16,240.0
2017-10-17,263.95
2017-10-18,243.0
2017-10-19,240.0
2017-10-20,240.0
2017-10-23,249.9
2017-10-24,249.9
2017-10-25,240.5
2017-10-26,248.9
2017-10-27,241.1
2017-10-30,252.9
2017-10-31,240.1
2017-11-01,247.25
2017-11-02,240.1
2017-11-03,249.5
2017-11-07,256.0
2017-11-08,250.0
2017-11-09,251.0
2017-11-10,254.0
2017-11-13,252.0
2017-11-14,253.9
2017-11-15,253.9
2017-11-16,257.5
2017-11-17,257.5
2017-11-20,257.0
2017-11-21,250.0
2017-11-22,250.0
2017-11-23,250.0
2017-11-24,253.0
2017-11-27,251.0
2017-11-28,254.55
2017-11-29,256.65
2017-11-30,256.65
2017-12-04,250.0
2017-12-05,245.0
2017-12-06,249.95
2017-12-07,250.0
2017-12-08,250.0
2017-12-11,250.0
2017-12-12,250.0
2017-12-13,243.0
2017-12-14,248.0
2017-12-15,246.0
2017-12-18,246.0
2017-12-19,245.3
2017-12-20,245.5
2017-12-21,242.4
2017-12-22,236.1
2017-12-25,252.0
2017-12-26,252.0
2017-12-27,252.0
2017-12-28,245.0
2017-12-29,245.0
2018-01-02,245.0
2018-01-03,261.0
2018-01-04,263.0
2018-01-05,263.0
2018-01-08,263.0
2018-01-09,269.5
2018-01-10,268.95
2018-01-12,280.0
2018-01-15,280.0
2018-01-16,279.5
2018-01-17,275.0
2018-01-18,270.0
2018-01-19,274.5
2018-01-22,274.0
2018-01-23,275.0
2018-01-24,287.15
2018-01-25,293.0
2018-01-26,280.8
2018-01-29,276.5
2018-01-30,285.0
2018-01-31,303.0
2018-02-01,291.0
2018-02-02,300.0
2018-02-05,295.0
2018-02-06,300.0
2018-02-07,290.0
2018-02-08,290.0
2018-02-09,290.0
2018-02-12,298.2
2018-02-13,298.1
2018-02-14,297.9
2018-02-15,298.05
2018-02-16,290.1
2018-02-19,295.0
2018-02-20,293.0
2018-02-21,291.0
2018-02-22,291.0
2018-02-23,297.5
2018-02-26,292.05
2018-02-27,297.9
2018-02-28,297.95
2018-03-01,297.95
2018-03-02,295.0
2018-03-05,290.0
2018-03-06,290.0
2018-03-07,297.4
2018-03-08,297.0
2018-03-09,290.1
2018-03-12,287.0
2018-03-13,290.0
2018-03-14,295.0
2018-03-15,295.0
2018-03-16,288.9
2018-03-19,288.9
2018-03-20,289.7
2018-03-21,289.7
2018-03-22,289.0
2018-03-23,289.0
2018-03-26,290.0
2018-03-27,282.0
2018-03-28,284.5
2018-03-29,281.0
2018-03-30,283.9
2018-04-02,283.9
2018-04-03,283.9
2018-04-04,283.9
2018-04-05,284.7
2018-04-06,283.2
2018-04-09,282.0
2018-04-10,280.0
2018-04-11,289.0
2018-04-12,282.0
2018-04-13,282.0
2018-04-16,285.0
2018-04-17,285.0
2018-04-18,285.0
2018-04-19,285.0
2018-04-20,285.0
2018-04-23,288.25
2018-04-24,285.0
2018-04-25,283.0
2018-04-26,276.1
2018-04-27,288.0
2018-04-30,288.0
2018-05-02,288.0
2018-05-03,288.2
2018-05-04,288.2
2018-05-07,288.0
2018-05-08,288.0
2018-05-09,288.25
2018-05-10,288.05
2018-05-11,288.0
2018-05-14,288.0
2018-05-15,288.0
2018-05-16,288.0
2018-05-17,280.6
2018-05-18,287.95
2018-05-21,287.95
2018-05-22,280.6
2018-05-23,280.6
2018-05-24,287.95
2018-05-25,285.0
2018-05-28,285.0
2018-05-29,281.0
2018-05-30,288.0
2018-05-31,288.0
2018-06-01,277.05
2018-06-04,277.05
2018-06-05,295.0
2018-06-06,285.0
2018-06-07,286.0
2018-06-08,285.75
2018-06-11,299.95
2018-06-12,299.95
2018-06-13,285.0
2018-06-14,295.0
2018-06-18,295.0
2018-06-19,295.0
2018-06-20,286.0
2018-06-21,294.0
2018-06-22,294.0
2018-06-25,292.0
2018-06-26,292.0
2018-06-27,285.0
2018-06-28,285.0
2018-06-29,285.0
2018-07-02,293.9
2018-07-03,292.9
2018-07-04,290.0
2018-07-05,290.0
2018-07-06,290.0
2018-07-09,285.5
2018-07-10,285.5
2018-07-11,285.5
2018-07-12,292.0
2018-07-13,292.0
2018-07-16,285.0
2018-07-17,268.6
2018-07-18,280.0
2018-07-19,280.0
2018-07-20,269.0
2018-07-23,269.0
2018-07-24,269.0
2018-07-25,274.95
2018-07-26,274.95
2018-07-27,275.0
2018-07-31,275.0
2018-08-01,270.0
2018-08-02,270.0
2018-08-03,268.5
2018-08-06,268.5
2018-08-07,268.5
2018-08-08,268.5
2018-08-09,268.5
2018-08-10,268.0
2018-08-13,268.0
2018-08-15,268.0
2018-08-16,268.2
2018-08-17,268.2
2018-08-24,287.5
2018-08-27,287.5
2018-08-28,280.0
2018-08-29,280.0
2018-08-30,280.0
2018-08-31,280.0
2018-09-03,280.0
2018-09-04,277.5
2018-09-05,269.0
2018-09-06,270.0
2018-09-07,270.0
2018-09-10,277.5
2018-09-12,277.5
2018-09-13,275.0
2018-09-14,275.0
2018-09-17,255.1
2018-09-18,247.7
2018-09-19,251.0
2018-09-20,272.0
2018-09-21,272.0
2018-09-24,272.0
2018-09-25,272.0
2018-09-26,275.0
2018-09-27,275.0
2018-09-28,268.0
2018-10-01,275.0
2018-10-02,275.0
2018-10-03,275.0
2018-10-04,277.0
2018-10-05,268.0
2018-10-08,268.0
2018-10-09,268.0
2018-10-10,266.0
2018-10-11,266.0
2018-10-12,266.0
2018-10-15,266.0
2018-10-16,265.0
2018-10-17,265.0
2018-10-18,265.0
2018-10-19,265.0
2018-10-22,265.0
2018-10-23,265.0
2018-10-24,270.0
2018-10-25,270.0
2018-10-26,270.0
2018-10-29,270.0
2018-10-30,270.0
2018-10-31,262.0
2018-11-01,260.0
2018-11-02,260.0
2018-11-05,260.0
2018-11-07,260.0
2018-11-08,260.0
2018-11-09,252.3
2018-11-12,255.0
2018-11-13,255.0
2018-11-14,250.1
2018-11-15,250.1
2018-11-16,265.0
2018-11-19,265.0
2018-11-22,265.0
2018-11-23,265.0
2018-11-26,260.0
2018-11-27,260.0
2018-11-28,268.9
2018-11-29,268.9
2018-11-30,264.0
2018-12-03,267.0
2018-12-04,267.0
2018-12-05,267.0
2018-12-06,245.2
2018-12-07,246.0
2018-12-10,246.0
2018-12-11,246.0
2018-12-12,246.0
2018-12-13,247.5
2018-12-14,250.0
2018-12-17,255.0
2018-12-18,255.0
2018-12-19,255.0
2018-12-20,255.0
2018-12-21,260.0
2018-12-24,259.95
2018-12-25,263.0
2018-12-26,263.0
2018-12-27,267.0
2018-12-28,246.5
2018-12-31,265.95
2019-01-02,265.95
2019-01-03,265.95
2019-01-04,260.0
2019-01-07,260.0
2019-01-08,252.5
2019-01-09,252.5
2019-01-10,260.0
2019-01-14,266.5
2019-01-15,270.0
2019-01-16,270.0
2019-01-17,262.0
2019-01-18,262.5
2019-01-21,270.0
2019-01-22,270.0
2019-01-23,278.0
2019-01-24,278.0
2019-01-25,267.05
2019-01-28,267.05
2019-01-29,260.0
2019-01-30,270.0
2019-01-31,270.0
2019-02-01,270.0
2019-02-04,278.0
2019-02-05,278.0
2019-02-06,278.0
2019-02-07,286.0
2019-02-08,286.0
2019-02-11,286.0
2019-02-12,286.0
2019-02-13,286.0
2019-02-14,273.1
2019-02-15,280.0
2019-02-18,280.0
2019-02-19,280.0
2019-02-20,280.0
2019-02-21,268.0
2019-02-22,262.0
2019-02-25,279.95
2019-02-26,280.0
2019-02-27,275.0
2019-02-28,255.0
2019-03-01,269.0
2019-03-04,269.0
2019-03-05,269.0
2019-03-06,269.0
2019-03-07,269.0
2019-03-08,269.0
2019-03-11,269.0
2019-03-12,269.0
2019-03-13,266.0
2019-03-14,288.15
2019-03-15,290.0
2019-03-18,290.0
2019-03-19,290.0
2019-03-20,290.0
2019-03-21,290.0
2019-03-22,295.9
2019-03-25,289.0
2019-03-26,286.0
2019-03-27,295.0
2019-03-28,300.0
2019-03-29,300.0
2019-04-01,300.0
2019-04-02,300.0
2019-04-03,300.0
2019-04-04,300.0
2019-04-05,304.0
2019-04-08,300.2
2019-04-09,308.9
2019-04-10,300.2
2019-04-11,300.1
2019-04-12,294.4
2019-04-15,295.5
2019-04-16,298.0
2019-04-17,305.0
2019-04-18,305.0
2019-04-19,305.0
2019-04-22,305.0
2019-04-23,303.0
2019-04-24,298.0
2019-04-25,298.0
2019-04-26,298.0
2019-04-29,298.2
2019-04-30,300.0
2019-05-02,300.0
2019-05-03,300.0
2019-05-06,300.0
2019-05-07,302.0
2019-05-08,302.0
2019-05-09,302.0
2019-05-10,302.0
2019-05-13,302.0
2019-05-14,302.0
2019-05-15,299.0
2019-05-16,302.0
2019-05-17,302.0
2019-05-20,302.0
2019-05-21,302.0
2019-05-22,302.0
2019-05-23,300.0
2019-05-24,300.0
2019-05-27,300.0
2019-05-28,302.0
2019-05-29,302.0
2019-05-30,301.0
2019-05-31,302.0
2019-06-03,302.0
2019-06-04,302.0
2019-06-10,302.0
2019-06-11,302.0
2019-06-12,302.85
2019-06-13,302.85
2019-06-14,302.85
2019-06-17,302.95
2019-06-18,302.95
2019-06-19,300.0
2019-06-20,300.0
2019-06-21,300.0
2019-06-24,300.0
2019-06-25,300.0
2019-06-26,302.9
2019-06-27,307.0
2019-06-28,307.0
2019-07-01,307.0
2019-07-02,307.0
2019-07-03,310.0
2019-07-04,304.0
2019-07-05,301.0
2019-07-08,309.95
2019-07-09,309.0
2019-07-10,309.0
2019-07-11,309.0
2019-07-12,310.0
2019-07-15,309.6
2019-07-16,304.0
2019-07-17,284.0
2019-07-18,300.0
2019-07-19,300.0
2019-07-22,300.0
2019-07-23,300.0
2019-07-24,300.0
2019-07-25,300.0
2019-07-26,300.0
2019-07-29,303.9
2019-07-31,300.0
2019-08-01,305.0
2019-08-02,302.0
2019-08-05,300.0
2019-08-06,300.0
2019-08-07,303.0
2019-08-08,303.0
2019-08-09,302.95
2019-08-15,305.0
2019-08-16,305.0
2019-08-19,297.0
2019-08-22,297.0
2019-08-23,297.0
2019-08-26,291.1
2019-08-27,302.95
2019-08-28,302.95
2019-08-29,333.2
2019-08-30,345.0
2019-09-02,332.0
2019-09-03,332.05
2019-09-04,346.0
2019-09-05,345.0
2019-09-06,344.2
2019-09-09,339.0
2019-09-10,339.0
2019-09-11,330.0
2019-09-12,330.0
2019-09-13,330.0
2019-09-16,330.0
2019-09-17,330.0
2019-09-18,337.4
2019-09-19,346.5
2019-09-20,343.15
2019-09-23,348.1
2019-09-24,370.0
2019-09-25,384.0
2019-09-26,395.0
2019-09-27,434.3
2019-09-30,425.0
2019-10-01,440.0
2019-10-02,450.0
2019-10-03,450.0
2019-10-04,460.0
2019-10-07,451.0
2019-10-08,440.0
2019-10-09,425.0
2019-10-10,417.0
2019-10-11,435.0
2019-10-14,425.0
2019-10-15,435.0
2019-10-16,435.0
2019-10-17,445.0
2019-10-18,463.0
2019-10-21,460.0
2019-10-22,451.0
2019-10-23,460.0
2019-10-24,470.0
2019-10-25,470.0
2019-10-28,469.0
2019-10-29,458.0
2019-10-30,458.0
2019-10-31,456.0
2019-11-01,455.0
2019-11-04,455.0
2019-11-05,455.0
2019-11-07,455.0
2019-11-08,463.0
2019-11-12,460.0
2019-11-13,450.0
2019-11-14,448.0
2019-11-15,458.0
2019-11-19,465.0
2019-11-20,462.0
2019-11-21,464.0
2019-11-22,464.0
2019-11-25,464.0
2019-11-26,485.0
2019-11-27,497.0
2019-11-28,485.0
2019-11-29,487.0
2019-12-02,488.0
2019-12-03,489.0
2019-12-04,485.85
2019-12-05,493.5
2019-12-06,493.0
2019-12-09,492.95
2019-12-10,477.1
2019-12-11,479.85
2019-12-12,479.85
2019-12-13,490.0
2019-12-16,489.95
2019-12-17,489.0
2019-12-18,478.0
2019-12-19,491.5
2019-12-20,490.0
2019-12-23,484.0
2019-12-24,480.0
2019-12-25,484.0
2019-12-26,480.0
2019-12-27,456.0
2019-12-30,456.0
2019-12-31,470.0
2020-01-02,467.0
2020-01-03,467.0
2020-01-06,467.0
2020-01-07,480.0
2020-01-08,470.0
2020-01-09,495.0
2020-01-10,500.0
2020-01-13,509.5
2020-01-14,500.0
2020-01-15,509.3
2020-01-16,505.0
2020-01-17,508.0
2020-01-20,520.0
2020-01-21,520.0
2020-01-22,524.9
2020-01-23,520.0
2020-01-24,512.0
2020-01-27,520.0
2020-01-28,520.0
2020-01-29,520.0
2020-01-30,520.0
2020-01-31,505.0
2020-02-03,500.0
2020-02-04,497.8
2020-02-05,497.1
2020-02-06,500.0
2020-02-07,510.0
2020-02-10,500.0
2020-02-11,500.0
2020-02-12,498.05
2020-02-13,500.0
2020-02-14,500.0
2020-02-17,512.4
2020-02-18,494.2
2020-02-19,505.0
2020-02-20,508.8
2020-02-21,510.0
2020-02-24,500.0
2020-02-25,500.0
2020-02-26,500.0
2020-02-27,519.0
2020-02-28,500.0
2020-03-02,500.0
2020-03-03,500.0
2020-03-04,504.0
2020-03-05,504.0
2020-03-06,453.65
2020-03-09,415.0
2020-03-10,452.0
2020-03-11,475.0
2020-03-12,427.55
2020-03-13,401.0
2020-03-16,360.95
2020-03-17,346.55
2020-03-18,332.7
2020-03-19,346.0
2020-03-20,359.8
2020-03-23,374.0
2020-03-24,388.95
2020-03-25,404.45
2020-03-26,410.0
2020-03-27,410.0
2020-03-30,407.9
2020-03-31,414.0
2020-04-01,423.0
2020-04-02,427.0
2020-04-03,410.0
2020-04-06,410.0
2020-04-07,410.0
2020-04-08,410.0
2020-04-09,396.1
2020-04-10,396.1
2020-04-13,397.7
2020-04-14,397.7
2020-04-15,407.0
2020-04-16,397.65
2020-04-17,390.0
2020-04-20,390.0
2020-04-21,390.0
2020-04-22,399.8
2020-04-23,400.0
2020-04-24,400.0
2020-04-27,390.0
2020-04-28,404.0
2020-04-29,418.0
2020-04-30,425.8
2020-05-04,434.0
2020-05-05,420.0
2020-05-06,425.0
2020-05-07,420.0
2020-05-08,422.0
2020-05-11,422.0
2020-05-12,409.0
2020-05-13,408.0
2020-05-14,422.0
2020-05-15,438.85
2020-05-18,454.0
2020-05-19,445.0
2020-05-20,449.95
2020-05-21,467.9
2020-05-22,486.6
2020-05-26,490.0
2020-05-27,498.5
2020-05-28,489.0
2020-05-29,478.0
2020-06-01,480.5
2020-06-02,494.95
2020-06-03,494.9
2020-06-04,498.0
2020-06-05,485.5
2020-06-08,499.0
2020-06-09,500.0
2020-06-10,494.0
2020-06-11,498.85
2020-06-12,495.0
2020-06-15,495.0
2020-06-16,491.0
2020-06-17,505.0
2020-06-18,505.0
2020-06-19,525.1
2020-06-22,546.1
2020-06-23,555.0
2020-06-24,555.0
2020-06-25,550.0
2020-06-26,540.1
2020-06-29,555.0
2020-06-30,540.0
2020-07-01,532.1
2020-07-02,539.0
2020-07-03,529.9
2020-07-06,530.0
2020-07-07,526.1
2020-07-08,539.0
2020-07-09,533.0
2020-07-10,518.0
2020-07-13,520.0
2020-07-14,501.8
2020-07-15,495.0
2020-07-16,495.0
2020-07-17,493.0
2020-07-20,499.0
2020-07-21,492.0
2020-07-22,509.0
2020-07-23,498.0
2020-07-24,497.0
2020-07-27,486.6
2020-07-28,489.0
2020-07-29,494.0
2020-08-03,493.4
2020-08-04,480.1
2020-08-05,484.0
2020-08-06,493.45
2020-08-07,484.0
2020-08-10,485.0
2020-08-11,475.0
2020-08-12,474.8
2020-08-13,477.0
2020-08-17,470.0
2020-08-18,470.0
2020-08-19,482.0
2020-08-24,482.0
2020-08-25,483.0
2020-08-26,482.9
2020-08-27,467.0
2020-08-28,472.0
2020-08-31,470.0
2020-09-01,471.5
2020-09-02,470.2
2020-09-03,472.05
2020-09-04,470.0
2020-09-07,474.0
2020-09-08,474.0
2020-09-09,490.0
2020-09-10,499.95
2020-09-11,495.0
2020-09-14,495.0
2020-09-15,495.0
2020-09-16,490.0
2020-09-17,490.0
2020-09-18,495.0
2020-09-21,494.0
2020-09-22,513.7
2020-09-23,519.8
2020-09-24,518.0
2020-09-25,518.9
2020-09-28,534.1
2020-09-29,530.0
2020-09-30,530.0
2020-10-01,530.0
2020-10-02,530.0
2020-10-05,528.0
2020-10-06,530.0
2020-10-07,535.0
2020-10-08,529.9
2020-10-09,530.0
2020-10-12,530.0
2020-10-13,530.0
2020-10-14,528.0
2020-10-15,528.0
2020-10-16,525.0
2020-10-19,528.0
2020-10-20,528.9
2020-10-21,525.0
2020-10-22,527.0
2020-10-23,528.0
2020-10-26,520.0
2020-10-27,520.0
2020-10-28,525.0
2020-11-02,525.0
2020-11-03,520.0
2020-11-04,520.0
2020-11-05,529.8
2020-11-09,528.9
2020-11-10,533.0
2020-11-11,531.9
2020-11-12,531.5
2020-11-13,532.0
2020-11-16,532.9
2020-11-17,530.0
2020-11-19,530.0
2020-11-20,538.0
2020-11-23,530.1
2020-11-24,534.7
2020-11-25,535.0
2020-11-26,535.0
2020-11-27,548.0
2020-11-30,549.9
2020-12-01,552.0
2020-12-02,550.0
2020-12-03,555.0
2020-12-04,569.0
2020-12-07,574.5
2020-12-08,574.5
2020-12-09,568.8
2020-12-10,568.0
2020-12-11,570.0
2020-12-14,577.0
2020-12-15,564.0
2020-12-16,564.0
2020-12-17,576.0
2020-12-18,596.0
2020-12-21,572.2
2020-12-22,589.2
2020-12-23,590.0
2020-12-24,590.0
2020-12-25,590.0
2020-12-28,580.2
2020-12-29,580.0
2020-12-30,576.0
2020-12-31,580.0
2021-01-04,587.0
2021-01-05,580.0
2021-01-06,580.0
2021-01-07,580.0
2021-01-08,597.0
2021-01-12,590.0
2021-01-13,598.0
2021-01-14,615.0
2021-01-15,615.0
2021-01-18,619.0
2021-01-19,618.0
2021-01-20,627.0
2021-01-21,634.0
2021-01-22,645.0
2021-01-25,664.9
2021-01-26,691.4
2021-01-27,697.0
2021-01-28,690.0
2021-01-29,695.0
2021-02-01,682.0
2021-02-02,680.0
2021-02-03,690.0
2021-02-04,692.0
2021-02-05,692.9
2021-02-08,692.5
2021-02-09,686.1
2021-02-10,696.0
2021-02-11,696.0
2021-02-12,697.9
2021-02-15,692.0
2021-02-16,696.0
2021-02-17,691.0
2021-02-18,695.0
2021-02-19,694.0
2021-02-22,684.0
2021-02-23,680.0
2021-02-24,652.9
2021-02-25,641.0
2021-02-26,666.6
2021-03-01,675.0
2021-03-02,687.0
2021-03-03,671.0
2021-03-04,671.0
2021-03-05,697.8
2021-03-08,705.0
2021-03-09,705.0
2021-03-10,701.0
2021-03-11,676.5
2021-03-12,689.0
2021-03-15,680.0
2021-03-16,671.5
2021-03-17,692.0
2021-03-18,692.0
2021-03-19,698.6
2021-03-22,694.0
2021-03-23,680.0
2021-03-24,680.0
2021-03-25,680.0
2021-03-26,690.0
2021-03-29,693.9
2021-03-30,699.9
2021-03-31,698.0
2021-04-01,699.0
2021-04-02,680.0
2021-04-05,680.0
2021-04-06,680.0
2021-04-07,670.0
2021-04-08,677.0
2021-04-09,677.0
2021-04-12,683.0
2021-04-13,680.0
2021-04-14,689.8
2021-04-15,690.0
2021-04-16,690.0
2021-04-19,690.0
2021-04-20,690.0
2021-04-21,690.0
2021-04-22,690.0
2021-04-23,697.0
2021-04-26,690.0
2021-04-27,695.0
2021-04-28,690.0
2021-04-29,690.0
2021-04-30,690.0
2021-05-03,690.0
2021-05-04,690.0
2021-05-05,699.0
2021-05-06,700.0
2021-05-07,700.0
2021-05-10,700.0
2021-05-11,696.0
2021-05-12,690.0
2021-05-17,699.0
2021-05-18,699.0
2021-05-19,685.2
2021-05-20,690.0
2021-05-21,690.0
2021-05-24,680.0
2021-05-25,680.0
2021-05-26,707.1
2021-05-27,706.4
2021-05-28,678.2
2021-05-31,657.0
2021-06-01,670.0
2021-06-02,675.0
2021-06-03,670.0
2021-06-04,670.0
2021-06-07,670.0
2021-06-08,670.0
2021-06-09,655.0
2021-06-10,669.0
2021-06-11,660.0
2021-06-14,668.0
2021-06-15,667.5
2021-06-16,658.0
2021-06-17,655.0
2021-06-18,656.0
2021-06-21,657.0
2021-06-22,657.0
2021-06-23,653.2
2021-06-24,653.0
2021-06-25,646.5
2021-06-28,657.0
2021-06-29,657.0
2021-06-30,655.0
2021-07-01,650.0
2021-07-02,655.0
2021-07-05,655.0
2021-07-06,655.0
2021-07-07,674.0
2021-07-08,678.0
2021-07-09,680.0
2021-07-12,654.0
2021-07-13,627.9
2021-07-14,627.9
2021-07-15,652.0
2021-07-16,650.0
2021-07-19,648.0
2021-07-20,649.0
2021-07-23,640.0
2021-07-26,632.4
2021-07-27,639.2
2021-07-28,630.0
2021-07-29,630.0
2021-08-02,630.0
2021-08-03,644.9
2021-08-04,669.9
2021-08-05,668.5
2021-08-06,668.0
2021-08-09,667.8
2021-08-11,667.8
2021-08-12,667.8
2021-08-13,660.0
2021-08-16,664.9
2021-08-17,664.9
2021-08-18,664.3
2021-08-19,660.0
2021-08-23,661.0
2021-08-24,662.0
2021-08-25,658.5
2021-08-26,658.1
2021-08-27,665.0
2021-08-30,663.9
2021-08-31,660.0
2021-09-01,648.0
2021-09-02,649.0
2021-09-03,663.0
2021-09-06,663.0
2021-09-07,650.0
2021-09-08,650.1
2021-09-09,650.0
2021-09-10,660.0
2021-09-13,660.0
2021-09-14,650.0
2021-09-15,650.0
2021-09-16,660.0
2021-09-17,664.0
2021-09-20,664.0
2021-09-21,664.0
2021-09-22,664.5
2021-09-23,679.0
2021-09-24,683.0
2021-09-27,683.0
2021-09-28,655.7
2021-09-29,654.0
2021-09-30,650.0
2021-10-01,650.0
2021-10-04,654.0
2021-10-05,645.0
2021-10-06,645.0
2021-10-07,651.0
2021-10-08,660.0
2021-10-11,660.0
2021-10-12,660.0
2021-10-13,650.0
2021-10-14,665.0
2021-10-15,674.0
2021-10-18,674.0
2021-10-21,679.0
2021-10-22,678.0
2021-10-25,680.0
2021-10-26,699.9
2021-10-27,658.0
2021-10-28,618.6
2021-10-29,643.9
2021-11-01,634.0
2021-11-02,645.0
2021-11-03,645.0
2021-11-04,635.0
2021-11-05,635.0
2021-11-08,621.0
2021-11-09,646.0
2021-11-10,640.0
2021-11-11,630.0
2021-11-12,631.0
2021-11-15,625.0
2021-11-16,639.0
2021-11-17,638.0
2021-11-19,630.0
2021-11-22,620.0
2021-11-23,615.0
2021-11-24,610.2
2021-11-25,637.8
2021-11-26,637.8
2021-11-29,603.1
2021-11-30,620.0
2021-12-01,615.0
2021-12-02,615.1
2021-12-03,625.0
2021-12-06,625.0
2021-12-07,625.0
2021-12-08,630.0
2021-12-09,630.0
2021-12-10,640.0
2021-12-13,640.0
2021-12-14,630.0
2021-12-15,630.0
2021-12-16,629.0
2021-12-17,630.0
2021-12-20,630.0
2021-12-21,630.0
2021-12-22,630.0
2021-12-23,630.0
2021-12-24,655.0
2021-12-27,650.0
2021-12-28,660.0
2021-12-29,666.9
2021-12-30,664.9
2021-12-31,679.0
2022-01-03,670.0
2022-01-04,670.0
2022-01-05,670.0
2022-01-06,665.0
2022-01-07,670.0
2022-01-10,663.0
2022-01-12,653.0
2022-01-13,655.1
2022-01-14,669.9
2022-01-17,674.0
2022-01-18,680.0
2022-01-19,680.0
2022-01-20,680.0
2022-01-21,680.0
2022-01-24,680.0
2022-01-25,680.0
2022-01-26,679.0
2022-01-27,679.0
2022-01-28,678.8
2022-01-31,675.0
2022-02-01,675.0
2022-02-02,674.8
2022-02-03,674.6
2022-02-04,674.6
2022-02-07,674.6
2022-02-08,674.6
2022-02-09,675.0
2022-02-10,680.0
2022-02-11,655.0
2022-02-14,656.0
2022-02-15,656.0
2022-02-16,655.0
2022-02-17,655.0
2022-02-18,660.0
2022-02-21,650.0
2022-02-22,655.0
2022-02-23,664.9
2022-02-24,640.0
2022-02-25,640.0
2022-02-28,658.9
2022-03-01,658.0
2022-03-02,640.0
2022-03-03,640.0
2022-03-04,626.0
2022-03-07,600.0
2022-03-08,600.0
2022-03-09,600.0
2022-03-10,591.0
2022-03-11,591.0
2022-03-14,617.0
2022-03-15,617.0
2022-03-16,605.0
2022-03-17,605.0
2022-03-18,602.1
2022-03-21,602.1
2022-03-22,600.0
2022-03-23,600.0
2022-03-24,595.0
2022-03-25,600.0
2022-03-28,600.0
2022-03-29,600.0
2022-03-30,600.0
2022-03-31,590.1
2022-04-01,590.0
2022-04-04,590.0
2022-04-05,602.0
2022-04-06,602.0
2022-04-07,602.0
2022-04-08,602.0
2022-04-11,594.9
2022-04-12,600.0
2022-04-13,590.0
2022-04-14,587.1
2022-04-15,580.0
2022-04-18,580.0
2022-04-19,590.0
2022-04-20,590.0
2022-04-21,599.0
2022-04-22,599.0
2022-04-25,584.6
2022-04-26,585.0
2022-04-27,585.0
2022-04-28,585.0
2022-04-29,580.0
2022-05-04,589.9
2022-05-05,589.9
2022-05-06,589.9
2022-05-09,592.9
2022-05-10,597.9
2022-05-11,590.0
2022-05-12,591.0
2022-05-13,590.0
2022-05-16,600.0
2022-05-17,600.0
2022-05-18,600.0
2022-05-19,592.0
2022-05-20,592.0
2022-05-23,571.6
2022-05-24,572.1
2022-05-25,572.6
2022-05-26,570.0
2022-05-27,570.0
2022-05-30,570.0
2022-05-31,568.0
2022-06-01,568.0
2022-06-02,568.5
2022-06-03,600.0
2022-06-06,600.0
2022-06-07,583.0
2022-06-08,583.0
2022-06-09,580.0
2022-06-10,585.0
2022-06-13,590.0
2022-06-14,590.0
2022-06-15,570.0
2022-06-16,570.0
2022-06-17,570.0
2022-06-20,570.0
2022-06-21,570.0
2022-06-22,553.0
2022-06-23,550.0
2022-06-24,550.0
2022-06-27,550.0
2022-06-28,550.0
2022-06-29,550.0
2022-06-30,550.0
2022-07-01,550.0
2022-07-04,541.1
2022-07-05,541.1
2022-07-06,541.5
2022-07-07,542.0
2022-07-08,540.0
2022-07-12,536.0
2022-07-13,536.0
2022-07-14,536.0
2022-07-15,550.0
2022-07-18,559.0
2022-07-19,560.0
2022-07-20,564.0
2022-07-21,564.0
2022-07-22,531.0
2022-07-25,501.0
2022-07-26,530.0
2022-07-27,530.0
2022-07-28,530.0
2022-07-29,530.0
2022-08-01,530.0
2022-08-02,530.0
2022-08-03,525.0
2022-08-04,520.0
2022-08-05,530.0
2022-08-08,530.0
2022-08-09,530.0
2022-08-10,530.0
2022-08-11,525.0
2022-08-12,535.0
2022-08-15,535.0
2022-08-16,511.0
2022-08-17,535.0
2022-08-18,535.0
2022-08-19,542.0
2022-08-22,556.0
2022-08-23,523.0
2022-08-24,521.0
2022-08-25,552.1
2022-08-26,520.0
2022-08-29,520.0
2022-08-30,517.3
2022-08-31,517.3
2022-09-01,517.3
2022-09-02,517.3
2022-09-05,517.3
2022-09-06,520.0
2022-09-07,520.0
2022-09-08,520.0
2022-09-09,511.0
2022-09-12,505.0
2022-09-13,526.9
2022-09-14,526.9
2022-09-15,526.9
2022-09-16,495.3
2022-09-19,518.0
2022-09-20,518.0
2022-09-21,517.0
2022-09-22,548.0
2022-09-23,580.8
2022-09-26,592.5
2022-09-27,560.0
2022-09-28,551.0
2022-09-29,530.0
2022-09-30,515.0
2022-10-03,515.0
2022-10-04,527.3
2022-10-05,516.0
2022-10-06,516.0
2022-10-07,510.1
2022-10-11,512.1
2022-10-12,510.0
2022-10-13,510.0
2022-10-14,523.5
2022-10-17,510.0
2022-10-18,510.1
2022-10-19,510.0
2022-10-20,502.0
2022-10-21,498.0
2022-10-24,493.0
2022-10-25,505.0
2022-10-26,505.5
2022-10-27,515.0
2022-10-28,523.0
2022-10-31,510.0
2022-11-01,515.0
2022-11-02,510.2
2022-11-03,510.0
2022-11-04,524.0
2022-11-07,524.0
2022-11-08,524.0
2022-11-09,524.0
2022-11-10,524.0
2022-11-11,524.0
2022-11-14,534.9
2022-11-15,510.0
2022-11-16,510.0
2022-11-17,519.9
2022-11-21,519.9
2022-11-22,519.9
2022-11-23,511.0
2022-11-24,525.0
2022-11-25,511.0
2022-11-28,515.0
2022-11-29,522.0
2022-11-30,506.1
2022-12-01,519.9
2022-12-02,521.9
2022-12-05,521.9
2022-12-06,506.5
2022-12-07,506.5
2022-12-08,506.5
2022-12-09,519.0
2022-12-12,510.0
2022-12-13,519.0
2022-12-14,520.5
2022-12-15,519.5
2022-12-16,510.0
2022-12-19,510.0
2022-12-20,510.0
2022-12-21,533.6
2022-12-22,533.6
2022-12-23,540.0
2022-12-26,549.0
2022-12-27,549.0
2022-12-28,549.0
2022-12-29,549.0
2022-12-30,541.8
2023-01-02,541.8
2023-01-03,510.0
2023-01-04,506.0
2023-01-05,500.0
2023-01-06,510.0
2023-01-09,510.0
2023-01-10,513.8
2023-01-12,519.9
2023-01-13,523.9
2023-01-16,523.0
2023-01-17,545.0
2023-01-18,535.0
2023-01-19,535.0
2023-01-20,512.0
2023-01-23,527.0
2023-01-24,527.0
2023-01-25,527.0
2023-01-26,527.0
2023-01-27,527.0
2023-01-30,505.7
2023-01-31,516.0
2023-02-01,521.2
2023-02-02,521.7
2023-02-03,521.0
2023-02-06,516.0
2023-02-07,529.0
2023-02-08,529.0
2023-02-09,551.7
2023-02-10,552.5
2023-02-13,552.5
2023-02-14,552.5
2023-02-15,539.8
2023-02-16,525.1
2023-02-17,534.0
2023-02-20,534.0
2023-02-21,524.0
2023-02-22,542.0
2023-02-23,542.0
2023-02-24,538.0
2023-02-27,531.0
2023-02-28,545.0
2023-03-01,548.0
2023-03-02,548.0
2023-03-03,548.0
2023-03-06,530.0
2023-03-07,530.0
2023-03-08,530.0
2023-03-09,530.0
2023-03-10,539.0
2023-03-13,539.0
2023-03-14,540.0
2023-03-15,538.9
2023-03-16,538.0
2023-03-17,519.0
2023-03-20,538.0
2023-03-21,538.0
2023-03-22,530.0
2023-03-23,539.0
2023-03-24,506.7
2023-03-27,519.0
2023-03-28,519.0
2023-03-29,519.0
2023-03-30,519.0
2023-03-31,506.0
2023-04-03,510.0
2023-04-04,510.0
2023-04-05,510.0
2023-04-06,508.0
2023-04-07,508.0
2023-04-10,492.0
2023-04-11,492.0
2023-04-12,492.0
2023-04-13,506.0
2023-04-14,506.0
2023-04-17,506.0
2023-04-18,506.0
2023-04-19,506.0
2023-04-20,511.0
2023-04-21,513.0
2023-04-25,513.0
2023-04-26,509.9
2023-04-27,509.9
2023-04-28,510.0
2023-05-02,510.0
2023-05-03,510.0
2023-05-04,510.0
2023-05-05,510.0
2023-05-08,510.0
2023-05-09,510.0
2023-05-10,505.9
2023-05-11,495.0
2023-05-12,495.0
2023-05-15,507.9
2023-05-16,507.9
2023-05-17,507.9
2023-05-18,496.0
2023-05-19,506.0
2023-05-22,505.8
2023-05-23,505.9
2023-05-24,500.0
2023-05-25,500.0
2023-05-26,507.0
2023-05-29,500.0
2023-05-30,505.0
2023-05-31,505.0
2023-06-01,499.9
2023-06-02,499.0
2023-06-05,495.0
2023-06-06,500.0
2023-06-07,500.0
2023-06-08,508.0
2023-06-09,497.0
2023-06-12,498.0
2023-06-13,507.0
2023-06-14,507.0
2023-06-15,500.0
2023-06-16,500.0
2023-06-19,510.0
2023-06-20,520.0
2023-06-21,519.9
2023-06-22,520.0
2023-06-23,520.0
2023-06-26,518.0
2023-06-27,518.0
2023-06-28,528.0
2023-07-03,526.0
2023-07-04,530.0
2023-07-05,525.0
2023-07-06,525.0
2023-07-07,525.0
2023-07-10,526.0
2023-07-11,527.1
2023-07-12,520.0
2023-07-13,520.0
2023-07-14,519.5
2023-07-17,519.8
2023-07-18,515.0
2023-07-20,515.0
2023-07-21,515.0
2023-07-24,517.0
2023-07-25,517.0
2023-07-26,518.0
2023-07-27,518.0
2023-07-28,525.0
2023-07-31,525.0
2023-08-01,536.0
2023-08-02,523.0
2023-08-03,535.0
2023-08-04,530.0
2023-08-07,541.0
2023-08-08,541.0
2023-08-09,538.0
2023-08-10,538.0
2023-08-11,540.0
2023-08-15,539.5
2023-08-16,545.0
2023-08-17,550.0
2023-08-18,521.0
2023-08-22,536.6
2023-08-23,536.6
2023-08-24,542.9
2023-08-25,525.0
2023-08-28,530.1
2023-08-29,539.0
2023-08-30,540.0
2023-08-31,530.0
2023-09-01,543.9
2023-09-04,530.1
2023-09-05,530.0
2023-09-06,525.5
2023-09-07,527.5
2023-09-08,530.0
2023-09-11,525.0
2023-09-12,525.1
2023-09-13,525.0
2023-09-14,521.0
2023-09-15,525.0
2023-09-18,533.8
2023-09-19,533.8
2023-09-20,535.0
2023-09-21,536.0
2023-09-22,545.0
2023-09-25,544.8
2023-09-26,535.0
2023-09-27,530.5
2023-10-02,520.1
2023-10-03,521.0
2023-10-04,552.0
2023-10-05,550.0
2023-10-06,570.0
2023-10-09,570.0
2023-10-10,570.0
2023-10-11,550.0
2023-10-12,570.9
2023-10-13,565.0
2023-10-16,569.0
2023-10-17,550.1
2023-10-18,550.0
2023-10-19,566.0
2023-10-20,563.0
2023-10-23,547.0
2023-10-24,580.0
2023-10-25,580.0
2023-10-26,578.9
2023-10-27,578.9
2023-10-30,547.5
2023-10-31,575.9
2023-11-01,575.0
2023-11-02,565.0
2023-11-03,565.0
2023-11-07,565.0
2023-11-08,570.0
2023-11-09,570.0
2023-11-10,578.0
2023-11-13,579.9
2023-11-14,554.1
2023-11-15,575.0
2023-11-16,574.9
2023-11-17,574.0
2023-11-20,575.0
2023-11-21,574.8
2023-11-22,575.0
2023-11-23,573.0
2023-11-24,568.0
2023-11-27,568.0
2023-11-28,570.0
2023-11-29,564.0
2023-11-30,560.0
2023-12-01,560.0
2023-12-04,556.0
2023-12-05,556.0
2023-12-06,550.0
2023-12-07,550.0
2023-12-08,545.0
2023-12-11,545.0
2023-12-12,575.0
2023-12-13,564.0
2023-12-14,564.0
2023-12-15,554.1
2023-12-18,554.1
2023-12-19,554.1
2023-12-20,565.0
2023-12-21,575.7
2023-12-22,575.0
2023-12-25,575.0
2023-12-26,580.0
2023-12-27,590.0
2023-12-28,590.0
2023-12-29,600.0
2024-01-02,600.0
2024-01-03,600.0
2024-01-04,608.0
2024-01-05,625.0
2024-01-08,649.0
2024-01-09,639.0
2024-01-10,620.0
2024-01-12,620.0
2024-01-15,637.9
2024-01-16,630.0
2024-01-17,648.0
2024-01-18,679.9
2024-01-19,678.0
2024-01-22,678.0
2024-01-23,652.0
2024-01-24,652.0
2024-01-25,650.0
2024-01-26,640.0
2024-01-29,668.5
2024-01-30,660.8
2024-01-31,662.0
2024-02-01,642.3
2024-02-02,650.1
2024-02-05,660.0
2024-02-06,650.0
2024-02-07,662.5
2024-02-08,685.0
2024-02-09,693.0
2024-02-12,694.9
2024-02-13,662.0
2024-02-14,670.0
2024-02-15,675.0
2024-02-16,678.0
2024-02-19,678.0
2024-02-20,678.0
2024-02-21,678.0
2024-02-22,679.0
2024-02-23,695.0
2024-02-26,694.9
2024-02-27,690.0
2024-02-28,692.0
2024-02-29,692.0
2024-03-01,689.7
2024-03-04,689.7
2024-03-05,671.0
2024-03-06,686.9
2024-03-07,686.9
2024-03-08,665.0
2024-03-11,670.0
2024-03-12,670.0
2024-03-13,685.0
2024-03-14,670.0
2024-03-15,678.0
2024-03-18,660.0
2024-03-19,670.0
2024-03-20,670.0
2024-03-21,650.0
2024-03-22,668.0
2024-03-25,667.8
2024-03-26,665.0
2024-03-27,660.0
2024-03-28,652.5
2024-03-29,659.0
2024-04-01,659.0
2024-04-02,659.0
2024-04-03,650.0
2024-04-04,650.1
2024-04-05,650.1
2024-04-08,695.0
2024-04-09,684.0
2024-04-15,685.0
2024-04-16,660.1
2024-04-17,684.0
2024-04-18,658.6
2024-04-19,663.0
2024-04-22,663.0
2024-04-23,663.0
2024-04-24,680.4
2024-04-25,660.2
2024-04-26,660.0
2024-04-29,678.3
2024-04-30,678.3
2024-05-02,678.3
2024-05-03,665.0
2024-05-06,665.0
2024-05-07,665.0
2024-05-08,654.0
2024-05-09,654.0
2024-05-10,664.0
2024-05-13,665.0
2024-05-14,665.0
2024-05-15,665.0
2024-05-16,664.9
2024-05-17,664.8
2024-05-20,664.9
2024-05-21,664.9
2024-05-22,665.0
2024-05-23,650.0
2024-05-24,665.0
2024-05-27,655.0
2024-05-28,655.0
2024-05-29,646.0
2024-05-30,646.0
2024-05-31,665.0
2024-06-03,646.1
2024-06-04,650.0
2024-06-05,650.0
2024-06-06,646.0
2024-06-07,664.8
2024-06-10,627.0
2024-06-11,631.0
2024-06-12,631.0
2024-06-13,631.0
2024-06-14,657.0
2024-06-19,660.0
2024-06-20,634.1
2024-06-21,634.1
2024-06-24,634.1
2024-06-25,649.9
2024-06-26,649.9
2024-06-27,640.0
2024-06-28,649.5
2024-07-01,650.0
2024-07-02,648.9
2024-07-03,630.0
2024-07-04,649.5
2024-07-05,649.9
2024-07-08,649.9
2024-07-09,642.0
2024-07-10,649.9
2024-07-11,650.0
2024-07-12,679.8
2024-07-15,645.8
2024-07-16,640.0
2024-07-17,643.0
2024-07-18,645.0
2024-07-19,644.9
2024-07-22,644.0
2024-07-23,630.0
2024-07-24,630.1
2024-07-25,645.0
2024-07-26,644.0
2024-07-29,643.9
2024-07-31,630.0
2024-08-01,644.9
2024-08-02,640.0
2024-08-05,632.0
2024-08-06,643.0
2024-08-07,640.0
2024-08-08,632.1
2024-08-09,630.0
2024-08-12,630.0
2024-08-13,630.0
2024-08-15,630.0
2024-08-16,630.0
2024-08-19,630.0
2024-08-22,630.0
2024-08-23,630.0
2024-08-26,638.0
2024-08-27,637.0
2024-08-28,625.0
2024-08-29,625.0
2024-08-30,640.0
2024-09-02,625.0
2024-09-03,625.0
2024-09-04,640.0
2024-09-05,649.9
2024-09-06,649.9
2024-09-09,627.0
2024-09-10,627.0
2024-09-11,627.0
2024-09-12,625.0
2024-09-13,630.0
2024-09-18,640.0
2024-09-19,625.1
2024-09-20,625.1
2024-09-23,625.1
2024-09-24,630.1
2024-09-25,646.0
2024-09-26,640.0
2024-09-27,660.0
2024-09-30,658.0
2024-10-01,662.0
2024-10-02,630.0
2024-10-03,655.7
2024-10-04,640.0
2024-10-07,653.0
2024-10-08,658.5
2024-10-09,658.5
2024-10-10,640.0
2024-10-11,655.0
2024-10-14,640.0
2024-10-15,630.0
2024-10-16,626.1
2024-10-17,630.0
2024-10-18,645.0
2024-10-21,645.0
2024-10-22,645.0
2024-10-23,639.0
2024-10-24,639.0
2024-10-25,639.0
2024-10-28,639.0
2024-10-29,639.0
2024-10-30,627.0
2024-10-31,620.0
2024-11-01,625.0
2024-11-04,601.2
2024-11-05,625.0
2024-11-07,635.0
2024-11-08,625.0
2024-11-11,625.0
2024-11-12,630.0
2024-11-13,625.0
2024-11-14,626.0
2024-11-15,625.0
2024-11-19,625.0
2024-11-20,634.0
2024-11-21,615.0
2024-11-22,615.0
2024-11-25,627.9
2024-11-26,639.0
2024-11-27,645.0
2024-11-28,645.0
2024-11-29,645.0
2024-12-02,645.0
2024-12-03,651.0
2024-12-04,651.0
2024-12-05,651.0
2024-12-06,650.0
2024-12-09,649.9
2024-12-10,622.0
2024-12-11,640.0
2024-12-12,640.0
2024-12-13,640.0
2024-12-16,640.0
2024-12-17,650.0
2024-12-18,650.0
2024-12-19,650.0
2024-12-20,650.0
2024-12-23,650.0
2024-12-24,650.0
2024-12-25,631.0
2024-12-26,650.0
2024-12-27,650.0
2024-12-30,631.1
2024-12-31,605.0
2025-01-02,629.0
2025-01-03,647.0
2025-01-06,647.0
2025-01-07,630.0
2025-01-08,630.0
2025-01-09,630.1
2025-01-10,685.0
2025-01-13,652.1
2025-01-15,650.0
2025-01-16,650.0
2025-01-17,679.9
2025-01-20,678.0
2025-01-21,660.1
2025-01-22,660.0
2025-01-23,660.0
2025-01-24,693.9
2025-01-27,670.0
2025-01-28,670.0
2025-01-29,691.8
2025-01-30,699.0
2025-01-31,729.0
2025-02-03,729.0
2025-02-04,700.0
2025-02-05,686.0
2025-02-06,686.0
2025-02-07,699.0
2025-02-10,699.0
2025-02-11,719.9
2025-02-12,700.0
2025-02-13,700.0
2025-02-14,730.0
2025-02-17,735.0
2025-02-18,740.0
2025-02-19,779.8
2025-02-20,810.1
2025-02-21,778.0
2025-02-24,780.0
2025-02-25,760.0
2025-02-26,765.0
2025-02-27,765.0
2025-02-28,772.0
2025-03-03,770.0
2025-03-04,780.0
2025-03-05,780.0
2025-03-06,756.1
2025-03-07,775.0
2025-03-10,789.9
2025-03-11,760.0
2025-03-12,799.9
2025-03-13,780.0
2025-03-14,790.0
2025-03-17,790.1
2025-03-18,790.1
2025-03-19,805.0
2025-03-20,820.0
2025-03-21,848.0
2025-03-24,850.0
2025-03-25,827.0
2025-03-26,825.9
2025-03-27,824.0
2025-03-28,824.0
2025-04-02,824.0
2025-04-03,791.0
2025-04-04,795.0
2025-04-07,750.0
2025-04-08,790.0
2025-04-09,780.0
2025-04-10,820.0
2025-04-11,820.0
2025-04-14,820.0
2025-04-15,849.9
2025-04-16,820.0
2025-04-17,820.0
2025-04-18,840.0
2025-04-21,839.9
2025-04-22,839.9
2025-04-23,839.9
2025-04-24,839.9
2025-04-25,840.0
2025-04-28,791.1
2025-04-29,809.0
2025-04-30,809.0
2025-05-02,824.0
2025-05-05,824.0
2025-05-06,855.7
2025-05-07,880.0
2025-05-08,835.0
2025-05-09,830.0
