date,NKL
2010-07-12,64.22
2010-07-13,70.64
2010-07-14,74.5
2010-07-15,81.94
2010-07-16,86.0
2010-07-19,82.0
2010-07-20,79.3
2010-07-21,79.3
2010-07-22,78.0
2010-07-23,79.5
2010-07-26,77.2
2010-07-27,75.0
2010-07-28,74.0
2010-07-29,74.8
2010-08-02,75.8
2010-08-03,76.9
2010-08-04,76.9
2010-08-05,77.5
2010-08-06,77.0
2010-08-09,76.6
2010-08-10,76.6
2010-08-11,76.4
2010-08-12,72.0
2010-08-13,72.2
2010-08-16,71.0
2010-08-17,70.9
2010-08-18,71.0
2010-08-19,69.5
2010-08-23,70.92
2010-08-24,72.0
2010-08-25,74.0
2010-08-26,72.6
2010-08-27,72.9
2010-08-30,70.26
2010-08-31,70.36
2010-09-01,74.0
2010-09-02,74.0
2010-09-03,74.14
2010-09-06,74.94
2010-09-07,73.8
2010-09-08,74.88
2010-09-09,73.5
2010-09-13,74.0
2010-09-14,73.8
2010-09-15,72.8
2010-09-16,70.04
2010-09-17,72.0
2010-09-20,70.6
2010-09-21,70.36
2010-09-22,71.0
2010-09-23,70.66
2010-09-24,71.8
2010-09-27,70.2
2010-09-28,70.0
2010-09-29,71.48
2010-09-30,71.0
2010-10-01,70.7
2010-10-04,69.38
2010-10-05,68.0
2010-10-06,68.2
2010-10-07,70.0
2010-10-08,70.0
2010-10-11,70.02
2010-10-12,71.0
2010-10-13,72.0
2010-10-14,70.82
2010-10-15,71.8
2010-10-18,70.7
2010-10-19,72.0
2010-10-20,74.0
2010-10-21,74.0
2010-10-22,73.1
2010-10-25,73.5
2010-10-26,73.88
2010-10-27,72.5
2010-10-28,72.1
2010-10-29,73.0
2010-11-01,71.98
2010-11-02,70.6
2010-11-03,70.66
2010-11-04,70.8
2010-11-05,71.0
2010-11-08,70.98
2010-11-09,70.0
2010-11-10,70.0
2010-11-11,69.8
2010-11-12,70.2
2010-11-15,70.0
2010-11-16,69.96
2010-11-19,70.48
2010-11-22,69.9
2010-11-23,70.0
2010-11-24,70.02
2010-11-25,69.2
2010-11-26,69.84
2010-11-29,68.42
2010-11-30,69.66
2010-12-01,68.56
2010-12-02,68.72
2010-12-03,68.7
2010-12-06,68.0
2010-12-08,68.0
2010-12-09,68.6
2010-12-10,67.64
2010-12-13,67.0
2010-12-14,68.0
2010-12-15,68.0
2010-12-16,68.0
2010-12-17,67.0
2010-12-20,66.0
2010-12-21,66.5
2010-12-22,67.5
2010-12-23,66.5
2010-12-24,66.2
2010-12-27,66.12
2010-12-28,66.5
2010-12-29,66.0
2010-12-30,66.9
2010-12-31,66.0
2011-01-03,66.88
2011-01-04,68.3
2011-01-05,70.44
2011-01-06,68.9
2011-01-07,70.9
2011-01-10,68.0
2011-01-12,64.0
2011-01-13,63.98
2011-01-14,65.0
2011-01-17,65.0
2011-01-18,65.0
2011-01-19,65.0
2011-01-20,65.0
2011-01-21,65.0
2011-01-24,65.0
2011-01-25,65.0
2011-01-26,65.0
2011-01-27,65.0
2011-01-28,65.0
2011-01-31,65.0
2011-02-01,65.0
2011-02-02,61.1
2011-02-03,57.44
2011-02-04,54.0
2011-02-07,50.76
2011-02-08,53.8
2011-02-09,55.12
2011-02-10,54.0
2011-02-11,53.0
2011-02-14,52.0
2011-02-15,51.3
2011-02-18,50.86
2011-02-21,47.82
2011-02-22,47.94
2011-02-23,46.36
2011-02-24,45.98
2011-02-25,46.3
2011-02-28,46.5
2011-03-01,46.5
2011-03-02,46.5
2011-03-03,46.5
2011-03-04,46.5
2011-03-07,48.5
2011-03-08,49.9
2011-03-09,49.0
2011-03-10,48.5
2011-03-11,48.5
2011-03-14,48.0
2011-03-15,47.56
2011-03-16,47.88
2011-03-17,46.52
2011-03-18,47.5
2011-03-21,46.5
2011-03-22,46.9
2011-03-23,46.8
2011-03-24,46.76
2011-03-25,46.7
2011-03-28,47.44
2011-03-29,45.8
2011-03-30,47.5
2011-03-31,46.8
2011-04-01,45.8
2011-04-04,43.06
2011-04-05,43.02
2011-04-06,43.5
2011-04-07,41.0
2011-04-08,40.98
2011-04-11,41.8
2011-04-12,41.0
2011-04-13,40.98
2011-04-14,40.0
2011-04-15,38.5
2011-04-18,38.5
2011-04-19,38.34
2011-04-20,37.2
2011-04-21,37.02
2011-04-22,35.82
2011-04-25,37.0
2011-04-26,36.7
2011-04-27,38.9
2011-04-28,36.72
2011-04-29,37.6
2011-05-02,38.9
2011-05-03,40.0
2011-05-04,40.0
2011-05-05,39.12
2011-05-06,39.9
2011-05-09,39.46
2011-05-10,39.44
2011-05-11,39.38
2011-05-12,39.3
2011-05-13,39.0
2011-05-16,39.4
2011-05-17,39.0
2011-05-18,39.0
2011-05-19,39.58
2011-05-20,39.5
2011-05-23,41.0
2011-05-24,42.5
2011-05-25,40.2
2011-05-26,42.4
2011-05-27,42.5
2011-05-30,43.4
2011-05-31,43.5
2011-06-01,43.5
2011-06-02,44.6
2011-06-03,43.5
2011-06-06,42.7
2011-06-07,42.9
2011-06-08,42.0
2011-06-09,42.98
2011-06-10,41.9
2011-06-13,42.2
2011-06-14,42.0
2011-06-15,42.0
2011-06-16,40.0
2011-06-17,40.3
2011-06-20,40.5
2011-06-21,39.9
2011-06-22,38.7
2011-06-23,39.0
2011-06-24,39.0
2011-06-27,39.0
2011-06-28,37.0
2011-06-29,38.3
2011-06-30,38.36
2011-07-01,39.0
2011-07-04,38.8
2011-07-05,38.78
2011-07-06,38.8
2011-07-07,38.72
2011-07-08,38.5
2011-07-11,37.5
2011-07-12,38.48
2011-07-13,38.5
2011-07-14,38.5
2011-07-15,37.8
2011-07-18,38.46
2011-07-19,38.28
2011-07-20,37.0
2011-07-21,36.0
2011-07-22,36.2
2011-07-25,36.0
2011-07-26,35.76
2011-07-27,35.98
2011-07-28,35.9
2011-07-29,35.0
2011-08-01,34.94
2011-08-02,34.5
2011-08-03,33.78
2011-08-04,32.26
2011-08-05,32.34
2011-08-08,32.8
2011-08-09,32.34
2011-08-10,34.28
2011-08-11,34.9
2011-08-12,35.0
2011-08-15,35.96
2011-08-16,35.0
2011-08-17,35.96
2011-08-18,35.24
2011-08-19,35.58
2011-08-22,35.56
2011-08-23,35.4
2011-08-24,35.24
2011-08-25,34.94
2011-08-26,34.9
2011-08-29,35.18
2011-08-30,34.7
2011-09-02,35.0
2011-09-05,37.1
2011-09-06,39.3
2011-09-07,39.5
2011-09-08,40.82
2011-09-09,41.32
2011-09-12,38.86
2011-09-13,38.88
2011-09-14,39.26
2011-09-15,36.92
2011-09-16,37.38
2011-09-19,36.44
2011-09-20,36.9
2011-09-21,36.84
2011-09-22,36.0
2011-09-23,36.82
2011-09-26,36.18
2011-09-27,35.0
2011-09-28,35.9
2011-09-29,35.92
2011-09-30,35.0
2011-10-03,34.82
2011-10-04,34.82
2011-10-05,34.4
2011-10-06,34.1
2011-10-07,33.08
2011-10-10,33.8
2011-10-11,33.14
2011-10-12,33.5
2011-10-13,33.4
2011-10-14,33.22
2011-10-17,33.48
2011-10-18,33.46
2011-10-19,34.0
2011-10-20,33.86
2011-10-21,33.68
2011-10-24,33.76
2011-10-25,33.76
2011-10-26,34.38
2011-10-27,34.08
2011-10-28,34.04
2011-10-31,33.96
2011-11-01,34.5
2011-11-02,35.0
2011-11-03,34.0
2011-11-04,34.68
2011-11-09,34.5
2011-11-10,34.9
2011-11-11,34.6
2011-11-14,35.96
2011-11-15,38.1
2011-11-16,36.9
2011-11-17,37.0
2011-11-21,35.2
2011-11-22,35.9
2011-11-23,36.0
2011-11-24,37.5
2011-11-25,36.0
2011-11-28,37.0
2011-11-29,37.8
2011-11-30,37.78
2011-12-01,38.0
2011-12-02,38.2
2011-12-05,38.0
2011-12-06,37.8
2011-12-07,37.5
2011-12-08,37.98
2011-12-09,38.96
2011-12-12,39.0
2011-12-13,39.14
2011-12-14,41.48
2011-12-15,43.96
2011-12-16,43.6
2011-12-19,42.5
2011-12-20,43.5
2011-12-21,43.0
2011-12-22,43.2
2011-12-23,43.2
2011-12-26,42.68
2011-12-27,41.52
2011-12-28,40.0
2011-12-29,40.0
2011-12-30,39.5
2012-01-02,41.46
2012-01-03,40.36
2012-01-04,40.4
2012-01-05,40.8
2012-01-06,40.94
2012-01-09,40.58
2012-01-10,40.9
2012-01-12,40.1
2012-01-13,40.88
2012-01-16,40.0
2012-01-17,40.44
2012-01-18,39.86
2012-01-19,39.58
2012-01-20,38.0
2012-01-23,38.5
2012-01-24,39.3
2012-01-25,39.4
2012-01-26,39.44
2012-01-27,39.38
2012-01-30,38.5
2012-01-31,38.0
2012-02-01,37.98
2012-02-02,37.9
2012-02-03,38.0
2012-02-07,38.0
2012-02-08,38.0
2012-02-09,38.0
2012-02-10,39.9
2012-02-13,39.7
2012-02-14,39.0
2012-02-15,38.0
2012-02-16,38.9
2012-02-17,37.28
2012-02-20,37.2
2012-02-21,38.36
2012-02-22,37.96
2012-02-23,38.9
2012-02-24,37.56
2012-02-27,38.0
2012-02-28,38.0
2012-02-29,37.7
2012-03-01,38.5
2012-03-02,38.0
2012-03-05,38.0
2012-03-06,38.0
2012-03-07,37.3
2012-03-08,38.0
2012-03-09,38.0
2012-03-12,38.0
2012-03-13,36.82
2012-03-14,36.82
2012-03-15,38.5
2012-03-16,39.0
2012-03-19,41.0
2012-03-20,42.2
2012-03-21,44.2
2012-03-22,42.0
2012-03-23,42.94
2012-03-26,42.84
2012-03-27,41.02
2012-03-28,42.4
2012-03-29,44.5
2012-03-30,44.5
2012-04-02,44.1
2012-04-03,42.5
2012-04-04,41.96
2012-04-05,41.0
2012-04-06,41.0
2012-04-09,41.98
2012-04-10,41.0
2012-04-11,41.0
2012-04-12,41.4
2012-04-13,41.0
2012-04-16,40.22
2012-04-17,40.94
2012-04-18,41.0
2012-04-19,41.64
2012-04-20,43.02
2012-04-23,42.7
2012-04-24,42.74
2012-04-25,44.4
2012-04-26,43.8
2012-04-27,43.04
2012-04-30,42.02
2012-05-02,42.0
2012-05-03,42.0
2012-05-04,42.0
2012-05-07,42.08
2012-05-08,43.4
2012-05-09,42.88
2012-05-10,42.22
2012-05-11,44.42
2012-05-14,46.02
2012-05-15,48.4
2012-05-16,50.02
2012-05-17,49.02
2012-05-18,48.74
2012-05-21,48.76
2012-05-22,48.1
2012-05-23,49.0
2012-05-24,48.78
2012-05-25,48.0
2012-05-28,47.66
2012-05-29,48.9
2012-05-30,48.3
2012-05-31,48.0
2012-06-01,48.48
2012-06-04,48.3
2012-06-05,48.5
2012-06-06,48.28
2012-06-07,48.46
2012-06-08,48.0
2012-06-11,47.8
2012-06-12,47.86
2012-06-13,48.0
2012-06-14,48.78
2012-06-15,48.84
2012-06-18,48.78
2012-06-19,49.0
2012-06-20,50.0
2012-06-21,50.18
2012-06-22,50.6
2012-06-25,50.74
2012-06-26,48.66
2012-06-27,49.8
2012-06-28,49.8
2012-06-29,49.6
2012-07-02,50.1
2012-07-03,49.6
2012-07-04,49.82
2012-07-05,50.5
2012-07-06,51.0
2012-07-09,52.5
2012-07-10,55.64
2012-07-11,57.24
2012-07-12,57.76
2012-07-13,58.1
2012-07-16,56.62
2012-07-17,56.5
2012-07-18,58.0
2012-07-19,60.0
2012-07-20,60.0
2012-07-23,63.6
2012-07-24,65.5
2012-07-25,63.0
2012-07-26,64.0
2012-07-27,61.22
2012-07-31,62.5
2012-08-01,60.9
2012-08-02,61.3
2012-08-03,59.42
2012-08-06,57.5
2012-08-07,58.2
2012-08-08,58.0
2012-08-09,56.7
2012-08-10,56.96
2012-08-13,57.98
2012-08-15,57.9
2012-08-16,57.34
2012-08-17,56.72
2012-08-22,57.96
2012-08-23,57.04
2012-08-24,57.04
2012-08-27,57.4
2012-08-28,57.48
2012-08-29,57.4
2012-08-30,57.34
2012-08-31,58.2
2012-09-03,58.96
2012-09-04,58.96
2012-09-05,57.0
2012-09-06,57.0
2012-09-07,55.3
2012-09-10,52.0
2012-09-11,52.0
2012-09-12,52.5
2012-09-13,52.98
2012-09-14,53.16
2012-09-17,52.5
2012-09-18,50.0
2012-09-19,50.0
2012-09-20,47.72
2012-09-21,49.86
2012-09-24,48.26
2012-09-25,51.14
2012-09-26,53.46
2012-09-27,56.66
2012-09-28,55.94
2012-10-01,53.22
2012-10-02,52.02
2012-10-03,55.14
2012-10-04,56.8
2012-10-05,56.0
2012-10-08,55.0
2012-10-09,55.0
2012-10-10,54.36
2012-10-11,54.8
2012-10-12,54.0
2012-10-15,53.9
2012-10-16,55.66
2012-10-17,53.08
2012-10-18,51.0
2012-10-19,50.62
2012-10-22,52.5
2012-10-23,53.5
2012-10-24,54.5
2012-10-25,53.0
2012-10-29,53.22
2012-10-30,53.0
2012-10-31,53.02
2012-11-01,53.5
2012-11-02,54.0
2012-11-05,55.0
2012-11-07,55.0
2012-11-08,55.0
2012-11-09,55.0
2012-11-12,55.0
2012-11-13,55.0
2012-11-15,55.0
2012-11-19,55.0
2012-11-20,58.3
2012-11-21,58.2
2012-11-22,55.9
2012-11-23,55.9
2012-11-26,56.48
2012-11-27,56.0
2012-11-28,55.0
2012-11-29,56.4
2012-11-30,56.48
2012-12-03,55.0
2012-12-04,56.5
2012-12-05,55.2
2012-12-06,55.4
2012-12-07,56.0
2012-12-10,55.0
2012-12-11,54.72
2012-12-12,51.44
2012-12-13,50.0
2012-12-14,49.5
2012-12-17,48.1
2012-12-18,45.5
2012-12-19,43.06
2012-12-20,43.5
2012-12-21,45.9
2012-12-24,48.64
2012-12-25,51.54
2012-12-26,48.46
2012-12-27,49.0
2012-12-28,46.06
2012-12-31,43.3
2013-01-02,41.1
2013-01-03,41.56
2013-01-04,41.2
2013-01-07,42.02
2013-01-08,43.1
2013-01-09,42.66
2013-01-10,42.48
2013-01-14,42.2
2013-01-15,40.62
2013-01-16,41.38
2013-01-17,39.5
2013-01-18,37.14
2013-01-21,37.4
2013-01-22,38.16
2013-01-23,40.0
2013-01-28,42.12
2013-01-29,40.66
2013-01-30,41.5
2013-01-31,40.5
2013-02-01,41.3
2013-02-04,40.14
2013-02-05,41.26
2013-02-06,39.0
2013-02-07,38.51
2013-02-08,39.67
2013-02-11,39.2
2013-02-12,38.89
2013-02-13,38.02
2013-02-14,38.9
2013-02-15,38.5
2013-02-18,38.32
2013-02-19,38.99
2013-02-20,38.8
2013-02-21,38.8
2013-02-22,38.2
2013-02-25,40.0
2013-02-26,39.8
2013-02-27,39.7
2013-02-28,40.0
2013-03-01,39.0
2013-03-04,38.5
2013-03-05,40.47
2013-03-06,40.0
2013-03-07,40.32
2013-03-08,40.0
2013-03-11,39.52
2013-03-12,40.0
2013-03-13,40.99
2013-03-14,40.96
2013-03-15,40.5
2013-03-18,40.8
2013-03-19,40.0
2013-03-20,39.9
2013-03-21,38.39
2013-03-22,39.88
2013-03-25,39.8
2013-03-26,38.45
2013-03-27,38.54
2013-03-28,39.4
2013-03-29,38.39
2013-04-01,39.28
2013-04-02,38.9
2013-04-03,38.0
2013-04-04,38.89
2013-04-05,38.5
2013-04-08,37.0
2013-04-09,38.5
2013-04-10,37.5
2013-04-11,37.1
2013-04-12,38.49
2013-04-15,37.16
2013-04-16,37.51
2013-04-17,37.5
2013-04-18,37.5
2013-04-19,37.25
2013-04-22,37.0
2013-04-23,37.4
2013-04-24,37.0
2013-04-25,37.0
2013-04-26,37.1
2013-04-29,36.1
2013-04-30,36.1
2013-05-02,37.0
2013-05-03,37.0
2013-05-06,37.0
2013-05-07,37.0
2013-05-08,37.08
2013-05-09,37.0
2013-05-10,37.0
2013-05-13,36.3
2013-05-14,36.95
2013-05-15,37.15
2013-05-16,37.78
2013-05-17,37.78
2013-05-20,36.5
2013-05-21,37.45
2013-05-22,37.49
2013-05-23,37.2
2013-05-24,38.5
2013-05-27,38.1
2013-05-28,38.2
2013-05-29,39.4
2013-05-30,39.2
2013-05-31,39.2
2013-06-03,39.1
2013-06-04,37.0
2013-06-05,38.7
2013-06-06,38.7
2013-06-07,37.0
2013-06-10,38.0
2013-06-11,38.39
2013-06-12,37.6
2013-06-13,38.3
2013-06-14,36.92
2013-06-17,37.5
2013-06-18,37.9
2013-06-19,37.84
2013-06-20,37.72
2013-06-21,37.66
2013-06-24,37.66
2013-06-25,38.0
2013-06-26,36.15
2013-06-27,36.0
2013-06-28,36.95
2013-07-01,36.1
2013-07-02,36.95
2013-07-03,36.5
2013-07-04,36.88
2013-07-05,36.8
2013-07-08,36.8
2013-07-09,35.53
2013-07-10,36.5
2013-07-11,36.0
2013-07-12,36.0
2013-07-15,35.6
2013-07-16,36.45
2013-07-17,35.04
2013-07-18,36.5
2013-07-19,37.0
2013-07-22,37.8
2013-07-23,36.0
2013-07-24,36.6
2013-07-25,37.9
2013-07-26,36.0
2013-07-29,36.0
2013-07-31,35.22
2013-08-01,36.0
2013-08-02,37.0
2013-08-05,36.0
2013-08-06,36.0
2013-08-07,36.5
2013-08-08,37.0
2013-08-12,37.0
2013-08-13,37.1
2013-08-15,37.2
2013-08-16,37.2
2013-08-19,35.15
2013-08-22,35.15
2013-08-23,36.89
2013-08-26,36.89
2013-08-27,36.89
2013-08-28,35.0
2013-08-29,34.5
2013-08-30,34.0
2013-09-02,35.98
2013-09-03,38.0
2013-09-04,38.5
2013-09-05,38.5
2013-09-06,36.19
2013-09-09,37.5
2013-09-10,37.5
2013-09-11,37.5
2013-09-12,37.5
2013-09-13,37.5
2013-09-16,36.95
2013-09-17,34.74
2013-09-18,34.2
2013-09-19,34.7
2013-09-20,34.7
2013-09-23,34.7
2013-09-24,33.56
2013-09-25,33.61
2013-09-26,34.3
2013-09-27,34.4
2013-09-30,34.68
2013-10-01,35.69
2013-10-02,34.5
2013-10-03,34.31
2013-10-04,35.3
2013-10-07,35.0
2013-10-08,35.1
2013-10-09,35.1
2013-10-10,35.08
2013-10-11,34.73
2013-10-14,34.5
2013-10-15,35.3
2013-10-21,35.3
2013-10-22,35.0
2013-10-23,35.44
2013-10-24,35.14
2013-10-25,36.88
2013-10-28,36.5
2013-10-29,35.55
2013-10-30,35.7
2013-10-31,35.52
2013-11-01,35.5
2013-11-04,36.3
2013-11-07,35.68
2013-11-08,36.26
2013-11-11,35.6
2013-11-12,35.6
2013-11-13,35.0
2013-11-14,35.99
2013-11-15,35.99
2013-11-19,35.0
2013-11-20,35.8
2013-11-21,35.1
2013-11-22,35.0
2013-11-25,35.0
2013-11-26,34.01
2013-11-27,34.0
2013-11-28,33.11
2013-11-29,34.89
2013-12-02,34.5
2013-12-03,36.0
2013-12-04,35.8
2013-12-05,34.6
2013-12-06,35.78
2013-12-09,35.5
2013-12-10,35.0
2013-12-11,34.74
2013-12-12,34.73
2013-12-13,35.7
2013-12-16,34.7
2013-12-17,34.62
2013-12-18,34.62
2013-12-19,34.6
2013-12-20,34.6
2013-12-23,35.7
2013-12-24,35.62
2013-12-25,35.62
2013-12-26,35.49
2013-12-27,35.0
2013-12-30,33.74
2013-12-31,34.69
2014-01-02,33.1
2014-01-03,34.67
2014-01-06,34.0
2014-01-07,34.0
2014-01-08,33.2
2014-01-09,33.22
2014-01-10,34.5
2014-01-13,35.0
2014-01-16,35.0
2014-01-17,35.0
2014-01-20,35.0
2014-01-21,35.36
2014-01-22,34.15
2014-01-23,34.43
2014-01-24,34.8
2014-01-27,35.89
2014-01-28,38.04
2014-01-29,38.63
2014-01-30,38.8
2014-01-31,38.5
2014-02-03,38.5
2014-02-04,38.5
2014-02-05,38.4
2014-02-06,38.4
2014-02-07,37.8
2014-02-10,37.8
2014-02-11,37.2
2014-02-12,37.2
2014-02-13,38.0
2014-02-14,38.0
2014-02-17,37.0
2014-02-18,37.0
2014-02-19,36.67
2014-02-20,37.8
2014-02-21,37.8
2014-02-24,37.0
2014-02-25,37.0
2014-02-26,37.0
2014-02-27,36.64
2014-02-28,36.66
2014-03-03,36.04
2014-03-04,36.98
2014-03-05,37.3
2014-03-06,37.5
2014-03-07,37.4
2014-03-10,37.0
2014-03-11,37.0
2014-03-12,38.45
2014-03-13,38.79
2014-03-14,37.54
2014-03-17,37.54
2014-03-18,38.3
2014-03-19,38.0
2014-03-20,40.0
2014-03-21,42.8
2014-03-24,42.8
2014-03-25,45.19
2014-03-26,45.4
2014-03-27,44.0
2014-03-28,44.6
2014-03-31,44.15
2014-04-01,43.0
2014-04-02,43.74
2014-04-03,42.66
2014-04-04,41.3
2014-04-07,43.77
2014-04-08,43.77
2014-04-09,42.18
2014-04-10,42.5
2014-04-11,42.21
2014-04-14,42.21
2014-04-15,42.28
2014-04-16,41.5
2014-04-17,43.0
2014-04-18,43.0
2014-04-21,45.4
2014-04-22,45.88
2014-04-23,45.75
2014-04-24,45.79
2014-04-25,45.79
2014-04-28,46.5
2014-04-29,45.0
2014-04-30,45.0
2014-05-02,45.0
2014-05-05,45.97
2014-05-06,45.97
2014-05-07,44.05
2014-05-08,43.1
2014-05-09,45.3
2014-05-12,44.0
2014-05-13,44.0
2014-05-14,43.0
2014-05-15,43.2
2014-05-16,43.5
2014-05-19,44.44
2014-05-20,45.68
2014-05-21,45.68
2014-05-22,45.4
2014-05-23,45.0
2014-05-26,45.0
2014-05-27,44.5
2014-05-28,44.5
2014-05-29,44.45
2014-05-30,45.0
2014-06-02,45.33
2014-06-03,45.0
2014-06-04,44.98
2014-06-05,43.01
2014-06-06,44.25
2014-06-09,44.19
2014-06-10,44.25
2014-06-11,44.25
2014-06-12,43.99
2014-06-13,43.97
2014-06-16,43.97
2014-06-17,44.0
2014-06-18,43.0
2014-06-19,43.0
2014-06-20,43.9
2014-06-23,44.25
2014-06-24,43.25
2014-06-25,44.78
2014-06-26,44.0
2014-06-27,42.5
2014-06-30,43.5
2014-07-01,43.43
2014-07-02,42.0
2014-07-03,43.35
2014-07-04,42.89
2014-07-07,42.89
2014-07-08,42.8
2014-07-09,42.8
2014-07-10,42.6
2014-07-11,42.97
2014-07-14,42.97
2014-07-15,42.86
2014-07-16,42.86
2014-07-17,42.9
2014-07-18,42.89
2014-07-21,42.78
2014-07-22,42.89
2014-07-23,42.0
2014-07-24,42.89
2014-07-25,42.5
2014-07-31,42.8
2014-08-01,42.3
2014-08-04,42.65
2014-08-05,42.65
2014-08-06,42.65
2014-08-07,42.65
2014-08-08,42.65
2014-08-11,42.65
2014-08-12,42.65
2014-08-13,42.65
2014-08-15,42.65
2014-08-18,42.8
2014-08-19,43.5
2014-08-22,42.0
2014-08-25,42.5
2014-08-26,42.75
2014-08-27,42.75
2014-08-28,42.88
2014-08-29,42.88
2014-09-01,45.45
2014-09-02,43.9
2014-09-03,44.03
2014-09-04,45.87
2014-09-05,45.4
2014-09-08,44.35
2014-09-09,45.3
2014-09-10,44.95
2014-09-11,44.25
2014-09-12,44.8
2014-09-15,44.8
2014-09-16,44.0
2014-09-17,43.82
2014-09-18,44.0
2014-09-19,44.79
2014-09-22,44.79
2014-09-23,44.75
2014-09-24,44.0
2014-09-25,44.0
2014-09-26,44.55
2014-09-29,44.55
2014-09-30,44.0
2014-10-01,44.0
2014-10-02,44.0
2014-10-03,44.1
2014-10-07,44.61
2014-10-08,44.35
2014-10-09,44.36
2014-10-10,45.0
2014-10-13,46.0
2014-10-14,46.0
2014-10-15,46.1
2014-10-16,46.0
2014-10-17,46.3
2014-10-20,45.0
2014-10-21,45.5
2014-10-22,44.36
2014-10-23,44.8
2014-10-24,44.8
2014-10-27,44.9
2014-10-28,43.91
2014-10-29,45.0
2014-10-30,44.13
2014-10-31,44.16
2014-11-03,44.17
2014-11-04,44.0
2014-11-05,43.75
2014-11-07,43.76
2014-11-10,42.42
2014-11-11,43.98
2014-11-12,44.0
2014-11-13,42.91
2014-11-14,43.98
2014-11-17,43.5
2014-11-19,43.5
2014-11-20,43.01
2014-11-21,43.49
2014-11-24,42.15
2014-11-25,43.5
2014-11-26,43.5
2014-11-27,42.2
2014-11-28,42.2
2014-12-01,41.02
2014-12-02,41.05
2014-12-03,43.51
2014-12-04,41.3
2014-12-05,41.25
2014-12-08,41.0
2014-12-09,41.5
2014-12-10,42.99
2014-12-11,42.32
2014-12-12,42.2
2014-12-15,40.23
2014-12-16,41.95
2014-12-17,40.6
2014-12-18,41.99
2014-12-19,40.6
2014-12-22,40.0
2014-12-23,39.72
2014-12-24,38.22
2014-12-25,40.3
2014-12-26,41.0
2014-12-29,41.38
2014-12-30,41.4
2014-12-31,40.9
2015-01-02,40.0
2015-01-06,40.5
2015-01-07,40.0
2015-01-08,39.5
2015-01-09,41.32
2015-01-12,41.32
2015-01-13,40.0
2015-01-14,40.98
2015-01-15,39.51
2015-01-16,40.8
2015-01-19,41.2
2015-01-20,40.5
2015-01-21,41.5
2015-01-22,40.32
2015-01-23,42.2
2015-01-26,41.9
2015-01-27,40.1
2015-01-28,40.96
2015-01-29,39.8
2015-01-30,40.0
2015-02-02,39.6
2015-02-03,40.0
2015-02-04,40.0
2015-02-05,40.0
2015-02-06,39.6
2015-02-09,40.0
2015-02-10,40.04
2015-02-11,40.06
2015-02-12,40.02
2015-02-13,40.04
2015-02-16,40.0
2015-02-17,40.04
2015-02-18,40.0
2015-02-19,40.0
2015-02-20,41.99
2015-02-23,40.14
2015-02-24,41.0
2015-02-25,42.0
2015-02-26,43.0
2015-02-27,43.0
2015-03-02,43.0
2015-03-03,43.0
2015-03-04,43.0
2015-03-05,43.0
2015-03-06,43.35
2015-03-09,43.35
2015-03-10,43.0
2015-03-11,43.0
2015-03-12,42.9
2015-03-13,42.2
2015-03-16,42.9
2015-03-17,42.2
2015-03-18,42.86
2015-03-19,42.48
2015-03-20,41.0
2015-03-23,40.2
2015-03-24,40.22
2015-03-25,42.0
2015-03-26,40.3
2015-03-27,40.85
2015-03-30,42.25
2015-03-31,42.28
2015-04-01,40.4
2015-04-02,40.2
2015-04-03,39.98
2015-04-06,39.98
2015-04-07,39.98
2015-04-08,40.7
2015-04-09,41.85
2015-04-10,39.7
2015-04-13,39.7
2015-04-14,39.7
2015-04-15,40.5
2015-04-16,38.8
2015-04-17,39.0
2015-04-20,40.85
2015-04-21,39.0
2015-04-22,41.34
2015-04-23,40.0
2015-04-24,40.0
2015-04-27,40.0
2015-04-28,40.5
2015-04-29,40.5
2015-04-30,40.4
2015-05-04,41.0
2015-05-05,41.5
2015-05-06,42.0
2015-05-07,42.98
2015-05-08,40.41
2015-05-11,40.41
2015-05-12,40.41
2015-05-13,42.0
2015-05-14,40.9
2015-05-15,40.9
2015-05-18,42.25
2015-05-19,42.25
2015-05-20,41.99
2015-05-21,39.48
2015-05-22,40.5
2015-05-25,40.0
2015-05-26,40.0
2015-05-27,40.99
2015-05-28,38.7
2015-05-29,40.99
2015-06-01,39.0
2015-06-02,39.0
2015-06-03,40.4
2015-06-04,40.0
2015-06-05,39.01
2015-06-08,39.01
2015-06-09,40.98
2015-06-10,40.98
2015-06-11,40.98
2015-06-12,40.0
2015-06-15,40.0
2015-06-16,40.0
2015-06-17,39.14
2015-06-18,40.9
2015-06-19,40.9
2015-06-22,39.13
2015-06-23,36.66
2015-06-24,38.84
2015-06-25,40.28
2015-06-26,41.97
2015-06-29,40.0
2015-06-30,40.78
2015-07-01,40.78
2015-07-02,40.78
2015-07-03,40.78
2015-07-06,40.78
2015-07-07,38.5
2015-07-08,38.75
2015-07-09,40.08
2015-07-10,38.75
2015-07-13,38.75
2015-07-14,38.6
2015-07-15,40.32
2015-07-16,40.3
2015-07-20,40.29
2015-07-21,40.2
2015-07-22,40.2
2015-07-23,40.0
2015-07-24,39.01
2015-07-27,40.3
2015-07-28,40.0
2015-07-29,40.3
2015-07-31,40.3
2015-08-03,40.3
2015-08-04,40.2
2015-08-05,39.2
2015-08-06,39.2
2015-08-07,39.2
2015-08-10,39.2
2015-08-11,40.5
2015-08-12,39.05
2015-08-13,39.1
2015-08-17,39.99
2015-08-18,39.1
2015-08-19,39.05
2015-08-24,39.0
2015-08-25,39.98
2015-08-26,39.98
2015-08-27,39.98
2015-08-28,38.5
2015-08-31,38.5
2015-09-01,38.5
2015-09-02,40.75
2015-09-03,40.75
2015-09-04,40.75
2015-09-07,40.75
2015-09-08,40.75
2015-09-09,38.97
2015-09-10,38.97
2015-09-11,38.75
2015-09-14,40.6
2015-09-15,38.9
2015-09-16,40.5
2015-09-17,40.39
2015-09-18,40.0
2015-09-21,40.0
2015-09-22,38.99
2015-09-23,38.98
2015-09-28,38.94
2015-09-29,40.27
2015-09-30,40.29
2015-10-01,40.29
2015-10-02,40.29
2015-10-05,40.29
2015-10-06,40.29
2015-10-07,39.99
2015-10-08,38.9
2015-10-09,39.96
2015-10-12,39.89
2015-10-13,38.0
2015-10-14,38.5
2015-10-16,38.0
2015-10-19,37.77
2015-10-20,38.0
2015-10-21,38.0
2015-10-22,38.0
2015-10-23,39.84
2015-10-26,39.45
2015-10-27,38.46
2015-10-28,39.3
2015-10-29,39.3
2015-10-30,39.8
2015-11-02,39.86
2015-11-03,39.86
2015-11-04,39.2
2015-11-05,38.6
2015-11-09,39.94
2015-11-10,39.94
2015-11-11,39.94
2015-11-12,39.95
2015-11-13,39.95
2015-11-16,39.94
2015-11-17,39.94
2015-11-19,39.94
2015-11-20,39.94
2015-11-23,38.7
2015-11-24,38.4
2015-11-25,39.35
2015-11-26,39.35
2015-11-27,38.42
2015-11-30,38.25
2015-12-01,38.0
2015-12-02,39.2
2015-12-03,39.77
2015-12-04,39.77
2015-12-07,39.77
2015-12-08,37.85
2015-12-09,39.41
2015-12-10,39.41
2015-12-11,37.8
2015-12-14,37.81
2015-12-15,39.4
2015-12-16,37.88
2015-12-17,37.88
2015-12-18,37.9
2015-12-21,37.88
2015-12-22,37.88
2015-12-23,37.28
2015-12-28,37.88
2015-12-29,37.84
2015-12-30,37.5
2015-12-31,38.99
2016-01-04,38.99
2016-01-05,38.99
2016-01-06,38.5
2016-01-07,37.55
2016-01-08,38.5
2016-01-12,38.5
2016-01-13,38.5
2016-01-14,39.27
2016-01-15,39.27
2016-01-18,39.27
2016-01-19,38.0
2016-01-20,38.0
2016-01-21,39.26
2016-01-22,39.26
2016-01-25,38.5
2016-01-26,38.5
2016-01-27,38.5
2016-01-28,39.0
2016-01-29,40.0
2016-02-01,41.0
2016-02-02,40.5
2016-02-03,40.98
2016-02-04,40.0
2016-02-05,41.0
2016-02-08,40.25
2016-02-09,40.98
2016-02-10,40.25
2016-02-11,40.25
2016-02-12,40.25
2016-02-15,40.0
2016-02-16,39.5
2016-02-17,39.4
2016-02-18,39.46
2016-02-19,39.5
2016-02-22,39.5
2016-02-23,40.1
2016-02-24,40.5
2016-02-25,40.5
2016-02-26,40.5
2016-02-29,40.26
2016-03-01,40.5
2016-03-02,40.99
2016-03-03,41.4
2016-03-04,42.0
2016-03-07,40.41
2016-03-08,41.2
2016-03-09,41.97
2016-03-10,42.44
2016-03-11,42.9
2016-03-14,41.25
2016-03-15,42.1
2016-03-16,42.01
2016-03-17,43.35
2016-03-18,43.25
2016-03-21,42.76
2016-03-22,43.0
2016-03-23,44.2
2016-03-24,43.9
2016-03-25,44.74
2016-03-28,44.15
2016-03-29,45.01
2016-03-30,45.0
2016-03-31,45.9
2016-04-01,45.22
2016-04-04,45.24
2016-04-05,46.0
2016-04-06,46.0
2016-04-07,45.9
2016-04-08,43.5
2016-04-11,45.96
2016-04-12,45.0
2016-04-13,44.0
2016-04-14,43.98
2016-04-15,44.5
2016-04-18,44.98
2016-04-19,45.0
2016-04-20,44.76
2016-04-21,45.94
2016-04-22,50.0
2016-04-25,50.49
2016-04-26,50.0
2016-04-27,49.0
2016-04-28,49.0
2016-04-29,50.45
2016-05-02,50.0
2016-05-03,50.44
2016-05-04,50.1
2016-05-05,52.98
2016-05-06,54.0
2016-05-09,53.9
2016-05-10,55.49
2016-05-11,59.0
2016-05-12,55.46
2016-05-13,52.14
2016-05-16,53.99
2016-05-17,54.0
2016-05-18,55.02
2016-05-19,56.0
2016-05-20,54.4
2016-05-23,55.49
2016-05-24,55.44
2016-05-25,53.0
2016-05-26,53.2
2016-05-27,53.2
2016-05-30,56.0
2016-05-31,56.0
2016-06-01,55.15
2016-06-02,55.4
2016-06-03,56.0
2016-06-06,55.8
2016-06-07,55.54
2016-06-08,55.54
2016-06-09,56.02
2016-06-10,56.04
2016-06-13,56.0
2016-06-14,56.0
2016-06-15,55.9
2016-06-16,55.58
2016-06-17,56.0
2016-06-20,56.12
2016-06-21,56.95
2016-06-22,56.2
2016-06-23,56.2
2016-06-24,56.4
2016-06-27,56.26
2016-06-28,56.0
2016-06-29,56.02
2016-06-30,56.02
2016-07-01,55.72
2016-07-04,55.72
2016-07-05,55.72
2016-07-11,52.84
2016-07-12,54.9
2016-07-13,54.9
2016-07-14,54.23
2016-07-15,51.0
2016-07-18,51.0
2016-07-19,51.0
2016-07-20,51.02
2016-07-21,52.0
2016-07-22,52.1
2016-07-25,53.5
2016-07-26,51.7
2016-07-27,52.5
2016-07-28,51.9
2016-07-29,51.8
2016-08-01,51.8
2016-08-02,51.1
2016-08-03,50.5
2016-08-04,50.25
2016-08-05,50.0
2016-08-08,50.0
2016-08-09,50.0
2016-08-10,50.74
2016-08-11,50.7
2016-08-12,50.7
2016-08-15,50.0
2016-08-16,50.0
2016-08-17,50.5
2016-08-18,50.06
2016-08-19,50.06
2016-08-22,50.0
2016-08-23,50.25
2016-08-24,51.96
2016-08-25,52.3
2016-08-26,52.3
2016-08-29,51.0
2016-08-30,52.4
2016-08-31,52.7
2016-09-01,52.53
2016-09-02,52.9
2016-09-05,52.5
2016-09-06,52.6
2016-09-07,52.5
2016-09-08,52.5
2016-09-09,51.5
2016-09-14,50.6
2016-09-15,50.6
2016-09-16,51.0
2016-09-19,51.0
2016-09-20,50.0
2016-09-21,49.17
2016-09-22,50.0
2016-09-23,50.6
2016-09-26,50.0
2016-09-27,50.1
2016-09-28,50.0
2016-09-29,50.0
2016-09-30,49.52
2016-10-04,49.94
2016-10-05,50.55
2016-10-06,50.55
2016-10-07,51.49
2016-10-10,51.0
2016-10-11,51.0
2016-10-12,50.03
2016-10-13,49.55
2016-10-14,50.0
2016-10-17,49.5
2016-10-18,51.0
2016-10-19,49.54
2016-10-20,49.65
2016-10-21,49.5
2016-10-24,48.56
2016-10-25,48.2
2016-10-26,48.5
2016-10-27,48.5
2016-10-28,48.5
2016-10-31,49.5
2016-11-01,49.5
2016-11-02,49.48
2016-11-03,49.3
2016-11-04,50.0
2016-11-07,50.93
2016-11-08,51.0
2016-11-09,51.0
2016-11-10,50.0
2016-11-11,49.5
2016-11-14,49.99
2016-11-15,48.64
2016-11-16,48.58
2016-11-17,49.95
2016-11-21,49.95
2016-11-22,50.5
2016-11-23,50.5
2016-11-24,50.0
2016-11-25,48.72
2016-11-28,50.45
2016-11-29,50.49
2016-11-30,50.39
2016-12-01,50.0
2016-12-02,50.0
2016-12-05,49.0
2016-12-06,50.0
2016-12-07,50.5
2016-12-08,50.96
2016-12-09,50.4
2016-12-14,52.0
2016-12-15,54.99
2016-12-16,57.0
2016-12-19,58.98
2016-12-20,58.5
2016-12-21,57.0
2016-12-22,56.5
2016-12-23,57.97
2016-12-26,56.0
2016-12-27,56.02
2016-12-28,57.0
2016-12-29,57.0
2016-12-30,57.0
2017-01-02,57.0
2017-01-03,57.01
2017-01-04,60.0
2017-01-05,63.5
2017-01-06,62.0
2017-01-09,62.0
2017-01-10,62.0
2017-01-12,62.99
2017-01-13,60.2
2017-01-16,60.3
2017-01-17,60.2
2017-01-18,60.2
2017-01-19,60.0
2017-01-20,60.8
2017-01-23,60.5
2017-01-24,61.0
2017-01-25,61.5
2017-01-26,60.8
2017-01-27,60.8
2017-01-30,59.0
2017-01-31,61.0
2017-02-01,59.05
2017-02-02,60.45
2017-02-03,59.0
2017-02-06,59.0
2017-02-07,60.44
2017-02-08,60.0
2017-02-09,58.0
2017-02-10,61.8
2017-02-13,61.8
2017-02-14,59.2
2017-02-15,59.5
2017-02-16,63.0
2017-02-17,63.0
2017-02-20,63.0
2017-02-21,63.0
2017-02-22,60.45
2017-02-23,62.45
2017-02-24,59.2
2017-02-27,59.2
2017-02-28,59.2
2017-03-01,61.0
2017-03-02,61.0
2017-03-03,59.6
2017-03-06,59.75
2017-03-07,59.75
2017-03-08,61.0
2017-03-09,60.9
2017-03-10,60.9
2017-03-13,60.9
2017-03-14,57.04
2017-03-15,60.0
2017-03-16,58.55
2017-03-17,60.7
2017-03-20,60.7
2017-03-21,58.5
2017-03-22,59.1
2017-03-23,58.2
2017-03-24,60.0
2017-03-27,59.89
2017-03-28,59.2
2017-03-29,57.5
2017-03-30,57.5
2017-03-31,57.1
2017-04-03,58.9
2017-04-04,58.8
2017-04-05,58.6
2017-04-06,58.6
2017-04-07,58.6
2017-04-10,58.6
2017-04-11,58.6
2017-04-12,58.6
2017-04-13,58.0
2017-04-14,58.0
2017-04-17,58.0
2017-04-18,58.0
2017-04-19,58.0
2017-04-20,58.0
2017-04-21,58.0
2017-04-24,58.0
2017-04-25,58.0
2017-04-26,58.0
2017-04-27,58.3
2017-04-28,58.3
2017-05-02,58.3
2017-05-03,58.3
2017-05-04,58.3
2017-05-05,58.45
2017-05-08,58.45
2017-05-09,58.45
2017-05-10,60.0
2017-05-11,60.0
2017-05-12,59.49
2017-05-15,59.49
2017-05-16,59.49
2017-05-17,59.49
2017-05-18,59.49
2017-05-19,59.49
2017-05-22,59.4
2017-05-23,59.4
2017-05-24,57.72
2017-05-25,57.72
2017-05-26,56.93
2017-05-29,58.6
2017-05-30,58.6
2017-05-31,58.6
2017-06-01,58.6
2017-06-02,58.6
2017-06-05,58.6
2017-06-06,56.85
2017-06-07,58.55
2017-06-08,58.55
2017-06-09,58.55
2017-06-12,58.55
2017-06-13,59.6
2017-06-14,59.45
2017-06-15,59.45
2017-06-16,59.39
2017-06-19,59.38
2017-06-20,59.3
2017-06-21,59.24
2017-06-22,59.19
2017-06-23,59.6
2017-06-28,60.0
2017-06-29,60.5
2017-06-30,61.0
2017-07-03,61.45
2017-07-04,60.4
2017-07-05,61.1
2017-07-06,59.75
2017-07-07,59.67
2017-07-10,59.67
2017-07-11,59.67
2017-07-12,58.9
2017-07-13,59.12
2017-07-14,59.05
2017-07-17,59.05
2017-07-18,57.0
2017-07-19,58.94
2017-07-20,58.94
2017-07-21,58.0
2017-07-24,56.64
2017-07-25,56.64
2017-07-26,57.9
2017-07-27,57.2
2017-07-28,56.64
2017-07-31,55.55
2017-08-01,57.0
2017-08-02,57.0
2017-08-03,55.62
2017-08-04,55.64
2017-08-07,55.64
2017-08-08,56.5
2017-08-09,55.0
2017-08-10,54.1
2017-08-11,56.5
2017-08-15,57.1
2017-08-16,55.01
2017-08-17,56.9
2017-08-18,56.5
2017-08-22,56.85
2017-08-23,54.81
2017-08-24,54.11
2017-08-25,56.39
2017-08-28,56.39
2017-08-29,55.1
2017-08-30,55.5
2017-08-31,56.74
2017-09-04,55.1
2017-09-05,56.69
2017-09-06,55.0
2017-09-07,55.0
2017-09-08,55.0
2017-09-11,55.98
2017-09-12,55.98
2017-09-13,55.98
2017-09-14,53.5
2017-09-15,53.5
2017-09-18,55.0
2017-09-19,55.7
2017-09-20,55.7
2017-09-21,55.7
2017-09-25,55.58
2017-09-26,55.58
2017-09-27,55.58
2017-09-28,50.25
2017-09-29,54.85
2017-10-02,54.85
2017-10-03,54.85
2017-10-04,52.6
2017-10-05,54.6
2017-10-06,54.58
2017-10-09,54.58
2017-10-10,54.14
2017-10-11,54.14
2017-10-12,52.11
2017-10-13,52.1
2017-10-16,52.1
2017-10-17,53.0
2017-10-18,53.0
2017-10-19,50.66
2017-10-20,50.8
2017-10-23,51.4
2017-10-24,52.87
2017-10-25,52.88
2017-10-26,52.88
2017-10-27,52.87
2017-10-30,52.87
2017-10-31,52.89
2017-11-01,52.89
2017-11-02,52.89
2017-11-03,51.8
2017-11-07,51.8
2017-11-08,52.0
2017-11-09,52.0
2017-11-10,52.0
2017-11-13,52.0
2017-11-14,52.0
2017-11-15,52.0
2017-11-16,51.8
2017-11-17,50.7
2017-11-20,53.77
2017-11-21,51.0
2017-11-22,52.74
2017-11-23,51.74
2017-11-24,51.74
2017-11-27,51.95
2017-11-28,51.9
2017-11-29,51.94
2017-11-30,50.44
2017-12-04,50.6
2017-12-05,50.6
2017-12-06,50.2
2017-12-07,50.2
2017-12-08,50.3
2017-12-11,48.9
2017-12-12,50.0
2017-12-13,50.0
2017-12-14,49.99
2017-12-15,49.99
2017-12-18,49.6
2017-12-19,49.01
2017-12-20,48.91
2017-12-21,49.6
2017-12-22,48.0
2017-12-25,49.45
2017-12-26,49.45
2017-12-27,49.45
2017-12-28,49.45
2017-12-29,49.45
2018-01-02,49.0
2018-01-03,49.5
2018-01-04,48.37
2018-01-05,48.65
2018-01-08,48.5
2018-01-09,48.4
2018-01-10,48.4
2018-01-12,48.5
2018-01-15,48.11
2018-01-16,48.01
2018-01-17,48.0
2018-01-18,48.0
2018-01-19,48.0
2018-01-22,49.99
2018-01-23,49.99
2018-01-24,49.99
2018-01-25,48.89
2018-01-26,47.9
2018-01-29,49.95
2018-01-30,48.25
2018-01-31,48.01
2018-02-01,48.01
2018-02-02,49.0
2018-02-05,48.0
2018-02-06,48.99
2018-02-07,48.99
2018-02-08,48.0
2018-02-09,48.0
2018-02-12,48.01
2018-02-13,48.1
2018-02-14,49.45
2018-02-15,49.45
2018-02-16,49.45
2018-02-19,49.45
2018-02-20,48.52
2018-02-21,48.61
2018-02-22,49.0
2018-02-23,48.0
2018-02-26,49.9
2018-02-27,49.9
2018-02-28,49.9
2018-03-01,49.9
2018-03-02,49.9
2018-03-05,49.5
2018-03-06,49.5
2018-03-07,49.5
2018-03-08,50.5
2018-03-09,49.5
2018-03-12,49.0
2018-03-13,49.0
2018-03-14,48.0
2018-03-15,50.0
2018-03-16,50.0
2018-03-19,50.0
2018-03-20,50.0
2018-03-21,48.95
2018-03-22,48.95
2018-03-23,48.9
2018-03-26,48.9
2018-03-27,49.0
2018-03-28,49.0
2018-03-29,45.05
2018-03-30,48.79
2018-04-02,48.79
2018-04-03,48.75
2018-04-04,48.45
2018-04-05,47.76
2018-04-06,46.0
2018-04-09,45.52
2018-04-10,47.9
2018-04-11,47.73
2018-04-12,47.5
2018-04-13,48.0
2018-04-16,48.0
2018-04-17,47.99
2018-04-18,46.0
2018-04-19,48.0
2018-04-20,46.9
2018-04-23,47.9
2018-04-24,47.9
2018-04-25,47.9
2018-04-26,47.9
2018-04-27,47.9
2018-04-30,47.8
2018-05-02,47.9
2018-05-03,47.89
2018-05-04,45.79
2018-05-07,45.79
2018-05-08,45.91
2018-05-09,45.92
2018-05-10,47.0
2018-05-11,45.6
2018-05-14,44.5
2018-05-15,44.2
2018-05-16,45.79
2018-05-17,45.7
2018-05-18,45.7
2018-05-21,45.0
2018-05-22,45.0
2018-05-23,45.0
2018-05-24,45.0
2018-05-25,42.7
2018-05-28,42.7
2018-05-29,44.95
2018-05-30,44.95
2018-05-31,44.95
2018-06-01,41.02
2018-06-04,42.5
2018-06-05,40.16
2018-06-06,40.0
2018-06-07,40.0
2018-06-08,43.8
2018-06-11,43.8
2018-06-12,43.8
2018-06-13,43.8
2018-06-14,42.49
2018-06-18,44.0
2018-06-19,44.0
2018-06-20,44.0
2018-06-21,44.0
2018-06-22,44.0
2018-06-25,44.0
2018-06-26,40.0
2018-06-27,40.1
2018-06-28,40.1
2018-06-29,42.0
2018-07-02,38.15
2018-07-03,38.21
2018-07-04,39.3
2018-07-05,39.3
2018-07-06,41.69
2018-07-09,41.69
2018-07-10,41.69
2018-07-11,41.69
2018-07-12,41.69
2018-07-13,39.43
2018-07-16,39.43
2018-07-17,40.0
2018-07-18,41.18
2018-07-19,41.0
2018-07-20,41.0
2018-07-23,41.0
2018-07-24,41.0
2018-07-25,41.0
2018-07-26,41.0
2018-07-27,41.0
2018-07-31,41.0
2018-08-01,41.0
2018-08-02,41.0
2018-08-03,41.0
2018-08-06,41.0
2018-08-07,41.0
2018-08-08,36.92
2018-08-09,36.92
2018-08-10,37.05
2018-08-13,37.05
2018-08-15,37.05
2018-08-16,37.05
2018-08-17,37.05
2018-08-24,37.05
2018-08-27,37.05
2018-08-28,37.05
2018-08-29,37.05
2018-08-30,35.21
2018-08-31,35.21
2018-09-03,35.21
2018-09-04,35.21
2018-09-05,35.21
2018-09-06,38.65
2018-09-07,37.0
2018-09-10,37.0
2018-09-12,36.5
2018-09-13,32.86
2018-09-14,32.06
2018-09-17,32.02
2018-09-18,32.05
2018-09-19,32.05
2018-09-20,32.05
2018-09-21,32.05
2018-09-24,32.05
2018-09-25,32.05
2018-09-26,32.05
2018-09-27,32.05
2018-09-28,34.5
2018-10-01,37.0
2018-10-02,33.4
2018-10-03,34.51
2018-10-04,34.51
2018-10-05,37.9
2018-10-08,37.9
2018-10-09,37.9
2018-10-10,37.9
2018-10-11,34.2
2018-10-12,35.0
2018-10-15,35.0
2018-10-16,35.0
2018-10-17,35.0
2018-10-18,35.0
2018-10-19,38.4
2018-10-22,39.5
2018-10-23,35.6
2018-10-24,37.88
2018-10-25,37.88
2018-10-26,34.45
2018-10-29,34.45
2018-10-30,34.45
2018-10-31,34.45
2018-11-01,35.0
2018-11-02,35.0
2018-11-05,35.0
2018-11-07,37.35
2018-11-08,37.88
2018-11-09,37.88
2018-11-12,37.88
2018-11-13,37.85
2018-11-14,37.88
2018-11-15,37.88
2018-11-16,37.88
2018-11-19,37.88
2018-11-22,37.88
2018-11-23,34.65
2018-11-26,34.67
2018-11-27,34.67
2018-11-28,37.4
2018-11-29,35.05
2018-11-30,37.4
2018-12-03,37.4
2018-12-04,37.4
2018-12-05,36.2
2018-12-06,36.2
2018-12-07,36.2
2018-12-10,36.2
2018-12-11,37.2
2018-12-12,37.2
2018-12-13,37.2
2018-12-14,35.0
2018-12-17,35.0
2018-12-18,37.8
2018-12-19,37.8
2018-12-20,37.8
2018-12-21,35.0
2018-12-24,35.0
2018-12-25,35.0
2018-12-26,35.0
2018-12-27,35.0
2018-12-28,35.2
2018-12-31,37.69
2019-01-02,37.69
2019-01-03,37.69
2019-01-04,37.69
2019-01-07,37.69
2019-01-08,37.69
2019-01-09,37.69
2019-01-10,37.69
2019-01-14,37.69
2019-01-15,37.48
2019-01-16,37.48
2019-01-17,37.48
2019-01-18,37.0
2019-01-21,37.0
2019-01-22,37.0
2019-01-23,35.0
2019-01-24,35.0
2019-01-25,34.02
2019-01-28,34.02
2019-01-29,34.51
2019-01-30,34.51
2019-01-31,34.51
2019-02-01,36.39
2019-02-04,36.39
2019-02-05,36.39
2019-02-06,36.39
2019-02-07,36.39
2019-02-08,36.39
2019-02-11,36.39
2019-02-12,36.39
2019-02-13,36.39
2019-02-14,36.39
2019-02-15,34.1
2019-02-18,34.4
2019-02-19,34.4
2019-02-20,34.4
2019-02-21,34.4
2019-02-22,34.4
2019-02-25,34.4
2019-02-26,34.26
2019-02-27,34.97
2019-02-28,34.97
2019-03-01,34.89
2019-03-04,34.89
2019-03-05,34.97
2019-03-06,34.19
2019-03-07,34.6
2019-03-08,32.2
2019-03-11,32.2
2019-03-12,34.5
2019-03-13,34.5
2019-03-14,34.45
2019-03-15,32.3
2019-03-18,32.3
2019-03-19,33.99
2019-03-20,31.75
2019-03-21,31.75
2019-03-22,31.75
2019-03-25,33.99
2019-03-26,33.99
2019-03-27,33.99
2019-03-28,34.45
2019-03-29,34.45
2019-04-01,34.45
2019-04-02,34.45
2019-04-03,34.45
2019-04-04,34.45
2019-04-05,34.45
2019-04-08,34.45
2019-04-09,34.4
2019-04-10,34.0
2019-04-11,33.99
2019-04-12,32.05
2019-04-15,33.98
2019-04-16,33.98
2019-04-17,33.98
2019-04-18,33.98
2019-04-19,30.7
2019-04-22,33.0
2019-04-23,31.79
2019-04-24,31.0
2019-04-25,33.0
2019-04-26,33.0
2019-04-29,33.0
2019-04-30,33.0
2019-05-02,33.0
2019-05-03,33.0
2019-05-06,33.0
2019-05-07,33.0
2019-05-08,33.0
2019-05-09,33.0
2019-05-10,33.0
2019-05-13,33.0
2019-05-14,33.0
2019-05-15,30.6
2019-05-16,30.6
2019-05-17,30.33
2019-05-20,30.33
2019-05-21,30.33
2019-05-22,30.33
2019-05-23,30.33
2019-05-24,32.0
2019-05-27,32.0
2019-05-28,32.0
2019-05-29,32.5
2019-05-30,32.5
2019-05-31,32.5
2019-06-03,32.5
2019-06-04,32.89
2019-06-10,32.89
2019-06-11,32.89
2019-06-12,32.89
2019-06-13,32.89
2019-06-14,32.89
2019-06-17,32.89
2019-06-18,32.89
2019-06-19,31.3
2019-06-20,32.6
2019-06-21,32.6
2019-06-24,31.01
2019-06-25,30.1
2019-06-26,33.0
2019-06-27,32.5
2019-06-28,30.0
2019-07-01,32.9
2019-07-02,32.9
2019-07-03,32.9
2019-07-04,32.9
2019-07-05,32.9
2019-07-08,32.9
2019-07-09,32.9
2019-07-10,32.9
2019-07-11,30.0
2019-07-12,32.0
2019-07-15,32.0
2019-07-16,32.0
2019-07-17,32.0
2019-07-18,32.0
2019-07-19,31.99
2019-07-22,31.99
2019-07-23,31.2
2019-07-24,32.0
2019-07-25,32.0
2019-07-26,32.0
2019-07-29,30.28
2019-07-31,31.9
2019-08-01,31.9
2019-08-02,31.9
2019-08-05,31.9
2019-08-06,31.3
2019-08-07,29.4
2019-08-08,29.6
2019-08-09,31.29
2019-08-15,31.29
2019-08-16,29.9
2019-08-19,29.9
2019-08-22,31.29
2019-08-23,30.01
2019-08-26,30.01
2019-08-27,31.29
2019-08-28,31.29
2019-08-29,31.29
2019-08-30,31.29
2019-09-02,31.29
2019-09-03,31.29
2019-09-04,31.0
2019-09-05,31.0
2019-09-06,31.0
2019-09-09,30.07
2019-09-10,32.0
2019-09-11,32.0
2019-09-12,32.0
2019-09-13,32.0
2019-09-16,32.0
2019-09-17,32.0
2019-09-18,32.0
2019-09-19,32.0
2019-09-20,32.0
2019-09-23,30.1
2019-09-24,30.1
2019-09-25,30.1
2019-09-26,31.0
2019-09-27,31.0
2019-09-30,31.0
2019-10-01,29.5
2019-10-02,29.5
2019-10-03,29.5
2019-10-04,29.95
2019-10-07,29.95
2019-10-08,29.95
2019-10-09,29.95
2019-10-10,29.95
2019-10-11,29.95
2019-10-14,31.29
2019-10-15,32.0
2019-10-16,30.01
2019-10-17,30.01
2019-10-18,30.01
2019-10-21,30.01
2019-10-22,29.6
2019-10-23,32.5
2019-10-24,32.0
2019-10-25,32.0
2019-10-28,32.0
2019-10-29,32.0
2019-10-30,31.7
2019-10-31,31.7
2019-11-01,31.7
2019-11-04,31.7
2019-11-05,31.7
2019-11-07,31.4
2019-11-08,31.0
2019-11-12,31.0
2019-11-13,31.0
2019-11-14,30.75
2019-11-15,30.85
2019-11-19,30.85
2019-11-20,30.85
2019-11-21,31.0
2019-11-22,31.0
2019-11-25,31.0
2019-11-26,31.0
2019-11-27,31.0
2019-11-28,31.0
2019-11-29,31.0
2019-12-02,31.0
2019-12-03,31.0
2019-12-04,31.0
2019-12-05,31.0
2019-12-06,31.0
2019-12-09,31.0
2019-12-10,31.0
2019-12-11,29.51
2019-12-12,30.01
2019-12-13,30.05
2019-12-16,30.35
2019-12-17,31.29
2019-12-18,30.62
2019-12-19,32.83
2019-12-20,32.83
2019-12-23,31.99
2019-12-24,31.99
2019-12-25,31.99
2019-12-26,31.05
2019-12-27,31.06
2019-12-30,31.98
2019-12-31,31.03
2020-01-02,31.03
2020-01-03,31.35
2020-01-06,31.99
2020-01-07,31.41
2020-01-08,31.99
2020-01-09,31.99
2020-01-10,31.99
2020-01-13,31.98
2020-01-14,31.98
2020-01-15,31.98
2020-01-16,31.98
2020-01-17,31.6
2020-01-20,33.0
2020-01-21,31.7
2020-01-22,34.74
2020-01-23,37.0
2020-01-24,35.0
2020-01-27,35.0
2020-01-28,35.0
2020-01-29,33.96
2020-01-30,33.1
2020-01-31,33.1
2020-02-03,33.1
2020-02-04,35.7
2020-02-05,35.0
2020-02-06,35.0
2020-02-07,35.0
2020-02-10,35.0
2020-02-11,35.0
2020-02-12,33.35
2020-02-13,33.35
2020-02-14,33.5
2020-02-17,33.5
2020-02-18,33.5
2020-02-19,33.5
2020-02-20,33.5
2020-02-21,33.5
2020-02-24,33.5
2020-02-25,33.5
2020-02-26,33.5
2020-02-27,33.5
2020-02-28,33.5
2020-03-02,33.5
2020-03-03,33.61
2020-03-04,33.5
2020-03-05,33.51
2020-03-06,33.51
2020-03-09,33.0
2020-03-10,33.0
2020-03-11,33.0
2020-03-12,33.0
2020-03-13,31.4
2020-03-16,30.0
2020-03-17,30.0
2020-03-18,30.0
2020-03-19,28.95
2020-03-20,29.0
2020-03-23,29.0
2020-03-24,29.0
2020-03-25,29.0
2020-03-26,29.75
2020-03-27,29.75
2020-03-30,29.75
2020-03-31,29.8
2020-04-01,29.8
2020-04-02,29.8
2020-04-03,28.61
2020-04-06,27.55
2020-04-07,27.55
2020-04-08,27.0
2020-04-09,27.0
2020-04-10,28.0
2020-04-13,28.0
2020-04-14,28.0
2020-04-15,28.0
2020-04-16,28.0
2020-04-17,28.0
2020-04-20,26.89
2020-04-21,26.89
2020-04-22,26.89
2020-04-23,26.89
2020-04-24,25.86
2020-04-27,25.86
2020-04-28,25.86
2020-04-29,25.86
2020-04-30,25.86
2020-05-04,26.5
2020-05-05,27.53
2020-05-06,27.53
2020-05-07,28.63
2020-05-08,29.77
2020-05-11,28.59
2020-05-12,29.73
2020-05-13,29.73
2020-05-14,30.3
2020-05-15,31.3
2020-05-18,32.53
2020-05-19,32.53
2020-05-20,31.23
2020-05-21,31.23
2020-05-22,31.23
2020-05-26,31.23
2020-05-27,31.23
2020-05-28,32.05
2020-05-29,32.05
2020-06-01,32.05
2020-06-02,32.67
2020-06-03,32.99
2020-06-04,33.97
2020-06-05,33.97
2020-06-08,33.97
2020-06-09,33.97
2020-06-10,33.97
2020-06-11,33.97
2020-06-12,33.97
2020-06-15,33.97
2020-06-16,33.97
2020-06-17,33.97
2020-06-18,33.97
2020-06-19,33.97
2020-06-22,33.97
2020-06-23,33.97
2020-06-24,32.62
2020-06-25,32.62
2020-06-26,32.0
2020-06-29,32.0
2020-06-30,32.0
2020-07-01,32.0
2020-07-02,32.0
2020-07-03,32.0
2020-07-06,32.0
2020-07-07,32.0
2020-07-08,31.0
2020-07-09,31.0
2020-07-10,31.0
2020-07-13,31.95
2020-07-14,31.95
2020-07-15,31.94
2020-07-16,31.94
2020-07-17,31.94
2020-07-20,31.94
2020-07-21,31.94
2020-07-22,31.94
2020-07-23,31.94
2020-07-24,31.94
2020-07-27,31.94
2020-07-28,30.67
2020-07-29,30.67
2020-08-03,30.67
2020-08-04,30.67
2020-08-05,30.67
2020-08-06,30.67
2020-08-07,30.67
2020-08-10,30.67
2020-08-11,29.45
2020-08-12,29.45
2020-08-13,29.45
2020-08-17,29.45
2020-08-18,29.45
2020-08-19,29.45
2020-08-24,29.45
2020-08-25,29.45
2020-08-26,28.28
2020-08-27,28.28
2020-08-28,28.28
2020-08-31,28.0
2020-09-01,28.0
2020-09-02,28.0
2020-09-03,28.0
2020-09-04,28.0
2020-09-07,28.0
2020-09-08,28.0
2020-09-09,28.0
2020-09-10,28.0
2020-09-11,28.0
2020-09-14,28.0
2020-09-15,28.0
2020-09-16,27.21
2020-09-17,27.21
2020-09-18,27.21
2020-09-21,28.28
2020-09-22,28.28
2020-09-23,28.28
2020-09-24,28.28
2020-09-25,28.28
2020-09-28,28.28
2020-09-29,28.28
2020-09-30,28.28
2020-10-01,27.5
2020-10-02,27.5
2020-10-05,27.5
2020-10-06,27.5
2020-10-07,26.52
2020-10-08,26.52
2020-10-09,26.52
2020-10-12,26.52
2020-10-13,26.52
2020-10-14,26.2
2020-10-15,26.2
2020-10-16,26.2
2020-10-19,26.05
2020-10-20,26.04
2020-10-21,26.04
2020-10-22,26.2
2020-10-23,26.2
2020-10-26,26.2
2020-10-27,26.45
2020-10-28,26.45
2020-11-02,26.25
2020-11-03,26.99
2020-11-04,26.99
2020-11-05,27.0
2020-11-09,26.8
2020-11-10,26.8
2020-11-11,26.8
2020-11-12,26.2
2020-11-13,26.16
2020-11-16,26.04
2020-11-17,26.5
2020-11-19,26.3
2020-11-20,26.55
2020-11-23,26.5
2020-11-24,25.9
2020-11-25,26.49
2020-11-26,27.49
2020-11-27,27.29
2020-11-30,26.2
2020-12-01,26.0
2020-12-02,25.7
2020-12-03,25.7
2020-12-04,25.4
2020-12-07,25.4
2020-12-08,26.4
2020-12-09,26.4
2020-12-10,26.65
2020-12-11,26.66
2020-12-14,26.3
2020-12-15,26.95
2020-12-16,27.99
2020-12-17,27.8
2020-12-18,27.0
2020-12-21,26.9
2020-12-22,27.69
2020-12-23,27.69
2020-12-24,26.59
2020-12-25,25.66
2020-12-28,25.66
2020-12-29,25.66
2020-12-30,25.66
2020-12-31,25.66
2021-01-04,25.66
2021-01-05,26.68
2021-01-06,26.68
2021-01-07,26.68
2021-01-08,26.68
2021-01-12,26.68
2021-01-13,26.1
2021-01-14,26.1
2021-01-15,26.1
2021-01-18,25.9
2021-01-19,25.9
2021-01-20,26.65
2021-01-21,26.68
2021-01-22,26.68
2021-01-25,26.23
2021-01-26,26.68
2021-01-27,25.63
2021-01-28,25.6
2021-01-29,25.6
2021-02-01,25.6
2021-02-02,26.29
2021-02-03,26.29
2021-02-04,25.32
2021-02-05,25.32
2021-02-08,25.36
2021-02-09,25.38
2021-02-10,26.28
2021-02-11,26.26
2021-02-12,26.26
2021-02-15,26.25
2021-02-16,26.25
2021-02-17,26.25
2021-02-18,25.5
2021-02-19,25.55
2021-02-22,26.0
2021-02-23,25.53
2021-02-24,25.53
2021-02-25,25.53
2021-02-26,25.53
2021-03-01,25.6
2021-03-02,26.07
2021-03-03,26.0
2021-03-04,26.15
2021-03-05,26.26
2021-03-08,26.5
2021-03-09,26.5
2021-03-10,26.0
2021-03-11,25.53
2021-03-12,25.53
2021-03-15,25.53
2021-03-16,25.53
2021-03-17,25.53
2021-03-18,25.53
2021-03-19,25.53
2021-03-22,26.0
2021-03-23,26.4
2021-03-24,26.4
2021-03-25,26.0
2021-03-26,26.3
2021-03-29,26.39
2021-03-30,26.3
2021-03-31,27.19
2021-04-01,28.27
2021-04-02,29.37
2021-04-05,29.37
2021-04-06,29.37
2021-04-07,29.19
2021-04-08,28.12
2021-04-09,28.0
2021-04-12,27.8
2021-04-13,28.31
2021-04-14,29.0
2021-04-15,28.6
2021-04-16,28.4
2021-04-19,28.9
2021-04-20,28.5
2021-04-21,28.45
2021-04-22,28.2
2021-04-23,28.31
2021-04-26,29.44
2021-04-27,30.61
2021-04-28,31.83
2021-04-29,32.9
2021-04-30,32.34
2021-05-03,32.9
2021-05-04,32.39
2021-05-05,31.9
2021-05-06,31.9
2021-05-07,31.7
2021-05-10,32.5
2021-05-11,31.86
2021-05-12,31.86
2021-05-17,32.5
2021-05-18,32.5
2021-05-19,32.5
2021-05-20,31.92
2021-05-21,32.49
2021-05-24,32.5
2021-05-25,31.76
2021-05-26,32.06
2021-05-27,32.3
2021-05-28,32.3
2021-05-31,32.0
2021-06-01,32.0
2021-06-02,32.6
2021-06-03,32.0
2021-06-04,32.0
2021-06-07,31.8
2021-06-08,31.9
2021-06-09,31.73
2021-06-10,31.72
2021-06-11,30.85
2021-06-14,31.8
2021-06-15,31.81
2021-06-16,31.1
2021-06-17,31.1
2021-06-18,31.1
2021-06-21,31.1
2021-06-22,30.11
2021-06-23,30.49
2021-06-24,30.15
2021-06-25,28.95
2021-06-28,29.95
2021-06-29,29.5
2021-06-30,29.51
2021-07-01,29.94
2021-07-02,29.41
2021-07-05,28.24
2021-07-06,28.2
2021-07-07,28.24
2021-07-08,28.1
2021-07-09,28.0
2021-07-12,29.11
2021-07-13,28.51
2021-07-14,29.09
2021-07-15,29.09
2021-07-16,30.25
2021-07-19,31.45
2021-07-20,32.3
2021-07-23,32.2
2021-07-26,31.45
2021-07-27,31.35
2021-07-28,30.73
2021-07-29,30.2
2021-08-02,30.2
2021-08-03,30.15
2021-08-04,30.15
2021-08-05,30.01
2021-08-06,31.0
2021-08-09,30.99
2021-08-11,30.99
2021-08-12,30.99
2021-08-13,30.4
2021-08-16,30.4
2021-08-17,30.4
2021-08-18,30.4
2021-08-19,30.38
2021-08-23,30.38
2021-08-24,30.4
2021-08-25,31.46
2021-08-26,31.46
2021-08-27,31.46
2021-08-30,31.46
2021-08-31,31.46
2021-09-01,31.46
2021-09-02,30.38
2021-09-03,31.1
2021-09-06,30.5
2021-09-07,31.0
2021-09-08,31.4
2021-09-09,32.0
2021-09-10,32.0
2021-09-13,31.89
2021-09-14,31.85
2021-09-15,31.85
2021-09-16,31.7
2021-09-17,31.95
2021-09-20,32.0
2021-09-21,33.27
2021-09-22,34.0
2021-09-23,33.94
2021-09-24,34.59
2021-09-27,33.37
2021-09-28,34.3
2021-09-29,33.94
2021-09-30,33.94
2021-10-01,33.89
2021-10-04,34.0
2021-10-05,33.8
2021-10-06,33.2
2021-10-07,33.3
2021-10-08,33.3
2021-10-11,33.9
2021-10-12,32.8
2021-10-13,33.49
2021-10-14,32.8
2021-10-15,33.28
2021-10-18,32.6
2021-10-21,33.9
2021-10-22,34.0
2021-10-25,34.82
2021-10-26,36.9
2021-10-27,39.0
2021-10-28,38.95
2021-10-29,38.0
2021-11-01,37.1
2021-11-02,37.21
2021-11-03,38.0
2021-11-04,37.1
2021-11-05,38.38
2021-11-08,37.9
2021-11-09,37.7
2021-11-10,37.25
2021-11-11,37.69
2021-11-12,37.69
2021-11-15,37.5
2021-11-16,37.39
2021-11-17,36.02
2021-11-19,37.0
2021-11-22,36.79
2021-11-23,36.8
2021-11-24,36.02
2021-11-25,35.94
2021-11-26,36.99
2021-11-29,36.8
2021-11-30,36.78
2021-12-01,36.78
2021-12-02,35.81
2021-12-03,36.0
2021-12-06,36.0
2021-12-07,35.99
2021-12-08,35.99
2021-12-09,35.1
2021-12-10,34.61
2021-12-13,36.0
2021-12-14,36.0
2021-12-15,36.0
2021-12-16,35.0
2021-12-17,35.9
2021-12-20,35.99
2021-12-21,35.8
2021-12-22,35.5
2021-12-23,35.75
2021-12-24,35.5
2021-12-27,35.5
2021-12-28,35.5
2021-12-29,35.5
2021-12-30,35.99
2021-12-31,35.0
2022-01-03,34.5
2022-01-04,34.5
2022-01-05,34.5
2022-01-06,35.8
2022-01-07,35.8
2022-01-10,35.4
2022-01-12,36.45
2022-01-13,36.45
2022-01-14,36.85
2022-01-17,37.0
2022-01-18,38.0
2022-01-19,38.0
2022-01-20,38.89
2022-01-21,38.5
2022-01-24,37.96
2022-01-25,37.48
2022-01-26,37.35
2022-01-27,37.39
2022-01-28,37.78
2022-01-31,37.78
2022-02-01,38.05
2022-02-02,37.94
2022-02-03,36.83
2022-02-04,36.52
2022-02-07,37.0
2022-02-08,36.58
2022-02-09,37.77
2022-02-10,37.71
2022-02-11,37.66
2022-02-14,37.64
2022-02-15,37.59
2022-02-16,37.0
2022-02-17,37.0
2022-02-18,36.89
2022-02-21,37.36
2022-02-22,36.99
2022-02-23,36.99
2022-02-24,34.78
2022-02-25,35.99
2022-02-28,36.43
2022-03-01,36.43
2022-03-02,35.3
2022-03-03,34.24
2022-03-04,32.3
2022-03-07,30.5
2022-03-08,31.0
2022-03-09,32.49
2022-03-10,34.43
2022-03-11,36.25
2022-03-14,36.0
2022-03-15,35.5
2022-03-16,36.78
2022-03-17,36.28
2022-03-18,35.99
2022-03-21,35.99
2022-03-22,35.99
2022-03-23,35.45
2022-03-24,33.95
2022-03-25,35.44
2022-03-28,35.4
2022-03-29,33.52
2022-03-30,35.35
2022-03-31,35.35
2022-04-01,35.45
2022-04-04,36.0
2022-04-05,34.4
2022-04-06,35.0
2022-04-07,36.36
2022-04-08,36.36
2022-04-11,36.34
2022-04-12,36.34
2022-04-13,36.3
2022-04-14,36.28
2022-04-15,36.27
2022-04-18,36.24
2022-04-19,36.24
2022-04-20,36.24
2022-04-21,36.0
2022-04-22,35.75
2022-04-25,35.7
2022-04-26,35.73
2022-04-27,36.0
2022-04-28,36.15
2022-04-29,34.5
2022-05-04,34.5
2022-05-05,35.88
2022-05-06,34.5
2022-05-09,34.25
2022-05-10,35.59
2022-05-11,35.4
2022-05-12,33.34
2022-05-13,33.49
2022-05-16,33.52
2022-05-17,33.61
2022-05-18,33.62
2022-05-19,33.62
2022-05-20,33.62
2022-05-23,34.5
2022-05-24,34.5
2022-05-25,34.2
2022-05-26,34.39
2022-05-27,34.33
2022-05-30,33.35
2022-05-31,34.32
2022-06-01,32.27
2022-06-02,32.0
2022-06-03,33.91
2022-06-06,33.91
2022-06-07,31.89
2022-06-08,33.8
2022-06-09,32.4
2022-06-10,32.4
2022-06-13,32.57
2022-06-14,34.0
2022-06-15,32.0
2022-06-16,31.77
2022-06-17,32.0
2022-06-20,33.9
2022-06-21,32.87
2022-06-22,33.4
2022-06-23,33.4
2022-06-24,32.49
2022-06-27,30.55
2022-06-28,32.29
2022-06-29,31.94
2022-06-30,31.94
2022-07-01,31.8
2022-07-04,31.8
2022-07-05,31.45
2022-07-06,33.32
2022-07-07,33.7
2022-07-08,33.79
2022-07-12,33.79
2022-07-13,33.79
2022-07-14,33.79
2022-07-15,33.79
2022-07-18,33.79
2022-07-19,33.7
2022-07-20,33.7
2022-07-21,33.7
2022-07-22,33.7
2022-07-25,31.68
2022-07-26,31.05
2022-07-27,32.35
2022-07-28,32.3
2022-07-29,32.3
2022-08-01,32.85
2022-08-02,32.85
2022-08-03,32.85
2022-08-04,32.74
2022-08-05,32.49
2022-08-08,32.49
2022-08-09,32.49
2022-08-10,30.55
2022-08-11,30.6
2022-08-12,32.39
2022-08-15,32.0
2022-08-16,33.0
2022-08-17,32.94
2022-08-18,32.94
2022-08-19,32.94
2022-08-22,32.85
2022-08-23,32.0
2022-08-24,32.88
2022-08-25,31.2
2022-08-26,32.8
2022-08-29,32.4
2022-08-30,31.14
2022-08-31,31.0
2022-09-01,31.0
2022-09-02,31.2
2022-09-05,31.2
2022-09-06,31.89
2022-09-07,32.7
2022-09-08,32.7
2022-09-09,32.7
2022-09-12,32.7
2022-09-13,32.7
2022-09-14,32.7
2022-09-15,32.7
2022-09-16,32.7
2022-09-19,31.75
2022-09-20,32.69
2022-09-21,32.69
2022-09-22,32.69
2022-09-23,32.69
2022-09-26,32.67
2022-09-27,32.5
2022-09-28,31.03
2022-09-29,31.97
2022-09-30,30.1
2022-10-03,31.1
2022-10-04,31.1
2022-10-05,31.09
2022-10-06,31.09
2022-10-07,30.2
2022-10-11,30.99
2022-10-12,31.0
2022-10-13,30.99
2022-10-14,30.99
2022-10-17,30.99
2022-10-18,31.0
2022-10-19,30.89
2022-10-20,30.89
2022-10-21,30.5
2022-10-24,30.89
2022-10-25,30.89
2022-10-26,30.9
2022-10-27,30.9
2022-10-28,30.98
2022-10-31,30.98
2022-11-01,30.98
2022-11-02,30.8
2022-11-03,30.8
2022-11-04,30.8
2022-11-07,29.9
2022-11-08,30.8
2022-11-09,30.8
2022-11-10,30.8
2022-11-11,30.8
2022-11-14,30.8
2022-11-15,30.8
2022-11-16,30.8
2022-11-17,30.8
2022-11-21,32.6
2022-11-22,32.6
2022-11-23,32.6
2022-11-24,32.6
2022-11-25,32.6
2022-11-28,32.6
2022-11-29,32.6
2022-11-30,32.0
2022-12-01,32.54
2022-12-02,31.99
2022-12-05,31.94
2022-12-06,31.94
2022-12-07,32.0
2022-12-08,31.97
2022-12-09,31.97
2022-12-12,30.35
2022-12-13,30.39
2022-12-14,31.69
2022-12-15,31.59
2022-12-16,31.59
2022-12-19,31.59
2022-12-20,31.59
2022-12-21,31.59
2022-12-22,31.59
2022-12-23,31.0
2022-12-26,31.4
2022-12-27,31.4
2022-12-28,31.29
2022-12-29,31.39
2022-12-30,31.38
2023-01-02,31.38
2023-01-03,30.99
2023-01-04,30.99
2023-01-05,30.97
2023-01-06,30.49
2023-01-09,30.89
2023-01-10,30.89
2023-01-12,30.8
2023-01-13,30.76
2023-01-16,30.76
2023-01-17,30.5
2023-01-18,30.78
2023-01-19,30.78
2023-01-20,30.78
2023-01-23,30.78
2023-01-24,30.78
2023-01-25,29.02
2023-01-26,30.76
2023-01-27,30.78
2023-01-30,30.78
2023-01-31,30.78
2023-02-01,30.78
2023-02-02,30.78
2023-02-03,30.7
2023-02-06,30.69
2023-02-07,30.6
2023-02-08,30.58
2023-02-09,29.02
2023-02-10,30.59
2023-02-13,30.59
2023-02-14,30.59
2023-02-15,30.5
2023-02-16,29.01
2023-02-17,30.61
2023-02-20,30.59
2023-02-21,30.59
2023-02-22,30.59
2023-02-23,30.58
2023-02-24,30.15
2023-02-27,30.5
2023-02-28,30.48
2023-03-01,30.0
2023-03-02,29.51
2023-03-03,30.49
2023-03-06,30.4
2023-03-07,30.4
2023-03-08,30.4
2023-03-09,30.39
2023-03-10,30.39
2023-03-13,30.39
2023-03-14,30.39
2023-03-15,30.56
2023-03-16,30.56
2023-03-17,30.56
2023-03-20,30.3
2023-03-21,30.25
2023-03-22,30.25
2023-03-23,30.25
2023-03-24,31.0
2023-03-27,29.33
2023-03-28,31.08
2023-03-29,32.94
2023-03-30,34.43
2023-03-31,34.0
2023-04-03,32.93
2023-04-04,33.73
2023-04-05,33.56
2023-04-06,32.76
2023-04-07,32.76
2023-04-10,33.55
2023-04-11,33.39
2023-04-12,33.39
2023-04-13,35.0
2023-04-14,34.88
2023-04-17,34.88
2023-04-18,34.88
2023-04-19,33.03
2023-04-20,34.19
2023-04-21,34.49
2023-04-25,34.3
2023-04-26,34.3
2023-04-27,33.12
2023-04-28,34.3
2023-05-02,34.29
2023-05-03,33.81
2023-05-04,33.81
2023-05-05,34.0
2023-05-08,33.53
2023-05-09,34.0
2023-05-10,34.0
2023-05-11,34.85
2023-05-12,35.0
2023-05-15,34.56
2023-05-16,35.39
2023-05-17,35.38
2023-05-18,34.51
2023-05-19,35.35
2023-05-22,35.38
2023-05-23,35.4
2023-05-24,35.4
2023-05-25,34.56
2023-05-26,35.45
2023-05-29,35.5
2023-05-30,35.5
2023-05-31,33.5
2023-06-01,33.49
2023-06-02,34.96
2023-06-05,33.5
2023-06-06,33.0
2023-06-07,32.5
2023-06-08,32.0
2023-06-09,32.0
2023-06-12,33.39
2023-06-13,33.35
2023-06-14,33.0
2023-06-15,33.0
2023-06-16,33.19
2023-06-19,33.07
2023-06-20,33.69
2023-06-21,33.14
2023-06-22,33.14
2023-06-23,33.14
2023-06-26,31.65
2023-06-27,31.5
2023-06-28,31.8
2023-07-03,31.69
2023-07-04,31.8
2023-07-05,32.5
2023-07-06,32.5
2023-07-07,32.7
2023-07-10,32.0
2023-07-11,31.5
2023-07-12,32.0
2023-07-13,32.0
2023-07-14,32.0
2023-07-17,32.0
2023-07-18,31.26
2023-07-20,31.6
2023-07-21,31.6
2023-07-24,31.6
2023-07-25,32.0
2023-07-26,32.0
2023-07-27,32.0
2023-07-28,32.7
2023-07-31,32.95
2023-08-01,32.4
2023-08-02,32.0
2023-08-03,32.0
2023-08-04,32.05
2023-08-07,32.7
2023-08-08,32.74
2023-08-09,32.17
2023-08-10,32.17
2023-08-11,32.55
2023-08-15,32.5
2023-08-16,32.5
2023-08-17,32.0
2023-08-18,32.06
2023-08-22,32.45
2023-08-23,32.5
2023-08-24,32.05
2023-08-25,32.4
2023-08-28,32.48
2023-08-29,32.05
2023-08-30,32.5
2023-08-31,32.5
2023-09-01,32.5
2023-09-04,32.2
2023-09-05,32.0
2023-09-06,32.0
2023-09-07,32.0
2023-09-08,32.6
2023-09-11,31.8
2023-09-12,31.78
2023-09-13,31.0
2023-09-14,32.47
2023-09-15,32.42
2023-09-18,32.28
2023-09-19,31.8
2023-09-20,32.0
2023-09-21,31.79
2023-09-22,31.0
2023-09-25,32.0
2023-09-26,31.92
2023-09-27,31.76
2023-10-02,30.23
2023-10-03,30.31
2023-10-04,31.3
2023-10-05,32.3
2023-10-06,31.5
2023-10-09,32.2
2023-10-10,31.95
2023-10-11,31.95
2023-10-12,31.5
2023-10-13,31.8
2023-10-16,31.0
2023-10-17,31.78
2023-10-18,31.39
2023-10-19,30.93
2023-10-20,30.5
2023-10-23,30.88
2023-10-24,31.27
2023-10-25,31.27
2023-10-26,31.55
2023-10-27,31.09
2023-10-30,31.26
2023-10-31,31.25
2023-11-01,31.19
2023-11-02,31.13
2023-11-03,31.13
2023-11-07,30.55
2023-11-08,31.2
2023-11-09,31.2
2023-11-10,31.2
2023-11-13,31.19
2023-11-14,31.15
2023-11-15,31.18
2023-11-16,31.15
2023-11-17,31.36
2023-11-20,31.36
2023-11-21,31.3
2023-11-22,31.25
2023-11-23,31.0
2023-11-24,31.26
2023-11-27,31.26
2023-11-28,31.24
2023-11-29,31.24
2023-11-30,31.23
2023-12-01,31.18
2023-12-04,31.86
2023-12-05,31.7
2023-12-06,31.71
2023-12-07,31.71
2023-12-08,31.71
2023-12-11,31.69
2023-12-12,31.62
2023-12-13,31.6
2023-12-14,31.49
2023-12-15,31.48
2023-12-18,30.64
2023-12-19,31.47
2023-12-20,31.45
2023-12-21,31.42
2023-12-22,31.45
2023-12-25,31.45
2023-12-26,31.5
2023-12-27,31.5
2023-12-28,31.5
2023-12-29,31.0
2024-01-02,31.49
2024-01-03,31.65
2024-01-04,31.64
2024-01-05,31.8
2024-01-08,32.0
2024-01-09,32.0
2024-01-10,31.99
2024-01-12,31.79
2024-01-15,32.0
2024-01-16,32.0
2024-01-17,32.48
2024-01-18,31.96
2024-01-19,31.95
2024-01-22,31.14
2024-01-23,31.99
2024-01-24,31.9
2024-01-25,32.6
2024-01-26,32.6
2024-01-29,32.8
2024-01-30,32.49
2024-01-31,32.78
2024-02-01,32.63
2024-02-02,31.6
2024-02-05,32.0
2024-02-06,32.97
2024-02-07,32.74
2024-02-08,32.74
2024-02-09,32.88
2024-02-12,32.6
2024-02-13,32.0
2024-02-14,32.79
2024-02-15,32.79
2024-02-16,32.6
2024-02-19,32.6
2024-02-20,32.5
2024-02-21,32.1
2024-02-22,32.96
2024-02-23,32.95
2024-02-26,32.94
2024-02-27,32.88
2024-02-28,32.8
2024-02-29,32.88
2024-03-01,32.82
2024-03-04,32.75
2024-03-05,32.5
2024-03-06,32.01
2024-03-07,32.79
2024-03-08,32.75
2024-03-11,32.5
2024-03-12,32.5
2024-03-13,32.2
2024-03-14,32.5
2024-03-15,32.5
2024-03-18,32.5
2024-03-19,32.5
2024-03-20,32.5
2024-03-21,32.4
2024-03-22,32.4
2024-03-25,32.0
2024-03-26,32.4
2024-03-27,32.4
2024-03-28,32.75
2024-03-29,32.65
2024-04-01,32.99
2024-04-02,32.5
2024-04-03,32.88
2024-04-04,33.8
2024-04-05,33.78
2024-04-08,33.0
2024-04-09,33.0
2024-04-15,33.89
2024-04-16,37.19
2024-04-17,36.8
2024-04-18,37.4
2024-04-19,37.0
2024-04-22,35.26
2024-04-23,36.0
2024-04-24,35.7
2024-04-25,35.4
2024-04-26,35.4
2024-04-29,35.19
2024-04-30,34.99
2024-05-02,35.18
2024-05-03,34.94
2024-05-06,34.28
2024-05-07,34.0
2024-05-08,33.0
2024-05-09,32.5
2024-05-10,34.79
2024-05-13,34.59
2024-05-14,34.0
2024-05-15,34.17
2024-05-16,34.15
2024-05-17,34.0
2024-05-20,33.99
2024-05-21,33.99
2024-05-22,33.49
2024-05-23,33.0
2024-05-24,33.97
2024-05-27,34.77
2024-05-28,34.78
2024-05-29,34.78
2024-05-30,34.78
2024-05-31,34.7
2024-06-03,34.65
2024-06-04,34.65
2024-06-05,33.6
2024-06-06,34.49
2024-06-07,34.5
2024-06-10,34.5
2024-06-11,34.5
2024-06-12,34.5
2024-06-13,34.6
2024-06-14,34.6
2024-06-19,35.0
2024-06-20,35.0
2024-06-21,34.85
2024-06-24,33.91
2024-06-25,34.98
2024-06-26,34.5
2024-06-27,35.0
2024-06-28,35.2
2024-07-01,35.0
2024-07-02,34.95
2024-07-03,34.99
2024-07-04,34.97
2024-07-05,34.02
2024-07-08,34.96
2024-07-09,34.5
2024-07-10,33.82
2024-07-11,33.76
2024-07-12,33.75
2024-07-15,33.7
2024-07-16,32.2
2024-07-17,33.54
2024-07-18,33.54
2024-07-19,33.39
2024-07-22,33.77
2024-07-23,33.5
2024-07-24,33.6
2024-07-25,33.74
2024-07-26,33.69
2024-07-29,32.74
2024-07-31,32.74
2024-08-01,32.36
2024-08-02,33.34
2024-08-05,33.0
2024-08-06,33.0
2024-08-07,32.98
2024-08-08,33.0
2024-08-09,33.19
2024-08-12,32.0
2024-08-13,32.0
2024-08-15,32.0
2024-08-16,31.85
2024-08-19,32.0
2024-08-22,32.0
2024-08-23,32.39
2024-08-26,32.52
2024-08-27,33.0
2024-08-28,32.59
2024-08-29,33.34
2024-08-30,33.0
2024-09-02,33.34
2024-09-03,32.8
2024-09-04,33.29
2024-09-05,33.0
2024-09-06,33.29
2024-09-09,36.61
2024-09-10,35.1
2024-09-11,35.43
2024-09-12,34.76
2024-09-13,34.2
2024-09-18,34.68
2024-09-19,34.29
2024-09-20,34.18
2024-09-23,34.6
2024-09-24,34.2
2024-09-25,34.43
2024-09-26,34.43
2024-09-27,34.43
2024-09-30,34.0
2024-10-01,33.5
2024-10-02,33.5
2024-10-03,34.28
2024-10-04,33.52
2024-10-07,33.5
2024-10-08,33.5
2024-10-09,33.0
2024-10-10,33.0
2024-10-11,33.69
2024-10-14,33.0
2024-10-15,33.39
2024-10-16,33.42
2024-10-17,33.0
2024-10-18,33.01
2024-10-21,32.74
2024-10-22,32.55
2024-10-23,32.7
2024-10-24,33.0
2024-10-25,32.8
2024-10-28,32.7
2024-10-29,32.71
2024-10-30,32.3
2024-10-31,32.56
2024-11-01,32.56
2024-11-04,32.55
2024-11-05,33.22
2024-11-07,33.0
2024-11-08,32.0
2024-11-11,32.7
2024-11-12,32.6
2024-11-13,33.19
2024-11-14,32.8
2024-11-15,33.0
2024-11-19,33.0
2024-11-20,33.39
2024-11-21,33.2
2024-11-22,33.0
2024-11-25,32.82
2024-11-26,32.7
2024-11-27,33.0
2024-11-28,32.75
2024-11-29,32.57
2024-12-02,32.59
2024-12-03,32.8
2024-12-04,32.52
2024-12-05,32.5
2024-12-06,32.3
2024-12-09,32.4
2024-12-10,32.84
2024-12-11,32.84
2024-12-12,32.84
2024-12-13,32.9
2024-12-16,32.93
2024-12-17,33.5
2024-12-18,33.69
2024-12-19,33.85
2024-12-20,33.85
2024-12-23,33.2
2024-12-24,33.89
2024-12-25,33.89
2024-12-26,33.89
2024-12-27,33.0
2024-12-30,33.85
2024-12-31,33.01
2025-01-02,32.9
2025-01-03,34.97
2025-01-06,36.0
2025-01-07,36.0
2025-01-08,36.0
2025-01-09,34.83
2025-01-10,35.0
2025-01-13,35.5
2025-01-15,35.0
2025-01-16,34.4
2025-01-17,34.4
2025-01-20,33.0
2025-01-21,33.08
2025-01-22,33.9
2025-01-23,33.8
2025-01-24,33.5
2025-01-27,33.45
2025-01-28,33.75
2025-01-29,34.0
2025-01-30,34.0
2025-01-31,33.0
2025-02-03,33.8
2025-02-04,33.99
2025-02-05,33.0
2025-02-06,34.19
2025-02-07,34.89
2025-02-10,34.85
2025-02-11,34.88
2025-02-12,34.0
2025-02-13,34.45
2025-02-14,34.0
2025-02-17,34.0
2025-02-18,34.0
2025-02-19,33.0
2025-02-20,32.21
2025-02-21,33.7
2025-02-24,33.0
2025-02-25,33.44
2025-02-26,33.0
2025-02-27,32.67
2025-02-28,32.0
2025-03-03,33.0
2025-03-04,33.25
2025-03-05,33.0
2025-03-06,33.1
2025-03-07,32.5
2025-03-10,32.52
2025-03-11,33.0
2025-03-12,33.0
2025-03-13,32.52
2025-03-14,33.0
2025-03-17,33.0
2025-03-18,33.48
2025-03-19,33.5
2025-03-20,34.86
2025-03-21,34.0
2025-03-24,34.88
2025-03-25,34.99
2025-03-26,34.79
2025-03-27,36.14
2025-03-28,35.1
2025-04-02,34.99
2025-04-03,34.46
2025-04-04,34.98
2025-04-07,33.0
2025-04-08,34.16
2025-04-09,33.0
2025-04-10,34.0
2025-04-11,33.75
2025-04-14,33.99
2025-04-15,33.8
2025-04-16,33.93
2025-04-17,34.23
2025-04-18,34.3
2025-04-21,33.8
2025-04-22,34.0
2025-04-23,34.18
2025-04-24,34.0
2025-04-25,35.39
2025-04-28,35.14
2025-04-29,35.11
2025-04-30,34.6
2025-05-02,35.0
2025-05-05,34.0
2025-05-06,34.6
2025-05-07,34.99
2025-05-08,33.86
2025-05-09,33.39
