date,RDS
2014-12-17,215.0
2014-12-18,214.95
2014-12-19,212.0
2014-12-22,202.0
2014-12-23,202.0
2014-12-24,199.8
2014-12-25,197.2
2014-12-26,198.5
2014-12-29,198.5
2014-12-30,196.7
2014-12-31,197.5
2015-01-02,195.0
2015-01-06,198.0
2015-01-07,197.0
2015-01-08,193.3
2015-01-09,193.1
2015-01-12,190.0
2015-01-13,188.0
2015-01-14,183.6
2015-01-15,172.6
2015-01-16,165.2
2015-01-19,181.7
2015-01-20,191.0
2015-01-21,189.5
2015-01-22,189.8
2015-01-23,189.9
2015-01-26,184.0
2015-01-27,179.5
2015-01-28,179.85
2015-01-29,180.0
2015-01-30,180.0
2015-02-02,179.9
2015-02-03,180.0
2015-02-04,178.9
2015-02-05,175.3
2015-02-06,176.0
2015-02-09,175.0
2015-02-10,176.0
2015-02-11,170.0
2015-02-12,170.0
2015-02-13,170.0
2015-02-16,163.0
2015-02-17,164.0
2015-02-18,162.4
2015-02-19,170.0
2015-02-20,166.1
2015-02-23,170.0
2015-02-24,174.9
2015-02-25,180.0
2015-02-26,181.0
2015-02-27,182.9
2015-03-02,180.0
2015-03-03,179.9
2015-03-04,177.0
2015-03-05,177.0
2015-03-06,176.0
2015-03-09,176.0
2015-03-10,172.5
2015-03-11,179.55
2015-03-12,174.0
2015-03-13,182.0
2015-03-16,180.0
2015-03-17,175.5
2015-03-18,173.0
2015-03-19,178.45
2015-03-20,183.0
2015-03-23,174.4
2015-03-24,178.95
2015-03-25,180.0
2015-03-26,185.0
2015-03-27,183.65
2015-03-30,183.0
2015-03-31,182.2
2015-04-01,180.1
2015-04-02,178.35
2015-04-03,177.05
2015-04-06,177.0
2015-04-07,174.1
2015-04-08,178.0
2015-04-09,175.3
2015-04-10,174.0
2015-04-13,174.0
2015-04-14,174.55
2015-04-15,176.0
2015-04-16,180.0
2015-04-17,182.5
2015-04-20,180.0
2015-04-21,180.2
2015-04-22,181.5
2015-04-23,182.5
2015-04-24,182.45
2015-04-27,182.5
2015-04-28,182.5
2015-04-29,181.0
2015-04-30,181.0
2015-05-04,180.0
2015-05-05,178.95
2015-05-06,177.0
2015-05-07,176.2
2015-05-08,176.0
2015-05-11,176.0
2015-05-12,179.9
2015-05-13,183.0
2015-05-14,182.0
2015-05-15,182.9
2015-05-18,180.05
2015-05-19,182.0
2015-05-20,182.95
2015-05-21,180.1
2015-05-22,179.0
2015-05-25,177.5
2015-05-26,176.0
2015-05-27,175.75
2015-05-28,185.0
2015-05-29,188.0
2015-06-01,184.45
2015-06-02,181.0
2015-06-03,182.45
2015-06-04,181.95
2015-06-05,182.0
2015-06-08,181.5
2015-06-09,181.45
2015-06-10,180.0
2015-06-11,180.2
2015-06-12,181.9
2015-06-15,178.7
2015-06-16,180.5
2015-06-17,179.75
2015-06-18,179.9
2015-06-19,180.0
2015-06-22,180.0
2015-06-23,178.0
2015-06-24,180.0
2015-06-25,178.0
2015-06-26,180.0
2015-06-29,178.0
2015-06-30,177.0
2015-07-01,177.0
2015-07-02,176.0
2015-07-03,176.1
2015-07-06,176.1
2015-07-07,174.55
2015-07-08,170.0
2015-07-09,171.0
2015-07-10,170.05
2015-07-13,173.8
2015-07-14,171.0
2015-07-15,167.5
2015-07-16,167.25
2015-07-20,168.0
2015-07-21,170.0
2015-07-22,167.2
2015-07-23,174.0
2015-07-24,170.0
2015-07-27,168.0
2015-07-28,168.0
2015-07-29,169.5
2015-07-31,174.0
2015-08-03,170.0
2015-08-04,169.0
2015-08-05,172.0
2015-08-06,171.95
2015-08-07,171.5
2015-08-10,168.0
2015-08-11,169.0
2015-08-12,171.7
2015-08-13,171.0
2015-08-17,167.25
2015-08-18,170.65
2015-08-19,169.9
2015-08-24,169.9
2015-08-25,159.75
2015-08-26,150.2
2015-08-27,152.0
2015-08-28,158.0
2015-08-31,158.0
2015-09-01,159.5
2015-09-02,159.85
2015-09-03,159.85
2015-09-04,158.0
2015-09-07,157.0
2015-09-08,158.5
2015-09-09,157.8
2015-09-10,151.35
2015-09-11,153.1
2015-09-14,150.5
2015-09-15,150.0
2015-09-16,147.0
2015-09-17,145.6
2015-09-18,149.9
2015-09-21,149.45
2015-09-22,141.6
2015-09-23,145.95
2015-09-28,148.0
2015-09-29,141.15
2015-09-30,132.7
2015-10-01,124.75
2015-10-02,119.5
2015-10-05,119.5
2015-10-06,120.7
2015-10-07,121.0
2015-10-08,121.0
2015-10-09,128.0
2015-10-12,123.8
2015-10-13,120.75
2015-10-14,126.0
2015-10-16,130.0
2015-10-19,136.1
2015-10-20,144.25
2015-10-21,145.0
2015-10-22,144.8
2015-10-23,144.0
2015-10-26,140.4
2015-10-27,140.4
2015-10-28,141.2
2015-10-29,141.2
2015-10-30,140.15
2015-11-02,141.2
2015-11-03,149.45
2015-11-04,152.2
2015-11-05,153.0
2015-11-09,154.55
2015-11-10,153.1
2015-11-11,152.15
2015-11-12,148.1
2015-11-13,150.0
2015-11-16,150.0
2015-11-17,145.0
2015-11-19,150.0
2015-11-20,150.05
2015-11-23,153.0
2015-11-24,158.45
2015-11-25,160.0
2015-11-26,158.0
2015-11-27,155.0
2015-11-30,158.5
2015-12-01,155.2
2015-12-02,153.2
2015-12-03,151.75
2015-12-04,157.0
2015-12-07,152.1
2015-12-08,156.0
2015-12-09,150.1
2015-12-10,145.0
2015-12-11,145.0
2015-12-14,145.0
2015-12-15,145.0
2015-12-16,143.0
2015-12-17,140.0
2015-12-18,141.0
2015-12-21,135.65
2015-12-22,140.0
2015-12-23,139.95
2015-12-28,135.0
2015-12-29,135.0
2015-12-30,134.1
2015-12-31,128.0
2016-01-04,128.6
2016-01-05,134.95
2016-01-06,135.0
2016-01-07,134.1
2016-01-08,135.0
2016-01-12,135.0
2016-01-13,135.0
2016-01-14,133.05
2016-01-15,133.0
2016-01-18,138.0
2016-01-19,146.25
2016-01-20,145.0
2016-01-21,140.1
2016-01-22,140.35
2016-01-25,138.0
2016-01-26,142.8
2016-01-27,141.85
2016-01-28,141.7
2016-01-29,140.3
2016-02-01,140.0
2016-02-02,141.3
2016-02-03,144.5
2016-02-04,150.0
2016-02-05,151.95
2016-02-08,151.0
2016-02-09,146.6
2016-02-10,155.35
2016-02-11,160.0
2016-02-12,155.1
2016-02-15,155.0
2016-02-16,159.0
2016-02-17,156.7
2016-02-18,155.5
2016-02-19,155.0
2016-02-22,155.0
2016-02-23,152.5
2016-02-24,152.1
2016-02-25,145.15
2016-02-26,150.0
2016-02-29,146.0
2016-03-01,148.8
2016-03-02,155.0
2016-03-03,155.5
2016-03-04,158.9
2016-03-07,155.0
2016-03-08,153.05
2016-03-09,152.75
2016-03-10,151.0
2016-03-11,150.6
2016-03-14,155.0
2016-03-15,158.6
2016-03-16,157.9
2016-03-17,152.1
2016-03-18,157.0
2016-03-21,156.0
2016-03-22,160.0
2016-03-23,165.0
2016-03-24,167.0
2016-03-25,171.0
2016-03-28,165.1
2016-03-29,165.0
2016-03-30,160.0
2016-03-31,155.3
2016-04-01,153.5
2016-04-04,162.0
2016-04-05,168.0
2016-04-06,170.0
2016-04-07,169.0
2016-04-08,165.2
2016-04-11,168.5
2016-04-12,170.0
2016-04-13,175.05
2016-04-14,182.5
2016-04-15,180.0
2016-04-18,183.0
2016-04-19,186.0
2016-04-20,178.15
2016-04-21,178.55
2016-04-22,183.0
2016-04-25,176.5
2016-04-26,181.9
2016-04-27,181.9
2016-04-28,182.0
2016-04-29,189.0
2016-05-02,189.0
2016-05-03,189.0
2016-05-04,185.0
2016-05-05,194.0
2016-05-06,192.85
2016-05-09,193.0
2016-05-10,192.0
2016-05-11,190.0
2016-05-12,190.0
2016-05-13,190.0
2016-05-16,186.5
2016-05-17,185.05
2016-05-18,187.0
2016-05-19,188.0
2016-05-20,188.0
2016-05-23,182.5
2016-05-24,180.1
2016-05-25,180.0
2016-05-26,180.25
2016-05-27,183.0
2016-05-30,182.0
2016-05-31,177.5
2016-06-01,180.0
2016-06-02,185.0
2016-06-03,185.0
2016-06-06,178.35
2016-06-07,184.95
2016-06-08,178.55
2016-06-09,184.9
2016-06-10,183.0
2016-06-13,174.3
2016-06-14,174.0
2016-06-15,179.0
2016-06-16,175.05
2016-06-17,182.5
2016-06-20,173.0
2016-06-21,179.75
2016-06-22,175.0
2016-06-23,174.0
2016-06-24,180.0
2016-06-27,172.0
2016-06-28,174.5
2016-06-29,178.0
2016-06-30,175.0
2016-07-01,175.0
2016-07-04,175.0
2016-07-05,172.5
2016-07-11,175.0
2016-07-12,171.9
2016-07-13,175.0
2016-07-14,179.0
2016-07-15,178.5
2016-07-18,176.0
2016-07-19,170.0
2016-07-20,167.0
2016-07-21,165.0
2016-07-22,162.0
2016-07-25,161.0
2016-07-26,165.0
2016-07-27,169.5
2016-07-28,169.75
2016-07-29,170.0
2016-08-01,170.45
2016-08-02,170.4
2016-08-03,170.5
2016-08-04,170.1
2016-08-05,168.5
2016-08-08,170.0
2016-08-09,168.0
2016-08-10,166.2
2016-08-11,166.6
2016-08-12,170.0
2016-08-15,167.5
2016-08-16,166.55
2016-08-17,170.0
2016-08-18,170.0
2016-08-19,169.0
2016-08-22,167.0
2016-08-23,166.0
2016-08-24,166.0
2016-08-25,166.0
2016-08-26,166.0
2016-08-29,166.0
2016-08-30,166.0
2016-08-31,166.0
2016-09-01,168.0
2016-09-02,167.1
2016-09-05,170.0
2016-09-06,176.3
2016-09-07,179.0
2016-09-08,175.0
2016-09-09,177.5
2016-09-14,178.0
2016-09-15,174.0
2016-09-16,173.1
2016-09-19,174.5
2016-09-20,176.5
2016-09-21,164.9
2016-09-22,168.0
2016-09-23,170.0
2016-09-26,170.0
2016-09-27,178.85
2016-09-28,177.0
2016-09-29,177.0
2016-09-30,170.25
2016-10-04,170.0
2016-10-05,175.0
2016-10-06,172.95
2016-10-07,168.0
2016-10-10,169.85
2016-10-11,166.1
2016-10-12,165.0
2016-10-13,165.0
2016-10-14,167.0
2016-10-17,166.9
2016-10-18,171.95
2016-10-19,170.3
2016-10-20,170.5
2016-10-21,170.0
2016-10-24,170.0
2016-10-25,168.5
2016-10-26,165.5
2016-10-27,169.95
2016-10-28,165.45
2016-10-31,166.0
2016-11-01,166.5
2016-11-02,170.0
2016-11-03,173.0
2016-11-04,173.0
2016-11-07,173.0
2016-11-08,171.0
2016-11-09,174.0
2016-11-10,173.9
2016-11-11,171.2
2016-11-14,175.0
2016-11-15,175.0
2016-11-16,174.0
2016-11-17,174.0
2016-11-21,173.3
2016-11-22,172.1
2016-11-23,171.0
2016-11-24,170.0
2016-11-25,168.2
2016-11-28,168.0
2016-11-29,171.75
2016-11-30,166.1
2016-12-01,168.1
2016-12-02,169.0
2016-12-05,168.0
2016-12-06,170.0
2016-12-07,174.0
2016-12-08,182.0
2016-12-09,183.0
2016-12-14,186.0
2016-12-15,190.0
2016-12-16,195.1
2016-12-19,210.0
2016-12-20,202.5
2016-12-21,198.8
2016-12-22,207.0
2016-12-23,201.5
2016-12-26,197.15
2016-12-27,196.1
2016-12-28,190.0
2016-12-29,185.2
2016-12-30,185.0
2017-01-02,185.0
2017-01-03,193.85
2017-01-04,200.0
2017-01-05,209.0
2017-01-06,214.0
2017-01-09,228.0
2017-01-10,234.45
2017-01-12,240.0
2017-01-13,229.0
2017-01-16,226.15
2017-01-17,215.0
2017-01-18,212.6
2017-01-19,208.85
2017-01-20,212.0
2017-01-23,212.0
2017-01-24,209.0
2017-01-25,208.05
2017-01-26,200.0
2017-01-27,200.0
2017-01-30,199.95
2017-01-31,195.0
2017-02-01,195.0
2017-02-02,194.5
2017-02-03,196.95
2017-02-06,197.95
2017-02-07,200.15
2017-02-08,205.0
2017-02-09,200.0
2017-02-10,198.0
2017-02-13,200.0
2017-02-14,196.2
2017-02-15,193.6
2017-02-16,190.5
2017-02-17,188.3
2017-02-20,188.4
2017-02-21,193.5
2017-02-22,190.0
2017-02-23,186.0
2017-02-24,186.5
2017-02-27,187.0
2017-02-28,190.6
2017-03-01,191.0
2017-03-02,193.5
2017-03-03,194.5
2017-03-06,192.5
2017-03-07,192.5
2017-03-08,192.0
2017-03-09,192.35
2017-03-10,191.0
2017-03-13,194.0
2017-03-14,194.65
2017-03-15,193.5
2017-03-16,193.5
2017-03-17,194.0
2017-03-20,187.05
2017-03-21,187.0
2017-03-22,185.0
2017-03-23,186.0
2017-03-24,180.0
2017-03-27,180.0
2017-03-28,187.0
2017-03-29,183.0
2017-03-30,175.05
2017-03-31,175.0
2017-04-03,179.0
2017-04-04,179.0
2017-04-05,170.0
2017-04-06,172.3
2017-04-07,176.85
2017-04-10,172.0
2017-04-11,172.5
2017-04-12,173.0
2017-04-13,174.9
2017-04-14,173.1
2017-04-17,170.55
2017-04-18,171.0
2017-04-19,171.0
2017-04-20,172.5
2017-04-21,174.95
2017-04-24,173.15
2017-04-25,172.8
2017-04-26,172.25
2017-04-27,175.5
2017-04-28,176.6
2017-05-02,184.0
2017-05-03,187.0
2017-05-04,185.1
2017-05-05,185.3
2017-05-08,185.3
2017-05-09,184.0
2017-05-10,184.0
2017-05-11,183.7
2017-05-12,184.2
2017-05-15,184.0
2017-05-16,183.0
2017-05-17,181.0
2017-05-18,183.95
2017-05-19,181.0
2017-05-22,181.9
2017-05-23,179.8
2017-05-24,181.0
2017-05-25,182.0
2017-05-26,163.85
2017-05-29,166.5
2017-05-30,165.75
2017-05-31,169.85
2017-06-01,168.8
2017-06-02,175.0
2017-06-05,169.0
2017-06-06,168.35
2017-06-07,172.95
2017-06-08,170.1
2017-06-09,173.0
2017-06-12,175.2
2017-06-13,175.0
2017-06-14,178.0
2017-06-15,180.0
2017-06-16,180.0
2017-06-19,180.0
2017-06-20,179.8
2017-06-21,179.8
2017-06-22,179.0
2017-06-23,180.0
2017-06-28,178.95
2017-06-29,179.0
2017-06-30,176.0
2017-07-03,177.9
2017-07-04,175.0
2017-07-05,175.6
2017-07-06,174.35
2017-07-07,175.0
2017-07-10,175.0
2017-07-11,174.0
2017-07-12,173.5
2017-07-13,173.25
2017-07-14,172.3
2017-07-17,173.0
2017-07-18,177.95
2017-07-19,173.8
2017-07-20,175.0
2017-07-21,175.0
2017-07-24,173.2
2017-07-25,188.0
2017-07-26,192.0
2017-07-27,186.0
2017-07-28,180.0
2017-07-31,179.9
2017-08-01,179.25
2017-08-02,178.0
2017-08-03,181.0
2017-08-04,180.0
2017-08-07,177.8
2017-08-08,177.65
2017-08-09,177.4
2017-08-10,182.0
2017-08-11,182.45
2017-08-15,181.65
2017-08-16,181.5
2017-08-17,179.5
2017-08-18,183.85
2017-08-22,181.0
2017-08-23,184.55
2017-08-24,182.0
2017-08-25,181.0
2017-08-28,181.0
2017-08-29,181.6
2017-08-30,183.4
2017-08-31,183.0
2017-09-04,183.0
2017-09-05,184.8
2017-09-06,184.8
2017-09-07,184.75
2017-09-08,183.0
2017-09-11,183.0
2017-09-12,180.5
2017-09-13,180.75
2017-09-14,182.55
2017-09-15,181.55
2017-09-18,182.0
2017-09-19,179.8
2017-09-20,179.0
2017-09-21,176.2
2017-09-25,176.0
2017-09-26,175.0
2017-09-27,173.0
2017-09-28,170.0
2017-09-29,166.6
2017-10-02,168.0
2017-10-03,170.95
2017-10-04,179.0
2017-10-05,173.0
2017-10-06,172.0
2017-10-09,175.9
2017-10-10,173.9
2017-10-11,172.1
2017-10-12,170.0
2017-10-13,168.9
2017-10-16,169.0
2017-10-17,168.05
2017-10-18,169.45
2017-10-19,169.9
2017-10-20,164.9
2017-10-23,167.0
2017-10-24,168.95
2017-10-25,168.0
2017-10-26,165.05
2017-10-27,166.0
2017-10-30,163.5
2017-10-31,161.35
2017-11-01,168.0
2017-11-02,165.0
2017-11-03,166.0
2017-11-07,166.0
2017-11-08,165.0
2017-11-09,167.0
2017-11-10,164.1
2017-11-13,167.0
2017-11-14,169.3
2017-11-15,168.9
2017-11-16,161.0
2017-11-17,163.5
2017-11-20,166.0
2017-11-21,165.9
2017-11-22,165.0
2017-11-23,165.7
2017-11-24,162.55
2017-11-27,165.3
2017-11-28,164.5
2017-11-29,163.65
2017-11-30,163.85
2017-12-04,162.0
2017-12-05,160.0
2017-12-06,148.0
2017-12-07,152.2
2017-12-08,150.4
2017-12-11,150.25
2017-12-12,150.0
2017-12-13,152.5
2017-12-14,151.6
2017-12-15,153.0
2017-12-18,153.0
2017-12-19,152.0
2017-12-20,150.0
2017-12-21,146.2
2017-12-22,149.8
2017-12-25,148.1
2017-12-26,146.0
2017-12-27,150.0
2017-12-28,147.6
2017-12-29,153.0
2018-01-02,156.0
2018-01-03,163.0
2018-01-04,154.0
2018-01-05,154.0
2018-01-08,153.1
2018-01-09,153.1
2018-01-10,152.0
2018-01-12,149.15
2018-01-15,148.6
2018-01-16,149.1
2018-01-17,147.0
2018-01-18,147.4
2018-01-19,150.0
2018-01-22,148.8
2018-01-23,146.95
2018-01-24,145.0
2018-01-25,144.0
2018-01-26,144.9
2018-01-29,141.0
2018-01-30,137.85
2018-01-31,139.0
2018-02-01,143.0
2018-02-02,143.1
2018-02-05,143.0
2018-02-06,145.0
2018-02-07,144.0
2018-02-08,143.0
2018-02-09,142.5
2018-02-12,142.15
2018-02-13,143.0
2018-02-14,142.0
2018-02-15,140.0
2018-02-16,138.0
2018-02-19,138.0
2018-02-20,137.0
2018-02-21,136.0
2018-02-22,136.45
2018-02-23,122.85
2018-02-26,120.9
2018-02-27,114.35
2018-02-28,117.1
2018-03-01,118.0
2018-03-02,115.5
2018-03-05,118.65
2018-03-06,120.0
2018-03-07,119.0
2018-03-08,119.5
2018-03-09,121.0
2018-03-12,122.0
2018-03-13,121.7
2018-03-14,114.15
2018-03-15,115.0
2018-03-16,115.0
2018-03-19,113.85
2018-03-20,112.9
2018-03-21,112.15
2018-03-22,112.0
2018-03-23,110.4
2018-03-26,111.0
2018-03-27,110.0
2018-03-28,114.9
2018-03-29,114.0
2018-03-30,118.0
2018-04-02,121.45
2018-04-03,121.05
2018-04-04,121.55
2018-04-05,124.0
2018-04-06,127.0
2018-04-09,128.0
2018-04-10,127.0
2018-04-11,125.0
2018-04-12,125.9
2018-04-13,123.0
2018-04-16,123.0
2018-04-17,122.0
2018-04-18,121.6
2018-04-19,121.6
2018-04-20,125.0
2018-04-23,121.0
2018-04-24,120.0
2018-04-25,118.0
2018-04-26,120.0
2018-04-27,120.0
2018-04-30,120.5
2018-05-02,121.85
2018-05-03,121.85
2018-05-04,120.0
2018-05-07,120.2
2018-05-08,122.0
2018-05-09,122.4
2018-05-10,122.0
2018-05-11,122.0
2018-05-14,121.95
2018-05-15,121.4
2018-05-16,120.0
2018-05-17,120.0
2018-05-18,119.0
2018-05-21,119.0
2018-05-22,117.0
2018-05-23,119.0
2018-05-24,118.0
2018-05-25,118.0
2018-05-28,120.5
2018-05-29,120.0
2018-05-30,120.0
2018-05-31,120.4
2018-06-01,118.2
2018-06-04,119.0
2018-06-05,120.05
2018-06-06,119.0
2018-06-07,121.0
2018-06-08,123.0
2018-06-11,121.15
2018-06-12,123.9
2018-06-13,124.0
2018-06-14,124.0
2018-06-18,126.9
2018-06-19,122.1
2018-06-20,125.0
2018-06-21,125.65
2018-06-22,125.0
2018-06-25,125.0
2018-06-26,122.0
2018-06-27,122.0
2018-06-28,120.0
2018-06-29,120.0
2018-07-02,118.0
2018-07-03,118.0
2018-07-04,115.2
2018-07-05,119.0
2018-07-06,117.55
2018-07-09,119.75
2018-07-10,117.3
2018-07-11,117.5
2018-07-12,119.8
2018-07-13,117.5
2018-07-16,118.0
2018-07-17,117.0
2018-07-18,116.0
2018-07-19,118.0
2018-07-20,117.85
2018-07-23,117.9
2018-07-24,116.9
2018-07-25,117.75
2018-07-26,115.05
2018-07-27,115.0
2018-07-31,117.0
2018-08-01,115.0
2018-08-02,117.8
2018-08-03,113.9
2018-08-06,115.5
2018-08-07,115.5
2018-08-08,116.9
2018-08-09,114.0
2018-08-10,122.0
2018-08-13,120.0
2018-08-15,117.1
2018-08-16,115.7
2018-08-17,118.9
2018-08-24,118.0
2018-08-27,114.05
2018-08-28,114.05
2018-08-29,115.0
2018-08-30,115.0
2018-08-31,115.9
2018-09-03,107.5
2018-09-04,107.1
2018-09-05,108.85
2018-09-06,108.2
2018-09-07,106.25
2018-09-10,103.0
2018-09-12,105.0
2018-09-13,112.95
2018-09-14,110.85
2018-09-17,113.55
2018-09-18,110.0
2018-09-19,103.5
2018-09-20,107.4
2018-09-21,103.0
2018-09-24,103.0
2018-09-25,103.0
2018-09-26,102.9
2018-09-27,102.0
2018-09-28,98.0
2018-10-01,100.0
2018-10-02,97.5
2018-10-03,103.9
2018-10-04,105.0
2018-10-05,98.6
2018-10-08,105.0
2018-10-09,96.1
2018-10-10,99.0
2018-10-11,100.0
2018-10-12,102.5
2018-10-15,102.5
2018-10-16,97.5
2018-10-17,100.0
2018-10-18,95.1
2018-10-19,95.0
2018-10-22,98.49
2018-10-23,98.49
2018-10-24,97.0
2018-10-25,91.5
2018-10-26,94.49
2018-10-29,93.49
2018-10-30,89.5
2018-10-31,85.13
2018-11-01,84.56
2018-11-02,82.01
2018-11-05,84.0
2018-11-07,85.0
2018-11-08,86.5
2018-11-09,86.45
2018-11-12,87.4
2018-11-13,87.0
2018-11-14,88.0
2018-11-15,94.89
2018-11-16,95.01
2018-11-19,93.5
2018-11-22,91.5
2018-11-23,91.5
2018-11-26,94.0
2018-11-27,93.97
2018-11-28,95.0
2018-11-29,94.2
2018-11-30,97.9
2018-12-03,100.0
2018-12-04,102.05
2018-12-05,103.4
2018-12-06,106.8
2018-12-07,105.0
2018-12-10,105.0
2018-12-11,105.0
2018-12-12,105.0
2018-12-13,102.1
2018-12-14,93.01
2018-12-17,92.0
2018-12-18,94.5
2018-12-19,96.0
2018-12-20,93.0
2018-12-21,88.1
2018-12-24,92.45
2018-12-25,94.0
2018-12-26,98.0
2018-12-27,92.0
2018-12-28,96.5
2018-12-31,99.0
2019-01-02,101.3
2019-01-03,99.0
2019-01-04,93.0
2019-01-07,94.99
2019-01-08,95.0
2019-01-09,95.0
2019-01-10,95.0
2019-01-14,95.35
2019-01-15,94.47
2019-01-16,94.47
2019-01-17,95.0
2019-01-18,90.02
2019-01-21,88.05
2019-01-22,86.0
2019-01-23,85.9
2019-01-24,84.5
2019-01-25,84.01
2019-01-28,87.96
2019-01-29,86.5
2019-01-30,88.49
2019-01-31,85.8
2019-02-01,84.0
2019-02-04,83.52
2019-02-05,85.0
2019-02-06,84.5
2019-02-07,84.0
2019-02-08,83.1
2019-02-11,84.38
2019-02-12,84.99
2019-02-13,84.99
2019-02-14,82.6
2019-02-15,81.0
2019-02-18,81.05
2019-02-19,82.5
2019-02-20,83.08
2019-02-21,81.0
2019-02-22,82.0
2019-02-25,82.0
2019-02-26,83.5
2019-02-27,83.2
2019-02-28,83.92
2019-03-01,80.05
2019-03-04,83.49
2019-03-05,82.0
2019-03-06,83.0
2019-03-07,83.49
2019-03-08,82.0
2019-03-11,80.0
2019-03-12,81.0
2019-03-13,81.0
2019-03-14,78.68
2019-03-15,81.0
2019-03-18,80.98
2019-03-19,78.05
2019-03-20,80.0
2019-03-21,80.0
2019-03-22,80.0
2019-03-25,87.0
2019-03-26,89.99
2019-03-27,88.95
2019-03-28,88.0
2019-03-29,82.0
2019-04-01,83.0
2019-04-02,83.0
2019-04-03,82.0
2019-04-04,82.0
2019-04-05,78.0
2019-04-08,82.88
2019-04-09,83.0
2019-04-10,88.19
2019-04-11,88.5
2019-04-12,87.89
2019-04-15,87.89
2019-04-16,87.89
2019-04-17,87.89
2019-04-18,85.0
2019-04-19,85.1
2019-04-22,85.0
2019-04-23,85.0
2019-04-24,83.0
2019-04-25,82.0
2019-04-26,84.9
2019-04-29,84.35
2019-04-30,84.13
2019-05-02,84.13
2019-05-03,80.0
2019-05-06,80.02
2019-05-07,83.43
2019-05-08,80.0
2019-05-09,80.0
2019-05-10,80.0
2019-05-13,81.0
2019-05-14,81.0
2019-05-15,80.0
2019-05-16,80.0
2019-05-17,80.0
2019-05-20,80.0
2019-05-21,79.0
2019-05-22,79.5
2019-05-23,78.5
2019-05-24,79.95
2019-05-27,78.31
2019-05-28,79.0
2019-05-29,78.0
2019-05-30,78.0
2019-05-31,79.5
2019-06-03,79.5
2019-06-04,78.5
2019-06-10,79.0
2019-06-11,77.5
2019-06-12,77.5
2019-06-13,77.2
2019-06-14,76.31
2019-06-17,77.0
2019-06-18,76.0
2019-06-19,75.98
2019-06-20,75.64
2019-06-21,74.5
2019-06-24,73.0
2019-06-25,73.0
2019-06-26,73.0
2019-06-27,72.1
2019-06-28,72.88
2019-07-01,69.0
2019-07-02,68.3
2019-07-03,66.4
2019-07-04,68.99
2019-07-05,69.0
2019-07-08,66.74
2019-07-09,68.79
2019-07-10,68.79
2019-07-11,70.0
2019-07-12,71.4
2019-07-15,70.0
2019-07-16,70.0
2019-07-17,73.0
2019-07-18,70.5
2019-07-19,70.22
2019-07-22,70.99
2019-07-23,70.79
2019-07-24,70.49
2019-07-25,69.99
2019-07-26,69.89
2019-07-29,69.87
2019-07-31,68.0
2019-08-01,69.49
2019-08-02,68.5
2019-08-05,68.1
2019-08-06,69.7
2019-08-07,69.95
2019-08-08,70.05
2019-08-09,69.0
2019-08-15,68.6
2019-08-16,71.45
2019-08-19,71.42
2019-08-22,70.99
2019-08-23,71.21
2019-08-26,76.03
2019-08-27,78.21
2019-08-28,77.9
2019-08-29,78.0
2019-08-30,85.79
2019-09-02,85.5
2019-09-03,85.0
2019-09-04,85.0
2019-09-05,86.0
2019-09-06,83.1
2019-09-09,83.89
2019-09-10,83.02
2019-09-11,82.1
2019-09-12,82.5
2019-09-13,83.94
2019-09-16,83.14
2019-09-17,81.6
2019-09-18,83.5
2019-09-19,81.0
2019-09-20,78.01
2019-09-23,78.99
2019-09-24,79.7
2019-09-25,79.7
2019-09-26,79.0
2019-09-27,76.0
2019-09-30,68.41
2019-10-01,70.05
2019-10-02,70.01
2019-10-03,71.84
2019-10-04,70.0
2019-10-07,70.97
2019-10-08,68.99
2019-10-09,67.5
2019-10-10,67.25
2019-10-11,66.27
2019-10-14,67.0
2019-10-15,66.99
2019-10-16,65.82
2019-10-17,65.88
2019-10-18,65.0
2019-10-21,65.0
2019-10-22,64.5
2019-10-23,64.5
2019-10-24,64.1
2019-10-25,63.83
2019-10-28,64.1
2019-10-29,64.82
2019-10-30,64.82
2019-10-31,63.5
2019-11-01,64.87
2019-11-04,64.42
2019-11-05,64.5
2019-11-07,62.7
2019-11-08,60.85
2019-11-12,61.0
2019-11-13,61.0
2019-11-14,60.01
2019-11-15,60.0
2019-11-19,58.0
2019-11-20,57.0
2019-11-21,54.43
2019-11-22,55.0
2019-11-25,55.0
2019-11-26,54.48
2019-11-27,53.3
2019-11-28,54.5
2019-11-29,55.0
2019-12-02,54.81
2019-12-03,55.0
2019-12-04,55.79
2019-12-05,55.0
2019-12-06,59.99
2019-12-09,58.08
2019-12-10,61.71
2019-12-11,59.25
2019-12-12,59.0
2019-12-13,60.0
2019-12-16,62.6
2019-12-17,62.17
2019-12-18,60.0
2019-12-19,60.11
2019-12-20,59.6
2019-12-23,59.05
2019-12-24,60.51
2019-12-25,62.84
2019-12-26,59.99
2019-12-27,59.8
2019-12-30,58.4
2019-12-31,56.0
2020-01-02,55.3
2020-01-03,54.76
2020-01-06,54.5
2020-01-07,54.0
2020-01-08,52.25
2020-01-09,52.89
2020-01-10,52.0
2020-01-13,51.86
2020-01-14,50.25
2020-01-15,49.24
2020-01-16,48.35
2020-01-17,51.55
2020-01-20,53.39
2020-01-21,52.91
2020-01-22,51.27
2020-01-23,50.0
2020-01-24,50.0
2020-01-27,49.98
2020-01-28,48.52
2020-01-29,49.0
2020-01-30,49.0
2020-01-31,49.02
2020-02-03,49.1
2020-02-04,48.0
2020-02-05,48.0
2020-02-06,47.7
2020-02-07,47.0
2020-02-10,46.95
2020-02-11,46.5
2020-02-12,46.3
2020-02-13,46.27
2020-02-14,46.37
2020-02-17,48.45
2020-02-18,48.38
2020-02-19,48.99
2020-02-20,49.25
2020-02-21,48.0
2020-02-24,46.4
2020-02-25,46.0
2020-02-26,45.8
2020-02-27,46.0
2020-02-28,41.41
2020-03-02,40.5
2020-03-03,38.55
2020-03-04,38.99
2020-03-05,39.13
2020-03-06,40.0
2020-03-09,36.04
2020-03-10,38.97
2020-03-11,38.9
2020-03-12,36.99
2020-03-13,34.85
2020-03-16,31.4
2020-03-17,30.15
2020-03-18,28.95
2020-03-19,29.97
2020-03-20,31.16
2020-03-23,32.4
2020-03-24,33.69
2020-03-25,33.0
2020-03-26,32.45
2020-03-27,31.16
2020-03-30,32.0
2020-03-31,30.73
2020-04-01,29.51
2020-04-02,29.95
2020-04-03,30.0
2020-04-06,28.81
2020-04-07,28.0
2020-04-08,28.8
2020-04-09,28.0
2020-04-10,28.0
2020-04-13,28.0
2020-04-14,28.0
2020-04-15,28.0
2020-04-16,28.0
2020-04-17,27.7
2020-04-20,27.7
2020-04-21,26.95
2020-04-22,25.88
2020-04-23,24.85
2020-04-24,24.85
2020-04-27,24.85
2020-04-28,24.85
2020-04-29,25.84
2020-04-30,26.87
2020-05-04,27.94
2020-05-05,29.05
2020-05-06,30.21
2020-05-07,31.41
2020-05-08,32.66
2020-05-11,33.7
2020-05-12,32.36
2020-05-13,31.07
2020-05-14,32.29
2020-05-15,33.0
2020-05-18,32.9
2020-05-19,32.99
2020-05-20,31.68
2020-05-21,31.0
2020-05-22,30.15
2020-05-26,31.0
2020-05-27,31.46
2020-05-28,31.0
2020-05-29,31.51
2020-06-01,32.77
2020-06-02,34.08
2020-06-03,35.0
2020-06-04,33.8
2020-06-05,32.45
2020-06-08,33.26
2020-06-09,32.72
2020-06-10,33.26
2020-06-11,31.93
2020-06-12,31.0
2020-06-15,31.02
2020-06-16,31.01
2020-06-17,32.25
2020-06-18,31.62
2020-06-19,30.76
2020-06-22,30.11
2020-06-23,30.24
2020-06-24,30.8
2020-06-25,29.57
2020-06-26,29.5
2020-06-29,29.9
2020-06-30,31.0
2020-07-01,30.95
2020-07-02,30.89
2020-07-03,30.0
2020-07-06,30.1
2020-07-07,30.09
2020-07-08,29.8
2020-07-09,28.66
2020-07-10,29.0
2020-07-13,28.41
2020-07-14,28.21
2020-07-15,27.99
2020-07-16,28.0
2020-07-17,28.0
2020-07-20,28.0
2020-07-21,28.0
2020-07-22,27.98
2020-07-23,27.9
2020-07-24,27.22
2020-07-27,26.5
2020-07-28,26.35
2020-07-29,27.34
2020-08-03,26.47
2020-08-04,26.0
2020-08-05,26.0
2020-08-06,26.0
2020-08-07,26.0
2020-08-10,25.25
2020-08-11,25.9
2020-08-12,25.9
2020-08-13,25.32
2020-08-17,25.5
2020-08-18,25.5
2020-08-19,25.03
2020-08-24,25.0
2020-08-25,25.0
2020-08-26,24.9
2020-08-27,24.23
2020-08-28,24.3
2020-08-31,24.18
2020-09-01,25.14
2020-09-02,25.04
2020-09-03,25.0
2020-09-04,25.0
2020-09-07,24.5
2020-09-08,24.8
2020-09-09,24.15
2020-09-10,24.2
2020-09-11,25.0
2020-09-14,25.99
2020-09-15,27.02
2020-09-16,25.94
2020-09-17,25.94
2020-09-18,25.15
2020-09-21,24.82
2020-09-22,25.54
2020-09-23,25.0
2020-09-24,25.0
2020-09-25,25.44
2020-09-28,25.01
2020-09-29,24.04
2020-09-30,24.83
2020-10-01,24.99
2020-10-02,24.0
2020-10-05,24.0
2020-10-06,23.65
2020-10-07,23.0
2020-10-08,22.99
2020-10-09,23.0
2020-10-12,23.44
2020-10-13,23.34
2020-10-14,23.0
2020-10-15,23.0
2020-10-16,23.0
2020-10-19,23.0
2020-10-20,22.84
2020-10-21,22.7
2020-10-22,22.39
2020-10-23,22.79
2020-10-26,23.0
2020-10-27,23.0
2020-10-28,23.0
2020-11-02,22.4
2020-11-03,22.31
2020-11-04,22.35
2020-11-05,22.4
2020-11-09,23.28
2020-11-10,24.21
2020-11-11,24.9
2020-11-12,24.84
2020-11-13,25.0
2020-11-16,24.23
2020-11-17,25.19
2020-11-19,26.19
2020-11-20,27.22
2020-11-23,27.08
2020-11-24,26.93
2020-11-25,27.0
2020-11-26,27.5
2020-11-27,26.8
2020-11-30,26.2
2020-12-01,25.2
2020-12-02,25.67
2020-12-03,25.3
2020-12-04,25.1
2020-12-07,25.35
2020-12-08,26.0
2020-12-09,26.68
2020-12-10,26.42
2020-12-11,27.47
2020-12-14,27.71
2020-12-15,27.0
2020-12-16,26.35
2020-12-17,27.23
2020-12-18,26.71
2020-12-21,25.65
2020-12-22,26.67
2020-12-23,27.26
2020-12-24,27.03
2020-12-25,26.99
2020-12-28,26.5
2020-12-29,26.89
2020-12-30,26.9
2020-12-31,27.0
2021-01-04,27.0
2021-01-05,26.96
2021-01-06,27.6
2021-01-07,27.11
2021-01-08,27.5
2021-01-12,27.96
2021-01-13,27.97
2021-01-14,27.5
2021-01-15,28.0
2021-01-18,28.45
2021-01-19,28.0
2021-01-20,27.8
2021-01-21,27.45
2021-01-22,27.45
2021-01-25,28.5
2021-01-26,29.5
2021-01-27,30.45
2021-01-28,29.24
2021-01-29,29.55
2021-02-01,29.18
2021-02-02,28.7
2021-02-03,28.9
2021-02-04,28.8
2021-02-05,29.4
2021-02-08,28.43
2021-02-09,28.53
2021-02-10,28.0
2021-02-11,27.98
2021-02-12,28.25
2021-02-15,28.25
2021-02-16,28.3
2021-02-17,28.2
2021-02-18,28.2
2021-02-19,28.2
2021-02-22,28.3
2021-02-23,28.49
2021-02-24,28.2
2021-02-25,28.28
2021-02-26,29.0
2021-03-01,27.86
2021-03-02,27.52
2021-03-03,27.8
2021-03-04,27.8
2021-03-05,27.75
2021-03-08,27.72
2021-03-09,27.2
2021-03-10,26.89
2021-03-11,26.68
2021-03-12,26.69
2021-03-15,26.6
2021-03-16,26.69
2021-03-17,25.94
2021-03-18,25.7
2021-03-19,25.52
2021-03-22,25.79
2021-03-23,25.4
2021-03-24,25.17
2021-03-25,25.95
2021-03-26,25.82
2021-03-29,25.88
2021-03-30,25.07
2021-03-31,25.07
2021-04-01,26.0
2021-04-02,26.07
2021-04-05,25.32
2021-04-06,25.99
2021-04-07,25.99
2021-04-08,26.37
2021-04-09,26.0
2021-04-12,26.0
2021-04-13,26.33
2021-04-14,26.33
2021-04-15,25.99
2021-04-16,26.0
2021-04-19,26.1
2021-04-20,26.0
2021-04-21,26.0
2021-04-22,25.8
2021-04-23,25.7
2021-04-26,26.0
2021-04-27,26.1
2021-04-28,26.39
2021-04-29,26.01
2021-04-30,25.5
2021-05-03,25.5
2021-05-04,25.8
2021-05-05,25.3
2021-05-06,25.0
2021-05-07,25.0
2021-05-10,25.1
2021-05-11,25.1
2021-05-12,25.1
2021-05-17,25.0
2021-05-18,25.0
2021-05-19,25.0
2021-05-20,24.95
2021-05-21,25.2
2021-05-24,26.2
2021-05-25,27.24
2021-05-26,28.32
2021-05-27,28.87
2021-05-28,27.72
2021-05-31,27.0
2021-06-01,27.11
2021-06-02,28.19
2021-06-03,29.31
2021-06-04,29.3
2021-06-07,30.0
2021-06-08,31.0
2021-06-09,32.23
2021-06-10,32.9
2021-06-11,34.21
2021-06-14,35.57
2021-06-15,36.99
2021-06-16,35.52
2021-06-17,34.12
2021-06-18,35.48
2021-06-21,36.89
2021-06-22,37.0
2021-06-23,38.2
2021-06-24,38.0
2021-06-25,37.49
2021-06-28,36.25
2021-06-29,37.4
2021-06-30,36.6
2021-07-01,37.2
2021-07-02,35.73
2021-07-05,34.31
2021-07-06,32.94
2021-07-07,34.25
2021-07-08,35.61
2021-07-09,36.05
2021-07-12,35.98
2021-07-13,35.94
2021-07-14,34.99
2021-07-15,35.59
2021-07-16,34.18
2021-07-19,34.16
2021-07-20,34.0
2021-07-23,34.39
2021-07-26,33.15
2021-07-27,32.9
2021-07-28,33.4
2021-07-29,33.28
2021-08-02,32.1
2021-08-03,33.38
2021-08-04,34.2
2021-08-05,34.67
2021-08-06,33.32
2021-08-09,33.9
2021-08-11,33.16
2021-08-12,33.4
2021-08-13,33.91
2021-08-16,35.26
2021-08-17,35.69
2021-08-18,35.99
2021-08-19,35.1
2021-08-23,34.6
2021-08-24,35.5
2021-08-25,35.11
2021-08-26,35.6
2021-08-27,35.75
2021-08-30,35.8
2021-08-31,34.4
2021-09-01,33.03
2021-09-02,33.79
2021-09-03,34.2
2021-09-06,34.34
2021-09-07,34.5
2021-09-08,34.1
2021-09-09,35.46
2021-09-10,34.99
2021-09-13,35.3
2021-09-14,34.9
2021-09-15,34.25
2021-09-16,34.95
2021-09-17,34.77
2021-09-20,33.79
2021-09-21,33.78
2021-09-22,33.32
2021-09-23,33.39
2021-09-24,32.87
2021-09-27,32.5
2021-09-28,32.96
2021-09-29,33.12
2021-09-30,32.71
2021-10-01,32.0
2021-10-04,30.73
2021-10-05,30.27
2021-10-06,30.45
2021-10-07,31.45
2021-10-08,31.7
2021-10-11,32.71
2021-10-12,32.44
2021-10-13,32.2
2021-10-14,31.45
2021-10-15,32.49
2021-10-18,32.29
2021-10-21,32.0
2021-10-22,32.0
2021-10-25,32.0
2021-10-26,31.2
2021-10-27,32.0
2021-10-28,32.19
2021-10-29,31.6
2021-11-01,31.56
2021-11-02,32.0
2021-11-03,31.62
2021-11-04,31.94
2021-11-05,31.49
2021-11-08,31.0
2021-11-09,31.0
2021-11-10,31.0
2021-11-11,30.99
2021-11-12,31.0
2021-11-15,31.68
2021-11-16,31.5
2021-11-17,31.5
2021-11-19,31.8
2021-11-22,31.5
2021-11-23,31.5
2021-11-24,30.75
2021-11-25,30.99
2021-11-26,30.69
2021-11-29,29.68
2021-11-30,29.99
2021-12-01,29.68
2021-12-02,30.15
2021-12-03,29.5
2021-12-06,29.99
2021-12-07,30.82
2021-12-08,30.0
2021-12-09,29.98
2021-12-10,29.6
2021-12-13,29.0
2021-12-14,29.5
2021-12-15,29.34
2021-12-16,29.0
2021-12-17,28.6
2021-12-20,28.6
2021-12-21,29.0
2021-12-22,29.21
2021-12-23,29.3
2021-12-24,29.19
2021-12-27,28.99
2021-12-28,28.8
2021-12-29,29.0
2021-12-30,28.75
2021-12-31,27.5
2022-01-03,28.09
2022-01-04,27.86
2022-01-05,28.62
2022-01-06,28.79
2022-01-07,29.68
2022-01-10,29.69
2022-01-12,29.98
2022-01-13,29.95
2022-01-14,30.14
2022-01-17,30.17
2022-01-18,30.5
2022-01-19,31.14
2022-01-20,31.43
2022-01-21,30.5
2022-01-24,30.49
2022-01-25,30.37
2022-01-26,30.25
2022-01-27,30.01
2022-01-28,30.3
2022-01-31,30.12
2022-02-01,30.7
2022-02-02,30.69
2022-02-03,30.6
2022-02-04,30.24
2022-02-07,30.5
2022-02-08,30.5
2022-02-09,30.99
2022-02-10,30.3
2022-02-11,30.8
2022-02-14,30.5
2022-02-15,30.3
2022-02-16,30.8
2022-02-17,30.51
2022-02-18,32.34
2022-02-21,33.9
2022-02-22,33.64
2022-02-23,33.26
2022-02-24,31.27
2022-02-25,30.56
2022-02-28,31.42
2022-03-01,29.54
2022-03-02,29.22
2022-03-03,27.47
2022-03-04,25.83
2022-03-07,24.29
2022-03-08,25.74
2022-03-09,27.28
2022-03-10,28.89
2022-03-11,28.03
2022-03-14,27.01
2022-03-15,28.06
2022-03-16,28.24
2022-03-17,28.27
2022-03-18,28.05
2022-03-21,28.29
2022-03-22,28.19
2022-03-23,27.0
2022-03-24,25.8
2022-03-25,26.5
2022-03-28,27.15
2022-03-29,27.9
2022-03-30,28.2
2022-03-31,27.0
2022-04-01,27.5
2022-04-04,27.83
2022-04-05,29.3
2022-04-06,30.6
2022-04-07,30.48
2022-04-08,29.89
2022-04-11,29.74
2022-04-12,29.56
2022-04-13,28.0
2022-04-14,28.66
2022-04-15,28.68
2022-04-18,28.31
2022-04-19,28.8
2022-04-20,28.73
2022-04-21,28.75
2022-04-22,28.59
2022-04-25,27.99
2022-04-26,27.5
2022-04-27,27.5
2022-04-28,27.32
2022-04-29,27.3
2022-05-04,27.64
2022-05-05,27.6
2022-05-06,27.79
2022-05-09,27.94
2022-05-10,27.37
2022-05-11,27.4
2022-05-12,27.46
2022-05-13,27.0
2022-05-16,27.47
2022-05-17,27.0
2022-05-18,27.39
2022-05-19,27.01
2022-05-20,27.0
2022-05-23,27.09
2022-05-24,26.2
2022-05-25,26.29
2022-05-26,26.16
2022-05-27,26.68
2022-05-30,26.93
2022-05-31,25.32
2022-06-01,24.99
2022-06-02,24.98
2022-06-03,24.98
2022-06-06,25.0
2022-06-07,25.0
2022-06-08,25.0
2022-06-09,24.99
2022-06-10,24.81
2022-06-13,24.84
2022-06-14,23.92
2022-06-15,24.45
2022-06-16,24.0
2022-06-17,24.0
2022-06-20,23.54
2022-06-21,24.39
2022-06-22,23.85
2022-06-23,23.97
2022-06-24,23.8
2022-06-27,23.65
2022-06-28,23.94
2022-06-29,24.39
2022-06-30,23.67
2022-07-01,24.29
2022-07-04,24.28
2022-07-05,24.18
2022-07-06,23.1
2022-07-07,23.16
2022-07-08,23.11
2022-07-12,23.01
2022-07-13,23.39
2022-07-14,23.0
2022-07-15,23.0
2022-07-18,22.93
2022-07-19,23.45
2022-07-20,23.12
2022-07-21,23.9
2022-07-22,23.1
2022-07-25,23.16
2022-07-26,23.0
2022-07-27,23.0
2022-07-28,22.91
2022-07-29,23.0
2022-08-01,23.5
2022-08-02,22.98
2022-08-03,23.19
2022-08-04,23.0
2022-08-05,23.45
2022-08-08,23.2
2022-08-09,23.49
2022-08-10,24.75
2022-08-11,25.21
2022-08-12,25.69
2022-08-15,26.07
2022-08-16,25.8
2022-08-17,25.11
2022-08-18,25.23
2022-08-19,25.75
2022-08-22,25.0
2022-08-23,24.97
2022-08-24,24.8
2022-08-25,24.96
2022-08-26,25.0
2022-08-29,25.4
2022-08-30,25.4
2022-08-31,25.23
2022-09-01,24.55
2022-09-02,24.4
2022-09-05,25.12
2022-09-06,25.1
2022-09-07,25.09
2022-09-08,25.2
2022-09-09,24.51
2022-09-12,24.9
2022-09-13,24.26
2022-09-14,24.74
2022-09-15,24.37
2022-09-16,24.62
2022-09-19,24.99
2022-09-20,24.77
2022-09-21,24.6
2022-09-22,23.87
2022-09-23,24.45
2022-09-26,23.58
2022-09-27,23.58
2022-09-28,23.46
2022-09-29,23.06
2022-09-30,21.85
2022-10-03,22.0
2022-10-04,22.8
2022-10-05,22.07
2022-10-06,22.5
2022-10-07,22.5
2022-10-11,22.7
2022-10-12,22.64
2022-10-13,22.0
2022-10-14,22.0
2022-10-17,21.8
2022-10-18,21.8
2022-10-19,21.5
2022-10-20,21.07
2022-10-21,21.0
2022-10-24,21.0
2022-10-25,20.95
2022-10-26,20.2
2022-10-27,21.0
2022-10-28,21.89
2022-10-31,21.49
2022-11-01,21.0
2022-11-02,21.45
2022-11-03,21.38
2022-11-04,21.34
2022-11-07,21.34
2022-11-08,20.15
2022-11-09,20.68
2022-11-10,20.12
2022-11-11,20.14
2022-11-14,20.89
2022-11-15,20.5
2022-11-16,20.49
2022-11-17,20.49
2022-11-21,20.48
2022-11-22,20.48
2022-11-23,20.0
2022-11-24,20.39
2022-11-25,20.0
2022-11-28,20.3
2022-11-29,19.8
2022-11-30,19.52
2022-12-01,19.99
2022-12-02,20.4
2022-12-05,20.3
2022-12-06,19.69
2022-12-07,19.1
2022-12-08,18.5
2022-12-09,18.6
2022-12-12,19.26
2022-12-13,18.5
2022-12-14,18.48
2022-12-15,19.42
2022-12-16,19.67
2022-12-19,19.0
2022-12-20,18.99
2022-12-21,18.5
2022-12-22,18.9
2022-12-23,18.9
2022-12-26,18.0
2022-12-27,17.91
2022-12-28,17.6
2022-12-29,17.4
2022-12-30,18.0
2023-01-02,16.94
2023-01-03,16.88
2023-01-04,15.9
2023-01-05,15.45
2023-01-06,15.5
2023-01-09,15.36
2023-01-10,15.38
2023-01-12,15.99
2023-01-13,15.62
2023-01-16,15.6
2023-01-17,14.67
2023-01-18,13.79
2023-01-19,13.7
2023-01-20,13.0
2023-01-23,13.3
2023-01-24,13.14
2023-01-25,13.92
2023-01-26,14.75
2023-01-27,13.87
2023-01-30,14.18
2023-01-31,14.0
2023-02-01,13.6
2023-02-02,13.38
2023-02-03,13.75
2023-02-06,13.1
2023-02-07,13.54
2023-02-08,13.52
2023-02-09,13.4
2023-02-10,13.59
2023-02-13,13.37
2023-02-14,13.49
2023-02-15,13.3
2023-02-16,13.26
2023-02-17,13.3
2023-02-20,13.25
2023-02-21,13.15
2023-02-22,13.0
2023-02-23,13.0
2023-02-24,12.86
2023-02-27,13.0
2023-02-28,12.99
2023-03-01,12.8
2023-03-02,12.9
2023-03-03,12.41
2023-03-06,12.49
2023-03-07,12.48
2023-03-08,12.4
2023-03-09,11.9
2023-03-10,11.76
2023-03-13,11.31
2023-03-14,11.3
2023-03-15,11.0
2023-03-16,11.18
2023-03-17,10.7
2023-03-20,10.3
2023-03-21,10.91
2023-03-22,10.9
2023-03-23,10.56
2023-03-24,10.9
2023-03-27,10.99
2023-03-28,10.88
2023-03-29,10.3
2023-03-30,10.3
2023-03-31,10.0
2023-04-03,10.0
2023-04-04,10.27
2023-04-05,10.0
2023-04-06,10.38
2023-04-07,10.0
2023-04-10,10.36
2023-04-11,10.1
2023-04-12,10.0
2023-04-13,10.0
2023-04-14,10.0
2023-04-17,10.15
2023-04-18,10.14
2023-04-19,10.25
2023-04-20,10.48
2023-04-21,10.39
2023-04-25,10.71
2023-04-26,10.89
2023-04-27,11.0
2023-04-28,10.7
2023-05-02,11.0
2023-05-03,11.65
2023-05-04,12.1
2023-05-05,12.12
2023-05-08,12.73
2023-05-09,13.22
2023-05-10,13.42
2023-05-11,12.62
2023-05-12,12.78
2023-05-15,13.22
2023-05-16,13.3
2023-05-17,13.05
2023-05-18,12.9
2023-05-19,13.08
2023-05-22,13.0
2023-05-23,12.96
2023-05-24,12.98
2023-05-25,12.65
2023-05-26,13.1
2023-05-29,13.88
2023-05-30,14.4
2023-05-31,14.9
2023-06-01,14.59
2023-06-02,14.48
2023-06-05,14.8
2023-06-06,14.9
2023-06-07,14.7
2023-06-08,14.6
2023-06-09,14.3
2023-06-12,13.9
2023-06-13,14.73
2023-06-14,15.46
2023-06-15,16.02
2023-06-16,15.06
2023-06-19,14.85
2023-06-20,15.74
2023-06-21,16.22
2023-06-22,16.1
2023-06-23,16.4
2023-06-26,16.33
2023-06-27,16.4
2023-06-28,17.3
2023-07-03,18.33
2023-07-04,19.31
2023-07-05,19.38
2023-07-06,19.38
2023-07-07,19.15
2023-07-10,18.6
2023-07-11,18.7
2023-07-12,18.85
2023-07-13,19.43
2023-07-14,19.3
2023-07-17,18.87
2023-07-18,19.1
2023-07-20,19.1
2023-07-21,19.0
2023-07-24,19.0
2023-07-25,18.88
2023-07-26,18.3
2023-07-27,18.27
2023-07-28,18.79
2023-07-31,18.9
2023-08-01,18.98
2023-08-02,18.95
2023-08-03,18.85
2023-08-04,18.7
2023-08-07,18.59
2023-08-08,18.3
2023-08-09,17.73
2023-08-10,17.56
2023-08-11,18.17
2023-08-15,17.9
2023-08-16,17.98
2023-08-17,17.98
2023-08-18,17.69
2023-08-22,17.74
2023-08-23,16.8
2023-08-24,16.49
2023-08-25,16.45
2023-08-28,16.55
2023-08-29,16.56
2023-08-30,17.55
2023-08-31,17.02
2023-09-01,16.76
2023-09-04,17.76
2023-09-05,17.67
2023-09-06,17.57
2023-09-07,17.45
2023-09-08,17.24
2023-09-11,17.14
2023-09-12,17.3
2023-09-13,17.69
2023-09-14,18.73
2023-09-15,18.68
2023-09-18,19.55
2023-09-19,20.69
2023-09-20,21.93
2023-09-21,22.5
2023-09-22,23.54
2023-09-25,23.97
2023-09-26,22.54
2023-09-27,21.8
2023-10-02,20.5
2023-10-03,19.28
2023-10-04,18.5
2023-10-05,19.6
2023-10-06,19.92
2023-10-09,19.85
2023-10-10,20.69
2023-10-11,21.5
2023-10-12,21.85
2023-10-13,21.34
2023-10-16,21.75
2023-10-17,20.9
2023-10-18,22.98
2023-10-19,24.29
2023-10-20,23.5
2023-10-23,22.5
2023-10-24,23.0
2023-10-25,22.9
2023-10-26,22.0
2023-10-27,22.5
2023-10-30,22.38
2023-10-31,22.8
2023-11-01,22.21
2023-11-02,22.2
2023-11-03,22.49
2023-11-07,22.04
2023-11-08,22.11
2023-11-09,22.06
2023-11-10,22.29
2023-11-13,22.6
2023-11-14,22.88
2023-11-15,22.18
2023-11-16,22.6
2023-11-17,22.38
2023-11-20,22.32
2023-11-21,22.6
2023-11-22,22.3
2023-11-23,22.34
2023-11-24,22.2
2023-11-27,22.11
2023-11-28,21.97
2023-11-29,21.89
2023-11-30,21.96
2023-12-01,20.5
2023-12-04,20.99
2023-12-05,20.45
2023-12-06,20.5
2023-12-07,20.0
2023-12-08,20.86
2023-12-11,20.69
2023-12-12,20.67
2023-12-13,20.8
2023-12-14,21.4
2023-12-15,21.6
2023-12-18,21.8
2023-12-19,21.9
2023-12-20,21.99
2023-12-21,21.5
2023-12-22,21.1
2023-12-25,20.0
2023-12-26,21.84
2023-12-27,21.15
2023-12-28,21.75
2023-12-29,21.7
2024-01-02,22.5
2024-01-03,22.48
2024-01-04,22.55
2024-01-05,22.73
2024-01-08,24.75
2024-01-09,23.9
2024-01-10,24.5
2024-01-12,24.0
2024-01-15,23.78
2024-01-16,23.61
2024-01-17,24.25
2024-01-18,25.0
2024-01-19,25.0
2024-01-22,26.39
2024-01-23,27.94
2024-01-24,28.35
2024-01-25,28.3
2024-01-26,28.12
2024-01-29,27.8
2024-01-30,28.0
2024-01-31,29.0
2024-02-01,28.5
2024-02-02,26.9
2024-02-05,27.0
2024-02-06,27.7
2024-02-07,27.0
2024-02-08,27.0
2024-02-09,26.55
2024-02-12,25.3
2024-02-13,25.5
2024-02-14,25.75
2024-02-15,26.7
2024-02-16,29.36
2024-02-19,32.29
2024-02-20,29.07
2024-02-21,29.38
2024-02-22,29.99
2024-02-23,31.25
2024-02-26,30.91
2024-02-27,29.5
2024-02-28,29.4
2024-02-29,32.33
2024-03-01,33.0
2024-03-04,34.99
2024-03-05,36.3
2024-03-06,36.4
2024-03-07,35.89
2024-03-08,36.25
2024-03-11,35.51
2024-03-12,34.55
2024-03-13,33.98
2024-03-14,34.96
2024-03-15,35.5
2024-03-18,36.05
2024-03-19,36.49
2024-03-20,35.98
2024-03-21,36.0
2024-03-22,36.5
2024-03-25,35.92
2024-03-26,35.93
2024-03-27,34.5
2024-03-28,34.4
2024-03-29,33.0
2024-04-01,36.29
2024-04-02,37.25
2024-04-03,40.97
2024-04-04,43.97
2024-04-05,44.99
2024-04-08,49.48
2024-04-09,54.42
2024-04-15,59.86
2024-04-16,65.84
2024-04-17,61.3
2024-04-18,66.0
2024-04-19,68.5
2024-04-22,61.66
2024-04-23,64.25
2024-04-24,64.0
2024-04-25,70.39
2024-04-26,77.42
2024-04-29,78.0
2024-04-30,76.5
2024-05-02,77.1
2024-05-03,72.49
2024-05-06,74.8
2024-05-07,77.6
2024-05-08,81.2
2024-05-09,85.0
2024-05-10,84.5
2024-05-13,86.0
2024-05-14,94.5
2024-05-15,96.11
2024-05-16,99.3
2024-05-17,100.0
2024-05-20,100.0
2024-05-21,90.1
2024-05-22,92.0
2024-05-23,88.03
2024-05-24,84.7
2024-05-27,83.0
2024-05-28,88.0
2024-05-29,85.4
2024-05-30,84.66
2024-05-31,81.08
2024-06-03,83.4
2024-06-04,81.0
2024-06-05,72.91
2024-06-06,77.0
2024-06-07,75.0
2024-06-10,76.0
2024-06-11,77.5
2024-06-12,81.3
2024-06-13,81.3
2024-06-14,82.0
2024-06-19,81.5
2024-06-20,81.0
2024-06-21,80.0
2024-06-24,79.1
2024-06-25,81.0
2024-06-26,79.5
2024-06-27,79.98
2024-06-28,79.05
2024-07-01,77.05
2024-07-02,76.1
2024-07-03,76.0
2024-07-04,77.0
2024-07-05,77.5
2024-07-08,77.5
2024-07-09,77.59
2024-07-10,75.99
2024-07-11,74.0
2024-07-12,72.85
2024-07-15,75.55
2024-07-16,76.31
2024-07-17,77.11
2024-07-18,77.5
2024-07-19,77.01
2024-07-22,81.95
2024-07-23,84.0
2024-07-24,83.65
2024-07-25,82.22
2024-07-26,83.9
2024-07-29,86.9
2024-07-31,87.45
2024-08-01,85.5
2024-08-02,85.0
2024-08-05,78.0
2024-08-06,80.75
2024-08-07,81.88
2024-08-08,81.2
2024-08-09,79.7
2024-08-12,83.0
2024-08-13,83.9
2024-08-15,85.49
2024-08-16,84.5
2024-08-19,84.06
2024-08-22,85.26
2024-08-23,84.5
2024-08-26,84.5
2024-08-27,83.99
2024-08-28,85.57
2024-08-29,84.6
2024-08-30,76.2
2024-09-02,79.6
2024-09-03,76.0
2024-09-04,75.31
2024-09-05,76.98
2024-09-06,77.49
2024-09-09,76.5
2024-09-10,74.01
2024-09-11,76.28
2024-09-12,77.0
2024-09-13,76.79
2024-09-18,76.25
2024-09-19,75.45
2024-09-20,74.35
2024-09-23,74.88
2024-09-24,73.22
2024-09-25,70.02
2024-09-26,69.49
2024-09-27,68.9
2024-09-30,75.78
2024-10-01,74.53
2024-10-02,75.49
2024-10-03,79.0
2024-10-04,80.0
2024-10-07,79.6
2024-10-08,76.0
2024-10-09,77.0
2024-10-10,76.15
2024-10-11,75.95
2024-10-14,75.15
2024-10-15,73.07
2024-10-16,71.9
2024-10-17,75.62
2024-10-18,74.5
2024-10-21,75.3
2024-10-22,80.0
2024-10-23,81.4
2024-10-24,77.9
2024-10-25,78.2
2024-10-28,77.0
2024-10-29,77.24
2024-10-30,76.5
2024-10-31,74.5
2024-11-01,73.8
2024-11-04,73.5
2024-11-05,74.08
2024-11-07,74.52
2024-11-08,76.0
2024-11-11,75.02
2024-11-12,75.0
2024-11-13,75.0
2024-11-14,74.0
2024-11-15,74.51
2024-11-19,74.5
2024-11-20,74.6
2024-11-21,73.08
2024-11-22,72.9
2024-11-25,71.6
2024-11-26,73.91
2024-11-27,71.88
2024-11-28,72.1
2024-11-29,75.48
2024-12-02,72.99
2024-12-03,73.97
2024-12-04,73.6
2024-12-05,73.01
2024-12-06,72.7
2024-12-09,73.65
2024-12-10,78.7
2024-12-11,80.45
2024-12-12,78.0
2024-12-13,78.86
2024-12-16,79.9
2024-12-17,79.45
2024-12-18,80.0
2024-12-19,77.99
2024-12-20,76.66
2024-12-23,76.98
2024-12-24,75.95
2024-12-25,75.3
2024-12-26,76.0
2024-12-27,76.0
2024-12-30,76.75
2024-12-31,75.2
2025-01-02,78.69
2025-01-03,77.0
2025-01-06,77.98
2025-01-07,81.5
2025-01-08,89.64
2025-01-09,91.0
2025-01-10,87.61
2025-01-13,89.0
2025-01-15,94.77
2025-01-16,104.2
2025-01-17,114.6
2025-01-20,119.5
2025-01-21,113.0
2025-01-22,120.1
2025-01-23,123.0
2025-01-24,117.0
2025-01-27,115.5
2025-01-28,115.6
2025-01-29,118.9
2025-01-30,116.3
2025-01-31,113.0
2025-02-03,110.75
2025-02-04,113.1
2025-02-05,115.0
2025-02-06,114.0
2025-02-07,115.0
2025-02-10,114.8
2025-02-11,112.0
2025-02-12,110.0
2025-02-13,116.0
2025-02-14,117.0
2025-02-17,118.0
2025-02-18,115.95
2025-02-19,118.0
2025-02-20,117.0
2025-02-21,122.0
2025-02-24,128.0
2025-02-25,130.0
2025-02-26,126.3
2025-02-27,124.0
2025-02-28,115.2
2025-03-03,115.85
2025-03-04,113.0
2025-03-05,113.0
2025-03-06,115.0
2025-03-07,114.6
2025-03-10,115.0
2025-03-11,114.2
2025-03-12,112.75
2025-03-13,112.95
2025-03-14,114.0
2025-03-17,116.4
2025-03-18,114.8
2025-03-19,114.05
2025-03-20,115.0
2025-03-21,114.8
2025-03-24,114.0
2025-03-25,113.7
2025-03-26,112.3
2025-03-27,113.9
2025-03-28,115.0
2025-04-02,115.0
2025-04-03,112.0
2025-04-04,111.85
2025-04-07,100.7
2025-04-08,101.8
2025-04-09,98.0
2025-04-10,106.95
2025-04-11,97.7
2025-04-14,105.0
2025-04-15,110.5
2025-04-16,111.25
2025-04-17,109.9
2025-04-18,111.0
2025-04-21,111.0
2025-04-22,110.15
2025-04-23,112.2
2025-04-24,116.0
2025-04-25,116.0
2025-04-28,114.45
2025-04-29,111.0
2025-04-30,102.0
2025-05-02,102.0
2025-05-05,104.0
2025-05-06,104.0
2025-05-07,103.0
2025-05-08,96.89
2025-05-09,99.38
