date,REB
2000-02-02,97.61
2000-03-07,91.901
2000-03-08,86.576
2000-03-13,81.389
2000-03-15,81.389
2000-04-12,174.532
2000-11-24,155.797
2000-12-20,191.295
2000-12-22,191.295
2001-01-04,179.857
2001-01-16,179.857
2001-01-17,179.857
2001-01-18,179.857
2001-01-19,179.857
2001-01-22,179.857
2001-01-23,179.857
2001-01-24,169.208
2001-01-25,169.208
2001-01-26,169.208
2001-01-29,169.208
2001-01-30,169.208
2001-01-31,169.208
2001-02-01,159.15
2001-02-02,159.15
2001-02-05,159.15
2001-02-06,159.15
2001-02-07,159.15
2001-02-08,159.15
2001-02-09,159.15
2001-02-12,159.15
2001-02-13,159.15
2001-02-14,159.15
2001-02-15,159.15
2001-02-16,159.15
2001-02-19,159.15
2001-02-20,159.15
2001-02-21,159.15
2001-02-22,159.15
2001-02-23,159.15
2001-02-26,159.15
2001-02-27,159.15
2001-02-28,159.15
2001-03-01,159.15
2001-03-02,159.15
2001-03-05,159.15
2001-03-08,159.15
2001-03-09,159.15
2001-03-12,159.15
2001-03-13,159.15
2001-03-14,159.15
2001-03-15,159.15
2001-03-16,159.15
2001-03-19,159.15
2001-03-20,159.15
2001-03-21,159.15
2001-03-22,159.15
2001-03-23,159.15
2001-03-26,159.15
2001-03-28,159.15
2001-03-29,159.15
2001-03-30,159.15
2001-04-02,159.15
2001-04-03,159.15
2001-04-04,159.15
2001-04-05,159.15
2001-04-06,159.15
2001-04-09,159.15
2001-04-10,159.15
2001-04-11,159.15
2001-04-12,159.15
2001-04-13,159.15
2001-04-16,159.15
2001-04-17,159.15
2001-04-18,159.15
2001-04-19,149.684
2001-04-20,149.684
2001-04-23,149.684
2001-04-24,149.684
2001-04-25,149.684
2001-04-26,149.684
2001-04-27,149.684
2001-04-30,149.684
2001-05-02,149.684
2001-05-03,149.684
2001-05-04,149.684
2001-05-07,149.684
2001-05-08,149.684
2001-05-09,149.684
2001-05-10,149.684
2001-05-11,149.684
2001-05-14,149.684
2001-05-15,149.684
2001-05-16,149.684
2001-05-17,149.684
2001-05-18,149.684
2001-05-21,149.684
2001-05-22,149.684
2001-05-23,149.684
2001-05-24,149.684
2001-05-25,149.684
2001-05-28,149.684
2001-05-29,149.684
2001-05-30,149.684
2001-05-31,158.558
2001-06-01,178.082
2001-06-04,188.732
2001-06-07,188.732
2001-06-08,188.732
2001-06-11,188.732
2001-06-12,199.973
2001-06-13,199.973
2001-06-14,199.973
2001-06-15,199.973
2001-06-18,199.973
2001-06-19,199.973
2001-06-20,188.14
2001-06-21,176.899
2001-06-22,176.899
2001-06-25,176.899
2001-06-26,176.899
2001-06-27,176.899
2001-06-28,198.592
2001-06-29,198.592
2001-07-02,198.592
2001-07-03,198.592
2001-07-04,198.592
2001-07-05,198.592
2001-07-06,198.592
2001-07-09,198.592
2001-07-10,198.592
2001-07-11,186.76
2001-07-12,186.76
2001-07-13,175.716
2001-07-16,175.321
2001-07-17,175.321
2001-07-18,175.321
2001-07-19,175.321
2001-07-20,175.321
2001-07-23,175.321
2001-07-24,175.321
2001-07-25,175.321
2001-07-26,175.321
2001-07-27,175.321
2001-07-31,167.63
2001-08-01,167.63
2001-08-02,167.63
2001-08-03,167.63
2001-08-06,161.714
2001-08-07,161.714
2001-08-08,161.714
2001-08-09,161.714
2001-08-10,161.714
2001-08-13,161.714
2001-08-15,161.714
2001-08-16,161.714
2001-08-17,161.714
2001-08-22,161.714
2001-08-23,161.714
2001-08-24,161.714
2001-08-27,161.714
2001-08-28,161.714
2001-08-29,161.714
2001-08-30,161.714
2001-08-31,161.714
2001-09-03,161.714
2001-09-04,161.714
2001-09-05,152.05
2001-09-06,152.05
2001-09-07,152.05
2001-09-10,152.05
2001-09-11,152.05
2001-09-12,152.05
2001-09-13,152.05
2001-09-14,152.05
2001-09-17,152.05
2001-09-18,152.05
2001-09-19,152.05
2001-09-20,152.05
2001-09-21,152.05
2001-09-24,152.05
2001-09-25,152.05
2001-09-26,152.05
2001-09-27,152.05
2001-09-28,152.05
2001-10-01,152.05
2001-10-02,152.05
2001-10-03,152.05
2001-10-04,152.05
2001-10-05,152.05
2001-10-08,152.05
2001-10-09,152.05
2001-10-10,152.05
2001-10-11,152.05
2001-10-12,152.05
2001-10-15,152.05
2001-10-16,152.05
2001-10-17,152.05
2001-10-18,152.05
2001-10-19,152.05
2001-10-22,152.05
2001-10-23,152.05
2001-10-24,152.05
2001-10-25,152.05
2001-10-26,152.05
2001-10-29,152.05
2001-10-30,152.05
2001-10-31,152.05
2001-11-01,152.05
2001-11-02,152.05
2001-11-05,152.05
2001-11-07,152.05
2001-11-08,152.05
2001-11-09,152.05
2001-11-12,152.05
2001-11-13,152.05
2001-11-14,152.05
2001-11-15,152.05
2001-11-16,152.05
2001-11-19,152.05
2001-11-20,148.895
2001-11-21,148.895
2001-11-22,148.895
2001-11-23,148.895
2001-11-26,148.895
2001-11-27,148.895
2001-11-28,148.895
2001-11-29,148.895
2001-11-30,148.895
2001-12-03,148.895
2001-12-04,148.895
2001-12-05,148.895
2001-12-06,148.895
2001-12-07,148.895
2001-12-10,148.895
2001-12-11,148.895
2001-12-12,148.895
2001-12-13,148.895
2001-12-14,148.895
2001-12-19,148.895
2001-12-20,148.895
2001-12-21,148.895
2001-12-24,148.895
2001-12-25,148.895
2001-12-26,157.819
2001-12-27,167.285
2001-12-28,167.285
2001-12-31,177.293
2002-01-04,198.198
2002-01-09,198.198
2002-01-10,198.198
2002-01-14,198.198
2002-01-15,198.198
2002-01-16,198.198
2002-01-17,198.198
2002-01-18,198.198
2002-01-21,198.198
2002-01-22,198.198
2002-01-23,198.198
2002-01-24,198.198
2002-01-25,198.198
2002-01-28,198.198
2002-01-29,198.198
2002-01-30,198.198
2002-01-31,198.198
2002-02-01,198.198
2002-02-04,198.198
2002-02-05,198.198
2002-02-06,198.198
2002-02-07,198.198
2002-02-08,198.198
2002-02-11,198.198
2002-02-12,198.198
2002-02-13,186.316
2002-02-14,186.316
2002-02-15,186.316
2002-02-18,186.316
2002-02-19,186.316
2002-02-20,186.316
2002-02-21,186.316
2002-02-22,186.316
2002-02-26,186.316
2002-02-27,186.316
2002-02-28,186.316
2002-03-01,186.316
2002-03-04,186.316
2002-03-05,186.316
2002-03-06,186.316
2002-03-07,186.316
2002-03-08,186.316
2002-03-11,186.316
2002-03-12,186.316
2002-03-13,186.316
2002-03-14,186.316
2002-03-18,186.316
2002-03-19,186.316
2002-03-20,186.316
2002-03-21,186.316
2002-03-22,186.316
2002-03-25,186.316
2002-03-26,186.316
2002-03-27,186.316
2002-03-28,186.316
2002-03-29,186.316
2002-04-01,186.316
2002-04-02,186.316
2002-04-03,177.491
2002-04-05,177.491
2002-04-08,177.491
2002-04-09,177.491
2002-04-10,177.491
2002-04-11,177.491
2002-04-12,177.491
2002-04-25,157.72
2002-09-25,137.161
2002-09-30,129.174
2002-12-27,128.188
2003-01-07,129.174
2003-01-16,129.174
2003-01-23,147.909
2003-02-21,131.146
2003-03-21,124.243
2003-04-10,124.243
2003-04-30,127.3
2003-05-12,128.188
2003-05-13,127.202
2003-05-21,127.202
2003-05-28,126.216
2003-06-10,133.118
2003-10-03,159.742
2003-10-21,155.797
2004-02-03,152.839
2004-02-13,152.839
2004-02-17,152.839
2004-02-26,152.839
2004-03-30,152.839
2004-04-16,152.839
2004-04-22,152.839
2004-05-19,150.867
2004-09-28,139.034
2004-10-27,138.048
2004-11-02,138.048
2004-12-16,129.864
2005-03-08,133.118
2005-03-31,147.909
2005-05-17,147.909
2005-05-31,156.783
2005-08-25,147.909
2005-09-09,155.797
2005-09-14,157.769
2005-09-21,162.7
2005-09-22,162.7
2005-09-28,172.462
2005-10-04,182.421
2005-10-05,182.618
2005-10-07,192.282
2005-10-10,203.818
2005-10-11,216.046
2005-10-12,228.766
2005-10-14,242.472
2005-10-19,256.967
2005-10-24,272.349
2005-10-26,273.138
2005-11-01,289.507
2005-11-02,306.862
2005-11-07,306.862
2005-11-15,324.413
2005-11-23,324.413
2005-11-25,343.149
2005-11-30,362.87
2005-12-02,384.563
2005-12-06,384.563
2005-12-07,384.563
2005-12-20,361.489
2005-12-29,383.133
2006-01-16,405.27
2006-01-17,380.964
2006-02-14,358.137
2006-03-08,352.122
2006-03-09,350.051
2006-03-10,348.079
2006-03-14,308.636
2006-03-15,292.0
2006-03-17,299.05
2006-03-23,356.1
2006-03-28,424.05
2006-03-30,476.0
2006-03-31,504.0
2006-04-04,565.0
2006-04-20,441.1
2006-04-21,415.0
2006-04-24,430.05
2006-04-28,506.0
2006-05-02,536.0
2006-05-04,536.0
2006-05-09,602.0
2006-05-10,638.0
2006-05-17,803.0
2006-05-18,800.0
2006-05-23,800.0
2006-05-31,704.0
2006-07-18,524.0
2006-07-20,492.6
2006-07-21,436.0
2006-08-02,340.5
2006-08-07,320.1
2006-08-09,325.0
2006-08-10,330.0
2006-08-16,329.0
2006-08-17,329.0
2006-08-18,320.0
2006-08-22,309.3
2006-08-23,327.0
2006-08-24,309.0
2006-08-25,325.0
2006-08-28,310.0
2006-08-30,310.0
2006-08-31,315.0
2006-09-01,311.0
2006-09-04,320.0
2006-09-06,319.0
2006-09-11,300.0
2006-09-12,309.0
2006-09-13,307.0
2006-09-14,309.0
2006-09-18,294.0
2006-09-19,310.0
2006-09-22,307.0
2006-09-26,300.0
2006-09-28,300.0
2006-10-03,292.0
2006-10-05,300.0
2006-10-09,293.0
2006-10-12,310.0
2006-10-13,309.0
2006-10-17,295.0
2006-10-18,296.05
2006-10-19,310.0
2006-10-23,310.0
2006-10-27,295.0
2006-10-30,300.0
2006-10-31,295.1
2006-11-01,300.0
2006-11-02,300.0
2006-11-03,317.0
2006-11-07,317.0
2006-11-08,327.75
2006-11-09,330.0
2006-11-10,329.95
2006-11-13,330.0
2006-11-14,352.0
2006-11-15,342.0
2006-11-16,360.0
2006-11-17,350.0
2006-11-20,350.0
2006-11-23,350.0
2006-11-29,327.75
2006-11-30,310.0
2006-12-01,310.0
2006-12-05,328.0
2006-12-07,328.0
2006-12-12,390.6
2006-12-13,390.0
2006-12-14,389.0
2006-12-15,390.0
2006-12-18,390.0
2006-12-19,390.0
2006-12-20,390.0
2006-12-26,324.0
2006-12-27,330.05
2006-12-28,324.0
2007-01-03,350.0
2007-01-04,360.0
2007-01-05,370.0
2007-01-08,370.0
2007-01-10,380.0
2007-01-12,382.0
2007-01-15,380.0
2007-01-17,375.0
2007-01-18,370.0
2007-01-19,370.0
2007-01-22,350.0
2007-01-26,370.0
2007-01-29,370.0
2007-01-31,370.0
2007-02-02,370.0
2007-02-05,370.0
2007-02-06,369.0
2007-02-07,370.0
2007-02-12,369.0
2007-02-14,369.0
2007-02-15,369.0
2007-02-16,389.0
2007-02-19,390.0
2007-02-21,390.0
2007-02-22,410.0
2007-02-23,386.0
2007-02-28,380.0
2007-03-01,380.0
2007-03-05,385.0
2007-03-07,398.0
2007-03-08,387.6
2007-03-09,410.0
2007-03-12,409.0
2007-03-14,409.0
2007-03-15,420.0
2007-03-16,420.0
2007-03-19,445.0
2007-03-20,460.0
2007-03-21,480.0
2007-03-22,471.0
2007-03-28,455.0
2007-04-03,412.05
2007-04-05,436.0
2007-04-09,410.2
2007-04-11,420.0
2007-04-12,406.0
2007-04-17,429.0
2007-04-18,445.0
2007-04-19,471.7
2007-04-20,500.0
2007-04-23,530.0
2007-04-24,561.0
2007-04-25,559.0
2007-04-26,550.0
2007-04-27,560.0
2007-04-30,550.0
2007-05-02,530.0
2007-05-03,500.0
2007-05-04,479.0
2007-05-07,482.0
2007-05-08,500.0
2007-05-09,527.0
2007-05-10,524.0
2007-05-11,480.0
2007-05-14,471.0
2007-05-16,416.2
2007-05-17,441.15
2007-05-22,495.65
2007-05-23,473.0
2007-05-24,473.05
2007-05-25,474.0
2007-05-28,474.0
2007-05-29,473.1
2007-05-31,473.1
2007-06-06,476.0
2007-06-07,476.0
2007-06-11,476.0
2007-06-12,476.0
2007-06-14,489.0
2007-06-15,476.0
2007-06-18,488.0
2007-06-25,476.0
2007-06-27,476.0
2007-07-04,474.0
2007-07-10,450.0
2007-07-11,452.0
2007-07-19,452.0
2007-07-20,478.0
2007-07-25,452.0
2007-08-07,460.0
2007-08-08,460.0
2007-08-10,480.0
2007-08-13,487.0
2007-08-22,457.8
2007-08-24,485.25
2007-08-30,493.0
2007-08-31,493.0
2007-09-12,463.45
2007-09-17,489.95
2007-09-28,487.95
2007-10-05,464.0
2007-10-10,464.0
2007-10-12,464.0
2007-10-15,463.45
2007-10-19,450.0
2007-10-25,450.0
2007-10-26,437.05
2007-10-29,450.0
2007-11-01,423.0
2007-11-05,437.0
2007-11-15,420.0
2007-11-19,420.0
2007-11-20,420.0
2007-11-29,401.0
2007-12-03,424.0
2007-12-10,401.0
2007-12-11,393.0
2007-12-28,394.0
2007-12-31,394.0
2008-01-03,414.0
2008-01-07,414.0
2008-01-08,438.0
2008-01-14,420.0
2008-01-21,395.0
2008-01-24,405.0
2008-01-29,405.0
2008-01-30,405.0
2008-01-31,405.0
2008-02-04,383.0
2008-02-05,383.0
2008-02-06,382.0
2008-02-07,383.0
2008-02-08,385.0
2008-02-13,385.0
2008-02-15,385.0
2008-02-18,385.0
2008-02-20,399.0
2008-02-22,399.0
2008-03-03,399.0
2008-03-04,399.0
2008-03-05,399.0
2008-03-06,399.0
2008-03-07,399.0
2008-03-10,399.0
2008-03-11,399.0
2008-03-12,399.0
2008-03-13,399.0
2008-03-14,385.0
2008-03-17,385.0
2008-03-18,365.0
2008-03-19,365.05
2008-03-24,365.05
2008-03-25,365.05
2008-03-26,365.05
2008-03-27,365.05
2008-03-28,386.95
2008-03-31,410.15
2008-04-01,434.75
2008-04-02,450.0
2008-04-03,450.0
2008-04-04,440.0
2008-04-07,450.0
2008-04-08,477.0
2008-04-09,471.0
2008-04-10,477.05
2008-04-11,505.0
2008-04-14,520.0
2008-04-15,535.0
2008-04-16,521.0
2008-04-17,520.0
2008-04-18,520.0
2008-04-21,520.0
2008-04-22,517.0
2008-04-23,491.2
2008-04-24,491.2
2008-04-25,501.0
2008-04-28,519.0
2008-04-29,519.0
2008-04-30,518.0
2008-05-02,510.0
2008-05-05,500.0
2008-05-06,509.0
2008-05-07,509.0
2008-05-08,507.0
2008-05-09,503.0
2008-05-12,503.0
2008-05-13,510.0
2008-05-14,512.0
2008-05-15,520.0
2008-05-16,519.0
2008-05-19,522.0
2008-05-20,530.0
2008-05-21,535.0
2008-05-22,539.0
2008-05-23,539.0
2008-05-26,540.0
2008-05-27,545.0
2008-05-28,495.0
2008-05-29,500.0
2008-05-30,498.0
2008-06-02,470.0
2008-06-03,470.0
2008-06-04,468.0
2008-06-05,451.0
2008-06-06,451.0
2008-06-09,450.0
2008-06-10,450.0
2008-06-11,450.0
2008-06-12,423.0
2008-06-13,397.65
2008-06-16,400.0
2008-06-17,400.0
2008-06-18,398.0
2008-06-19,398.0
2008-06-20,399.0
2008-06-23,408.0
2008-06-24,415.0
2008-06-25,390.1
2008-06-26,410.0
2008-06-27,409.9
2008-06-30,385.35
2008-07-01,382.0
2008-07-02,371.0
2008-07-03,371.0
2008-07-04,392.0
2008-07-07,375.5
2008-07-08,375.5
2008-07-09,398.0
2008-07-10,407.95
2008-07-11,407.95
2008-07-14,407.95
2008-07-15,407.95
2008-07-16,387.0
2008-07-17,387.0
2008-07-18,388.0
2008-07-21,380.0
2008-07-22,380.0
2008-07-23,380.0
2008-07-24,402.8
2008-07-25,402.8
2008-07-28,402.8
2008-07-29,395.0
2008-07-31,401.0
2008-08-01,395.0
2008-08-04,395.0
2008-08-05,395.0
2008-08-06,395.0
2008-08-07,395.0
2008-08-08,390.0
2008-08-11,390.0
2008-08-12,390.0
2008-08-13,390.1
2008-08-15,390.1
2008-08-18,400.0
2008-08-19,400.0
2008-08-22,400.0
2008-08-25,400.0
2008-08-26,400.0
2008-08-27,401.0
2008-08-28,401.0
2008-08-29,415.0
2008-09-02,415.0
2008-09-03,415.0
2008-09-04,412.0
2008-09-05,412.0
2008-09-08,412.0
2008-09-09,412.0
2008-09-10,414.0
2008-09-11,410.0
2008-09-12,410.0
2008-09-15,400.0
2008-09-16,400.0
2008-09-17,400.0
2008-09-18,400.0
2008-09-19,407.0
2008-09-22,401.0
2008-09-23,401.0
2008-09-24,420.0
2008-09-25,440.0
2008-09-26,431.0
2008-09-29,450.0
2008-09-30,450.0
2008-10-07,425.0
2008-10-08,425.0
2008-10-09,444.0
2008-10-10,421.0
2008-10-13,421.0
2008-10-14,445.05
2008-10-15,445.0
2008-10-16,450.0
2008-10-17,450.0
2008-10-20,450.0
2008-10-21,450.0
2008-10-22,445.0
2008-10-23,425.0
2008-10-24,425.0
2008-10-27,425.0
2008-10-28,401.0
2008-10-29,425.0
2008-10-30,425.0
2008-10-31,425.0
2008-11-03,425.0
2008-11-04,405.0
2008-11-05,405.0
2008-11-07,405.0
2008-11-10,405.0
2008-11-11,405.0
2008-11-12,405.0
2008-11-13,405.0
2008-11-14,405.0
2008-11-17,405.0
2008-11-19,425.0
2008-11-20,425.0
2008-11-21,425.0
2008-11-24,399.5
2008-11-25,381.0
2008-11-26,381.1
2008-11-27,381.1
2008-11-28,381.1
2008-12-01,381.1
2008-12-02,381.1
2008-12-03,381.1
2008-12-04,381.1
2008-12-05,400.0
2008-12-08,400.0
2008-12-11,400.0
2008-12-12,400.0
2008-12-15,400.0
2008-12-16,400.0
2008-12-17,400.0
2008-12-18,400.0
2008-12-19,400.0
2008-12-22,400.0
2008-12-23,400.0
2008-12-24,400.0
2008-12-25,380.0
2008-12-26,380.1
2008-12-30,380.0
2008-12-31,380.0
2009-01-02,380.0
2009-01-05,380.0
2009-01-06,380.0
2009-01-07,400.0
2009-01-08,400.0
2009-01-09,400.0
2009-01-12,400.0
2009-01-13,400.0
2009-01-14,400.0
2009-01-15,400.0
2009-01-16,400.0
2009-01-19,400.0
2009-01-20,400.0
2009-01-21,400.0
2009-01-22,400.0
2009-01-23,410.0
2009-01-26,410.0
2009-01-27,410.0
2009-01-28,410.0
2009-01-29,410.0
2009-01-30,410.0
2009-02-02,410.0
2009-02-03,410.0
2009-02-04,410.0
2009-02-05,410.0
2009-02-06,410.0
2009-02-09,410.0
2009-02-10,410.0
2009-02-11,385.4
2009-02-12,385.4
2009-02-13,365.0
2009-02-16,365.1
2009-02-17,365.1
2009-02-18,365.1
2009-02-19,387.0
2009-02-20,410.0
2009-02-23,410.0
2009-02-24,410.0
2009-02-25,410.05
2009-02-26,410.05
2009-02-27,410.05
2009-03-02,410.05
2009-03-03,410.05
2009-03-04,410.05
2009-03-05,415.0
2009-03-06,415.0
2009-03-09,415.0
2009-03-12,415.0
2009-03-13,415.0
2009-03-16,415.0
2009-03-17,415.0
2009-03-18,415.0
2009-03-19,415.0
2009-03-20,415.0
2009-03-23,415.5
2009-03-24,415.0
2009-03-25,415.0
2009-03-26,392.0
2009-03-27,368.5
2009-03-30,368.5
2009-03-31,368.5
2009-04-01,368.5
2009-04-02,368.5
2009-04-03,368.5
2009-04-06,368.5
2009-04-07,368.5
2009-04-08,368.5
2009-04-09,368.5
2009-04-10,368.5
2009-04-13,368.5
2009-04-14,368.5
2009-04-15,368.5
2009-04-16,368.5
2009-04-17,368.5
2009-04-20,368.5
2009-04-21,368.5
2009-04-22,368.5
2009-04-23,368.5
2009-04-24,368.5
2009-04-27,368.5
2009-04-28,390.0
2009-04-29,390.0
2009-04-30,390.0
2009-05-04,390.0
2009-05-05,390.0
2009-05-06,390.0
2009-05-07,390.0
2009-05-08,390.0
2009-05-11,390.0
2009-05-12,390.0
2009-05-13,390.0
2009-05-14,390.0
2009-05-15,390.0
2009-05-18,390.0
2009-05-19,390.0
2009-05-20,390.0
2009-05-21,390.0
2009-05-22,390.0
2009-05-25,390.0
2009-05-26,390.0
2009-05-27,390.0
2009-05-28,390.0
2009-05-29,390.0
2009-06-01,390.0
2009-06-02,390.0
2009-06-03,390.0
2009-06-04,390.0
2009-06-05,390.0
2009-06-08,390.0
2009-06-09,390.0
2009-06-10,390.0
2009-06-11,412.95
2009-06-12,412.95
2009-06-15,382.95
2009-06-16,382.95
2009-06-17,382.95
2009-06-18,404.0
2009-06-19,404.0
2009-06-22,404.0
2009-06-23,404.0
2009-06-24,404.0
2009-06-25,404.0
2009-06-26,379.8
2009-06-29,379.8
2009-06-30,379.8
2009-07-01,402.0
2009-07-02,402.0
2009-07-03,402.0
2009-07-06,402.0
2009-07-07,402.0
2009-07-08,402.0
2009-07-09,402.0
2009-07-10,402.0
2009-07-13,402.0
2009-07-14,402.0
2009-07-15,402.0
2009-07-16,402.0
2009-07-17,402.0
2009-07-20,402.0
2009-07-21,402.0
2009-07-22,402.0
2009-07-24,402.0
2009-07-27,400.0
2009-07-28,400.0
2009-07-29,400.0
2009-07-31,400.0
2009-08-03,380.0
2009-08-04,380.0
2009-08-05,400.05
2009-08-06,400.05
2009-08-07,400.0
2009-08-10,400.0
2009-08-11,400.0
2009-08-12,406.0
2009-08-13,406.0
2009-08-17,406.0
2009-08-18,406.0
2009-08-19,386.0
2009-08-24,386.0
2009-08-25,380.0
2009-08-26,380.0
2009-08-27,400.0
2009-08-28,400.0
2009-08-31,400.0
2009-09-01,400.0
2009-09-02,400.0
2009-09-03,400.0
2009-09-04,400.0
2009-09-07,400.0
2009-09-08,400.0
2009-09-09,400.0
2009-09-10,380.0
2009-09-11,371.0
2009-09-14,371.0
2009-09-15,371.0
2009-09-16,371.0
2009-09-17,380.0
2009-09-18,380.0
2009-09-23,380.0
2009-09-24,380.0
2009-09-25,380.0
2009-09-28,380.0
2009-09-29,380.0
2009-09-30,390.0
2009-10-01,410.0
2009-10-02,410.0
2009-10-05,410.0
2009-10-06,410.0
2009-10-07,386.0
2009-10-08,386.0
2009-10-09,386.0
2009-10-12,386.0
2009-10-13,386.0
2009-10-14,386.0
2009-10-15,386.0
2009-10-16,386.0
2009-10-19,386.0
2009-10-20,386.0
2009-10-21,386.0
2009-10-22,386.0
2009-10-23,386.0
2009-10-26,386.0
2009-10-27,386.0
2009-10-28,386.0
2009-10-29,386.0
2009-10-30,386.0
2009-11-02,386.0
2009-11-03,386.0
2009-11-04,386.0
2009-11-05,386.0
2009-11-09,386.0
2009-11-10,386.0
2009-11-11,386.0
2009-11-12,386.0
2009-11-13,386.0
2009-11-16,386.0
2009-11-17,386.0
2009-11-19,386.0
2009-11-20,386.0
2009-11-23,386.0
2009-11-24,386.0
2009-11-25,386.0
2009-11-26,386.0
2009-11-27,386.0
2009-11-30,386.0
2009-12-01,386.0
2009-12-02,386.0
2009-12-03,363.0
2009-12-04,363.0
2009-12-07,363.0
2009-12-08,363.0
2009-12-09,363.0
2009-12-10,363.0
2009-12-11,363.0
2009-12-14,363.0
2009-12-15,363.0
2009-12-16,363.0
2009-12-17,363.0
2009-12-21,363.0
2009-12-22,363.0
2009-12-23,363.0
2009-12-24,363.0
2009-12-25,363.0
2009-12-28,363.0
2009-12-29,363.0
2009-12-30,363.0
2009-12-31,363.0
2010-01-04,341.25
2010-01-05,321.0
2010-01-06,321.0
2010-01-07,340.25
2010-01-08,360.65
2010-01-12,360.65
2010-01-13,360.65
2010-01-14,360.65
2010-01-15,360.65
2010-01-18,360.65
2010-01-19,360.65
2010-01-20,360.65
2010-01-21,362.0
2010-01-22,382.0
2010-01-25,382.0
2010-01-26,362.0
2010-01-27,362.0
2010-01-28,383.0
2010-01-29,383.0
2010-02-01,383.0
2010-02-02,383.0
2010-02-03,383.0
2010-02-04,383.0
2010-02-05,385.0
2010-02-08,385.0
2010-02-09,385.0
2010-02-10,385.0
2010-02-11,385.0
2010-02-12,385.0
2010-02-15,385.0
2010-02-16,385.0
2010-02-17,385.0
2010-02-18,385.0
2010-02-19,385.0
2010-02-22,385.0
2010-02-23,405.0
2010-02-24,405.0
2010-02-25,405.0
2010-02-26,405.0
2010-03-01,405.0
2010-03-02,405.0
2010-03-03,405.0
2010-03-04,405.0
2010-03-05,405.0
2010-03-08,405.0
2010-03-09,405.0
2010-03-10,405.0
2010-03-11,405.0
2010-03-12,405.0
2010-03-15,382.0
2010-03-16,382.0
2010-03-17,382.0
2010-03-18,382.0
2010-03-19,382.0
2010-03-22,382.0
2010-03-23,382.0
2010-03-24,382.0
2010-03-25,382.0
2010-03-26,382.0
2010-03-29,400.0
2010-03-30,400.0
2010-03-31,390.0
2010-04-02,390.0
2010-04-05,390.0
2010-04-06,390.0
2010-04-07,390.0
2010-04-08,390.0
2010-04-09,390.0
2010-04-12,395.0
2010-04-13,400.0
2010-04-14,400.0
2010-04-15,400.0
2010-04-16,400.0
2010-04-19,400.0
2010-04-20,400.0
2010-04-21,405.0
2010-04-22,400.0
2010-04-23,400.0
2010-04-26,400.0
2010-04-27,400.0
2010-04-28,400.0
2010-04-29,400.0
2010-04-30,400.0
2010-05-03,400.0
2010-05-04,400.0
2010-05-05,400.0
2010-05-06,400.0
2010-05-07,400.0
2010-05-10,400.0
2010-05-11,400.0
2010-05-12,400.0
2010-05-13,400.0
2010-05-14,400.0
2010-05-17,400.0
2010-05-18,400.0
2010-05-19,400.0
2010-05-20,400.0
2010-05-21,400.0
2010-05-24,400.0
2010-05-25,447.0
2010-05-26,447.0
2010-05-27,447.0
2010-05-28,420.2
2010-05-31,402.0
2010-06-01,402.0
2010-06-02,402.0
2010-06-03,402.0
2010-06-04,402.0
2010-06-07,402.0
2010-06-08,402.0
2010-06-09,424.0
2010-06-10,424.0
2010-06-11,424.0
2010-06-14,424.0
2010-06-15,414.0
2010-06-16,402.0
2010-06-17,402.0
2010-06-18,402.0
2010-06-21,402.0
2010-06-22,410.0
2010-06-23,410.0
2010-06-24,410.0
2010-06-25,385.4
2010-06-29,386.0
2010-06-30,386.0
2010-07-01,386.0
2010-07-02,386.0
2010-07-05,386.0
2010-07-06,386.0
2010-07-07,386.0
2010-07-08,386.0
2010-07-09,386.0
2010-07-12,386.0
2010-07-13,386.0
2010-07-14,386.0
2010-07-15,386.0
2010-07-16,386.0
2010-07-19,386.0
2010-07-20,386.0
2010-07-21,386.0
2010-07-22,386.0
2010-07-26,386.0
2010-07-27,363.0
2010-07-28,363.0
2010-07-29,384.0
2010-08-02,384.0
2010-08-03,384.0
2010-08-04,384.0
2010-08-05,384.0
2010-08-06,384.0
2010-08-11,384.9
2010-08-12,384.9
2010-08-13,384.9
2010-08-16,384.9
2010-08-17,384.9
2010-08-18,384.9
2010-08-19,384.9
2010-08-23,384.9
2010-08-24,384.9
2010-08-25,371.0
2010-08-26,371.0
2010-08-27,371.0
2010-08-30,371.0
2010-09-03,372.0
2010-09-15,372.0
2010-09-16,372.0
2010-09-20,372.0
2010-09-21,372.0
2010-09-22,372.0
2010-09-23,380.0
2010-09-24,380.0
2010-09-27,380.0
2010-09-28,380.0
2010-09-29,380.0
2010-09-30,380.0
2010-10-01,380.0
2010-10-04,380.0
2010-10-05,380.0
2010-10-06,390.0
2010-10-07,395.0
2010-10-08,395.0
2010-10-11,395.0
2010-10-12,395.0
2010-10-13,395.0
2010-10-14,395.0
2010-10-15,395.0
2010-10-18,395.0
2010-10-19,395.0
2010-10-20,395.0
2010-10-21,395.0
2010-10-22,395.0
2010-10-25,395.0
2010-10-26,395.0
2010-10-27,395.0
2010-10-28,395.0
2010-10-29,395.0
2010-11-01,395.0
2010-11-02,395.0
2010-11-03,395.0
2010-11-04,393.5
2010-11-05,393.5
2010-11-08,393.5
2010-11-09,393.5
2010-11-10,393.5
2010-11-11,393.5
2010-11-12,393.5
2010-11-15,393.5
2010-11-16,393.5
2010-11-19,393.5
2010-11-22,393.5
2010-11-23,393.5
2010-11-24,393.5
2010-11-25,393.5
2010-11-26,393.5
2010-11-29,393.5
2010-11-30,394.5
2010-12-01,394.5
2010-12-02,394.5
2010-12-03,394.5
2010-12-08,394.5
2010-12-09,394.5
2010-12-10,394.5
2010-12-13,394.5
2010-12-14,394.5
2010-12-15,375.0
2010-12-16,375.0
2010-12-17,375.0
2010-12-20,397.5
2010-12-21,397.5
2010-12-22,397.5
2010-12-23,400.0
2010-12-24,400.0
2010-12-27,400.0
2010-12-28,400.0
2010-12-29,400.0
2010-12-30,400.0
2010-12-31,376.0
2011-01-03,376.0
2011-01-04,376.0
2011-01-05,398.55
2011-01-06,398.55
2011-01-07,398.55
2011-01-10,398.55
2011-01-12,398.55
2011-01-13,398.55
2011-01-14,398.55
2011-01-17,398.55
2011-01-18,398.55
2011-01-19,398.55
2011-01-20,398.55
2011-01-21,398.55
2011-01-24,398.55
2011-01-25,398.55
2011-01-26,398.55
2011-01-27,420.0
2011-01-28,420.0
2011-01-31,420.0
2011-02-01,420.0
2011-02-02,420.0
2011-02-03,420.0
2011-02-04,420.0
2011-02-07,420.0
2011-02-08,420.0
2011-02-09,420.0
2011-02-10,420.0
2011-02-11,420.0
2011-02-14,395.0
2011-02-15,395.0
2011-02-18,395.0
2011-02-21,395.0
2011-02-22,395.0
2011-02-23,395.0
2011-02-24,395.0
2011-02-25,395.0
2011-02-28,395.0
2011-03-01,395.0
2011-03-02,395.0
2011-03-03,395.0
2011-03-04,395.0
2011-03-07,395.0
2011-03-08,395.0
2011-03-09,395.0
2011-03-10,395.0
2011-03-11,395.0
2011-03-14,395.0
2011-03-15,395.0
2011-03-16,395.0
2011-03-17,381.0
2011-03-18,381.0
2011-03-21,381.0
2011-03-22,381.0
2011-03-23,381.0
2011-03-24,381.0
2011-03-25,381.0
2011-03-28,381.0
2011-03-29,381.0
2011-03-30,381.0
2011-03-31,381.0
2011-04-01,381.0
2011-04-04,381.0
2011-04-05,380.0
2011-04-06,380.0
2011-04-07,380.0
2011-04-08,380.0
2011-04-11,380.0
2011-04-12,380.0
2011-04-13,380.0
2011-04-14,380.0
2011-04-15,380.0
2011-04-18,380.0
2011-04-19,380.0
2011-04-20,380.0
2011-04-21,380.0
2011-04-22,380.0
2011-04-25,380.0
2011-04-26,380.0
2011-04-27,380.0
2011-04-28,380.0
2011-04-29,380.05
2011-05-02,380.05
2011-05-03,380.05
2011-05-04,380.05
2011-05-05,380.05
2011-05-06,380.05
2011-05-09,380.05
2011-05-10,380.05
2011-05-11,380.05
2011-05-12,380.05
2011-05-13,380.05
2011-05-16,380.05
2011-05-17,380.05
2011-05-18,380.05
2011-05-19,380.05
2011-05-20,380.05
2011-05-23,380.05
2011-05-24,380.05
2011-05-25,380.05
2011-05-26,380.05
2011-05-27,380.05
2011-05-30,380.05
2011-05-31,380.05
2011-06-01,380.05
2011-06-02,380.05
2011-06-03,380.05
2011-06-06,366.0
2011-06-07,366.0
2011-06-08,366.0
2011-06-09,366.0
2011-06-10,366.0
2011-06-13,366.0
2011-06-14,366.0
2011-06-15,366.0
2011-06-16,366.0
2011-06-17,366.0
2011-06-20,366.0
2011-06-21,366.0
2011-06-22,366.0
2011-06-23,366.0
2011-06-24,366.0
2011-06-27,366.0
2011-06-28,366.0
2011-06-29,366.0
2011-06-30,366.0
2011-07-01,366.0
2011-07-04,366.0
2011-07-05,366.0
2011-07-06,366.0
2011-07-07,366.0
2011-07-08,370.0
2011-07-11,370.0
2011-07-12,370.0
2011-07-13,370.0
2011-07-14,370.0
2011-07-15,370.0
2011-07-18,370.0
2011-07-19,370.0
2011-07-20,370.0
2011-07-21,370.0
2011-07-22,370.0
2011-07-25,370.0
2011-07-26,370.0
2011-07-27,370.0
2011-07-28,370.0
2011-07-29,370.0
2011-08-01,370.0
2011-08-02,370.0
2011-08-03,370.0
2011-08-04,370.0
2011-08-05,370.0
2011-08-08,370.0
2011-08-09,370.0
2011-08-10,370.0
2011-08-11,370.0
2011-08-12,370.0
2011-08-15,370.0
2011-08-16,370.0
2011-08-17,370.0
2011-08-18,370.0
2011-08-19,370.0
2011-08-22,370.0
2011-08-23,370.0
2011-08-24,370.0
2011-08-25,370.0
2011-08-26,370.0
2011-08-29,370.0
2011-09-02,370.0
2011-09-05,370.0
2011-09-06,370.0
2011-09-07,370.0
2011-09-08,370.0
2011-09-09,370.0
2011-09-12,370.0
2011-09-13,370.0
2011-09-14,370.0
2011-09-15,370.0
2011-09-16,370.0
2011-09-19,370.0
2011-09-20,392.2
2011-09-21,392.2
2011-09-22,392.2
2011-09-23,392.2
2011-09-26,392.2
2011-09-27,392.2
2011-09-28,392.2
2011-09-29,392.2
2011-09-30,400.0
2011-10-03,380.05
2011-10-04,380.05
2011-10-05,400.0
2011-10-06,400.0
2011-10-07,400.0
2011-10-10,400.0
2011-10-11,400.0
2011-10-12,404.0
2011-10-13,404.0
2011-10-14,404.0
2011-10-17,404.0
2011-10-18,404.0
2011-10-19,404.0
2011-10-20,404.0
2011-10-21,404.0
2011-10-24,404.0
2011-10-25,404.0
2011-10-26,404.0
2011-10-27,404.0
2011-10-28,404.0
2011-10-31,404.0
2011-11-01,404.0
2011-11-02,404.0
2011-11-03,404.0
2011-11-04,404.0
2011-11-09,404.0
2011-11-10,404.0
2011-11-11,404.0
2011-11-14,404.0
2011-11-15,404.0
2011-11-16,380.0
2011-11-17,380.0
2011-11-21,380.0
2011-11-22,357.2
2011-11-23,357.2
2011-11-24,357.2
2011-11-25,357.2
2011-11-28,357.2
2011-11-29,357.2
2011-11-30,357.2
2011-12-01,357.2
2011-12-02,357.2
2011-12-05,357.2
2011-12-06,357.2
2011-12-07,336.0
2011-12-08,336.0
2011-12-09,336.0
2011-12-12,336.0
2011-12-13,336.0
2011-12-14,336.0
2011-12-15,336.0
2011-12-16,336.0
2011-12-19,336.0
2011-12-20,336.0
2011-12-21,336.0
2011-12-22,336.0
2011-12-23,336.0
2011-12-26,336.0
2011-12-27,336.0
2011-12-28,336.0
2011-12-29,330.0
2011-12-30,330.0
2012-01-02,330.0
2012-01-03,330.0
2012-01-04,330.0
2012-01-05,330.0
2012-01-06,330.0
2012-01-09,330.0
2012-01-10,330.0
2012-01-12,330.0
2012-01-13,330.0
2012-01-16,330.0
2012-01-17,330.0
2012-01-18,330.0
2012-01-19,330.0
2012-01-20,330.0
2012-01-23,330.0
2012-01-24,330.0
2012-01-25,330.0
2012-01-26,330.0
2012-01-27,330.0
2012-01-30,330.0
2012-01-31,330.0
2012-02-01,330.0
2012-02-02,330.0
2012-02-03,330.0
2012-02-07,330.0
2012-02-08,330.0
2012-02-09,330.0
2012-02-10,330.0
2012-02-13,330.0
2012-02-14,330.0
2012-02-15,330.0
2012-02-16,330.0
2012-02-17,330.0
2012-02-20,330.0
2012-02-21,330.0
2012-02-22,330.0
2012-02-23,330.0
2012-02-24,330.0
2012-02-27,330.0
2012-02-28,330.0
2012-02-29,330.0
2012-03-01,330.0
2012-03-02,330.0
2012-03-05,330.0
2012-03-06,330.0
2012-03-07,330.0
2012-03-08,330.0
2012-03-09,330.0
2012-03-12,330.0
2012-03-13,330.0
2012-03-14,330.0
2012-03-15,330.0
2012-03-16,330.0
2012-03-19,330.0
2012-03-20,330.0
2012-03-21,330.0
2012-03-22,330.0
2012-03-23,330.0
2012-03-26,330.0
2012-03-27,345.0
2012-03-28,345.0
2012-03-29,345.0
2012-03-30,348.8
2012-04-02,348.8
2012-04-03,348.8
2012-04-04,348.8
2012-04-05,348.8
2012-04-06,348.8
2012-04-09,348.8
2012-04-10,348.8
2012-04-11,348.8
2012-04-12,348.8
2012-04-13,348.8
2012-04-16,348.8
2012-04-17,348.8
2012-04-18,348.8
2012-04-19,348.8
2012-04-20,348.8
2012-04-23,348.8
2012-04-24,327.9
2012-04-25,327.9
2012-04-26,327.9
2012-04-27,327.9
2012-04-30,327.9
2012-05-02,327.9
2012-05-03,327.9
2012-05-04,327.9
2012-05-07,327.9
2012-05-08,327.9
2012-05-09,327.9
2012-05-10,327.9
2012-05-11,320.0
2012-05-14,320.0
2012-05-15,320.0
2012-05-16,320.0
2012-05-17,320.0
2012-05-18,320.0
2012-05-21,320.0
2012-05-22,320.0
2012-05-23,320.0
2012-05-24,320.0
2012-05-25,320.0
2012-05-28,320.0
2012-05-29,320.0
2012-05-30,320.0
2012-05-31,320.0
2012-06-01,320.0
2012-06-04,320.0
2012-06-05,320.0
2012-06-06,320.0
2012-06-07,320.0
2012-06-08,320.0
2012-06-11,320.0
2012-06-12,320.0
2012-06-13,320.0
2012-06-14,320.0
2012-06-15,320.0
2012-06-18,320.0
2012-06-19,320.0
2012-06-20,320.0
2012-06-21,320.0
2012-06-22,320.0
2012-06-25,320.0
2012-06-26,320.0
2012-06-27,320.0
2012-06-28,320.0
2012-06-29,320.0
2012-07-02,320.0
2012-07-03,320.0
2012-07-04,320.0
2012-07-05,320.0
2012-07-06,320.0
2012-07-09,320.0
2012-07-10,320.0
2012-07-11,320.0
2012-07-12,320.0
2012-07-13,320.0
2012-07-16,320.0
2012-07-17,320.0
2012-07-18,320.0
2012-07-19,320.0
2012-07-20,320.0
2012-07-23,320.0
2012-07-24,320.0
2012-07-25,320.0
2012-07-26,320.0
2012-07-27,320.0
2012-07-31,320.0
2012-08-01,320.0
2012-08-02,300.8
2012-08-03,282.8
2012-08-06,285.0
2012-08-07,285.0
2012-08-08,285.0
2012-08-09,285.0
2012-08-10,285.0
2012-08-13,285.0
2012-08-15,285.0
2012-08-16,285.0
2012-08-17,285.0
2012-08-22,285.0
2012-08-23,285.0
2012-08-24,285.0
2012-08-27,285.0
2012-08-28,285.0
2012-08-29,285.0
2012-08-30,285.0
2012-08-31,285.0
2012-09-03,285.0
2012-09-04,285.0
2012-09-05,285.0
2012-09-06,285.0
2012-09-07,285.0
2012-09-10,285.0
2012-09-11,285.0
2012-09-12,285.0
2012-09-13,285.0
2012-09-14,285.0
2012-09-17,285.0
2012-09-18,285.0
2012-09-19,285.0
2012-09-20,285.0
2012-09-21,285.0
2012-09-24,285.0
2012-09-25,285.0
2012-09-26,285.0
2012-09-27,285.0
2012-09-28,285.0
2012-10-01,285.0
2012-10-02,285.0
2012-10-03,285.0
2012-10-04,285.0
2012-10-05,285.0
2012-10-08,285.0
2012-10-09,285.0
2012-10-10,285.0
2012-10-11,285.0
2012-10-12,285.0
2012-10-15,285.0
2012-10-16,284.95
2012-10-17,284.95
2012-10-18,284.95
2012-10-19,284.95
2012-10-22,284.95
2012-10-23,284.95
2012-10-24,284.95
2012-10-25,284.95
2012-10-29,284.95
2012-10-30,284.95
2012-10-31,284.95
2012-11-01,284.95
2012-11-02,284.95
2012-11-05,284.95
2012-11-07,284.95
2012-11-08,284.95
2012-11-09,284.95
2012-11-12,284.95
2012-11-13,284.95
2012-11-14,284.95
2012-11-15,284.95
2012-11-19,284.95
2012-11-20,284.95
2012-11-21,284.95
2012-11-22,284.95
2012-11-23,284.95
2012-11-26,284.95
2012-11-27,284.95
2012-11-28,284.95
2012-11-29,284.95
2012-11-30,284.95
2012-12-03,284.95
2012-12-04,284.95
2012-12-05,284.95
2012-12-06,284.95
2012-12-07,284.95
2012-12-10,284.95
2012-12-11,284.95
2012-12-12,284.95
2012-12-13,284.95
2012-12-14,267.9
2012-12-17,283.5
2012-12-18,283.5
2012-12-19,283.5
2012-12-20,283.5
2012-12-21,283.5
2012-12-24,283.5
2012-12-25,283.5
2012-12-26,283.5
2012-12-27,283.5
2012-12-28,283.5
2012-12-31,283.5
2013-01-02,283.5
2013-01-03,283.5
2013-01-04,283.5
2013-01-07,283.5
2013-01-08,283.5
2013-01-09,283.5
2013-01-10,283.5
2013-01-14,283.5
2013-01-15,283.5
2013-01-16,283.5
2013-01-17,283.5
2013-01-18,283.5
2013-01-21,283.5
2013-01-22,283.5
2013-01-23,283.5
2013-01-28,283.5
2013-01-29,283.5
2013-01-30,283.5
2013-01-31,283.5
2013-02-01,283.5
2013-02-04,283.5
2013-02-05,283.5
2013-02-06,283.5
2013-02-07,283.5
2013-02-08,266.5
2013-02-11,266.5
2013-02-12,266.5
2013-02-13,266.5
2013-02-14,266.5
2013-02-15,266.5
2013-02-18,266.5
2013-02-19,266.5
2013-02-20,250.55
2013-02-21,235.55
2013-02-22,235.55
2013-02-25,235.55
2013-02-26,235.55
2013-02-27,235.55
2013-02-28,235.55
2013-03-01,235.55
2013-03-04,235.55
2013-03-05,235.55
2013-03-06,235.55
2013-03-07,235.55
2013-03-08,235.55
2013-03-11,235.55
2013-03-12,235.55
2013-03-13,235.55
2013-03-14,235.55
2013-03-15,235.55
2013-03-18,235.55
2013-03-19,235.55
2013-03-20,235.55
2013-03-21,235.55
2013-03-22,235.55
2013-03-25,222.0
2013-03-26,222.0
2013-03-27,222.0
2013-03-28,222.0
2013-03-29,222.0
2013-04-01,222.0
2013-04-02,222.0
2013-04-03,222.0
2013-04-04,222.0
2013-04-05,222.0
2013-04-08,222.0
2013-04-09,222.0
2013-04-10,222.0
2013-04-11,222.0
2013-04-12,222.0
2013-04-15,222.0
2013-04-16,208.7
2013-04-17,208.7
2013-04-18,208.7
2013-04-19,208.7
2013-04-22,208.7
2013-04-23,208.7
2013-04-24,208.7
2013-04-25,208.7
2013-04-26,208.7
2013-04-29,208.7
2013-04-30,208.7
2013-05-02,208.7
2013-05-03,208.7
2013-05-06,208.7
2013-05-07,208.7
2013-05-08,208.7
2013-05-09,208.7
2013-05-10,208.7
2013-05-13,208.7
2013-05-14,208.7
2013-05-15,208.7
2013-05-16,208.7
2013-05-17,208.7
2013-05-20,208.7
2013-05-21,208.7
2013-05-22,208.7
2013-05-23,208.7
2013-05-24,208.7
2013-05-27,210.0
2013-05-28,210.0
2013-05-29,210.0
2013-05-30,210.0
2013-05-31,210.0
2013-06-03,210.0
2013-06-04,210.0
2013-06-05,210.0
2013-06-06,210.0
2013-06-07,210.0
2013-06-10,210.0
2013-06-11,210.0
2013-06-12,210.0
2013-06-13,210.0
2013-06-14,210.0
2013-06-17,210.0
2013-06-18,210.0
2013-06-19,210.0
2013-06-20,210.0
2013-06-21,210.0
2013-06-24,210.0
2013-06-25,210.0
2013-06-26,210.0
2013-06-27,210.0
2013-06-28,210.0
2013-07-01,210.0
2013-07-02,210.0
2013-07-03,210.0
2013-07-04,210.0
2013-07-05,210.0
2013-07-08,210.0
2013-07-09,210.0
2013-07-10,210.0
2013-07-11,210.0
2013-07-12,210.0
2013-07-15,210.0
2013-07-16,210.0
2013-07-17,197.4
2013-07-18,197.4
2013-07-19,197.4
2013-07-22,197.4
2013-07-23,197.4
2013-07-24,197.4
2013-07-25,197.4
2013-07-26,197.4
2013-07-29,197.4
2013-07-31,197.4
2013-08-01,197.4
2013-08-02,197.4
2013-08-05,197.4
2013-08-06,197.4
2013-08-08,197.4
2013-08-13,197.4
2013-08-15,197.4
2013-08-16,197.4
2013-08-19,197.4
2013-08-22,197.4
2013-08-23,197.4
2013-08-26,197.4
2013-08-27,197.4
2013-08-28,197.4
2013-08-29,197.4
2013-08-30,197.4
2013-09-02,197.4
2013-09-03,197.4
2013-09-04,197.4
2013-09-05,197.4
2013-09-06,197.4
2013-09-09,197.4
2013-09-10,197.4
2013-09-11,197.4
2013-09-12,197.4
2013-09-13,197.4
2013-09-16,197.4
2013-09-17,197.4
2013-09-18,197.4
2013-09-19,197.4
2013-09-20,197.4
2013-09-23,197.4
2013-09-24,197.4
2013-09-25,197.4
2013-09-26,197.4
2013-09-27,197.4
2013-09-30,197.4
2013-10-01,197.4
2013-10-02,197.4
2013-10-03,197.4
2013-10-04,197.4
2013-10-07,197.4
2013-10-08,197.4
2013-10-09,197.4
2013-10-10,197.4
2013-10-11,197.4
2013-10-14,197.4
2013-10-15,197.4
2013-10-21,197.0
2013-10-22,197.0
2013-10-23,197.0
2013-10-24,197.0
2013-10-25,197.0
2013-10-28,197.0
2013-10-29,197.0
2013-10-30,197.0
2013-10-31,197.0
2013-11-01,197.0
2013-11-07,197.0
2013-11-08,197.0
2013-11-11,197.0
2013-11-12,197.0
2013-11-13,197.0
2013-11-14,197.0
2013-11-15,197.0
2013-11-19,197.0
2013-11-20,197.0
2013-11-21,197.0
2013-11-22,197.0
2013-11-25,197.0
2013-11-26,197.0
2013-11-27,197.0
2013-11-28,197.0
2013-11-29,197.0
2013-12-02,197.0
2013-12-03,197.0
2013-12-04,197.0
2013-12-05,197.0
2013-12-06,197.0
2013-12-09,197.0
2013-12-10,197.0
2013-12-11,197.0
2013-12-12,190.0
2013-12-13,190.0
2013-12-16,190.0
2013-12-17,190.0
2013-12-18,190.0
2013-12-19,190.0
2013-12-20,190.0
2013-12-23,190.0
2013-12-24,190.0
2013-12-25,190.0
2013-12-26,190.0
2013-12-27,190.0
2013-12-30,190.0
2013-12-31,190.0
2014-01-02,190.0
2014-01-03,190.0
2014-01-06,190.0
2014-01-07,190.0
2014-01-08,190.0
2014-01-09,190.0
2014-01-10,190.0
2014-01-13,190.0
2014-01-16,190.0
2014-01-17,190.0
2014-01-20,190.0
2014-01-21,190.0
2014-01-22,190.0
2014-01-23,190.0
2014-01-24,190.0
2014-01-27,190.0
2014-01-28,190.0
2014-01-29,190.0
2014-01-30,190.0
2014-01-31,190.0
2014-02-03,190.0
2014-02-04,190.0
2014-02-05,190.0
2014-02-06,190.0
2014-02-07,190.0
2014-02-10,190.0
2014-02-11,190.0
2014-02-12,190.0
2014-02-13,190.0
2014-02-14,190.0
2014-02-17,178.6
2014-02-18,172.0
2014-02-19,172.0
2014-02-20,172.0
2014-02-21,172.0
2014-02-24,172.0
2014-02-25,172.0
2014-02-26,175.0
2014-02-27,175.05
2014-02-28,175.05
2014-03-03,175.05
2014-03-04,180.0
2014-03-05,180.0
2014-03-06,189.0
2014-03-07,182.0
2014-03-10,182.0
2014-03-11,185.0
2014-03-12,185.0
2014-03-13,185.0
2014-03-14,185.0
2014-03-17,185.0
2014-03-18,183.0
2014-03-19,183.0
2014-03-20,185.0
2014-03-21,185.0
2014-03-24,185.0
2014-03-25,185.0
2014-03-26,185.0
2014-03-27,185.0
2014-03-28,182.0
2014-03-31,180.0
2014-04-01,180.0
2014-04-02,180.0
2014-04-03,180.0
2014-04-04,180.0
2014-04-07,180.0
2014-04-08,180.0
2014-04-09,180.0
2014-04-10,180.0
2014-04-11,180.0
2014-04-14,180.0
2014-04-15,180.0
2014-04-16,180.0
2014-04-17,180.0
2014-04-18,179.0
2014-04-21,170.0
2014-04-22,170.0
2014-04-23,170.0
2014-04-24,170.0
2014-04-25,170.0
2014-04-28,175.0
2014-04-29,175.0
2014-04-30,175.0
2014-05-02,175.0
2014-05-05,175.0
2014-05-06,175.0
2014-05-07,175.0
2014-05-08,175.0
2014-05-09,175.0
2014-05-12,175.0
2014-05-13,175.0
2014-05-14,175.0
2014-05-15,175.0
2014-05-16,175.0
2014-05-19,175.0
2014-05-20,175.0
2014-05-21,175.0
2014-05-22,175.0
2014-05-23,175.0
2014-05-26,175.0
2014-05-27,174.0
2014-05-28,164.5
2014-05-29,164.5
2014-05-30,164.5
2014-06-02,154.7
2014-06-03,154.7
2014-06-04,154.7
2014-06-05,154.7
2014-06-06,154.7
2014-06-09,154.7
2014-06-10,154.7
2014-06-11,154.7
2014-06-12,154.7
2014-06-13,154.7
2014-06-16,154.7
2014-06-17,154.7
2014-06-18,154.7
2014-06-19,154.7
2014-06-20,154.7
2014-06-23,154.7
2014-06-24,154.7
2014-06-25,154.7
2014-06-26,154.7
2014-06-27,150.0
2014-06-30,150.0
2014-07-01,150.0
2014-07-02,150.0
2014-07-03,155.0
2014-07-04,153.0
2014-07-07,153.0
2014-07-08,153.0
2014-07-09,153.0
2014-07-10,153.0
2014-07-11,153.0
2014-07-14,153.0
2014-07-15,153.0
2014-07-16,152.0
2014-07-17,152.0
2014-07-18,152.0
2014-07-21,152.0
2014-07-22,152.0
2014-07-23,152.0
2014-07-24,152.0
2014-07-25,152.0
2014-07-31,152.0
2014-08-01,152.0
2014-08-04,152.0
2014-08-05,152.0
2014-08-06,159.5
2014-08-07,159.5
2014-08-08,155.0
2014-08-11,155.0
2014-08-12,155.0
2014-08-13,155.0
2014-08-15,155.0
2014-08-18,155.0
2014-08-19,155.0
2014-08-22,155.0
2014-08-25,155.0
2014-08-26,155.0
2014-08-27,155.0
2014-08-28,155.0
2014-08-29,155.0
2014-09-01,155.0
2014-09-02,155.0
2014-09-03,155.0
2014-09-04,146.2
2014-09-05,154.95
2014-09-08,164.2
2014-09-09,174.0
2014-09-10,174.0
2014-09-11,174.0
2014-09-12,174.0
2014-09-15,174.0
2014-09-16,174.0
2014-09-17,174.0
2014-09-18,174.0
2014-09-19,174.0
2014-09-22,174.0
2014-09-23,174.0
2014-09-24,174.0
2014-09-25,174.0
2014-09-26,174.0
2014-09-29,174.0
2014-09-30,174.0
2014-10-01,174.0
2014-10-02,174.0
2014-10-03,174.0
2014-10-07,174.0
2014-10-08,174.0
2014-10-09,174.0
2014-10-10,174.0
2014-10-13,174.0
2014-10-14,174.0
2014-10-15,174.0
2014-10-16,174.0
2014-10-17,174.0
2014-10-20,174.0
2014-10-21,174.0
2014-10-22,174.0
2014-10-23,174.0
2014-10-24,174.0
2014-10-27,174.0
2014-10-28,174.0
2014-10-29,174.0
2014-10-30,174.0
2014-10-31,174.0
2014-11-03,174.0
2014-11-04,174.0
2014-11-05,174.0
2014-11-07,174.0
2014-11-10,174.0
2014-11-11,174.0
2014-11-12,174.0
2014-11-13,174.0
2014-11-14,174.0
2014-11-17,174.0
2014-11-19,174.0
2014-11-20,174.0
2014-11-21,174.0
2014-11-24,174.0
2014-11-25,174.0
2014-11-26,174.0
2014-11-27,163.6
2014-11-28,153.8
2014-12-01,144.6
2014-12-02,144.0
2014-12-03,144.0
2014-12-04,144.0
2014-12-05,144.0
2014-12-08,144.0
2014-12-09,140.0
2014-12-10,140.0
2014-12-11,133.0
2014-12-12,133.0
2014-12-15,133.0
2014-12-16,133.0
2014-12-17,133.0
2014-12-18,133.0
2014-12-19,133.0
2014-12-22,133.0
2014-12-23,133.0
2014-12-24,133.0
2014-12-25,138.0
2014-12-26,138.0
2014-12-29,138.0
2014-12-30,138.0
2014-12-31,138.0
2015-01-02,138.0
2015-01-06,138.0
2015-01-07,138.0
2015-01-08,138.0
2015-01-09,138.0
2015-01-12,138.0
2015-01-13,138.0
2015-01-14,138.0
2015-01-15,138.0
2015-01-16,138.0
2015-01-19,138.0
2015-01-20,138.0
2015-01-21,138.0
2015-01-22,138.0
2015-01-23,138.0
2015-01-26,130.0
2015-01-27,130.0
2015-01-28,130.0
2015-01-29,130.0
2015-01-30,130.0
2015-02-02,130.0
2015-02-03,130.0
2015-02-04,130.0
2015-02-05,130.0
2015-02-06,130.0
2015-02-09,130.0
2015-02-10,130.0
2015-02-11,130.0
2015-02-12,130.0
2015-02-13,130.0
2015-02-16,130.0
2015-02-17,130.0
2015-02-18,130.0
2015-02-19,130.0
2015-02-20,130.0
2015-02-23,122.2
2015-02-24,114.9
2015-02-25,108.05
2015-02-26,101.6
2015-02-27,101.6
2015-03-02,101.6
2015-03-03,101.6
2015-03-04,101.6
2015-03-05,101.6
2015-03-06,95.51
2015-03-09,95.51
2015-03-10,95.51
2015-03-11,95.51
2015-03-12,95.51
2015-03-13,91.0
2015-03-16,85.54
2015-03-17,80.42
2015-03-18,80.42
2015-03-19,81.01
2015-03-20,81.01
2015-03-23,81.01
2015-03-24,81.01
2015-03-25,81.01
2015-03-26,85.87
2015-03-27,91.02
2015-03-30,96.48
2015-03-31,102.25
2015-04-01,96.12
2015-04-02,96.12
2015-04-03,96.12
2015-04-06,100.0
2015-04-07,100.0
2015-04-08,106.0
2015-04-09,112.35
2015-04-10,112.35
2015-04-13,112.35
2015-04-14,112.35
2015-04-15,112.35
2015-04-16,119.05
2015-04-17,119.05
2015-04-20,119.05
2015-04-21,119.05
2015-04-22,126.15
2015-04-23,126.15
2015-04-24,126.15
2015-04-27,126.15
2015-04-28,126.15
2015-04-29,126.15
2015-04-30,126.15
2015-05-04,126.15
2015-05-05,126.15
2015-05-06,126.15
2015-05-07,126.15
2015-05-08,126.15
2015-05-11,126.15
2015-05-12,126.15
2015-05-13,126.15
2015-05-14,118.6
2015-05-15,118.6
2015-05-18,118.6
2015-05-19,118.6
2015-05-20,118.6
2015-05-21,118.6
2015-05-22,118.6
2015-05-25,118.6
2015-05-26,118.6
2015-05-27,118.6
2015-05-28,118.6
2015-05-29,119.2
2015-06-01,119.2
2015-06-02,119.2
2015-06-03,119.2
2015-06-04,119.2
2015-06-05,119.2
2015-06-08,119.2
2015-06-09,119.2
2015-06-10,119.2
2015-06-11,119.2
2015-06-12,119.2
2015-06-15,119.2
2015-06-16,119.2
2015-06-17,119.2
2015-06-18,119.2
2015-06-19,119.2
2015-06-22,119.2
2015-06-23,119.2
2015-06-24,119.2
2015-06-25,119.2
2015-06-26,119.2
2015-06-29,119.2
2015-06-30,119.2
2015-07-01,119.2
2015-07-02,119.2
2015-07-03,119.2
2015-07-06,116.7
2015-07-07,116.7
2015-07-08,116.7
2015-07-09,116.7
2015-07-10,116.7
2015-07-13,116.7
2015-07-14,116.7
2015-07-15,116.7
2015-07-16,116.7
2015-07-20,116.7
2015-07-21,120.0
2015-07-22,120.0
2015-07-23,120.0
2015-07-24,120.0
2015-07-27,120.0
2015-07-28,120.0
2015-07-29,120.0
2015-07-31,113.0
2015-08-03,113.0
2015-08-04,113.0
2015-08-05,113.0
2015-08-06,113.0
2015-08-07,113.0
2015-08-10,113.0
2015-08-11,113.0
2015-08-12,113.0
2015-08-13,113.0
2015-08-17,113.0
2015-08-18,113.0
2015-08-19,113.0
2015-08-24,113.0
2015-08-25,113.0
2015-08-26,119.75
2015-08-27,119.75
2015-08-28,119.75
2015-08-31,119.75
2015-09-01,119.75
2015-09-02,119.75
2015-09-03,119.75
2015-09-04,119.75
2015-09-07,119.75
2015-09-08,119.75
2015-09-09,119.75
2015-09-10,119.75
2015-09-11,119.75
2015-09-14,119.75
2015-09-15,119.75
2015-09-16,119.75
2015-09-17,119.75
2015-09-18,119.75
2015-09-21,119.75
2015-09-22,119.75
2015-09-23,119.75
2015-09-28,120.0
2015-09-29,120.0
2015-09-30,120.0
2015-10-01,120.0
2015-10-02,120.0
2015-10-05,120.0
2015-10-06,127.2
2015-10-07,134.8
2015-10-08,140.0
2015-10-09,140.0
2015-10-12,140.0
2015-10-14,139.5
2015-10-16,139.5
2015-10-19,139.5
2015-10-20,139.5
2015-10-21,139.5
2015-10-22,139.5
2015-10-23,139.5
2015-10-26,139.5
2015-10-27,139.5
2015-10-28,139.5
2015-10-29,139.5
2015-10-30,139.5
2015-11-02,139.5
2015-11-03,139.5
2015-11-04,139.5
2015-11-05,139.5
2015-11-09,139.5
2015-11-10,139.5
2015-11-11,145.0
2015-11-12,145.0
2015-11-13,140.0
2015-11-16,140.0
2015-11-17,140.0
2015-11-19,140.0
2015-11-20,140.0
2015-11-23,140.0
2015-11-24,140.0
2015-11-25,140.0
2015-11-26,140.0
2015-11-27,140.0
2015-11-30,140.0
2015-12-01,140.0
2015-12-02,140.0
2015-12-03,140.0
2015-12-04,140.0
2015-12-07,140.0
2015-12-08,140.0
2015-12-09,140.0
2015-12-10,140.0
2015-12-11,140.0
2015-12-14,140.0
2015-12-15,140.0
2015-12-16,140.0
2015-12-17,140.0
2015-12-18,140.0
2015-12-21,140.0
2015-12-22,140.0
2015-12-23,140.0
2015-12-28,140.0
2015-12-29,140.0
2015-12-30,140.0
2015-12-31,145.0
2016-01-04,145.0
2016-01-05,145.0
2016-01-06,145.0
2016-01-07,145.0
2016-01-08,145.0
2016-01-12,145.0
2016-01-13,145.0
2016-01-14,145.0
2016-01-15,145.0
2016-01-18,145.0
2016-01-19,145.0
2016-01-20,149.9
2016-01-21,149.9
2016-01-22,149.9
2016-01-25,149.9
2016-01-26,150.0
2016-01-27,150.0
2016-01-28,150.0
2016-01-29,150.0
2016-02-01,150.0
2016-02-02,150.0
2016-02-03,150.0
2016-02-04,150.0
2016-02-05,150.0
2016-02-08,150.0
2016-02-09,150.0
2016-02-10,150.0
2016-02-11,150.0
2016-02-12,150.0
2016-02-15,150.0
2016-02-16,150.0
2016-02-17,150.0
2016-02-18,141.0
2016-02-19,140.0
2016-02-22,140.0
2016-02-23,140.0
2016-02-24,140.0
2016-02-25,140.0
2016-02-26,140.0
2016-02-29,140.0
2016-03-01,140.0
2016-03-02,140.0
2016-03-03,140.0
2016-03-04,140.0
2016-03-07,140.0
2016-03-08,140.0
2016-03-09,140.0
2016-03-10,140.0
2016-03-11,140.0
2016-03-14,140.0
2016-03-15,140.0
2016-03-16,140.0
2016-03-17,140.0
2016-03-18,140.0
2016-03-21,140.0
2016-03-22,140.0
2016-03-23,140.0
2016-03-24,140.0
2016-03-25,140.0
2016-03-28,140.0
2016-03-29,140.0
2016-03-30,140.0
2016-03-31,140.0
2016-04-01,140.0
2016-04-04,140.0
2016-04-05,140.0
2016-04-06,140.0
2016-04-07,140.0
2016-04-08,140.0
2016-04-11,140.0
2016-04-12,140.0
2016-04-13,140.0
2016-04-14,140.0
2016-04-15,140.0
2016-04-18,140.0
2016-04-19,140.0
2016-04-20,140.0
2016-04-21,140.0
2016-04-22,140.0
2016-04-25,140.0
2016-04-26,140.0
2016-04-27,140.0
2016-04-28,140.0
2016-04-29,140.0
2016-05-02,140.0
2016-05-03,140.0
2016-05-04,140.0
2016-05-05,140.0
2016-05-06,140.0
2016-05-09,140.0
2016-05-10,140.0
2016-05-11,140.0
2016-05-12,140.0
2016-05-13,140.0
2016-05-16,140.0
2016-05-17,140.0
2016-05-18,140.0
2016-05-19,140.0
2016-05-20,140.0
2016-05-23,140.0
2016-05-24,140.0
2016-05-25,140.0
2016-05-26,140.0
2016-05-27,140.0
2016-05-30,140.0
2016-05-31,140.0
2016-06-01,140.0
2016-06-02,140.0
2016-06-03,140.0
2016-06-06,140.0
2016-06-07,140.0
2016-06-08,140.0
2016-06-09,140.0
2016-06-10,140.0
2016-06-13,140.0
2016-06-14,132.0
2016-06-15,132.0
2016-06-16,132.0
2016-06-17,132.0
2016-06-20,132.0
2016-06-21,132.0
2016-06-22,132.0
2016-06-23,132.0
2016-06-24,132.0
2016-06-27,132.0
2016-06-28,132.0
2016-06-29,132.0
2016-06-30,132.0
2016-07-01,132.0
2016-07-04,132.0
2016-07-05,124.2
2016-07-11,124.2
2016-07-12,124.2
2016-07-13,124.2
2016-07-14,124.2
2016-07-15,124.2
2016-07-18,124.2
2016-07-19,124.2
2016-07-20,124.2
2016-07-21,124.2
2016-07-22,124.2
2016-07-25,124.2
2016-07-26,124.2
2016-07-27,124.2
2016-07-28,124.2
2016-07-29,124.2
2016-08-01,124.2
2016-08-02,124.2
2016-08-03,124.2
2016-08-04,124.2
2016-08-05,124.2
2016-08-08,124.2
2016-08-09,124.2
2016-08-10,124.2
2016-08-11,124.2
2016-08-12,124.2
2016-08-15,124.2
2016-08-16,124.2
2016-08-17,124.2
2016-08-18,124.2
2016-08-19,124.2
2016-08-22,124.2
2016-08-23,124.2
2016-08-24,124.2
2016-08-25,124.2
2016-08-26,124.2
2016-08-29,124.2
2016-08-30,124.2
2016-08-31,124.2
2016-09-01,124.2
2016-09-02,124.2
2016-09-05,124.2
2016-09-06,124.2
2016-09-07,124.2
2016-09-08,124.2
2016-09-09,124.2
2016-09-14,124.2
2016-09-15,124.2
2016-09-16,124.2
2016-09-19,124.2
2016-09-20,124.2
2016-09-21,124.2
2016-09-22,130.0
2016-09-23,130.0
2016-09-26,130.0
2016-09-27,130.0
2016-09-28,130.0
2016-09-29,130.0
2016-09-30,130.0
2016-10-04,130.0
2016-10-05,130.0
2016-10-06,130.0
2016-10-07,130.0
2016-10-10,130.0
2016-10-11,130.0
2016-10-12,130.0
2016-10-13,130.0
2016-10-14,130.0
2016-10-17,130.0
2016-10-18,130.0
2016-10-19,130.0
2016-10-20,130.0
2016-10-21,130.0
2016-10-24,130.0
2016-10-25,130.0
2016-10-26,130.0
2016-10-27,130.0
2016-10-28,130.0
2016-10-31,130.0
2016-11-01,130.0
2016-11-02,130.0
2016-11-03,130.0
2016-11-04,130.0
2016-11-07,130.0
2016-11-08,130.0
2016-11-09,130.0
2016-11-10,130.0
2016-11-11,130.0
2016-11-14,130.0
2016-11-15,130.0
2016-11-16,130.0
2016-11-17,130.0
2016-11-21,130.0
2016-11-22,130.0
2016-11-23,130.0
2016-11-24,130.0
2016-11-25,130.0
2016-11-28,130.0
2016-11-29,130.0
2016-11-30,130.0
2016-12-01,130.0
2016-12-02,130.0
2016-12-05,130.0
2016-12-06,130.0
2016-12-07,130.0
2016-12-08,130.0
2016-12-09,130.0
2016-12-14,130.0
2016-12-15,130.0
2016-12-16,130.0
2016-12-19,130.0
2016-12-20,130.0
2016-12-21,130.0
2016-12-22,130.0
2016-12-23,130.0
2016-12-26,130.0
2016-12-27,130.0
2016-12-28,130.0
2016-12-29,130.0
2016-12-30,130.0
2017-01-02,130.0
2017-01-03,130.0
2017-01-04,130.0
2017-01-05,130.0
2017-01-06,130.0
2017-01-09,130.0
2017-01-10,130.0
2017-01-12,130.0
2017-01-13,130.0
2017-01-16,130.0
2017-01-17,130.0
2017-01-18,130.0
2017-01-19,130.0
2017-01-20,130.0
2017-01-23,130.0
2017-01-24,130.0
2017-01-25,130.0
2017-01-26,130.0
2017-01-27,130.0
2017-01-30,130.0
2017-01-31,130.0
2017-02-01,130.0
2017-02-02,130.0
2017-02-03,130.0
2017-02-06,130.0
2017-02-07,130.0
2017-02-08,130.0
2017-02-09,130.0
2017-02-10,130.0
2017-02-13,130.0
2017-02-14,130.0
2017-02-15,122.25
2017-02-16,122.1
2017-02-17,125.0
2017-02-20,125.0
2017-02-21,130.0
2017-02-22,130.0
2017-02-23,130.0
2017-02-24,130.0
2017-02-27,130.0
2017-02-28,130.0
2017-03-01,130.0
2017-03-02,130.0
2017-03-03,130.0
2017-03-06,130.0
2017-03-07,130.0
2017-03-08,130.0
2017-03-09,130.0
2017-03-10,130.0
2017-03-13,130.0
2017-03-14,130.0
2017-03-15,130.0
2017-03-16,130.0
2017-03-17,130.0
2017-03-20,130.0
2017-03-21,130.0
2017-03-22,130.0
2017-03-23,130.0
2017-03-24,130.0
2017-03-27,130.0
2017-03-28,130.0
2017-03-29,122.25
2017-03-30,122.25
2017-03-31,122.25
2017-04-03,122.25
2017-04-04,122.25
2017-04-05,122.25
2017-04-06,122.25
2017-04-07,122.25
2017-04-10,122.25
2017-04-11,122.25
2017-04-12,122.25
2017-04-13,122.25
2017-04-14,122.25
2017-04-17,122.25
2017-04-18,122.25
2017-04-19,122.25
2017-04-20,122.25
2017-04-21,122.25
2017-04-24,122.25
2017-04-25,122.25
2017-04-26,122.25
2017-04-27,122.25
2017-04-28,122.25
2017-05-02,122.25
2017-05-03,122.25
2017-05-04,125.0
2017-05-05,125.0
2017-05-08,125.0
2017-05-09,125.0
2017-05-10,125.0
2017-05-11,125.0
2017-05-12,125.0
2017-05-15,125.0
2017-05-16,125.0
2017-05-17,125.0
2017-05-18,125.0
2017-05-19,125.0
2017-05-22,125.0
2017-05-23,125.0
2017-05-24,125.0
2017-05-25,125.0
2017-05-26,125.0
2017-05-29,132.45
2017-05-30,132.45
2017-05-31,132.45
2017-06-01,132.45
2017-06-02,132.45
2017-06-05,132.45
2017-06-06,132.45
2017-06-07,132.45
2017-06-08,135.0
2017-06-09,135.0
2017-06-12,135.0
2017-06-13,135.0
2017-06-14,135.0
2017-06-15,135.0
2017-06-16,135.0
2017-06-19,135.0
2017-06-20,135.0
2017-06-21,135.0
2017-06-22,135.0
2017-06-23,135.0
2017-06-28,135.0
2017-06-29,135.0
2017-06-30,135.0
2017-07-03,135.0
2017-07-04,135.0
2017-07-05,135.0
2017-07-06,135.0
2017-07-07,135.0
2017-07-10,135.0
2017-07-11,135.0
2017-07-12,135.0
2017-07-13,135.0
2017-07-14,135.0
2017-07-17,135.0
2017-07-18,135.0
2017-07-19,135.0
2017-07-20,135.0
2017-07-21,135.0
2017-07-24,135.0
2017-07-25,135.0
2017-07-26,135.0
2017-07-27,135.0
2017-07-28,135.0
2017-07-31,135.0
2017-08-01,135.0
2017-08-02,135.0
2017-08-03,135.0
2017-08-04,135.0
2017-08-07,135.0
2017-08-08,135.0
2017-08-09,135.0
2017-08-10,135.0
2017-08-11,135.0
2017-08-15,127.0
2017-08-16,127.0
2017-08-17,127.0
2017-08-18,127.0
2017-08-22,127.0
2017-08-23,127.0
2017-08-24,127.0
2017-08-25,127.0
2017-08-28,134.6
2017-08-29,135.0
2017-08-30,135.0
2017-08-31,135.0
2017-09-04,135.0
2017-09-05,135.0
2017-09-06,135.0
2017-09-07,143.0
2017-09-08,143.0
2017-09-11,143.0
2017-09-12,150.0
2017-09-13,150.0
2017-09-14,155.0
2017-09-15,155.0
2017-09-18,155.0
2017-09-19,155.0
2017-09-20,155.0
2017-09-21,155.0
2017-09-25,155.0
2017-09-26,155.0
2017-09-27,155.0
2017-09-28,155.0
2017-09-29,155.0
2017-10-02,155.0
2017-10-03,155.0
2017-10-04,155.0
2017-10-05,155.0
2017-10-06,155.0
2017-10-09,155.0
2017-10-10,155.0
2017-10-11,155.0
2017-10-12,155.0
2017-10-13,155.0
2017-10-16,155.0
2017-10-17,152.0
2017-10-18,152.0
2017-10-19,152.0
2017-10-20,152.0
2017-10-23,152.0
2017-10-24,152.0
2017-10-25,143.0
2017-10-26,143.0
2017-10-27,143.0
2017-10-30,143.0
2017-10-31,143.0
2017-11-01,143.0
2017-11-02,143.0
2017-11-03,143.0
2017-11-07,143.0
2017-11-08,143.0
2017-11-09,143.0
2017-11-10,143.0
2017-11-13,143.0
2017-11-14,143.0
2017-11-15,143.0
2017-11-16,143.0
2017-11-17,143.0
2017-11-20,143.0
2017-11-21,143.0
2017-11-22,143.0
2017-11-23,143.0
2017-11-24,143.0
2017-11-27,143.0
2017-11-28,143.0
2017-11-29,143.0
2017-11-30,143.0
2017-12-04,143.0
2017-12-05,143.0
2017-12-06,143.0
2017-12-07,143.0
2017-12-08,143.0
2017-12-11,143.0
2017-12-12,143.0
2017-12-13,143.0
2017-12-14,143.0
2017-12-15,134.5
2017-12-18,134.5
2017-12-19,134.5
2017-12-20,134.5
2017-12-21,134.5
2017-12-22,134.5
2017-12-25,134.5
2017-12-26,134.5
2017-12-27,134.5
2017-12-28,134.5
2017-12-29,134.5
2018-01-02,134.5
2018-01-03,134.5
2018-01-04,134.5
2018-01-05,134.5
2018-01-08,134.5
2018-01-09,134.5
2018-01-10,134.5
2018-01-12,134.5
2018-01-15,134.5
2018-01-16,134.5
2018-01-17,134.5
2018-01-18,134.5
2018-01-19,134.5
2018-01-22,134.5
2018-01-23,134.5
2018-01-24,134.5
2018-01-25,134.5
2018-01-26,134.5
2018-01-29,134.5
2018-01-30,139.5
2018-01-31,139.5
2018-02-01,139.5
2018-02-02,139.5
2018-02-05,139.5
2018-02-06,139.5
2018-02-07,139.5
2018-02-08,139.5
2018-02-09,139.5
2018-02-12,139.5
2018-02-13,139.5
2018-02-14,139.5
2018-02-15,139.5
2018-02-16,139.5
2018-02-19,139.5
2018-02-20,140.0
2018-02-21,140.0
2018-02-22,140.0
2018-02-23,140.0
2018-02-26,140.0
2018-02-27,140.0
2018-02-28,140.0
2018-03-01,140.0
2018-03-02,140.0
2018-03-05,140.0
2018-03-06,140.0
2018-03-07,140.0
2018-03-08,140.0
2018-03-09,140.0
2018-03-12,140.0
2018-03-13,140.0
2018-03-14,140.0
2018-03-15,140.0
2018-03-16,140.0
2018-03-19,140.0
2018-03-20,140.0
2018-03-21,140.0
2018-03-22,140.0
2018-03-23,140.0
2018-03-26,140.0
2018-03-27,140.0
2018-03-28,140.0
2018-03-29,140.0
2018-03-30,140.0
2018-04-02,140.0
2018-04-03,140.0
2018-04-04,140.0
2018-04-05,140.0
2018-04-06,140.0
2018-04-09,140.0
2018-04-10,140.0
2018-04-11,140.0
2018-04-12,140.0
2018-04-13,140.0
2018-04-16,140.0
2018-04-17,140.0
2018-04-18,140.0
2018-04-19,140.0
2018-04-20,140.0
2018-04-23,140.0
2018-04-24,140.0
2018-04-25,140.0
2018-04-26,140.0
2018-04-27,140.0
2018-04-30,140.0
2018-05-02,140.0
2018-05-03,140.0
2018-05-04,140.0
2018-05-07,140.0
2018-05-08,140.0
2018-05-09,140.0
2018-05-10,140.0
2018-05-11,140.0
2018-05-14,140.0
2018-05-15,140.0
2018-05-16,140.0
2018-05-17,140.0
2018-05-18,140.0
2018-05-21,140.0
2018-05-22,140.0
2018-05-23,140.0
2018-05-24,140.0
2018-05-25,140.0
2018-05-28,140.0
2018-05-29,140.0
2018-05-30,140.0
2018-05-31,140.0
2018-06-01,140.0
2018-06-04,140.0
2018-06-05,140.0
2018-06-06,140.0
2018-06-07,140.0
2018-06-08,140.0
2018-06-11,140.0
2018-06-12,140.0
2018-06-13,140.0
2018-06-14,140.0
2018-06-18,140.0
2018-06-19,140.0
2018-06-20,140.0
2018-06-21,140.0
2018-06-22,140.0
2018-06-25,140.0
2018-06-26,140.0
2018-06-27,140.0
2018-06-28,140.0
2018-06-29,140.0
2018-07-02,140.0
2018-07-03,140.0
2018-07-04,140.0
2018-07-05,140.0
2018-07-06,140.0
2018-07-09,140.0
2018-07-10,140.0
2018-07-11,140.0
2018-07-12,140.0
2018-07-13,140.0
2018-07-16,140.0
2018-07-17,140.0
2018-07-18,140.0
2018-07-19,140.0
2018-07-20,140.0
2018-07-23,140.0
2018-07-24,140.0
2018-07-25,140.0
2018-07-26,140.0
2018-07-27,140.0
2018-07-31,140.0
2018-08-01,140.0
2018-08-02,140.0
2018-08-03,140.0
2018-08-06,140.0
2018-08-07,140.0
2018-08-08,140.0
2018-08-09,140.0
2018-08-10,140.0
2018-08-13,140.0
2018-08-15,140.0
2018-08-16,140.0
2018-08-17,140.0
2018-08-24,140.0
2018-08-27,140.0
2018-08-28,140.0
2018-08-29,140.0
2018-08-30,140.0
2018-08-31,140.0
2018-09-03,140.0
2018-09-04,140.0
2018-09-05,140.0
2018-09-06,140.0
2018-09-07,140.0
2018-09-10,140.0
2018-09-12,140.0
2018-09-13,140.0
2018-09-14,140.0
2018-09-17,135.0
2018-09-18,135.0
2018-09-19,135.0
2018-09-20,135.0
2018-09-21,135.0
2018-09-24,135.0
2018-09-25,135.0
2018-09-26,135.0
2018-09-27,135.0
2018-09-28,135.0
2018-10-01,135.0
2018-10-02,135.0
2018-10-03,135.0
2018-10-04,135.0
2018-10-05,135.0
2018-10-08,135.0
2018-10-09,135.0
2018-10-10,135.0
2018-10-11,135.0
2018-10-12,135.0
2018-10-15,135.0
2018-10-16,135.0
2018-10-17,135.0
2018-10-18,135.0
2018-10-19,135.0
2018-10-22,135.0
2018-10-23,135.0
2018-10-24,135.0
2018-10-25,135.0
2018-10-26,135.0
2018-10-29,135.0
2018-10-30,135.0
2018-10-31,135.0
2018-11-01,135.0
2018-11-02,135.0
2018-11-05,135.0
2018-11-07,135.0
2018-11-08,135.0
2018-11-09,135.0
2018-11-12,135.0
2018-11-13,135.0
2018-11-14,135.0
2018-11-15,135.0
2018-11-16,135.0
2018-11-19,135.0
2018-11-22,135.0
2018-11-23,135.0
2018-11-26,135.0
2018-11-27,135.0
2018-11-28,140.0
2018-11-29,140.0
2018-11-30,140.0
2018-12-03,140.0
2018-12-04,140.0
2018-12-05,140.0
2018-12-06,140.0
2018-12-07,140.0
2018-12-10,140.0
2018-12-11,140.0
2018-12-12,140.0
2018-12-13,140.0
2018-12-14,140.0
2018-12-17,140.0
2018-12-18,140.0
2018-12-19,140.0
2018-12-20,140.0
2018-12-21,140.0
2018-12-24,140.0
2018-12-25,140.0
2018-12-26,140.0
2018-12-27,140.0
2018-12-28,140.0
2018-12-31,140.0
2019-01-02,140.0
2019-01-03,140.0
2019-01-04,140.0
2019-01-07,140.0
2019-01-08,140.0
2019-01-09,140.0
2019-01-10,140.0
2019-01-14,140.0
2019-01-15,140.0
2019-01-16,140.0
2019-01-17,140.0
2019-01-18,140.0
2019-01-21,140.0
2019-01-22,140.0
2019-01-23,140.0
2019-01-24,140.0
2019-01-25,140.0
2019-01-28,140.0
2019-01-29,140.0
2019-01-30,140.0
2019-01-31,140.0
2019-02-01,140.0
2019-02-04,140.0
2019-02-05,140.0
2019-02-06,140.0
2019-02-07,140.0
2019-02-08,140.0
2019-02-11,140.0
2019-02-12,140.0
2019-02-13,140.0
2019-02-14,140.0
2019-02-15,140.0
2019-02-18,140.0
2019-02-19,140.0
2019-02-20,140.0
2019-02-21,140.0
2019-02-22,140.0
2019-02-25,140.0
2019-02-26,140.0
2019-02-27,140.0
2019-02-28,140.0
2019-03-01,140.0
2019-03-04,140.0
2019-03-05,140.0
2019-03-06,140.0
2019-03-07,140.0
2019-03-08,140.0
2019-03-11,140.0
2019-03-12,140.0
2019-03-13,140.0
2019-03-14,140.0
2019-03-15,140.0
2019-03-18,140.0
2019-03-19,140.0
2019-03-20,140.0
2019-03-21,140.0
2019-03-22,140.0
2019-03-25,140.0
2019-03-26,140.0
2019-03-27,140.0
2019-03-28,140.0
2019-03-29,140.0
2019-04-01,140.0
2019-04-02,140.0
2019-04-03,140.0
2019-04-04,140.0
2019-04-05,140.0
2019-04-08,140.0
2019-04-09,140.0
2019-04-10,140.0
2019-04-11,140.0
2019-04-12,140.0
2019-04-15,140.0
2019-04-16,140.0
2019-04-17,140.0
2019-04-18,140.0
2019-04-19,140.0
2019-04-22,140.0
2019-04-23,140.0
2019-04-24,140.0
2019-04-25,140.0
2019-04-26,140.0
2019-04-29,140.0
2019-04-30,140.0
2019-05-02,140.0
2019-05-03,140.0
2019-05-06,140.0
2019-05-07,140.0
2019-05-08,140.0
2019-05-09,140.0
2019-05-10,140.0
2019-05-13,140.0
2019-05-14,140.0
2019-05-15,140.0
2019-05-16,140.0
2019-05-17,140.0
2019-05-20,140.0
2019-05-21,140.0
2019-05-22,140.0
2019-05-23,140.0
2019-05-24,140.0
2019-05-27,140.0
2019-05-28,140.0
2019-05-29,140.0
2019-05-30,140.0
2019-05-31,140.0
2019-06-03,140.0
2019-06-04,140.0
2019-06-10,140.0
2019-06-11,140.0
2019-06-12,140.0
2019-06-13,140.0
2019-06-14,140.0
2019-06-17,140.0
2019-06-18,140.0
2019-06-19,140.0
2019-06-20,140.0
2019-06-21,140.0
2019-06-24,140.0
2019-06-25,140.0
2019-06-26,140.0
2019-06-27,140.0
2019-06-28,140.0
2019-07-01,140.0
2019-07-02,140.0
2019-07-03,140.0
2019-07-04,140.0
2019-07-05,140.0
2019-07-08,140.0
2019-07-09,140.0
2019-07-10,140.0
2019-07-11,140.0
2019-07-12,140.0
2019-07-15,140.0
2019-07-16,140.0
2019-07-17,140.0
2019-07-18,140.0
2019-07-19,140.0
2019-07-22,140.0
2019-07-23,140.0
2019-07-24,140.0
2019-07-25,140.0
2019-07-26,140.0
2019-07-29,140.0
2019-07-31,140.0
2019-08-01,140.0
2019-08-02,140.0
2019-08-05,140.0
2019-08-06,140.0
2019-08-07,140.0
2019-08-08,140.0
2019-08-09,140.0
2019-08-15,140.0
2019-08-16,140.0
2019-08-19,140.0
2019-08-22,140.0
2019-08-23,140.0
2019-08-26,140.0
2019-08-27,140.0
2019-08-28,140.0
2019-08-29,140.0
2019-08-30,140.0
2019-09-02,140.0
2019-09-03,140.0
2019-09-04,140.0
2019-09-05,140.0
2019-09-06,140.0
2019-09-09,140.0
2019-09-10,140.0
2019-09-11,140.0
2019-09-12,140.0
2019-09-13,140.0
2019-09-16,140.0
2019-09-17,140.0
2019-09-18,140.0
2019-09-19,140.0
2019-09-20,140.0
2019-09-23,140.0
2019-09-24,140.0
2019-09-25,140.0
2019-09-26,140.0
2019-09-27,140.0
2019-09-30,140.0
2019-10-01,140.0
2019-10-02,140.0
2019-10-03,140.0
2019-10-04,140.0
2019-10-07,140.0
2019-10-08,140.0
2019-10-09,140.0
2019-10-10,140.0
2019-10-11,140.0
2019-10-14,140.0
2019-10-15,140.0
2019-10-16,140.0
2019-10-17,140.0
2019-10-18,140.0
2019-10-21,140.0
2019-10-22,140.0
2019-10-23,140.0
2019-10-24,140.0
2019-10-25,140.0
2019-10-28,140.0
2019-10-29,140.0
2019-10-30,140.0
2019-10-31,140.0
2019-11-01,140.0
2019-11-04,140.0
2019-11-05,132.0
2019-11-07,132.0
2019-11-08,132.0
2019-11-12,129.95
2019-11-13,129.95
2019-11-14,129.95
2019-11-15,129.95
2019-11-19,129.95
2019-11-20,129.95
2019-11-21,129.95
2019-11-22,129.95
2019-11-25,129.95
2019-11-26,129.95
2019-11-27,126.0
2019-11-28,126.0
2019-11-29,126.0
2019-12-02,126.0
2019-12-03,126.0
2019-12-04,126.0
2019-12-05,122.0
2019-12-06,122.0
2019-12-09,122.0
2019-12-10,122.0
2019-12-11,122.0
2019-12-12,122.0
2019-12-13,122.0
2019-12-16,122.0
2019-12-17,122.0
2019-12-18,122.0
2019-12-19,122.0
2019-12-20,122.0
2019-12-23,122.0
2019-12-24,122.0
2019-12-25,120.0
2019-12-26,118.0
2019-12-27,118.0
2019-12-30,121.0
2019-12-31,121.0
2020-01-02,121.0
2020-01-03,121.0
2020-01-06,121.0
2020-01-07,121.0
2020-01-08,121.0
2020-01-09,121.0
2020-01-10,121.0
2020-01-13,121.0
2020-01-14,121.0
2020-01-15,121.0
2020-01-16,121.0
2020-01-17,121.0
2020-01-20,121.0
2020-01-21,121.0
2020-01-22,121.0
2020-01-23,121.0
2020-01-24,114.0
2020-01-27,114.0
2020-01-28,114.0
2020-01-29,114.0
2020-01-30,114.0
2020-01-31,114.0
2020-02-03,114.0
2020-02-04,114.0
2020-02-05,114.0
2020-02-06,114.0
2020-02-07,114.0
2020-02-10,114.0
2020-02-11,114.0
2020-02-12,114.0
2020-02-13,114.0
2020-02-14,114.0
2020-02-17,114.0
2020-02-18,114.0
2020-02-19,114.0
2020-02-20,114.0
2020-02-21,114.0
2020-02-24,114.0
2020-02-25,114.0
2020-02-26,114.0
2020-02-27,114.0
2020-02-28,114.0
2020-03-02,114.0
2020-03-03,114.0
2020-03-04,114.0
2020-03-05,114.0
2020-03-06,114.0
2020-03-09,114.0
2020-03-10,114.0
2020-03-11,114.0
2020-03-12,114.0
2020-03-13,114.0
2020-03-16,114.0
2020-03-17,114.0
2020-03-18,114.0
2020-03-19,114.0
2020-03-20,114.0
2020-03-23,114.0
2020-03-24,114.0
2020-03-25,114.0
2020-03-26,114.0
2020-03-27,114.0
2020-03-30,114.0
2020-03-31,114.0
2020-04-01,114.0
2020-04-02,114.0
2020-04-03,114.0
2020-04-06,114.0
2020-04-07,114.0
2020-04-08,114.0
2020-04-09,114.0
2020-04-10,114.0
2020-04-13,114.0
2020-04-14,114.0
2020-04-15,114.0
2020-04-16,114.0
2020-04-17,114.0
2020-04-20,114.0
2020-04-21,114.0
2020-04-22,114.0
2020-04-23,114.0
2020-04-24,114.0
2020-04-27,114.0
2020-04-28,114.0
2020-04-29,114.0
2020-04-30,114.0
2020-05-04,114.0
2020-05-05,114.0
2020-05-06,114.0
2020-05-07,114.0
2020-05-08,114.0
2020-05-11,114.0
2020-05-12,114.0
2020-05-13,114.0
2020-05-14,114.0
2020-05-15,114.0
2020-05-18,114.0
2020-05-19,114.0
2020-05-20,114.0
2020-05-21,114.0
2020-05-22,114.0
2020-05-26,114.0
2020-05-27,114.0
2020-05-28,114.0
2020-05-29,114.0
2020-06-01,114.0
2020-06-02,114.0
2020-06-03,114.0
2020-06-04,114.0
2020-06-05,114.0
2020-06-08,114.0
2020-06-09,114.0
2020-06-10,114.0
2020-06-11,114.0
2020-06-12,114.0
2020-06-15,114.0
2020-06-16,114.0
2020-06-17,114.0
2020-06-18,114.0
2020-06-19,114.0
2020-06-22,114.0
2020-06-23,114.0
2020-06-24,114.0
2020-06-25,114.0
2020-06-26,114.0
2020-06-29,114.0
2020-06-30,114.0
2020-07-01,114.0
2020-07-02,114.0
2020-07-03,114.0
2020-07-06,114.0
2020-07-07,114.0
2020-07-08,114.0
2020-07-09,114.0
2020-07-10,114.0
2020-07-13,114.0
2020-07-14,114.0
2020-07-15,114.0
2020-07-16,114.0
2020-07-17,114.0
2020-07-20,114.0
2020-07-21,114.0
2020-07-22,114.0
2020-07-23,114.0
2020-07-24,114.0
2020-07-27,114.0
2020-07-28,114.0
2020-07-29,114.0
2020-08-03,114.0
2020-08-04,114.0
2020-08-05,114.0
2020-08-06,114.0
2020-08-07,114.0
2020-08-10,114.0
2020-08-11,114.0
2020-08-12,114.0
2020-08-13,114.0
2020-08-17,114.0
2020-08-18,114.0
2020-08-19,114.0
2020-08-24,114.0
2020-08-25,114.0
2020-08-26,114.0
2020-08-27,114.0
2020-08-28,114.0
2020-08-31,114.0
2020-09-01,114.0
2020-09-02,114.0
2020-09-03,113.9
2020-09-04,113.9
2020-09-07,113.9
2020-09-08,113.9
2020-09-09,113.9
2020-09-10,113.9
2020-09-11,113.9
2020-09-14,113.9
2020-09-15,113.9
2020-09-16,113.9
2020-09-17,113.9
2020-09-18,113.9
2020-09-21,113.9
2020-09-22,113.9
2020-09-23,113.9
2020-09-24,113.9
2020-09-25,113.9
2020-09-28,113.9
2020-09-29,113.9
2020-09-30,113.9
2020-10-01,113.9
2020-10-02,113.9
2020-10-05,113.85
2020-10-06,113.85
2020-10-07,113.85
2020-10-08,113.85
2020-10-09,113.85
2020-10-12,113.85
2020-10-13,113.85
2020-10-14,113.85
2020-10-15,113.85
2020-10-16,113.85
2020-10-19,113.85
2020-10-20,113.85
2020-10-21,113.85
2020-10-22,113.85
2020-10-23,113.85
2020-10-26,113.85
2020-10-27,113.85
2020-10-28,113.85
2020-11-02,113.85
2020-11-03,113.85
2020-11-04,113.85
2020-11-05,113.85
2020-11-09,113.85
2020-11-10,113.85
2020-11-11,113.85
2020-11-12,113.85
2020-11-13,113.85
2020-11-16,113.85
2020-11-17,113.85
2020-11-19,113.85
2020-11-20,113.85
2020-11-23,113.85
2020-11-24,113.85
2020-11-25,113.85
2020-11-26,113.85
2020-11-27,113.85
2020-11-30,113.85
2020-12-01,113.85
2020-12-02,113.85
2020-12-03,111.6
2020-12-04,109.95
2020-12-07,109.95
2020-12-08,109.95
2020-12-09,109.95
2020-12-10,109.95
2020-12-11,109.95
2020-12-14,109.95
2020-12-15,109.95
2020-12-16,109.95
2020-12-17,109.95
2020-12-18,109.95
2020-12-21,109.95
2020-12-22,109.95
2020-12-23,109.95
2020-12-24,109.95
2020-12-25,109.95
2020-12-28,109.95
2020-12-29,109.95
2020-12-30,109.95
2020-12-31,109.95
2021-01-04,109.95
2021-01-05,109.95
2021-01-06,109.95
2021-01-07,109.95
2021-01-08,109.95
2021-01-12,109.95
2021-01-13,109.95
2021-01-14,109.95
2021-01-15,109.95
2021-01-18,109.95
2021-01-19,109.95
2021-01-20,109.95
2021-01-21,109.95
2021-01-22,109.95
2021-01-25,109.95
2021-01-26,109.95
2021-01-27,109.95
2021-01-28,109.95
2021-01-29,109.95
2021-02-01,109.95
2021-02-02,109.95
2021-02-03,109.95
2021-02-04,109.95
2021-02-05,109.95
2021-02-08,109.95
2021-02-09,109.95
2021-02-10,109.95
2021-02-11,109.95
2021-02-12,109.95
2021-02-15,109.95
2021-02-16,109.95
2021-02-17,109.95
2021-02-18,109.95
2021-02-19,109.95
2021-02-22,109.95
2021-02-23,109.95
2021-02-24,109.95
2021-02-25,109.95
2021-02-26,109.95
2021-03-01,109.95
2021-03-02,109.95
2021-03-03,109.95
2021-03-04,109.95
2021-03-05,109.95
2021-03-08,109.95
2021-03-09,109.95
2021-03-10,109.95
2021-03-11,109.95
2021-03-12,109.95
2021-03-15,109.95
2021-03-16,109.95
2021-03-17,109.95
2021-03-18,109.95
2021-03-19,109.95
2021-03-22,109.95
2021-03-23,109.95
2021-03-24,109.95
2021-03-25,109.95
2021-03-26,109.95
2021-03-29,109.95
2021-03-30,109.95
2021-03-31,109.95
2021-04-01,109.95
2021-04-02,109.95
2021-04-05,109.95
2021-04-06,109.95
2021-04-07,109.95
2021-04-08,109.95
2021-04-09,109.95
2021-04-12,109.95
2021-04-13,109.95
2021-04-14,109.95
2021-04-15,109.95
2021-04-16,109.95
2021-04-19,109.95
2021-04-20,109.95
2021-04-21,109.95
2021-04-22,109.95
2021-04-23,109.95
2021-04-26,109.95
2021-04-27,109.95
2021-04-28,109.95
2021-04-29,109.95
2021-04-30,109.95
2021-05-03,109.95
2021-05-04,109.95
2021-05-05,109.95
2021-05-06,109.95
2021-05-07,109.95
2021-05-10,109.95
2021-05-11,109.95
2021-05-12,109.95
2021-05-17,109.95
2021-05-18,109.95
2021-05-19,109.95
2021-05-20,109.95
2021-05-21,109.95
2021-05-24,109.95
2021-05-25,109.95
2021-05-26,109.95
2021-05-27,109.95
2021-05-28,109.95
2021-05-31,109.95
2021-06-01,109.95
2021-06-02,109.95
2021-06-03,109.95
2021-06-04,109.95
2021-06-07,109.95
2021-06-08,108.0
2021-06-09,106.0
2021-06-10,106.0
2021-06-11,106.0
2021-06-14,104.0
2021-06-15,101.95
2021-06-16,99.92
2021-06-17,99.92
2021-06-18,99.92
2021-06-21,99.92
2021-06-22,99.92
2021-06-23,99.92
2021-06-24,99.0
2021-06-25,99.0
2021-06-28,99.0
2021-06-29,98.0
2021-06-30,98.0
2021-07-01,98.0
2021-07-02,98.0
2021-07-05,98.0
2021-07-06,98.0
2021-07-07,98.0
2021-07-08,98.0
2021-07-09,98.0
2021-07-12,98.0
2021-07-13,98.0
2021-07-14,98.0
2021-07-15,98.0
2021-07-16,98.0
2021-07-19,99.95
2021-07-20,99.95
2021-07-23,99.95
2021-07-26,99.95
2021-07-27,99.95
2021-07-28,99.95
2021-07-29,99.95
2021-08-02,99.95
2021-08-03,99.95
2021-08-04,99.95
2021-08-05,99.95
2021-08-06,100.0
2021-08-09,100.0
2021-08-11,100.0
2021-08-12,100.0
2021-08-13,100.0
2021-08-16,100.0
2021-08-17,100.0
2021-08-18,100.0
2021-08-19,100.0
2021-08-23,100.0
2021-08-24,100.0
2021-08-25,100.0
2021-08-26,100.0
2021-08-27,100.0
2021-08-30,100.0
2021-08-31,100.0
2021-09-01,100.0
2021-09-02,100.0
2021-09-03,100.0
2021-09-06,100.0
2021-09-07,100.0
2021-09-08,100.0
2021-09-09,100.0
2021-09-10,100.0
2021-09-13,100.0
2021-09-14,100.0
2021-09-15,100.0
2021-09-16,100.0
2021-09-17,100.0
2021-09-20,100.0
2021-09-21,100.0
2021-09-22,100.0
2021-09-23,100.0
2021-09-24,100.0
2021-09-27,100.0
2021-09-28,100.0
2021-09-29,100.0
2021-09-30,100.0
2021-10-01,100.0
2021-10-04,100.0
2021-10-05,100.0
2021-10-06,100.0
2021-10-07,100.0
2021-10-08,100.0
2021-10-11,100.0
2021-10-12,100.0
2021-10-13,100.0
2021-10-14,100.0
2021-10-15,100.0
2021-10-18,100.0
2021-10-21,100.0
2021-10-22,103.0
2021-10-25,103.0
2021-10-26,103.0
2021-10-27,103.0
2021-10-28,103.0
2021-10-29,103.0
2021-11-01,105.0
2021-11-02,105.0
2021-11-03,105.0
2021-11-04,107.95
2021-11-05,107.95
2021-11-08,107.95
2021-11-09,107.95
2021-11-10,107.95
2021-11-11,107.95
2021-11-12,107.95
2021-11-15,110.0
2021-11-16,109.95
2021-11-17,109.95
2021-11-19,109.95
2021-11-22,109.95
2021-11-23,109.95
2021-11-24,109.95
2021-11-25,109.95
2021-11-26,109.95
2021-11-29,109.95
2021-11-30,109.95
2021-12-01,109.95
2021-12-02,109.95
2021-12-03,109.95
2021-12-06,109.95
2021-12-07,109.95
2021-12-08,109.95
2021-12-09,109.95
2021-12-10,109.95
2021-12-13,109.95
2021-12-14,109.95
2021-12-15,109.95
2021-12-16,109.95
2021-12-17,109.95
2021-12-20,109.95
2021-12-21,109.95
2021-12-22,109.95
2021-12-23,109.95
2021-12-24,109.95
2021-12-27,109.95
2021-12-28,109.95
2021-12-29,109.95
2021-12-30,109.95
2021-12-31,109.95
2022-01-03,109.95
2022-01-04,109.95
2022-01-05,109.95
2022-01-06,109.95
2022-01-07,109.95
2022-01-10,109.95
2022-01-12,109.95
2022-01-13,109.95
2022-01-14,109.95
2022-01-17,109.95
2022-01-18,109.95
2022-01-19,109.95
2022-01-20,109.95
2022-01-21,109.95
2022-01-24,109.95
2022-01-25,109.95
2022-01-26,109.95
2022-01-27,109.95
2022-01-28,109.95
2022-01-31,109.95
2022-02-01,109.95
2022-02-02,109.95
2022-02-03,109.95
2022-02-04,109.95
2022-02-07,109.95
2022-02-08,109.95
2022-02-09,109.95
2022-02-10,109.95
2022-02-11,109.95
2022-02-14,109.95
2022-02-15,109.95
2022-02-16,109.95
2022-02-17,109.95
2022-02-18,110.0
2022-02-21,110.0
2022-02-22,110.0
2022-02-23,110.0
2022-02-24,110.0
2022-02-25,110.0
2022-02-28,110.0
2022-03-01,110.0
2022-03-02,110.0
2022-03-03,110.0
2022-03-04,110.0
2022-03-07,110.0
2022-03-08,110.0
2022-03-09,110.0
2022-03-10,110.0
2022-03-11,110.0
2022-03-14,110.0
2022-03-15,110.0
2022-03-16,110.0
2022-03-17,110.0
2022-03-18,110.0
2022-03-21,110.0
2022-03-22,110.0
2022-03-23,110.0
2022-03-24,110.0
2022-03-25,110.0
2022-03-28,110.0
2022-03-29,110.0
2022-03-30,110.0
2022-03-31,110.0
2022-04-01,110.0
2022-04-04,110.0
2022-04-05,110.0
2022-04-06,110.0
2022-04-07,110.0
2022-04-08,110.0
2022-04-11,110.0
2022-04-12,110.0
2022-04-13,110.0
2022-04-14,110.0
2022-04-15,110.0
2022-04-18,110.0
2022-04-19,110.0
2022-04-20,110.0
2022-04-21,110.0
2022-04-22,110.0
2022-04-25,110.0
2022-04-26,110.0
2022-04-27,110.0
2022-04-28,114.0
2022-04-29,114.0
2022-05-04,114.0
2022-05-05,114.0
2022-05-06,114.0
2022-05-09,114.0
2022-05-10,114.0
2022-05-11,114.0
2022-05-12,114.0
2022-05-13,114.0
2022-05-16,114.0
2022-05-17,114.0
2022-05-18,114.0
2022-05-19,114.0
2022-05-20,114.0
2022-05-23,114.0
2022-05-24,114.0
2022-05-25,114.0
2022-05-26,114.0
2022-05-27,114.0
2022-05-30,114.0
2022-05-31,114.0
2022-06-01,114.0
2022-06-02,114.0
2022-06-03,114.0
2022-06-06,114.0
2022-06-07,114.0
2022-06-08,114.0
2022-06-09,114.0
2022-06-10,114.0
2022-06-13,114.0
2022-06-14,114.0
2022-06-15,114.0
2022-06-16,115.0
2022-06-17,115.0
2022-06-20,115.0
2022-06-21,115.0
2022-06-22,115.0
2022-06-23,115.0
2022-06-24,115.0
2022-06-27,115.0
2022-06-28,115.0
2022-06-29,115.0
2022-06-30,115.0
2022-07-01,115.0
2022-07-04,115.0
2022-07-05,115.0
2022-07-06,115.0
2022-07-07,115.0
2022-07-08,115.0
2022-07-12,115.0
2022-07-13,115.0
2022-07-14,115.0
2022-07-15,115.0
2022-07-18,115.0
2022-07-19,115.0
2022-07-20,115.0
2022-07-21,115.0
2022-07-22,115.0
2022-07-25,115.0
2022-07-26,115.0
2022-07-27,115.0
2022-07-28,115.0
2022-07-29,115.0
2022-08-01,115.0
2022-08-02,115.0
2022-08-03,115.0
2022-08-04,115.0
2022-08-05,115.0
2022-08-08,115.0
2022-08-09,115.0
2022-08-10,115.0
2022-08-11,115.0
2022-08-12,115.0
2022-08-15,115.0
2022-08-16,115.0
2022-08-17,115.0
2022-08-18,115.0
2022-08-19,115.0
2022-08-22,115.0
2022-08-23,115.0
2022-08-24,115.0
2022-08-25,115.0
2022-08-26,115.0
2022-08-29,115.0
2022-08-30,115.0
2022-08-31,115.0
2022-09-01,115.0
2022-09-02,115.0
2022-09-05,115.0
2022-09-06,115.0
2022-09-07,115.0
2022-09-08,115.0
2022-09-09,115.0
2022-09-12,115.0
2022-09-13,115.0
2022-09-14,115.0
2022-09-15,115.0
2022-09-16,115.0
2022-09-19,115.0
2022-09-20,115.0
2022-09-21,115.0
2022-09-22,115.0
2022-09-23,115.0
2022-09-26,115.0
2022-09-27,115.0
2022-09-28,115.0
2022-09-29,115.0
2022-09-30,115.0
2022-10-03,115.0
2022-10-04,115.0
2022-10-05,115.0
2022-10-06,115.0
2022-10-07,115.0
2022-10-11,115.0
2022-10-12,115.0
2022-10-13,115.0
2022-10-14,115.0
2022-10-17,115.0
2022-10-18,115.0
2022-10-19,115.0
2022-10-20,115.0
2022-10-21,115.0
2022-10-24,115.0
2022-10-25,115.0
2022-10-26,115.0
2022-10-27,115.0
2022-10-28,115.0
2022-10-31,115.0
2022-11-01,115.0
2022-11-02,115.0
2022-11-03,115.0
2022-11-04,115.0
2022-11-07,115.0
2022-11-08,115.0
2022-11-09,115.0
2022-11-10,115.0
2022-11-11,115.0
2022-11-14,115.0
2022-11-15,115.0
2022-11-16,115.0
2022-11-17,115.0
2022-11-21,115.0
2022-11-22,115.0
2022-11-23,115.0
2022-11-24,115.0
2022-11-25,115.0
2022-11-28,115.0
2022-11-29,115.0
2022-11-30,115.0
2022-12-01,115.0
2022-12-02,115.0
2022-12-05,115.0
2022-12-06,115.0
2022-12-07,115.0
2022-12-08,115.0
2022-12-09,115.0
2022-12-12,115.0
2022-12-13,115.0
2022-12-14,115.0
2022-12-15,115.0
2022-12-16,115.0
2022-12-19,115.0
2022-12-20,115.0
2022-12-21,115.0
2022-12-22,115.0
2022-12-23,115.0
2022-12-26,115.0
2022-12-27,115.0
2022-12-28,115.0
2022-12-29,115.0
2022-12-30,113.5
2023-01-02,113.5
2023-01-03,113.5
2023-01-04,113.5
2023-01-05,113.5
2023-01-06,113.5
2023-01-09,113.5
2023-01-10,113.5
2023-01-12,113.5
2023-01-13,113.5
2023-01-16,113.5
2023-01-17,113.5
2023-01-18,113.5
2023-01-19,113.5
2023-01-20,113.5
2023-01-23,113.5
2023-01-24,113.5
2023-01-25,113.5
2023-01-26,113.5
2023-01-27,113.5
2023-01-30,113.5
2023-01-31,113.5
2023-02-01,113.5
2023-02-02,113.5
2023-02-03,113.5
2023-02-06,113.5
2023-02-07,113.5
2023-02-08,113.5
2023-02-09,113.5
2023-02-10,113.5
2023-02-13,113.5
2023-02-14,113.5
2023-02-15,113.5
2023-02-16,113.5
2023-02-17,113.5
2023-02-20,113.5
2023-02-21,113.5
2023-02-22,113.5
2023-02-23,113.5
2023-02-24,113.5
2023-02-27,113.5
2023-02-28,113.5
2023-03-01,113.5
2023-03-02,113.5
2023-03-03,113.5
2023-03-06,113.5
2023-03-07,113.5
2023-03-08,113.5
2023-03-09,113.5
2023-03-10,113.5
2023-03-13,113.5
2023-03-14,113.5
2023-03-15,113.5
2023-03-16,113.5
2023-03-17,113.5
2023-03-20,113.5
2023-03-21,113.5
2023-03-22,113.5
2023-03-23,113.5
2023-03-24,113.5
2023-03-27,113.5
2023-03-28,113.5
2023-03-29,113.5
2023-03-30,113.5
2023-03-31,113.5
2023-04-03,113.5
2023-04-04,113.5
2023-04-05,113.5
2023-04-06,113.5
2023-04-07,113.5
2023-04-10,113.5
2023-04-11,113.5
2023-04-12,113.5
2023-04-13,113.5
2023-04-14,113.5
2023-04-17,113.5
2023-04-18,113.5
2023-04-19,113.5
2023-04-20,113.5
2023-04-21,113.5
2023-04-25,113.5
2023-04-26,113.5
2023-04-27,113.5
2023-04-28,113.5
2023-05-02,113.45
2023-05-03,113.45
2023-05-04,113.45
2023-05-05,113.45
2023-05-08,110.0
2023-05-09,110.0
2023-05-10,110.0
2023-05-11,110.0
2023-05-12,110.0
2023-05-15,110.0
2023-05-16,110.0
2023-05-17,105.65
2023-05-18,105.65
2023-05-19,101.5
2023-05-22,97.45
2023-05-23,97.45
2023-05-24,93.56
2023-05-25,93.56
2023-05-26,93.56
2023-05-29,93.56
2023-05-30,93.56
2023-05-31,93.56
2023-06-01,93.56
2023-06-02,93.56
2023-06-05,93.56
2023-06-06,93.56
2023-06-07,90.0
2023-06-08,93.59
2023-06-09,90.0
2023-06-12,90.0
2023-06-13,90.0
2023-06-14,90.0
2023-06-15,90.0
2023-06-16,93.59
2023-06-19,93.59
2023-06-20,93.59
2023-06-21,93.59
2023-06-22,93.5
2023-06-23,93.5
2023-06-26,93.5
2023-06-27,93.5
2023-06-28,93.5
2023-07-03,93.5
2023-07-04,93.5
2023-07-05,93.5
2023-07-06,93.5
2023-07-07,91.9
2023-07-10,91.9
2023-07-11,90.0
2023-07-12,90.0
2023-07-13,90.0
2023-07-14,90.0
2023-07-17,90.0
2023-07-18,90.0
2023-07-20,90.0
2023-07-21,90.0
2023-07-24,91.9
2023-07-25,91.9
2023-07-26,88.23
2023-07-27,91.5
2023-07-28,91.7
2023-07-31,88.1
2023-08-01,88.1
2023-08-02,88.0
2023-08-03,88.0
2023-08-04,88.0
2023-08-07,88.0
2023-08-08,88.0
2023-08-09,88.0
2023-08-10,88.0
2023-08-11,88.0
2023-08-15,88.0
2023-08-16,88.0
2023-08-17,88.0
2023-08-18,84.49
2023-08-22,82.0
2023-08-23,78.8
2023-08-24,78.8
2023-08-25,78.8
2023-08-28,78.8
2023-08-29,78.8
2023-08-30,78.8
2023-08-31,78.8
2023-09-01,78.8
2023-09-04,78.8
2023-09-05,78.8
2023-09-06,78.8
2023-09-07,78.8
2023-09-08,78.8
2023-09-11,75.65
2023-09-12,75.65
2023-09-13,75.65
2023-09-14,75.65
2023-09-15,78.67
2023-09-18,78.67
2023-09-19,78.67
2023-09-20,78.67
2023-09-21,78.67
2023-09-22,78.67
2023-09-25,78.67
2023-09-26,81.81
2023-09-27,81.8
2023-10-02,81.8
2023-10-03,81.8
2023-10-04,81.8
2023-10-05,83.81
2023-10-06,83.81
2023-10-09,83.81
2023-10-10,83.81
2023-10-11,83.81
2023-10-12,83.81
2023-10-13,83.81
2023-10-16,83.81
2023-10-17,83.81
2023-10-18,83.81
2023-10-19,83.81
2023-10-20,83.81
2023-10-23,83.81
2023-10-24,83.81
2023-10-25,83.81
2023-10-26,83.81
2023-10-27,83.81
2023-10-30,83.81
2023-10-31,83.81
2023-11-01,83.81
2023-11-02,83.81
2023-11-03,83.81
2023-11-07,83.81
2023-11-08,83.81
2023-11-09,83.81
2023-11-10,83.81
2023-11-13,83.81
2023-11-14,83.81
2023-11-15,83.81
2023-11-16,83.81
2023-11-17,83.81
2023-11-20,83.81
2023-11-21,83.81
2023-11-22,83.81
2023-11-23,83.81
2023-11-24,83.81
2023-11-27,83.81
2023-11-28,83.81
2023-11-29,83.81
2023-11-30,83.81
2023-12-01,83.81
2023-12-04,83.81
2023-12-05,83.81
2023-12-06,83.81
2023-12-07,83.81
2023-12-08,83.81
2023-12-11,83.81
2023-12-12,83.81
2023-12-13,83.81
2023-12-14,83.81
2023-12-15,83.81
2023-12-18,83.81
2023-12-19,83.81
2023-12-20,83.81
2023-12-21,83.81
2023-12-22,83.81
2023-12-25,83.81
2023-12-26,83.81
2023-12-27,83.81
2023-12-28,83.81
2023-12-29,83.81
2024-01-02,83.81
2024-01-03,83.81
2024-01-04,83.81
2024-01-05,83.81
2024-01-08,83.81
2024-01-09,83.0
2024-01-10,83.0
2024-01-12,83.0
2024-01-15,83.0
2024-01-16,83.0
2024-01-17,78.03
2024-01-18,78.03
2024-01-19,78.0
2024-01-22,78.0
2024-01-23,78.0
2024-01-24,78.0
2024-01-25,78.0
2024-01-26,78.0
2024-01-29,78.0
2024-01-30,78.0
2024-01-31,78.0
2024-02-01,78.0
2024-02-02,78.0
2024-02-05,78.0
2024-02-06,78.0
2024-02-07,78.0
2024-02-08,78.0
2024-02-09,73.33
2024-02-12,73.0
2024-02-13,73.0
2024-02-14,73.0
2024-02-15,77.0
2024-02-16,77.0
2024-02-19,77.0
2024-02-20,77.0
2024-02-21,77.0
2024-02-22,72.39
2024-02-23,69.0
2024-02-26,73.13
2024-02-27,73.13
2024-02-28,73.13
2024-02-29,70.0
2024-03-01,73.0
2024-03-04,73.0
2024-03-05,73.0
2024-03-06,69.0
2024-03-07,69.0
2024-03-08,69.0
2024-03-11,69.0
2024-03-12,69.0
2024-03-13,69.0
2024-03-14,69.0
2024-03-15,69.0
2024-03-18,69.0
2024-03-19,69.0
2024-03-20,71.9
2024-03-21,71.75
2024-03-22,71.75
2024-03-25,71.75
2024-03-26,71.75
2024-03-27,71.75
2024-03-28,71.75
2024-03-29,71.75
2024-04-01,71.75
2024-04-02,71.75
2024-04-03,71.75
2024-04-04,71.75
2024-04-05,71.75
2024-04-08,71.75
2024-04-09,71.75
2024-04-15,71.75
2024-04-16,71.75
2024-04-17,71.75
2024-04-18,71.75
2024-04-19,71.75
2024-04-22,72.0
2024-04-23,72.0
2024-04-24,72.0
2024-04-25,71.0
2024-04-26,67.0
2024-04-29,67.0
2024-04-30,67.0
2024-05-02,67.0
2024-05-03,67.0
2024-05-06,66.0
2024-05-07,66.0
2024-05-08,66.0
2024-05-09,66.0
2024-05-10,66.0
2024-05-13,69.79
2024-05-14,66.0
2024-05-15,66.0
2024-05-16,69.95
2024-05-17,69.95
2024-05-20,69.95
2024-05-21,69.95
2024-05-22,69.95
2024-05-23,71.0
2024-05-24,71.0
2024-05-27,71.0
2024-05-28,71.0
2024-05-29,71.0
2024-05-30,70.75
2024-05-31,70.95
2024-06-03,70.95
2024-06-04,70.95
2024-06-05,70.95
2024-06-06,70.95
2024-06-07,70.95
2024-06-10,70.95
2024-06-11,70.95
2024-06-12,70.9
2024-06-13,70.9
2024-06-14,70.9
2024-06-19,70.9
2024-06-20,70.9
2024-06-21,70.9
2024-06-24,70.9
2024-06-25,70.9
2024-06-26,70.85
2024-06-27,70.85
2024-06-28,70.85
2024-07-01,70.85
2024-07-02,70.85
2024-07-03,70.85
2024-07-04,70.85
2024-07-05,70.85
2024-07-08,70.85
2024-07-09,70.85
2024-07-10,70.85
2024-07-11,70.85
2024-07-12,70.85
2024-07-15,70.85
2024-07-16,70.0
2024-07-17,70.0
2024-07-18,70.0
2024-07-19,70.0
2024-07-22,69.9
2024-07-23,69.9
2024-07-24,69.9
2024-07-25,69.9
2024-07-26,69.9
2024-07-29,69.9
2024-07-31,69.9
2024-08-01,69.9
2024-08-02,69.9
2024-08-05,69.9
2024-08-06,69.9
2024-08-07,69.9
2024-08-08,69.9
2024-08-09,69.9
2024-08-12,69.9
2024-08-13,69.9
2024-08-15,69.9
2024-08-16,69.9
2024-08-19,69.9
2024-08-22,65.71
2024-08-23,67.0
2024-08-26,69.8
2024-08-27,69.85
2024-08-28,70.9
2024-08-29,75.15
2024-08-30,74.9
2024-09-02,75.0
2024-09-03,70.51
2024-09-04,74.74
2024-09-05,74.74
2024-09-06,70.26
2024-09-09,74.47
2024-09-10,78.93
2024-09-11,83.66
2024-09-12,88.5
2024-09-13,93.4
2024-09-18,99.0
2024-09-19,104.85
2024-09-20,104.85
2024-09-23,111.1
2024-09-24,111.1
2024-09-25,111.1
2024-09-26,111.1
2024-09-27,111.1
2024-09-30,104.45
2024-10-01,104.45
2024-10-02,104.45
2024-10-03,104.45
2024-10-04,104.45
2024-10-07,104.45
2024-10-08,104.45
2024-10-09,104.45
2024-10-10,104.45
2024-10-11,104.45
2024-10-14,104.45
2024-10-15,104.45
2024-10-16,104.45
2024-10-17,104.45
2024-10-18,104.45
2024-10-21,104.45
2024-10-22,104.45
2024-10-23,104.45
2024-10-24,104.45
2024-10-25,104.45
2024-10-28,104.45
2024-10-29,104.45
2024-10-30,104.45
2024-10-31,104.45
2024-11-01,104.45
2024-11-04,104.45
2024-11-05,104.45
2024-11-07,104.45
2024-11-08,104.45
2024-11-11,104.45
2024-11-12,104.45
2024-11-13,104.45
2024-11-14,104.45
2024-11-15,104.45
2024-11-19,104.45
2024-11-20,104.45
2024-11-21,104.45
2024-11-22,104.45
2024-11-25,104.45
2024-11-26,104.45
2024-11-27,104.45
2024-11-28,104.45
2024-11-29,104.45
2024-12-02,104.45
2024-12-03,104.45
2024-12-04,104.45
2024-12-05,104.45
2024-12-06,104.45
2024-12-09,104.45
2024-12-10,104.45
2024-12-11,104.45
2024-12-12,104.45
2024-12-13,104.45
2024-12-16,104.45
2024-12-17,104.45
2024-12-18,102.0
2024-12-19,102.0
2024-12-20,102.0
2024-12-23,102.0
2024-12-24,102.0
2024-12-25,102.0
2024-12-26,102.0
2024-12-27,102.0
2024-12-30,102.0
2024-12-31,100.0
2025-01-02,100.0
2025-01-03,100.0
2025-01-06,100.0
2025-01-07,95.0
2025-01-08,95.1
2025-01-09,94.0
2025-01-10,90.0
2025-01-13,87.0
2025-01-15,87.0
2025-01-16,83.5
2025-01-17,78.5
2025-01-20,83.2
2025-01-21,83.2
2025-01-22,88.19
2025-01-23,90.0
2025-01-24,90.0
2025-01-27,90.0
2025-01-28,90.0
2025-01-29,87.0
2025-01-30,86.1
2025-01-31,90.0
2025-02-03,95.0
2025-02-04,98.0
2025-02-05,101.0
2025-02-06,103.0
2025-02-07,103.0
2025-02-10,103.0
2025-02-11,103.0
2025-02-12,96.83
2025-02-13,91.03
2025-02-14,85.57
2025-02-17,86.01
2025-02-18,86.01
2025-02-19,86.01
2025-02-20,86.01
2025-02-21,91.17
2025-02-24,91.17
2025-02-25,91.17
2025-02-26,92.0
2025-02-27,92.0
2025-02-28,92.0
2025-03-03,92.0
2025-03-04,92.0
2025-03-05,92.0
2025-03-06,91.0
2025-03-07,91.0
2025-03-10,91.0
2025-03-11,90.0
2025-03-12,91.0
2025-03-13,91.0
2025-03-14,91.0
2025-03-17,91.0
2025-03-18,91.0
2025-03-19,91.0
2025-03-20,88.0
2025-03-21,90.0
2025-03-24,90.0
2025-03-25,90.0
2025-03-26,90.0
2025-03-27,90.0
2025-03-28,90.0
2025-04-02,90.0
2025-04-03,90.0
2025-04-04,90.0
2025-04-07,90.0
2025-04-08,84.61
2025-04-09,84.61
2025-04-10,84.61
2025-04-11,84.61
2025-04-14,84.61
2025-04-15,84.61
2025-04-16,84.61
2025-04-17,84.61
2025-04-18,84.61
2025-04-21,85.0
2025-04-22,85.0
2025-04-23,85.0
2025-04-24,85.0
2025-04-25,85.0
2025-04-28,85.0
2025-04-29,86.0
2025-04-30,86.0
2025-05-02,86.0
2025-05-05,86.0
2025-05-06,86.0
2025-05-07,86.0
2025-05-08,86.0
