date,RIS
2006-05-17,319.134
2006-05-19,386.078
2006-05-23,406.661
2006-05-24,399.767
2006-05-25,380.783
2006-05-26,357.952
2006-05-29,336.519
2006-05-30,344.713
2006-05-31,359.7
2006-06-01,379.683
2006-06-02,379.683
2006-06-05,378.684
2006-06-06,369.692
2006-06-07,364.696
2006-06-08,364.696
2006-06-09,353.755
2006-06-12,349.708
2006-06-13,336.719
2006-06-14,340.716
2006-06-15,343.614
2006-06-16,345.712
2006-06-19,348.709
2006-06-20,340.716
2006-06-21,344.613
2006-06-22,344.613
2006-06-23,343.214
2006-06-26,344.713
2006-06-27,344.713
2006-06-28,344.713
2006-06-29,344.713
2006-06-30,349.708
2006-07-03,354.504
2006-07-04,354.205
2006-07-05,350.708
2006-07-06,354.704
2006-07-07,349.209
2006-07-10,335.82
2006-07-11,349.209
2006-07-12,348.709
2006-07-13,343.813
2006-07-14,343.713
2006-07-17,336.719
2006-07-18,336.819
2006-07-19,337.918
2006-07-20,332.723
2006-07-21,330.724
2006-07-24,331.823
2006-07-25,331.823
2006-07-26,319.933
2006-07-27,319.733
2006-07-28,321.732
2006-07-31,328.726
2006-08-01,323.73
2006-08-02,323.73
2006-08-03,323.73
2006-08-04,323.73
2006-08-07,324.729
2006-08-08,329.769
2006-08-09,334.766
2006-08-10,331.768
2006-08-11,321.875
2006-08-15,329.769
2006-08-16,329.569
2006-08-17,328.57
2006-08-18,327.67
2006-08-22,328.57
2006-08-23,328.77
2006-08-24,337.763
2006-08-25,344.758
2006-08-28,350.654
2006-08-29,349.755
2006-08-30,356.75
2006-08-31,359.748
2006-09-01,358.749
2006-09-04,349.755
2006-09-05,349.755
2006-09-06,344.758
2006-09-07,344.758
2006-09-08,346.857
2006-09-11,366.743
2006-09-12,359.748
2006-09-13,361.747
2006-09-14,359.748
2006-09-15,354.751
2006-09-18,346.757
2006-09-19,339.762
2006-09-20,338.763
2006-09-21,346.757
2006-09-22,346.757
2006-09-25,349.755
2006-09-26,344.758
2006-09-27,341.761
2006-09-28,340.262
2006-09-29,342.76
2006-10-02,340.761
2006-10-03,338.763
2006-10-04,342.26
2006-10-05,334.766
2006-10-06,334.766
2006-10-09,339.762
2006-10-10,344.758
2006-10-11,340.761
2006-10-12,341.661
2006-10-13,343.759
2006-10-16,339.762
2006-10-17,342.66
2006-10-18,341.761
2006-10-19,354.751
2006-10-20,363.246
2006-10-23,369.741
2006-10-26,391.925
2006-10-27,401.719
2006-10-30,404.717
2006-10-31,406.715
2006-11-01,399.82
2006-11-02,400.719
2006-11-03,399.72
2006-11-07,423.703
2006-11-08,434.696
2006-11-09,408.614
2006-11-10,399.92
2006-11-13,409.713
2006-11-14,410.712
2006-11-15,424.703
2006-11-16,414.71
2006-11-17,414.71
2006-11-20,412.711
2006-11-21,424.703
2006-11-23,432.697
2006-11-27,420.0
2006-11-28,420.0
2006-11-29,426.0
2006-11-30,422.0
2006-12-01,433.0
2006-12-04,423.0
2006-12-05,429.0
2006-12-06,435.0
2006-12-07,440.05
2006-12-08,458.0
2006-12-11,450.0
2006-12-12,449.0
2006-12-13,431.0
2006-12-14,423.95
2006-12-15,411.0
2006-12-18,420.0
2006-12-19,415.0
2006-12-20,410.0
2006-12-21,414.0
2006-12-22,410.0
2006-12-26,410.0
2006-12-27,408.5
2006-12-28,424.0
2006-12-29,430.0
2007-01-02,430.0
2007-01-03,434.0
2007-01-04,438.1
2007-01-05,445.0
2007-01-08,438.5
2007-01-09,438.0
2007-01-10,428.0
2007-01-12,425.0
2007-01-15,430.0
2007-01-16,430.0
2007-01-17,430.0
2007-01-18,430.0
2007-01-19,430.0
2007-01-22,430.0
2007-01-23,430.0
2007-01-24,430.0
2007-01-25,430.0
2007-01-26,424.0
2007-01-29,415.0
2007-01-30,416.0
2007-01-31,414.0
2007-02-01,410.0
2007-02-02,413.0
2007-02-05,415.0
2007-02-06,423.0
2007-02-07,423.0
2007-02-08,420.0
2007-02-09,425.0
2007-02-12,440.0
2007-02-13,444.0
2007-02-14,445.0
2007-02-15,441.0
2007-02-16,441.1
2007-02-19,442.0
2007-02-20,434.0
2007-02-21,440.0
2007-02-22,430.0
2007-02-23,435.0
2007-02-26,425.1
2007-02-27,420.0
2007-02-28,428.0
2007-03-01,437.0
2007-03-02,435.0
2007-03-05,431.0
2007-03-06,433.5
2007-03-07,432.1
2007-03-08,434.0
2007-03-09,430.3
2007-03-12,434.0
2007-03-13,430.0
2007-03-14,425.0
2007-03-15,427.5
2007-03-19,420.5
2007-03-20,420.5
2007-03-21,420.1
2007-03-22,424.0
2007-03-23,420.0
2007-03-26,420.0
2007-03-27,415.0
2007-03-28,410.1
2007-03-29,408.0
2007-03-30,395.0
2007-04-03,407.0
2007-04-04,398.0
2007-04-05,400.0
2007-04-06,407.0
2007-04-09,407.0
2007-04-10,415.0
2007-04-11,416.5
2007-04-12,412.0
2007-04-13,412.0
2007-04-16,407.3
2007-04-17,409.1
2007-04-18,407.0
2007-04-19,406.0
2007-04-20,405.0
2007-04-23,409.0
2007-04-24,408.0
2007-04-25,409.0
2007-04-26,409.0
2007-04-27,408.0
2007-04-30,410.0
2007-05-02,409.0
2007-05-03,408.0
2007-05-04,408.9
2007-05-07,408.0
2007-05-08,407.0
2007-05-09,398.45
2007-05-10,390.0
2007-05-11,375.2
2007-05-14,367.0
2007-05-15,378.0
2007-05-16,393.0
2007-05-17,400.0
2007-05-18,391.0
2007-05-21,402.9
2007-05-22,402.9
2007-05-23,400.0
2007-05-24,388.0
2007-05-25,390.0
2007-05-28,386.0
2007-05-29,387.15
2007-05-30,410.35
2007-06-01,432.0
2007-06-04,426.0
2007-06-06,444.0
2007-06-07,425.0
2007-06-08,426.0
2007-06-11,423.0
2007-06-12,421.0
2007-06-13,416.0
2007-06-14,418.9
2007-06-15,411.0
2007-06-18,415.0
2007-06-19,417.9
2007-06-20,418.0
2007-06-21,422.0
2007-06-22,415.1
2007-06-25,422.0
2007-06-26,414.0
2007-06-27,414.0
2007-06-28,417.0
2007-06-29,418.9
2007-07-02,400.0
2007-07-03,405.0
2007-07-04,412.0
2007-07-05,405.0
2007-07-06,414.0
2007-07-09,419.9
2007-07-10,411.0
2007-07-11,411.0
2007-07-12,401.3
2007-07-13,403.0
2007-07-16,409.0
2007-07-17,402.0
2007-07-18,400.0
2007-07-19,397.0
2007-07-20,399.0
2007-07-23,400.05
2007-07-24,396.15
2007-07-25,395.0
2007-07-26,403.5
2007-07-27,408.5
2007-07-31,407.9
2007-08-01,413.0
2007-08-02,422.0
2007-08-03,423.0
2007-08-06,418.5
2007-08-07,419.0
2007-08-08,419.0
2007-08-09,420.0
2007-08-10,418.9
2007-08-13,414.0
2007-08-15,416.2
2007-08-16,407.0
2007-08-17,407.1
2007-08-22,406.0
2007-08-23,403.6
2007-08-24,408.0
2007-08-27,413.5
2007-08-28,412.0
2007-08-29,418.0
2007-08-30,414.0
2007-08-31,413.0
2007-09-03,420.0
2007-09-04,416.0
2007-09-05,430.0
2007-09-06,420.0
2007-09-07,427.0
2007-09-10,428.0
2007-09-11,420.0
2007-09-12,414.0
2007-09-13,427.0
2007-09-14,420.0
2007-09-17,419.0
2007-09-18,420.0
2007-09-19,420.0
2007-09-20,420.0
2007-09-21,420.0
2007-09-24,418.0
2007-09-25,416.0
2007-09-26,415.0
2007-09-27,415.0
2007-09-28,419.7
2007-10-01,419.7
2007-10-02,417.0
2007-10-03,417.0
2007-10-04,415.3
2007-10-05,415.1
2007-10-08,418.9
2007-10-09,414.0
2007-10-10,410.0
2007-10-11,418.0
2007-10-12,432.0
2007-10-15,430.0
2007-10-16,430.0
2007-10-17,428.0
2007-10-18,425.0
2007-10-19,425.0
2007-10-22,425.0
2007-10-23,417.5
2007-10-24,427.0
2007-10-25,418.0
2007-10-26,422.0
2007-10-29,416.0
2007-10-30,420.0
2007-10-31,419.0
2007-11-01,412.0
2007-11-02,414.0
2007-11-05,413.0
2007-11-07,411.0
2007-11-08,410.0
2007-11-09,410.0
2007-11-12,410.0
2007-11-13,408.3
2007-11-14,409.0
2007-11-15,406.0
2007-11-16,410.0
2007-11-19,405.0
2007-11-20,402.0
2007-11-21,409.0
2007-11-22,403.0
2007-11-23,409.0
2007-11-26,409.0
2007-11-27,401.5
2007-11-28,404.0
2007-11-29,402.3
2007-11-30,400.0
2007-12-03,401.0
2007-12-04,401.0
2007-12-05,400.0
2007-12-06,400.0
2007-12-07,400.0
2007-12-10,400.0
2007-12-11,400.0
2007-12-12,400.0
2007-12-13,401.0
2007-12-14,400.0
2007-12-17,400.0
2007-12-18,405.0
2007-12-19,410.0
2007-12-20,410.0
2007-12-24,407.0
2007-12-25,400.0
2007-12-26,403.0
2007-12-27,420.0
2007-12-28,426.0
2007-12-31,435.0
2008-01-02,434.0
2008-01-03,430.0
2008-01-04,431.0
2008-01-07,426.0
2008-01-08,430.0
2008-01-09,436.0
2008-01-14,420.3
2008-01-15,417.0
2008-01-16,420.0
2008-01-17,420.0
2008-01-18,413.5
2008-01-21,420.0
2008-01-22,411.05
2008-01-23,419.0
2008-01-24,420.0
2008-01-25,418.0
2008-01-28,415.0
2008-01-29,414.7
2008-01-30,423.0
2008-01-31,422.0
2008-02-01,423.0
2008-02-04,420.9
2008-02-05,419.9
2008-02-06,415.0
2008-02-07,415.0
2008-02-08,415.0
2008-02-11,412.0
2008-02-12,406.0
2008-02-13,410.0
2008-02-14,412.0
2008-02-15,415.0
2008-02-18,410.0
2008-02-19,410.0
2008-02-20,416.0
2008-02-21,420.0
2008-02-22,430.05
2008-02-25,416.0
2008-02-26,423.0
2008-02-27,420.0
2008-02-28,420.0
2008-02-29,424.0
2008-03-03,420.0
2008-03-04,410.0
2008-03-05,410.0
2008-03-06,407.1
2008-03-07,410.0
2008-03-10,411.1
2008-03-11,411.2
2008-03-12,411.4
2008-03-13,418.0
2008-03-14,403.0
2008-03-17,410.0
2008-03-18,406.0
2008-03-19,404.0
2008-03-24,405.0
2008-03-25,405.0
2008-03-26,405.0
2008-03-27,405.0
2008-03-28,409.0
2008-03-31,404.0
2008-04-01,405.0
2008-04-02,405.0
2008-04-03,403.0
2008-04-04,406.0
2008-04-07,400.0
2008-04-08,400.0
2008-04-09,399.0
2008-04-10,399.0
2008-04-11,394.0
2008-04-14,390.0
2008-04-15,387.0
2008-04-16,388.0
2008-04-17,385.0
2008-04-18,395.0
2008-04-21,395.0
2008-04-22,380.0
2008-04-23,380.0
2008-04-24,390.0
2008-04-25,380.1
2008-04-28,380.0
2008-04-29,385.0
2008-04-30,382.0
2008-05-02,380.0
2008-05-05,380.0
2008-05-06,380.0
2008-05-07,380.0
2008-05-08,380.0
2008-05-09,378.0
2008-05-12,380.0
2008-05-13,382.0
2008-05-14,401.0
2008-05-15,405.0
2008-05-16,409.0
2008-05-19,408.0
2008-05-20,411.0
2008-05-21,409.0
2008-05-22,408.0
2008-05-23,400.1
2008-05-26,400.2
2008-05-27,400.0
2008-05-28,400.2
2008-05-29,400.0
2008-05-30,400.0
2008-06-02,401.0
2008-06-03,401.0
2008-06-04,400.0
2008-06-05,400.0
2008-06-06,404.0
2008-06-09,402.0
2008-06-10,400.0
2008-06-11,400.0
2008-06-12,400.0
2008-06-13,395.0
2008-06-16,391.0
2008-06-17,391.0
2008-06-18,392.0
2008-06-19,391.0
2008-06-20,392.0
2008-06-23,390.05
2008-06-24,390.05
2008-06-25,390.05
2008-06-26,390.05
2008-06-27,395.0
2008-06-30,380.0
2008-07-01,394.0
2008-07-02,382.0
2008-07-03,380.05
2008-07-04,395.0
2008-07-07,383.0
2008-07-08,385.0
2008-07-09,397.0
2008-07-10,390.0
2008-07-11,395.0
2008-07-14,395.0
2008-07-15,382.0
2008-07-16,393.0
2008-07-17,381.0
2008-07-18,394.0
2008-07-21,393.0
2008-07-22,382.0
2008-07-23,382.0
2008-07-24,382.0
2008-07-25,390.0
2008-07-28,392.95
2008-07-29,393.0
2008-07-31,382.05
2008-08-01,390.0
2008-08-04,385.0
2008-08-05,389.0
2008-08-06,385.0
2008-08-07,368.0
2008-08-08,371.6
2008-08-11,370.0
2008-08-12,380.0
2008-08-13,370.25
2008-08-15,371.5
2008-08-18,371.5
2008-08-19,370.0
2008-08-22,370.0
2008-08-25,370.0
2008-08-26,375.0
2008-08-27,375.0
2008-08-28,370.1
2008-08-29,370.25
2008-09-01,371.0
2008-09-02,379.35
2008-09-03,380.0
2008-09-04,372.0
2008-09-05,380.0
2008-09-08,371.05
2008-09-09,371.05
2008-09-10,364.1
2008-09-11,363.2
2008-09-12,370.0
2008-09-15,348.0
2008-09-16,347.0
2008-09-17,367.8
2008-09-18,369.0
2008-09-19,369.0
2008-09-22,380.0
2008-09-23,379.9
2008-09-24,379.9
2008-09-25,375.0
2008-09-26,373.0
2008-09-29,370.0
2008-09-30,351.0
2008-10-03,352.0
2008-10-06,331.0
2008-10-07,331.0
2008-10-08,330.0
2008-10-09,327.0
2008-10-10,307.4
2008-10-13,325.8
2008-10-14,330.0
2008-10-15,335.0
2008-10-16,330.0
2008-10-17,335.0
2008-10-20,330.0
2008-10-21,330.0
2008-10-22,330.0
2008-10-23,330.0
2008-10-24,330.0
2008-10-27,310.2
2008-10-28,323.0
2008-10-29,314.0
2008-10-30,329.0
2008-10-31,327.0
2008-11-03,325.0
2008-11-04,316.0
2008-11-05,323.95
2008-11-07,315.6
2008-11-10,310.0
2008-11-11,305.0
2008-11-12,307.0
2008-11-13,300.35
2008-11-14,305.0
2008-11-17,310.0
2008-11-19,310.0
2008-11-20,303.0
2008-11-21,285.0
2008-11-24,300.0
2008-11-25,283.0
2008-11-26,290.0
2008-11-27,296.0
2008-11-28,298.7
2008-12-01,310.0
2008-12-02,300.0
2008-12-03,285.3
2008-12-04,300.0
2008-12-05,310.0
2008-12-08,310.0
2008-12-11,320.0
2008-12-12,300.8
2008-12-15,315.0
2008-12-16,320.0
2008-12-17,334.0
2008-12-18,340.0
2008-12-19,346.0
2008-12-22,360.0
2008-12-23,338.4
2008-12-24,318.1
2008-12-25,330.0
2008-12-26,329.0
2008-12-30,309.3
2008-12-31,290.8
2009-01-02,307.0
2009-01-05,288.6
2009-01-06,272.0
2009-01-07,288.3
2009-01-08,280.0
2009-01-09,280.0
2009-01-12,280.0
2009-01-13,285.0
2009-01-14,286.0
2009-01-15,294.0
2009-01-16,294.0
2009-01-19,295.0
2009-01-20,281.2
2009-01-21,289.9
2009-01-22,289.9
2009-01-23,279.3
2009-01-26,295.0
2009-01-27,302.0
2009-01-28,290.0
2009-01-29,281.0
2009-01-30,297.85
2009-02-02,299.5
2009-02-03,300.0
2009-02-04,300.0
2009-02-05,300.0
2009-02-06,300.0
2009-02-09,300.0
2009-02-10,299.9
2009-02-11,299.9
2009-02-12,298.95
2009-02-13,288.6
2009-02-16,290.0
2009-02-17,290.0
2009-02-18,290.0
2009-02-19,290.0
2009-02-20,285.1
2009-02-23,295.0
2009-02-24,290.0
2009-02-25,290.0
2009-02-26,288.2
2009-02-27,287.1
2009-03-02,288.0
2009-03-03,290.0
2009-03-04,285.0
2009-03-05,286.0
2009-03-06,296.0
2009-03-09,296.0
2009-03-12,296.0
2009-03-13,296.0
2009-03-16,281.1
2009-03-17,290.0
2009-03-18,294.95
2009-03-19,294.95
2009-03-20,293.0
2009-03-23,275.45
2009-03-24,291.0
2009-03-25,290.0
2009-03-26,290.0
2009-03-27,293.0
2009-03-30,293.0
2009-03-31,293.0
2009-04-01,290.0
2009-04-02,290.0
2009-04-03,293.0
2009-04-06,293.0
2009-04-07,293.0
2009-04-08,292.0
2009-04-09,290.0
2009-04-10,290.0
2009-04-13,278.5
2009-04-14,290.85
2009-04-15,291.0
2009-04-16,291.5
2009-04-17,290.35
2009-04-20,290.35
2009-04-21,290.0
2009-04-22,289.0
2009-04-23,290.5
2009-04-24,288.0
2009-04-27,288.0
2009-04-28,288.0
2009-04-29,281.1
2009-04-30,288.5
2009-05-04,285.0
2009-05-05,280.0
2009-05-06,280.0
2009-05-07,278.0
2009-05-08,288.95
2009-05-11,274.25
2009-05-12,286.0
2009-05-13,286.0
2009-05-14,273.0
2009-05-15,268.0
2009-05-18,275.0
2009-05-19,274.85
2009-05-20,285.0
2009-05-21,285.0
2009-05-22,280.0
2009-05-25,280.0
2009-05-26,279.9
2009-05-27,268.0
2009-05-28,277.65
2009-05-29,275.8
2009-06-01,275.0
2009-06-02,270.0
2009-06-03,280.0
2009-06-04,275.0
2009-06-05,274.0
2009-06-08,279.0
2009-06-09,276.0
2009-06-10,275.0
2009-06-11,272.0
2009-06-12,279.0
2009-06-15,279.0
2009-06-16,278.9
2009-06-17,278.9
2009-06-18,278.9
2009-06-19,278.9
2009-06-22,278.0
2009-06-23,269.0
2009-06-24,278.0
2009-06-25,275.0
2009-06-26,279.0
2009-06-29,278.0
2009-06-30,278.0
2009-07-01,268.0
2009-07-02,270.0
2009-07-03,270.0
2009-07-06,268.2
2009-07-07,275.8
2009-07-08,275.0
2009-07-09,273.0
2009-07-10,270.0
2009-07-13,270.0
2009-07-14,273.0
2009-07-15,266.05
2009-07-16,266.05
2009-07-17,266.0
2009-07-20,266.0
2009-07-21,274.8
2009-07-22,260.0
2009-07-23,272.4
2009-07-24,272.0
2009-07-27,272.0
2009-07-28,272.0
2009-07-29,264.0
2009-07-31,264.2
2009-08-03,262.0
2009-08-04,265.0
2009-08-05,263.0
2009-08-06,263.0
2009-08-07,263.0
2009-08-10,270.0
2009-08-11,270.0
2009-08-12,270.0
2009-08-13,274.9
2009-08-17,275.0
2009-08-18,275.0
2009-08-19,275.0
2009-08-24,279.95
2009-08-25,279.95
2009-08-26,279.95
2009-08-27,279.75
2009-08-28,279.9
2009-08-31,270.0
2009-09-01,279.5
2009-09-02,278.0
2009-09-03,270.25
2009-09-04,266.05
2009-09-07,277.8
2009-09-08,266.05
2009-09-09,276.9
2009-09-10,266.15
2009-09-11,277.45
2009-09-14,266.1
2009-09-15,270.0
2009-09-16,266.0
2009-09-17,270.0
2009-09-18,276.95
2009-09-23,276.95
2009-09-24,276.7
2009-09-25,275.0
2009-09-28,266.1
2009-09-29,275.0
2009-09-30,275.0
2009-10-01,270.0
2009-10-02,266.0
2009-10-05,266.0
2009-10-06,270.0
2009-10-07,269.95
2009-10-08,269.9
2009-10-09,268.9
2009-10-12,260.05
2009-10-13,269.8
2009-10-14,261.85
2009-10-15,269.6
2009-10-16,269.35
2009-10-19,269.35
2009-10-20,262.0
2009-10-21,262.2
2009-10-22,262.1
2009-10-23,265.0
2009-10-26,265.0
2009-10-27,264.95
2009-10-28,265.0
2009-10-29,264.95
2009-10-30,264.95
2009-11-02,265.0
2009-11-03,265.0
2009-11-04,264.8
2009-11-05,261.0
2009-11-09,261.0
2009-11-10,260.0
2009-11-11,248.15
2009-11-12,250.0
2009-11-13,256.0
2009-11-16,250.0
2009-11-17,250.0
2009-11-19,240.0
2009-11-20,250.0
2009-11-23,252.5
2009-11-24,241.5
2009-11-25,248.8
2009-11-26,248.85
2009-11-27,242.0
2009-11-30,242.0
2009-12-01,242.0
2009-12-02,250.0
2009-12-03,250.0
2009-12-04,250.0
2009-12-07,235.0
2009-12-08,235.0
2009-12-09,235.0
2009-12-10,248.0
2009-12-11,248.6
2009-12-14,248.6
2009-12-15,238.0
2009-12-16,238.0
2009-12-17,240.0
2009-12-21,230.0
2009-12-22,230.0
2009-12-23,232.5
2009-12-24,231.0
2009-12-25,240.0
2009-12-28,240.0
2009-12-29,254.0
2009-12-30,260.0
2009-12-31,259.9
2010-01-04,260.0
2010-01-05,250.0
2010-01-06,257.0
2010-01-07,257.0
2010-01-08,257.0
2010-01-12,250.0
2010-01-13,250.0
2010-01-14,250.0
2010-01-15,250.0
2010-01-18,250.0
2010-01-19,250.0
2010-01-20,255.0
2010-01-21,250.05
2010-01-22,257.0
2010-01-25,257.0
2010-01-26,260.0
2010-01-27,251.1
2010-01-28,259.0
2010-01-29,259.0
2010-02-01,252.0
2010-02-02,251.9
2010-02-03,251.9
2010-02-04,258.95
2010-02-05,251.9
2010-02-08,251.9
2010-02-09,251.9
2010-02-10,251.9
2010-02-11,249.0
2010-02-12,260.0
2010-02-15,260.0
2010-02-16,260.0
2010-02-17,251.25
2010-02-18,251.4
2010-02-19,259.45
2010-02-22,259.45
2010-02-23,251.35
2010-02-24,251.35
2010-02-25,242.0
2010-02-26,227.5
2010-03-01,240.0
2010-03-02,249.0
2010-03-03,247.0
2010-03-04,250.9
2010-03-05,250.9
2010-03-08,250.0
2010-03-09,237.6
2010-03-10,237.6
2010-03-11,239.0
2010-03-12,239.0
2010-03-15,230.0
2010-03-16,235.0
2010-03-17,235.0
2010-03-18,221.0
2010-03-19,221.0
2010-03-22,229.85
2010-03-23,222.0
2010-03-24,220.0
2010-03-25,229.0
2010-03-26,229.85
2010-03-29,223.1
2010-03-30,228.0
2010-03-31,225.0
2010-04-01,218.5
2010-04-02,220.2
2010-04-05,220.2
2010-04-06,221.65
2010-04-07,222.0
2010-04-08,223.0
2010-04-09,236.35
2010-04-12,242.9
2010-04-13,257.45
2010-04-14,270.0
2010-04-15,272.8
2010-04-16,270.0
2010-04-19,271.0
2010-04-20,282.0
2010-04-21,293.0
2010-04-22,310.55
2010-04-23,329.15
2010-04-26,328.3
2010-04-27,329.0
2010-04-28,331.5
2010-04-29,332.0
2010-04-30,332.2
2010-05-03,330.0
2010-05-04,328.1
2010-05-05,329.7
2010-05-06,319.0
2010-05-07,326.95
2010-05-10,321.0
2010-05-11,329.95
2010-05-12,338.05
2010-05-13,339.0
2010-05-14,344.0
2010-05-17,343.0
2010-05-18,346.0
2010-05-19,352.3
2010-05-20,353.0
2010-05-21,350.0
2010-05-24,349.0
2010-05-25,347.0
2010-05-26,347.0
2010-05-27,354.7
2010-05-28,345.0
2010-05-31,343.0
2010-06-01,346.0
2010-06-02,350.0
2010-06-03,347.0
2010-06-04,348.0
2010-06-07,348.0
2010-06-08,346.0
2010-06-09,341.1
2010-06-10,344.0
2010-06-11,347.0
2010-06-14,347.0
2010-06-15,347.0
2010-06-16,342.1
2010-06-17,331.0
2010-06-18,345.0
2010-06-21,347.0
2010-06-22,336.0
2010-06-23,332.0
2010-06-24,332.1
2010-06-25,333.0
2010-06-28,333.0
2010-06-29,331.0
2010-06-30,320.05
2010-07-01,320.2
2010-07-02,323.0
2010-07-05,338.0
2010-07-06,338.0
2010-07-07,332.0
2010-07-08,332.0
2010-07-09,336.7
2010-07-12,338.0
2010-07-13,328.0
2010-07-14,327.15
2010-07-15,339.95
2010-07-16,322.2
2010-07-19,322.2
2010-07-20,322.55
2010-07-21,312.1
2010-07-22,310.0
2010-07-23,320.0
2010-07-26,320.0
2010-07-27,320.0
2010-07-28,320.0
2010-07-29,320.0
2010-08-02,320.0
2010-08-03,319.8
2010-08-04,310.0
2010-08-05,320.0
2010-08-06,310.2
2010-08-09,319.9
2010-08-11,306.0
2010-08-12,304.0
2010-08-13,303.2
2010-08-16,303.2
2010-08-17,303.5
2010-08-18,304.1
2010-08-19,304.1
2010-08-23,317.9
2010-08-24,308.0
2010-08-25,310.0
2010-08-26,310.0
2010-08-27,310.0
2010-08-30,310.0
2010-08-31,302.1
2010-09-01,305.4
2010-09-02,300.0
2010-09-03,304.9
2010-09-06,303.9
2010-09-07,300.0
2010-09-08,304.9
2010-09-09,300.0
2010-09-13,293.0
2010-09-14,294.0
2010-09-15,300.0
2010-09-16,282.0
2010-09-17,284.9
2010-09-20,279.3
2010-09-21,280.1
2010-09-22,279.05
2010-09-23,275.05
2010-09-24,280.0
2010-09-27,280.0
2010-09-28,290.0
2010-09-29,280.0
2010-09-30,289.9
2010-10-01,299.0
2010-10-04,303.5
2010-10-05,289.15
2010-10-06,290.0
2010-10-07,303.5
2010-10-08,296.5
2010-10-11,293.0
2010-10-12,303.4
2010-10-13,303.4
2010-10-14,302.9
2010-10-15,302.25
2010-10-18,293.0
2010-10-19,302.0
2010-10-20,303.0
2010-10-21,295.2
2010-10-22,302.85
2010-10-25,302.0
2010-10-26,302.0
2010-10-27,294.6
2010-10-28,288.35
2010-10-29,298.9
2010-11-01,291.0
2010-11-02,300.0
2010-11-03,293.0
2010-11-04,295.0
2010-11-05,290.0
2010-11-08,289.9
2010-11-09,284.0
2010-11-10,284.0
2010-11-11,281.0
2010-11-12,289.5
2010-11-15,289.0
2010-11-16,288.95
2010-11-19,288.0
2010-11-22,290.0
2010-11-23,285.1
2010-11-24,283.1
2010-11-25,285.0
2010-11-26,280.5
2010-11-29,280.05
2010-11-30,276.0
2010-12-01,279.7
2010-12-02,266.05
2010-12-03,269.0
2010-12-06,270.0
2010-12-08,269.0
2010-12-09,266.7
2010-12-10,263.5
2010-12-13,263.05
2010-12-14,262.0
2010-12-15,261.0
2010-12-16,260.0
2010-12-17,258.0
2010-12-20,260.05
2010-12-21,272.85
2010-12-22,261.0
2010-12-23,263.1
2010-12-24,267.1
2010-12-27,263.0
2010-12-28,263.0
2010-12-29,277.0
2010-12-30,284.0
2010-12-31,270.2
2011-01-03,270.0
2011-01-04,265.0
2011-01-05,270.65
2011-01-06,277.85
2011-01-07,278.85
2011-01-10,278.7
2011-01-12,271.0
2011-01-13,276.0
2011-01-14,276.0
2011-01-17,271.25
2011-01-18,271.25
2011-01-19,271.25
2011-01-20,272.0
2011-01-21,280.0
2011-01-24,280.0
2011-01-25,280.0
2011-01-26,276.0
2011-01-27,289.5
2011-01-28,281.05
2011-01-31,279.0
2011-02-01,270.0
2011-02-02,275.0
2011-02-03,280.0
2011-02-04,274.0
2011-02-07,275.55
2011-02-08,280.0
2011-02-09,275.4
2011-02-10,274.0
2011-02-11,280.0
2011-02-14,278.0
2011-02-15,278.0
2011-02-18,270.0
2011-02-21,265.0
2011-02-22,274.0
2011-02-23,267.0
2011-02-24,283.0
2011-02-25,281.0
2011-02-28,281.0
2011-03-01,282.0
2011-03-02,279.0
2011-03-03,269.0
2011-03-04,279.0
2011-03-07,274.9
2011-03-08,278.8
2011-03-09,271.0
2011-03-10,271.0
2011-03-11,278.75
2011-03-14,271.0
2011-03-15,269.0
2011-03-16,253.0
2011-03-17,260.0
2011-03-18,253.15
2011-03-21,267.0
2011-03-22,260.0
2011-03-23,260.0
2011-03-24,264.0
2011-03-25,259.0
2011-03-28,266.7
2011-03-29,266.7
2011-03-30,266.7
2011-03-31,250.7
2011-04-01,235.7
2011-04-04,222.15
2011-04-05,235.45
2011-04-06,248.0
2011-04-07,248.4
2011-04-08,233.5
2011-04-11,245.0
2011-04-12,245.0
2011-04-13,235.0
2011-04-14,236.0
2011-04-15,236.0
2011-04-18,235.0
2011-04-19,233.5
2011-04-20,233.5
2011-04-21,235.0
2011-04-22,231.0
2011-04-25,240.0
2011-04-26,240.0
2011-04-27,239.9
2011-04-28,226.0
2011-04-29,235.0
2011-05-02,233.95
2011-05-03,233.95
2011-05-04,230.0
2011-05-05,225.0
2011-05-06,233.0
2011-05-09,232.95
2011-05-10,221.45
2011-05-11,234.0
2011-05-12,233.0
2011-05-13,226.0
2011-05-16,230.0
2011-05-17,230.0
2011-05-18,230.0
2011-05-19,230.0
2011-05-20,221.05
2011-05-23,222.25
2011-05-24,230.0
2011-05-25,230.0
2011-05-26,230.0
2011-05-27,235.0
2011-05-30,243.0
2011-05-31,246.0
2011-06-01,249.0
2011-06-02,249.0
2011-06-03,248.9
2011-06-06,249.5
2011-06-07,249.5
2011-06-08,234.55
2011-06-09,248.6
2011-06-10,234.0
2011-06-13,235.0
2011-06-14,237.1
2011-06-15,237.0
2011-06-16,226.5
2011-06-17,217.2
2011-06-20,230.0
2011-06-21,230.0
2011-06-22,230.0
2011-06-23,230.0
2011-06-24,234.75
2011-06-27,234.75
2011-06-28,234.75
2011-06-29,223.0
2011-06-30,223.25
2011-07-01,230.0
2011-07-04,230.0
2011-07-05,230.0
2011-07-06,223.0
2011-07-07,223.0
2011-07-08,228.95
2011-07-11,228.0
2011-07-12,228.0
2011-07-13,225.0
2011-07-14,223.0
2011-07-15,223.0
2011-07-18,223.0
2011-07-19,223.1
2011-07-20,223.0
2011-07-21,224.0
2011-07-22,223.0
2011-07-25,223.0
2011-07-26,223.0
2011-07-27,227.95
2011-07-28,227.95
2011-07-29,229.5
2011-08-01,225.0
2011-08-02,223.1
2011-08-03,223.0
2011-08-04,223.0
2011-08-05,222.0
2011-08-08,220.4
2011-08-09,220.0
2011-08-10,215.0
2011-08-11,215.0
2011-08-12,215.0
2011-08-15,220.0
2011-08-16,220.0
2011-08-17,224.0
2011-08-18,213.45
2011-08-19,222.95
2011-08-22,222.95
2011-08-23,222.0
2011-08-24,222.0
2011-08-25,222.0
2011-08-26,222.5
2011-08-29,222.5
2011-08-30,223.5
2011-09-02,228.8
2011-09-05,228.8
2011-09-06,228.0
2011-09-07,227.6
2011-09-08,228.0
2011-09-09,228.0
2011-09-12,228.0
2011-09-13,222.6
2011-09-14,218.0
2011-09-15,218.0
2011-09-16,218.0
2011-09-19,218.5
2011-09-20,220.0
2011-09-21,219.05
2011-09-22,219.15
2011-09-23,220.0
2011-09-26,220.0
2011-09-27,219.55
2011-09-28,219.55
2011-09-29,220.0
2011-09-30,222.0
2011-10-03,227.9
2011-10-04,220.0
2011-10-05,220.0
2011-10-06,220.0
2011-10-07,216.1
2011-10-10,216.1
2011-10-11,220.0
2011-10-12,220.0
2011-10-13,224.0
2011-10-14,218.05
2011-10-17,217.0
2011-10-18,218.0
2011-10-19,220.0
2011-10-20,217.0
2011-10-21,213.0
2011-10-24,215.0
2011-10-25,215.0
2011-10-26,213.0
2011-10-27,213.5
2011-10-28,213.5
2011-10-31,213.5
2011-11-01,213.5
2011-11-02,213.5
2011-11-03,213.5
2011-11-04,213.5
2011-11-09,213.5
2011-11-10,201.0
2011-11-11,211.5
2011-11-14,211.5
2011-11-15,210.0
2011-11-16,210.0
2011-11-17,210.0
2011-11-21,203.2
2011-11-22,210.0
2011-11-23,208.0
2011-11-24,206.0
2011-11-25,209.9
2011-11-28,210.0
2011-11-29,210.0
2011-11-30,209.0
2011-12-01,209.0
2011-12-02,211.0
2011-12-05,209.0
2011-12-06,210.0
2011-12-07,210.0
2011-12-08,210.0
2011-12-09,209.0
2011-12-12,209.0
2011-12-13,209.0
2011-12-14,209.0
2011-12-15,210.0
2011-12-16,210.0
2011-12-19,208.05
2011-12-20,208.15
2011-12-21,208.15
2011-12-22,209.0
2011-12-23,217.95
2011-12-26,208.5
2011-12-27,205.05
2011-12-28,205.5
2011-12-29,205.1
2011-12-30,203.55
2012-01-02,206.0
2012-01-03,201.5
2012-01-04,202.0
2012-01-05,202.05
2012-01-06,205.0
2012-01-09,205.0
2012-01-10,205.0
2012-01-12,203.0
2012-01-13,204.0
2012-01-16,204.0
2012-01-17,210.0
2012-01-18,210.0
2012-01-19,205.0
2012-01-20,214.0
2012-01-23,218.9
2012-01-24,217.0
2012-01-25,215.95
2012-01-26,210.7
2012-01-27,210.7
2012-01-30,206.0
2012-01-31,207.1
2012-02-01,207.1
2012-02-02,207.15
2012-02-03,207.15
2012-02-07,207.15
2012-02-08,207.1
2012-02-09,207.1
2012-02-10,207.1
2012-02-13,207.1
2012-02-14,207.1
2012-02-15,209.0
2012-02-16,209.0
2012-02-17,215.0
2012-02-20,215.0
2012-02-21,209.0
2012-02-22,209.0
2012-02-23,215.0
2012-02-24,210.0
2012-02-27,205.05
2012-02-28,205.05
2012-02-29,212.0
2012-03-01,212.0
2012-03-02,212.0
2012-03-05,205.05
2012-03-06,205.05
2012-03-07,205.05
2012-03-08,209.9
2012-03-09,209.9
2012-03-12,205.0
2012-03-13,205.0
2012-03-14,205.0
2012-03-15,205.0
2012-03-16,209.0
2012-03-19,211.0
2012-03-20,211.0
2012-03-21,205.05
2012-03-22,205.05
2012-03-23,205.05
2012-03-26,201.0
2012-03-27,201.0
2012-03-28,201.0
2012-03-29,211.5
2012-03-30,201.05
2012-04-02,201.05
2012-04-03,202.05
2012-04-04,202.0
2012-04-05,202.05
2012-04-06,203.0
2012-04-09,203.0
2012-04-10,203.0
2012-04-11,201.25
2012-04-12,209.85
2012-04-13,197.3
2012-04-16,196.0
2012-04-17,207.5
2012-04-18,208.0
2012-04-19,208.85
2012-04-20,208.9
2012-04-23,208.9
2012-04-24,208.3
2012-04-25,201.0
2012-04-26,200.5
2012-04-27,188.5
2012-04-30,199.4
2012-05-02,199.4
2012-05-03,188.0
2012-05-04,187.5
2012-05-07,180.0
2012-05-08,180.0
2012-05-09,180.0
2012-05-10,180.0
2012-05-11,177.5
2012-05-14,177.5
2012-05-15,178.0
2012-05-16,188.65
2012-05-17,188.65
2012-05-18,190.0
2012-05-21,190.0
2012-05-22,189.8
2012-05-23,189.8
2012-05-24,189.8
2012-05-25,187.5
2012-05-28,187.5
2012-05-29,187.0
2012-05-30,186.9
2012-05-31,186.9
2012-06-01,186.9
2012-06-04,181.0
2012-06-05,181.0
2012-06-06,181.0
2012-06-07,181.0
2012-06-08,181.0
2012-06-11,180.0
2012-06-12,176.0
2012-06-13,176.0
2012-06-14,176.0
2012-06-15,180.0
2012-06-18,178.9
2012-06-19,178.9
2012-06-20,179.0
2012-06-21,179.0
2012-06-22,170.0
2012-06-25,170.0
2012-06-26,169.5
2012-06-27,170.0
2012-06-28,169.0
2012-06-29,166.5
2012-07-02,157.0
2012-07-03,157.0
2012-07-04,157.0
2012-07-05,156.0
2012-07-06,159.0
2012-07-09,159.0
2012-07-10,159.0
2012-07-11,159.0
2012-07-12,164.0
2012-07-13,162.0
2012-07-16,152.3
2012-07-17,152.5
2012-07-18,149.95
2012-07-19,151.85
2012-07-20,144.0
2012-07-23,148.5
2012-07-24,157.4
2012-07-25,163.0
2012-07-26,155.0
2012-07-27,153.95
2012-07-31,147.1
2012-08-01,152.0
2012-08-02,152.9
2012-08-03,151.05
2012-08-06,152.0
2012-08-07,154.0
2012-08-08,152.0
2012-08-09,154.0
2012-08-10,154.0
2012-08-13,153.85
2012-08-15,153.9
2012-08-16,153.0
2012-08-17,152.0
2012-08-22,151.85
2012-08-23,144.0
2012-08-24,144.0
2012-08-27,144.0
2012-08-28,144.0
2012-08-29,143.0
2012-08-30,144.0
2012-08-31,144.0
2012-09-03,143.0
2012-09-04,145.95
2012-09-05,147.0
2012-09-06,147.0
2012-09-07,147.0
2012-09-10,146.9
2012-09-11,146.7
2012-09-12,144.0
2012-09-13,135.4
2012-09-14,133.0
2012-09-17,132.95
2012-09-18,130.0
2012-09-19,128.95
2012-09-20,128.95
2012-09-21,128.0
2012-09-24,125.0
2012-09-25,126.0
2012-09-26,126.0
2012-09-27,127.0
2012-09-28,119.4
2012-10-01,116.0
2012-10-02,120.0
2012-10-03,116.0
2012-10-04,122.95
2012-10-05,127.9
2012-10-08,132.0
2012-10-09,136.5
2012-10-10,128.35
2012-10-11,136.0
2012-10-12,127.85
2012-10-15,133.8
2012-10-16,133.8
2012-10-17,133.8
2012-10-18,126.0
2012-10-19,119.0
2012-10-22,115.0
2012-10-23,117.0
2012-10-24,120.15
2012-10-25,120.0
2012-10-29,120.0
2012-10-30,126.45
2012-10-31,121.1
2012-11-01,121.1
2012-11-02,127.9
2012-11-05,127.9
2012-11-07,123.25
2012-11-08,123.3
2012-11-09,125.0
2012-11-12,130.0
2012-11-13,130.0
2012-11-14,127.0
2012-11-15,127.1
2012-11-19,127.5
2012-11-20,125.0
2012-11-21,121.0
2012-11-22,121.2
2012-11-23,127.9
2012-11-26,132.0
2012-11-27,132.0
2012-11-28,131.0
2012-11-29,131.0
2012-11-30,131.0
2012-12-03,126.5
2012-12-04,126.6
2012-12-05,126.6
2012-12-06,126.7
2012-12-07,126.25
2012-12-10,125.0
2012-12-11,125.0
2012-12-12,125.0
2012-12-13,125.0
2012-12-14,132.0
2012-12-17,131.8
2012-12-18,131.8
2012-12-19,131.8
2012-12-20,130.0
2012-12-21,124.0
2012-12-24,120.0
2012-12-25,120.0
2012-12-26,120.0
2012-12-27,118.25
2012-12-28,118.0
2012-12-31,117.9
2013-01-02,115.0
2013-01-03,118.0
2013-01-04,118.0
2013-01-07,118.0
2013-01-08,115.0
2013-01-09,115.0
2013-01-10,115.0
2013-01-14,120.0
2013-01-15,120.0
2013-01-16,113.15
2013-01-17,115.0
2013-01-18,113.0
2013-01-21,113.0
2013-01-22,118.4
2013-01-23,118.0
2013-01-28,118.0
2013-01-29,118.0
2013-01-30,111.0
2013-01-31,111.05
2013-02-01,111.05
2013-02-04,111.05
2013-02-05,110.05
2013-02-06,112.0
2013-02-07,112.0
2013-02-08,117.45
2013-02-11,113.0
2013-02-12,113.0
2013-02-13,119.75
2013-02-14,123.0
2013-02-15,121.0
2013-02-18,121.0
2013-02-19,116.0
2013-02-20,120.9
2013-02-21,120.75
2013-02-22,113.55
2013-02-25,115.0
2013-02-26,119.85
2013-02-27,119.85
2013-02-28,119.85
2013-03-01,120.45
2013-03-04,120.45
2013-03-05,120.45
2013-03-06,120.45
2013-03-07,119.75
2013-03-08,113.1
2013-03-11,113.1
2013-03-12,111.5
2013-03-13,110.05
2013-03-14,116.65
2013-03-15,115.0
2013-03-18,111.6
2013-03-19,117.45
2013-03-20,120.0
2013-03-21,120.0
2013-03-22,120.0
2013-03-25,120.0
2013-03-26,120.0
2013-03-27,117.0
2013-03-28,120.3
2013-03-29,127.0
2013-04-01,127.0
2013-04-02,130.0
2013-04-03,130.0
2013-04-04,130.0
2013-04-05,130.1
2013-04-08,135.0
2013-04-09,148.5
2013-04-10,150.0
2013-04-11,155.8
2013-04-12,153.0
2013-04-15,157.0
2013-04-16,158.0
2013-04-17,161.0
2013-04-18,161.0
2013-04-19,163.0
2013-04-22,160.0
2013-04-23,161.0
2013-04-24,162.9
2013-04-25,168.95
2013-04-26,185.8
2013-04-29,190.0
2013-04-30,187.0
2013-05-02,185.95
2013-05-03,180.55
2013-05-06,185.0
2013-05-07,183.0
2013-05-08,182.0
2013-05-09,182.0
2013-05-10,180.0
2013-05-13,180.0
2013-05-14,169.25
2013-05-15,179.25
2013-05-16,179.25
2013-05-17,177.0
2013-05-20,184.95
2013-05-21,184.95
2013-05-22,184.95
2013-05-23,184.95
2013-05-24,183.95
2013-05-27,183.95
2013-05-28,177.45
2013-05-29,177.45
2013-05-30,175.0
2013-05-31,170.0
2013-06-03,180.0
2013-06-04,185.0
2013-06-05,187.0
2013-06-06,187.0
2013-06-07,187.0
2013-06-10,190.0
2013-06-11,189.95
2013-06-12,186.0
2013-06-13,194.9
2013-06-14,190.5
2013-06-17,192.5
2013-06-18,204.05
2013-06-19,208.0
2013-06-20,213.0
2013-06-21,207.0
2013-06-24,211.65
2013-06-25,202.0
2013-06-26,197.2
2013-06-27,195.0
2013-06-28,188.0
2013-07-01,199.0
2013-07-02,207.0
2013-07-03,207.0
2013-07-04,207.0
2013-07-05,200.0
2013-07-08,199.0
2013-07-09,199.0
2013-07-10,199.0
2013-07-11,199.0
2013-07-12,195.0
2013-07-15,195.0
2013-07-16,197.0
2013-07-17,197.0
2013-07-18,197.0
2013-07-19,198.5
2013-07-22,207.9
2013-07-23,208.9
2013-07-24,209.8
2013-07-25,209.8
2013-07-26,207.0
2013-07-29,200.6
2013-07-31,205.0
2013-08-01,200.15
2013-08-02,196.0
2013-08-05,194.0
2013-08-06,194.0
2013-08-07,195.5
2013-08-08,197.0
2013-08-12,206.1
2013-08-13,207.45
2013-08-15,207.5
2013-08-16,207.5
2013-08-19,206.2
2013-08-22,213.75
2013-08-23,213.55
2013-08-26,206.8
2013-08-27,203.5
2013-08-28,210.0
2013-08-29,224.5
2013-08-30,228.0
2013-09-02,235.0
2013-09-03,234.0
2013-09-04,244.9
2013-09-05,241.0
2013-09-06,241.0
2013-09-09,250.7
2013-09-10,254.0
2013-09-11,253.5
2013-09-12,253.5
2013-09-13,246.5
2013-09-16,246.2
2013-09-17,239.0
2013-09-18,249.5
2013-09-19,240.0
2013-09-20,240.0
2013-09-23,235.55
2013-09-24,234.5
2013-09-25,233.1
2013-09-26,232.1
2013-09-27,234.85
2013-09-30,232.85
2013-10-01,237.95
2013-10-02,225.0
2013-10-03,234.5
2013-10-04,227.05
2013-10-07,228.0
2013-10-08,230.0
2013-10-09,234.85
2013-10-10,225.1
2013-10-11,225.1
2013-10-14,225.1
2013-10-15,230.0
2013-10-21,225.65
2013-10-22,222.1
2013-10-23,235.4
2013-10-24,237.2
2013-10-25,237.0
2013-10-28,239.0
2013-10-29,241.8
2013-10-30,241.8
2013-10-31,239.95
2013-11-01,231.0
2013-11-04,231.0
2013-11-07,230.1
2013-11-08,230.0
2013-11-11,233.9
2013-11-12,228.05
2013-11-13,231.45
2013-11-14,231.45
2013-11-15,227.0
2013-11-19,227.0
2013-11-20,227.0
2013-11-21,231.45
2013-11-22,228.0
2013-11-25,228.0
2013-11-26,220.0
2013-11-27,225.0
2013-11-28,220.0
2013-11-29,210.0
2013-12-02,218.95
2013-12-03,217.5
2013-12-04,211.1
2013-12-05,211.5
2013-12-06,220.0
2013-12-09,219.95
2013-12-10,211.55
2013-12-11,215.0
2013-12-12,215.0
2013-12-13,215.0
2013-12-16,209.5
2013-12-17,215.0
2013-12-18,212.0
2013-12-19,219.75
2013-12-20,219.45
2013-12-23,206.3
2013-12-24,209.0
2013-12-25,209.0
2013-12-26,210.0
2013-12-27,215.0
2013-12-30,205.0
2013-12-31,200.0
2014-01-02,202.0
2014-01-03,208.5
2014-01-06,208.3
2014-01-07,208.3
2014-01-08,208.3
2014-01-09,205.0
2014-01-10,197.0
2014-01-13,204.0
2014-01-16,196.15
2014-01-17,196.15
2014-01-20,196.15
2014-01-21,201.95
2014-01-22,200.0
2014-01-23,195.1
2014-01-24,204.5
2014-01-27,210.0
2014-01-28,219.0
2014-01-29,215.3
2014-01-30,212.55
2014-01-31,206.15
2014-02-03,205.0
2014-02-04,202.15
2014-02-05,209.0
2014-02-06,203.0
2014-02-07,215.0
2014-02-10,220.1
2014-02-11,217.05
2014-02-12,227.0
2014-02-13,227.85
2014-02-14,226.75
2014-02-17,222.55
2014-02-18,223.5
2014-02-19,227.0
2014-02-20,227.0
2014-02-21,228.7
2014-02-24,232.0
2014-02-25,225.55
2014-02-26,231.5
2014-02-27,240.0
2014-02-28,240.0
2014-03-03,229.2
2014-03-04,240.0
2014-03-05,251.0
2014-03-06,246.05
2014-03-07,260.0
2014-03-10,262.0
2014-03-11,277.7
2014-03-12,275.0
2014-03-13,275.0
2014-03-14,275.0
2014-03-17,275.1
2014-03-18,286.0
2014-03-19,281.15
2014-03-20,272.0
2014-03-21,285.0
2014-03-24,285.0
2014-03-25,280.0
2014-03-26,276.0
2014-03-27,282.1
2014-03-28,282.1
2014-03-31,283.0
2014-04-01,275.0
2014-04-02,284.0
2014-04-03,278.25
2014-04-04,278.5
2014-04-07,278.5
2014-04-08,277.9
2014-04-09,271.0
2014-04-10,270.0
2014-04-11,270.0
2014-04-14,276.0
2014-04-15,270.0
2014-04-16,268.0
2014-04-17,270.0
2014-04-18,270.0
2014-04-21,275.0
2014-04-22,268.15
2014-04-23,268.1
2014-04-24,268.1
2014-04-25,268.1
2014-04-28,268.0
2014-04-29,274.75
2014-04-30,270.45
2014-05-02,270.0
2014-05-05,270.0
2014-05-06,268.0
2014-05-07,268.0
2014-05-08,276.0
2014-05-09,275.0
2014-05-12,271.1
2014-05-13,279.7
2014-05-14,276.0
2014-05-15,270.0
2014-05-16,268.0
2014-05-19,268.0
2014-05-20,268.0
2014-05-21,268.0
2014-05-22,268.0
2014-05-23,274.0
2014-05-26,268.0
2014-05-27,268.0
2014-05-28,263.0
2014-05-29,267.0
2014-05-30,271.0
2014-06-02,266.0
2014-06-03,270.0
2014-06-04,270.0
2014-06-05,272.0
2014-06-06,274.0
2014-06-09,273.9
2014-06-10,275.0
2014-06-11,274.9
2014-06-12,291.35
2014-06-13,299.5
2014-06-16,290.0
2014-06-17,275.15
2014-06-18,288.9
2014-06-19,275.0
2014-06-20,275.0
2014-06-23,283.9
2014-06-24,285.0
2014-06-25,283.9
2014-06-26,283.9
2014-06-27,283.9
2014-06-30,283.9
2014-07-01,280.0
2014-07-02,288.0
2014-07-03,290.0
2014-07-04,290.0
2014-07-07,294.0
2014-07-08,294.0
2014-07-09,289.9
2014-07-10,289.9
2014-07-11,289.0
2014-07-14,289.0
2014-07-15,289.3
2014-07-16,289.3
2014-07-17,297.0
2014-07-18,292.0
2014-07-21,291.9
2014-07-22,291.9
2014-07-23,291.0
2014-07-24,291.0
2014-07-25,291.0
2014-07-31,291.75
2014-08-01,291.0
2014-08-04,285.0
2014-08-05,282.1
2014-08-06,282.1
2014-08-07,289.9
2014-08-08,279.95
2014-08-11,276.0
2014-08-12,274.95
2014-08-13,271.0
2014-08-15,268.0
2014-08-18,265.0
2014-08-19,274.0
2014-08-22,266.0
2014-08-25,266.0
2014-08-26,266.0
2014-08-27,266.0
2014-08-28,274.0
2014-08-29,275.0
2014-09-01,275.0
2014-09-02,270.0
2014-09-03,268.0
2014-09-04,270.0
2014-09-05,270.0
2014-09-08,270.0
2014-09-09,264.0
2014-09-10,261.0
2014-09-11,265.0
2014-09-12,265.05
2014-09-15,265.1
2014-09-16,265.1
2014-09-17,263.65
2014-09-18,260.0
2014-09-19,265.0
2014-09-22,265.0
2014-09-23,260.5
2014-09-24,258.0
2014-09-25,263.95
2014-09-26,261.0
2014-09-29,262.2
2014-09-30,263.0
2014-10-01,263.0
2014-10-02,260.3
2014-10-03,275.9
2014-10-07,272.0
2014-10-08,272.0
2014-10-09,279.0
2014-10-10,275.0
2014-10-13,274.8
2014-10-14,281.0
2014-10-15,280.0
2014-10-16,280.0
2014-10-17,280.0
2014-10-20,280.0
2014-10-21,280.0
2014-10-22,279.8
2014-10-23,285.0
2014-10-24,290.0
2014-10-27,285.0
2014-10-28,282.0
2014-10-29,282.05
2014-10-30,289.0
2014-10-31,290.0
2014-11-03,280.0
2014-11-04,285.9
2014-11-05,288.7
2014-11-07,278.0
2014-11-10,278.7
2014-11-11,280.0
2014-11-12,280.2
2014-11-13,280.0
2014-11-14,280.0
2014-11-17,275.0
2014-11-19,275.0
2014-11-20,268.0
2014-11-21,280.0
2014-11-24,280.0
2014-11-25,280.0
2014-11-26,270.0
2014-11-27,265.55
2014-11-28,279.6
2014-12-01,279.6
2014-12-02,279.65
2014-12-03,279.0
2014-12-04,279.0
2014-12-05,279.0
2014-12-08,279.0
2014-12-09,270.0
2014-12-10,269.75
2014-12-11,259.0
2014-12-12,267.0
2014-12-15,267.0
2014-12-16,257.0
2014-12-17,265.95
2014-12-18,274.95
2014-12-19,258.5
2014-12-22,253.65
2014-12-23,255.0
2014-12-24,268.5
2014-12-25,269.95
2014-12-26,253.8
2014-12-29,265.0
2014-12-30,264.95
2014-12-31,269.0
2015-01-02,273.75
2015-01-06,272.9
2015-01-07,272.9
2015-01-08,258.2
2015-01-09,271.8
2015-01-12,271.8
2015-01-13,271.8
2015-01-14,271.8
2015-01-15,271.8
2015-01-16,267.0
2015-01-19,267.0
2015-01-20,260.0
2015-01-21,254.2
2015-01-22,254.2
2015-01-23,260.0
2015-01-26,258.0
2015-01-27,243.55
2015-01-28,252.8
2015-01-29,251.85
2015-01-30,240.4
2015-02-02,249.9
2015-02-03,235.3
2015-02-04,248.8
2015-02-05,240.0
2015-02-06,238.0
2015-02-09,240.0
2015-02-10,233.0
2015-02-11,233.0
2015-02-12,232.0
2015-02-13,230.3
2015-02-16,237.0
2015-02-17,235.0
2015-02-18,226.0
2015-02-19,225.0
2015-02-20,221.0
2015-02-23,213.0
2015-02-24,220.0
2015-02-25,216.0
2015-02-26,220.0
2015-02-27,217.0
2015-03-02,227.0
2015-03-03,227.0
2015-03-04,220.0
2015-03-05,220.0
2015-03-06,215.25
2015-03-09,231.9
2015-03-10,231.9
2015-03-11,231.9
2015-03-12,231.9
2015-03-13,238.0
2015-03-16,238.0
2015-03-17,225.0
2015-03-18,225.0
2015-03-19,225.0
2015-03-20,236.0
2015-03-23,236.0
2015-03-24,230.0
2015-03-25,232.0
2015-03-26,230.0
2015-03-27,230.0
2015-03-30,230.0
2015-03-31,222.0
2015-04-01,220.0
2015-04-02,213.5
2015-04-03,225.0
2015-04-06,225.0
2015-04-07,225.0
2015-04-08,225.0
2015-04-09,224.3
2015-04-10,224.0
2015-04-13,224.0
2015-04-14,224.0
2015-04-15,213.1
2015-04-16,220.0
2015-04-17,220.0
2015-04-20,220.0
2015-04-21,220.0
2015-04-22,220.0
2015-04-23,214.5
2015-04-24,214.5
2015-04-27,214.5
2015-04-28,210.0
2015-04-29,211.0
2015-04-30,211.0
2015-05-04,220.0
2015-05-05,220.0
2015-05-06,211.0
2015-05-07,211.1
2015-05-08,219.9
2015-05-11,222.95
2015-05-12,211.2
2015-05-13,211.2
2015-05-14,211.2
2015-05-15,221.35
2015-05-18,221.35
2015-05-19,219.95
2015-05-20,214.1
2015-05-21,214.1
2015-05-22,214.1
2015-05-25,214.1
2015-05-26,211.2
2015-05-27,209.0
2015-05-28,214.1
2015-05-29,214.1
2015-06-01,214.1
2015-06-02,218.5
2015-06-03,209.1
2015-06-04,214.25
2015-06-05,214.0
2015-06-08,215.0
2015-06-09,214.4
2015-06-10,214.4
2015-06-11,214.4
2015-06-12,214.4
2015-06-15,213.65
2015-06-16,213.65
2015-06-17,213.65
2015-06-18,213.65
2015-06-19,213.65
2015-06-22,205.0
2015-06-23,205.0
2015-06-24,205.0
2015-06-25,208.0
2015-06-26,213.65
2015-06-29,201.0
2015-06-30,212.5
2015-07-01,202.55
2015-07-02,202.55
2015-07-03,211.35
2015-07-06,211.35
2015-07-07,200.15
2015-07-08,200.15
2015-07-09,211.45
2015-07-10,201.0
2015-07-13,201.0
2015-07-14,205.0
2015-07-15,205.0
2015-07-16,204.95
2015-07-20,200.15
2015-07-21,200.1
2015-07-22,193.05
2015-07-23,199.0
2015-07-24,199.95
2015-07-27,195.2
2015-07-28,189.95
2015-07-29,185.9
2015-07-31,190.0
2015-08-03,194.75
2015-08-04,194.35
2015-08-05,194.35
2015-08-06,194.45
2015-08-07,185.15
2015-08-10,185.0
2015-08-11,185.0
2015-08-12,183.2
2015-08-13,184.0
2015-08-17,184.0
2015-08-18,185.0
2015-08-19,183.0
2015-08-24,183.0
2015-08-25,172.05
2015-08-26,174.0
2015-08-27,175.0
2015-08-28,175.0
2015-08-31,175.0
2015-09-01,175.0
2015-09-02,175.0
2015-09-03,172.0
2015-09-04,166.0
2015-09-07,165.0
2015-09-08,155.1
2015-09-09,155.1
2015-09-10,162.0
2015-09-11,162.0
2015-09-14,162.0
2015-09-15,160.0
2015-09-16,160.0
2015-09-17,160.0
2015-09-18,155.1
2015-09-21,159.95
2015-09-22,166.0
2015-09-23,160.0
2015-09-28,160.0
2015-09-29,160.0
2015-09-30,154.0
2015-10-01,159.9
2015-10-02,155.0
2015-10-05,154.9
2015-10-06,154.0
2015-10-07,154.0
2015-10-08,154.0
2015-10-09,154.0
2015-10-12,154.0
2015-10-14,154.0
2015-10-16,154.0
2015-10-19,151.0
2015-10-20,154.0
2015-10-21,150.0
2015-10-22,150.0
2015-10-23,153.9
2015-10-26,153.9
2015-10-27,144.7
2015-10-28,137.0
2015-10-29,144.65
2015-10-30,150.0
2015-11-02,150.0
2015-11-03,150.0
2015-11-04,150.0
2015-11-05,149.95
2015-11-09,149.95
2015-11-10,155.0
2015-11-11,155.0
2015-11-12,155.0
2015-11-13,145.7
2015-11-16,154.4
2015-11-17,154.4
2015-11-19,154.4
2015-11-20,154.4
2015-11-23,150.0
2015-11-24,143.0
2015-11-25,141.0
2015-11-26,143.0
2015-11-27,142.95
2015-11-30,136.2
2015-12-01,136.2
2015-12-02,140.0
2015-12-03,140.0
2015-12-04,136.0
2015-12-07,136.0
2015-12-08,137.0
2015-12-09,134.0
2015-12-10,126.0
2015-12-11,126.0
2015-12-14,120.0
2015-12-15,113.0
2015-12-16,106.25
2015-12-17,106.0
2015-12-18,111.95
2015-12-21,105.25
2015-12-22,101.0
2015-12-23,105.2
2015-12-28,109.9
2015-12-29,111.5
2015-12-30,117.9
2015-12-31,115.0
2016-01-04,120.0
2016-01-05,120.5
2016-01-06,127.7
2016-01-07,135.0
2016-01-08,126.9
2016-01-12,126.9
2016-01-13,119.3
2016-01-14,123.9
2016-01-15,123.9
2016-01-18,112.05
2016-01-19,112.0
2016-01-20,112.5
2016-01-21,112.5
2016-01-22,115.0
2016-01-25,115.0
2016-01-26,109.0
2016-01-27,113.85
2016-01-28,105.0
2016-01-29,111.25
2016-02-01,111.25
2016-02-02,113.75
2016-02-03,115.0
2016-02-04,115.0
2016-02-05,114.5
2016-02-08,109.0
2016-02-09,109.0
2016-02-10,111.0
2016-02-11,107.0
2016-02-12,104.55
2016-02-15,105.0
2016-02-16,111.3
2016-02-17,117.95
2016-02-18,117.1
2016-02-19,117.1
2016-02-22,117.65
2016-02-23,117.65
2016-02-24,117.65
2016-02-25,117.65
2016-02-26,110.6
2016-02-29,110.6
2016-03-01,110.6
2016-03-02,114.95
2016-03-03,114.95
2016-03-04,114.95
2016-03-07,120.0
2016-03-08,120.0
2016-03-09,124.0
2016-03-10,124.0
2016-03-11,124.0
2016-03-14,124.0
2016-03-15,124.0
2016-03-16,117.0
2016-03-17,124.0
2016-03-18,124.0
2016-03-21,124.0
2016-03-22,124.0
2016-03-23,117.25
2016-03-24,120.0
2016-03-25,120.0
2016-03-28,120.0
2016-03-29,122.0
2016-03-30,117.0
2016-03-31,117.0
2016-04-01,117.0
2016-04-04,117.0
2016-04-05,123.9
2016-04-06,120.0
2016-04-07,114.0
2016-04-08,112.0
2016-04-11,106.0
2016-04-12,106.0
2016-04-13,110.0
2016-04-14,107.0
2016-04-15,107.0
2016-04-18,110.0
2016-04-19,115.0
2016-04-20,112.5
2016-04-21,110.0
2016-04-22,110.0
2016-04-25,108.0
2016-04-26,107.05
2016-04-27,110.0
2016-04-28,106.2
2016-04-29,106.0
2016-05-02,106.0
2016-05-03,106.0
2016-05-04,109.0
2016-05-05,110.0
2016-05-06,108.0
2016-05-09,110.0
2016-05-10,107.5
2016-05-11,109.0
2016-05-12,115.0
2016-05-13,112.0
2016-05-16,118.7
2016-05-17,116.0
2016-05-18,115.9
2016-05-19,115.0
2016-05-20,112.2
2016-05-23,110.1
2016-05-24,114.0
2016-05-25,114.0
2016-05-26,113.0
2016-05-27,114.0
2016-05-30,110.15
2016-05-31,112.5
2016-06-01,112.5
2016-06-02,112.5
2016-06-03,108.0
2016-06-06,108.0
2016-06-07,113.4
2016-06-08,113.4
2016-06-09,113.4
2016-06-10,113.4
2016-06-13,108.7
2016-06-14,109.0
2016-06-15,109.0
2016-06-16,113.8
2016-06-17,114.2
2016-06-20,114.2
2016-06-21,110.2
2016-06-22,110.2
2016-06-23,111.2
2016-06-24,113.1
2016-06-27,113.2
2016-06-28,113.0
2016-06-29,112.0
2016-06-30,112.0
2016-07-01,110.3
2016-07-04,109.25
2016-07-05,107.1
2016-07-11,111.9
2016-07-12,111.9
2016-07-13,108.0
2016-07-14,111.5
2016-07-15,108.0
2016-07-18,108.0
2016-07-19,111.9
2016-07-20,109.0
2016-07-21,110.5
2016-07-22,107.2
2016-07-25,107.0
2016-07-26,105.5
2016-07-27,105.05
2016-07-28,105.1
2016-07-29,109.85
2016-08-01,110.9
2016-08-02,110.85
2016-08-03,110.75
2016-08-04,110.75
2016-08-05,105.7
2016-08-08,106.3
2016-08-09,105.5
2016-08-10,105.05
2016-08-11,103.55
2016-08-12,104.0
2016-08-15,103.0
2016-08-16,106.0
2016-08-17,106.0
2016-08-18,106.0
2016-08-19,105.9
2016-08-22,104.0
2016-08-23,105.9
2016-08-24,105.9
2016-08-25,105.9
2016-08-26,105.9
2016-08-29,105.9
2016-08-30,105.9
2016-08-31,105.9
2016-09-01,105.9
2016-09-02,105.9
2016-09-05,105.9
2016-09-06,105.9
2016-09-07,105.8
2016-09-08,105.0
2016-09-09,102.35
2016-09-14,102.35
2016-09-15,105.75
2016-09-16,106.0
2016-09-19,106.0
2016-09-20,108.0
2016-09-21,102.35
2016-09-22,107.5
2016-09-23,107.5
2016-09-26,107.4
2016-09-27,106.0
2016-09-28,107.5
2016-09-29,107.0
2016-09-30,103.1
2016-10-04,103.6
2016-10-05,106.0
2016-10-06,105.0
2016-10-07,105.0
2016-10-10,107.0
2016-10-11,105.95
2016-10-12,105.5
2016-10-13,103.3
2016-10-14,103.5
2016-10-17,106.45
2016-10-18,103.0
2016-10-19,103.0
2016-10-20,103.0
2016-10-21,102.85
2016-10-24,102.5
2016-10-25,102.8
2016-10-26,102.8
2016-10-27,102.6
2016-10-28,100.0
2016-10-31,102.6
2016-11-01,105.0
2016-11-02,103.9
2016-11-03,103.9
2016-11-04,101.5
2016-11-07,100.0
2016-11-08,102.0
2016-11-09,98.3
2016-11-10,104.5
2016-11-11,104.5
2016-11-14,106.45
2016-11-15,106.0
2016-11-16,102.05
2016-11-17,106.2
2016-11-21,105.65
2016-11-22,100.5
2016-11-23,100.0
2016-11-24,100.0
2016-11-25,104.4
2016-11-28,101.5
2016-11-29,108.0
2016-11-30,110.0
2016-12-01,120.0
2016-12-02,117.0
2016-12-05,116.0
2016-12-06,114.0
2016-12-07,114.75
2016-12-08,114.0
2016-12-09,111.85
2016-12-14,117.55
2016-12-15,119.95
2016-12-16,120.0
2016-12-19,115.65
2016-12-20,117.45
2016-12-21,115.0
2016-12-22,115.0
2016-12-23,119.95
2016-12-26,115.2
2016-12-27,118.0
2016-12-28,116.0
2016-12-29,114.0
2016-12-30,117.8
2017-01-02,110.05
2017-01-03,110.05
2017-01-04,116.9
2017-01-05,115.0
2017-01-06,115.0
2017-01-09,115.05
2017-01-10,114.15
2017-01-12,116.0
2017-01-13,117.0
2017-01-16,117.0
2017-01-17,114.1
2017-01-18,114.0
2017-01-19,114.5
2017-01-20,114.9
2017-01-23,115.0
2017-01-24,114.5
2017-01-25,112.0
2017-01-26,114.45
2017-01-27,114.5
2017-01-30,111.0
2017-01-31,108.65
2017-02-01,108.65
2017-02-02,107.05
2017-02-03,109.95
2017-02-06,111.0
2017-02-07,111.0
2017-02-08,111.85
2017-02-09,111.85
2017-02-10,108.0
2017-02-13,107.15
2017-02-14,107.75
2017-02-15,110.0
2017-02-16,110.0
2017-02-17,112.0
2017-02-20,113.95
2017-02-21,125.3
2017-02-22,134.95
2017-02-23,122.0
2017-02-24,115.5
2017-02-27,123.0
2017-02-28,123.0
2017-03-01,123.8
2017-03-02,120.0
2017-03-03,118.0
2017-03-06,117.05
2017-03-07,117.5
2017-03-08,118.0
2017-03-09,115.0
2017-03-10,119.0
2017-03-13,117.0
2017-03-14,113.15
2017-03-15,116.0
2017-03-16,117.0
2017-03-17,117.0
2017-03-20,115.0
2017-03-21,117.95
2017-03-22,112.5
2017-03-23,113.95
2017-03-24,113.95
2017-03-27,113.95
2017-03-28,115.9
2017-03-29,115.0
2017-03-30,112.0
2017-03-31,108.0
2017-04-03,108.2
2017-04-04,109.0
2017-04-05,109.5
2017-04-06,109.5
2017-04-07,103.3
2017-04-10,108.45
2017-04-11,108.45
2017-04-12,108.45
2017-04-13,105.05
2017-04-14,108.5
2017-04-17,107.0
2017-04-18,109.0
2017-04-19,107.5
2017-04-20,107.1
2017-04-21,108.0
2017-04-24,108.5
2017-04-25,113.95
2017-04-26,114.0
2017-04-27,109.05
2017-04-28,110.6
2017-05-02,112.0
2017-05-03,112.15
2017-05-04,114.8
2017-05-05,112.3
2017-05-08,114.8
2017-05-09,112.15
2017-05-10,118.35
2017-05-11,117.0
2017-05-12,113.0
2017-05-15,115.9
2017-05-16,112.3
2017-05-17,115.4
2017-05-18,111.0
2017-05-19,112.15
2017-05-22,112.15
2017-05-23,110.0
2017-05-24,111.0
2017-05-25,112.5
2017-05-26,109.45
2017-05-29,112.5
2017-05-30,112.5
2017-05-31,112.5
2017-06-01,110.0
2017-06-02,112.0
2017-06-05,112.0
2017-06-06,112.0
2017-06-07,113.0
2017-06-08,113.0
2017-06-09,113.0
2017-06-12,111.55
2017-06-13,112.0
2017-06-14,113.0
2017-06-15,113.0
2017-06-16,111.5
2017-06-19,111.0
2017-06-20,110.25
2017-06-21,110.25
2017-06-22,111.7
2017-06-23,116.9
2017-06-28,116.0
2017-06-29,116.0
2017-06-30,112.3
2017-07-03,111.2
2017-07-04,110.55
2017-07-05,111.0
2017-07-06,111.0
2017-07-07,115.0
2017-07-10,112.0
2017-07-11,114.0
2017-07-12,114.0
2017-07-13,113.0
2017-07-14,118.0
2017-07-17,124.8
2017-07-18,120.0
2017-07-19,115.7
2017-07-20,115.85
2017-07-21,125.0
2017-07-24,137.45
2017-07-25,137.45
2017-07-26,133.0
2017-07-27,137.8
2017-07-28,139.8
2017-07-31,131.0
2017-08-01,135.0
2017-08-02,129.35
2017-08-03,117.6
2017-08-04,123.3
2017-08-07,134.0
2017-08-08,135.0
2017-08-09,139.05
2017-08-10,148.0
2017-08-11,162.0
2017-08-15,166.3
2017-08-16,170.0
2017-08-17,171.0
2017-08-18,172.5
2017-08-22,169.0
2017-08-23,167.35
2017-08-24,165.0
2017-08-25,172.0
2017-08-28,167.5
2017-08-29,169.5
2017-08-30,164.0
2017-08-31,164.5
2017-09-04,157.4
2017-09-05,163.0
2017-09-06,171.0
2017-09-07,169.95
2017-09-08,166.8
2017-09-11,167.0
2017-09-12,170.0
2017-09-13,181.0
2017-09-14,182.0
2017-09-15,182.0
2017-09-18,180.0
2017-09-19,174.0
2017-09-20,165.0
2017-09-21,169.95
2017-09-25,163.0
2017-09-26,146.75
2017-09-27,132.1
2017-09-28,130.0
2017-09-29,130.0
2017-10-02,134.95
2017-10-03,138.5
2017-10-04,138.65
2017-10-05,136.2
2017-10-06,138.8
2017-10-09,139.8
2017-10-10,142.95
2017-10-11,150.2
2017-10-12,154.05
2017-10-13,152.0
2017-10-16,145.0
2017-10-17,141.2
2017-10-18,144.5
2017-10-19,146.0
2017-10-20,145.0
2017-10-23,145.0
2017-10-24,136.0
2017-10-25,136.0
2017-10-26,138.5
2017-10-27,138.45
2017-10-30,137.85
2017-10-31,135.0
2017-11-01,137.5
2017-11-02,137.0
2017-11-03,137.0
2017-11-07,136.0
2017-11-08,137.0
2017-11-09,137.0
2017-11-10,139.5
2017-11-13,140.0
2017-11-14,143.9
2017-11-15,146.0
2017-11-16,149.0
2017-11-17,149.85
2017-11-20,149.85
2017-11-21,149.9
2017-11-22,149.9
2017-11-23,137.3
2017-11-24,142.0
2017-11-27,146.6
2017-11-28,146.6
2017-11-29,148.0
2017-11-30,145.0
2017-12-04,142.2
2017-12-05,147.0
2017-12-06,146.0
2017-12-07,140.2
2017-12-08,142.1
2017-12-11,147.7
2017-12-12,147.7
2017-12-13,143.0
2017-12-14,143.0
2017-12-15,142.15
2017-12-18,142.0
2017-12-19,142.0
2017-12-20,140.0
2017-12-21,142.0
2017-12-22,137.0
2017-12-25,142.0
2017-12-26,142.0
2017-12-27,144.85
2017-12-28,144.85
2017-12-29,144.0
2018-01-02,144.0
2018-01-03,150.0
2018-01-04,145.55
2018-01-05,149.9
2018-01-08,149.9
2018-01-09,146.0
2018-01-10,146.0
2018-01-12,146.0
2018-01-15,149.0
2018-01-16,150.0
2018-01-17,148.0
2018-01-18,149.8
2018-01-19,150.0
2018-01-22,155.0
2018-01-23,151.0
2018-01-24,153.0
2018-01-25,164.0
2018-01-26,168.7
2018-01-29,165.5
2018-01-30,168.0
2018-01-31,165.7
2018-02-01,166.95
2018-02-02,170.0
2018-02-05,162.6
2018-02-06,165.0
2018-02-07,165.0
2018-02-08,167.0
2018-02-09,172.5
2018-02-12,169.9
2018-02-13,167.0
2018-02-14,165.0
2018-02-15,162.0
2018-02-16,163.0
2018-02-19,167.0
2018-02-20,166.5
2018-02-21,163.0
2018-02-22,163.0
2018-02-23,166.0
2018-02-26,160.0
2018-02-27,164.7
2018-02-28,160.0
2018-03-01,160.0
2018-03-02,164.0
2018-03-05,161.0
2018-03-06,163.8
2018-03-07,156.2
2018-03-08,163.0
2018-03-09,164.0
2018-03-12,161.1
2018-03-13,161.1
2018-03-14,164.8
2018-03-15,164.8
2018-03-16,163.8
2018-03-19,157.0
2018-03-20,161.0
2018-03-21,155.6
2018-03-22,159.95
2018-03-23,157.5
2018-03-26,157.5
2018-03-27,150.0
2018-03-28,144.2
2018-03-29,147.0
2018-03-30,149.8
2018-04-02,153.45
2018-04-03,145.05
2018-04-04,145.05
2018-04-05,159.0
2018-04-06,169.0
2018-04-09,168.0
2018-04-10,167.5
2018-04-11,164.3
2018-04-12,170.0
2018-04-13,175.05
2018-04-16,178.0
2018-04-17,176.25
2018-04-18,176.55
2018-04-19,178.4
2018-04-20,177.95
2018-04-23,172.0
2018-04-24,177.1
2018-04-25,178.5
2018-04-26,180.75
2018-04-27,182.0
2018-04-30,180.1
2018-05-02,190.0
2018-05-03,190.0
2018-05-04,192.0
2018-05-07,193.45
2018-05-08,188.0
2018-05-09,189.95
2018-05-10,189.95
2018-05-11,189.95
2018-05-14,187.0
2018-05-15,180.5
2018-05-16,180.55
2018-05-17,178.05
2018-05-18,178.0
2018-05-21,178.0
2018-05-22,178.0
2018-05-23,178.0
2018-05-24,179.5
2018-05-25,175.0
2018-05-28,175.0
2018-05-29,178.0
2018-05-30,183.85
2018-05-31,183.85
2018-06-01,177.1
2018-06-04,177.15
2018-06-05,178.9
2018-06-06,175.0
2018-06-07,175.0
2018-06-08,181.0
2018-06-11,182.0
2018-06-12,183.0
2018-06-13,176.0
2018-06-14,176.0
2018-06-18,182.95
2018-06-19,182.0
2018-06-20,182.0
2018-06-21,183.95
2018-06-22,183.95
2018-06-25,183.65
2018-06-26,183.65
2018-06-27,179.95
2018-06-28,175.0
2018-06-29,179.0
2018-07-02,179.0
2018-07-03,175.0
2018-07-04,175.0
2018-07-05,173.65
2018-07-06,173.65
2018-07-09,173.65
2018-07-10,175.0
2018-07-11,174.95
2018-07-12,175.0
2018-07-13,173.0
2018-07-16,168.5
2018-07-17,168.5
2018-07-18,168.5
2018-07-19,169.0
2018-07-20,166.0
2018-07-23,173.0
2018-07-24,173.0
2018-07-25,173.0
2018-07-26,173.0
2018-07-27,172.75
2018-07-31,165.0
2018-08-01,165.0
2018-08-02,171.8
2018-08-03,171.8
2018-08-06,175.0
2018-08-07,175.0
2018-08-08,170.0
2018-08-09,170.0
2018-08-10,170.0
2018-08-13,170.0
2018-08-15,170.0
2018-08-16,170.0
2018-08-17,172.0
2018-08-24,172.0
2018-08-27,172.0
2018-08-28,170.0
2018-08-29,170.0
2018-08-30,170.0
2018-08-31,175.0
2018-09-03,175.0
2018-09-04,174.9
2018-09-05,174.9
2018-09-06,170.0
2018-09-07,170.0
2018-09-10,170.1
2018-09-12,170.0
2018-09-13,170.0
2018-09-14,174.45
2018-09-17,174.0
2018-09-18,170.3
2018-09-19,170.3
2018-09-20,170.3
2018-09-21,171.2
2018-09-24,170.5
2018-09-25,177.0
2018-09-26,172.1
2018-09-27,177.0
2018-09-28,171.0
2018-10-01,170.5
2018-10-02,175.0
2018-10-03,175.0
2018-10-04,171.0
2018-10-05,174.0
2018-10-08,174.0
2018-10-09,175.0
2018-10-10,172.0
2018-10-11,172.0
2018-10-12,176.0
2018-10-15,172.0
2018-10-16,172.0
2018-10-17,170.0
2018-10-18,170.0
2018-10-19,170.0
2018-10-22,170.0
2018-10-23,170.1
2018-10-24,175.0
2018-10-25,175.0
2018-10-26,176.95
2018-10-29,176.95
2018-10-30,176.95
2018-10-31,176.0
2018-11-01,176.0
2018-11-02,170.3
2018-11-05,170.0
2018-11-07,170.0
2018-11-08,172.95
2018-11-09,170.05
2018-11-12,170.05
2018-11-13,170.05
2018-11-14,170.1
2018-11-15,170.05
2018-11-16,170.05
2018-11-19,170.0
2018-11-22,170.0
2018-11-23,173.9
2018-11-26,173.9
2018-11-27,173.9
2018-11-28,173.9
2018-11-29,173.0
2018-11-30,172.95
2018-12-03,173.0
2018-12-04,173.0
2018-12-05,172.95
2018-12-06,170.0
2018-12-07,170.0
2018-12-10,179.0
2018-12-11,179.0
2018-12-12,179.0
2018-12-13,175.0
2018-12-14,177.0
2018-12-17,171.25
2018-12-18,172.35
2018-12-19,172.35
2018-12-20,172.85
2018-12-21,170.0
2018-12-24,170.0
2018-12-25,165.55
2018-12-26,166.0
2018-12-27,174.9
2018-12-28,167.5
2018-12-31,172.9
2019-01-02,174.5
2019-01-03,174.5
2019-01-04,168.0
2019-01-07,168.0
2019-01-08,168.0
2019-01-09,168.0
2019-01-10,168.0
2019-01-14,168.0
2019-01-15,168.0
2019-01-16,168.0
2019-01-17,166.2
2019-01-18,165.0
2019-01-21,160.1
2019-01-22,163.0
2019-01-23,163.0
2019-01-24,160.0
2019-01-25,150.0
2019-01-28,164.9
2019-01-29,160.0
2019-01-30,160.0
2019-01-31,158.0
2019-02-01,153.0
2019-02-04,155.0
2019-02-05,155.0
2019-02-06,152.0
2019-02-07,155.0
2019-02-08,156.9
2019-02-11,156.9
2019-02-12,153.05
2019-02-13,154.0
2019-02-14,154.0
2019-02-15,164.05
2019-02-18,164.05
2019-02-19,168.0
2019-02-20,168.0
2019-02-21,168.0
2019-02-22,155.6
2019-02-25,166.8
2019-02-26,162.0
2019-02-27,162.0
2019-02-28,162.0
2019-03-01,162.0
2019-03-04,162.0
2019-03-05,162.0
2019-03-06,162.0
2019-03-07,163.9
2019-03-08,165.9
2019-03-11,161.0
2019-03-12,161.0
2019-03-13,161.0
2019-03-14,161.0
2019-03-15,161.0
2019-03-18,157.0
2019-03-19,157.0
2019-03-20,157.0
2019-03-21,157.0
2019-03-22,155.0
2019-03-25,155.0
2019-03-26,164.65
2019-03-27,164.65
2019-03-28,163.5
2019-03-29,163.5
2019-04-01,163.9
2019-04-02,163.9
2019-04-03,155.0
2019-04-04,158.0
2019-04-05,155.0
2019-04-08,155.05
2019-04-09,155.05
2019-04-10,157.0
2019-04-11,157.0
2019-04-12,159.85
2019-04-15,159.85
2019-04-16,159.0
2019-04-17,155.0
2019-04-18,160.0
2019-04-19,167.85
2019-04-22,167.85
2019-04-23,167.85
2019-04-24,160.0
2019-04-25,160.0
2019-04-26,167.0
2019-04-29,167.0
2019-04-30,167.0
2019-05-02,167.0
2019-05-03,167.0
2019-05-06,167.0
2019-05-07,167.0
2019-05-08,167.0
2019-05-09,167.0
2019-05-10,167.9
2019-05-13,167.9
2019-05-14,167.9
2019-05-15,167.45
2019-05-16,167.45
2019-05-17,167.45
2019-05-20,167.45
2019-05-21,167.45
2019-05-22,167.45
2019-05-23,167.45
2019-05-24,167.45
2019-05-27,167.45
2019-05-28,167.45
2019-05-29,167.45
2019-05-30,167.45
2019-05-31,167.45
2019-06-03,167.45
2019-06-04,167.45
2019-06-10,167.45
2019-06-11,164.95
2019-06-12,164.95
2019-06-13,164.95
2019-06-14,164.95
2019-06-17,164.95
2019-06-18,164.95
2019-06-19,163.8
2019-06-20,163.8
2019-06-21,163.5
2019-06-24,163.5
2019-06-25,163.5
2019-06-26,163.5
2019-06-27,163.5
2019-06-28,168.0
2019-07-01,168.0
2019-07-02,160.5
2019-07-03,160.5
2019-07-04,160.5
2019-07-05,167.8
2019-07-08,160.1
2019-07-09,160.1
2019-07-10,160.1
2019-07-11,168.0
2019-07-12,168.0
2019-07-15,169.0
2019-07-16,169.0
2019-07-17,169.0
2019-07-18,169.0
2019-07-19,171.5
2019-07-22,178.0
2019-07-23,178.0
2019-07-24,178.0
2019-07-25,178.0
2019-07-26,178.0
2019-07-29,178.0
2019-07-31,178.0
2019-08-01,178.0
2019-08-02,178.0
2019-08-05,178.0
2019-08-06,164.0
2019-08-07,164.0
2019-08-08,164.0
2019-08-09,164.0
2019-08-15,164.0
2019-08-16,161.0
2019-08-19,161.0
2019-08-22,161.0
2019-08-23,166.0
2019-08-26,159.0
2019-08-27,157.0
2019-08-28,157.0
2019-08-29,157.0
2019-08-30,158.0
2019-09-02,157.6
2019-09-03,157.6
2019-09-04,157.6
2019-09-05,157.6
2019-09-06,165.0
2019-09-09,165.0
2019-09-10,156.55
2019-09-11,156.55
2019-09-12,156.55
2019-09-13,165.0
2019-09-16,157.2
2019-09-17,157.2
2019-09-18,157.65
2019-09-19,157.65
2019-09-20,142.0
2019-09-23,156.0
2019-09-24,145.05
2019-09-25,145.05
2019-09-26,145.05
2019-09-27,159.55
2019-09-30,155.55
2019-10-01,155.05
2019-10-02,155.05
2019-10-03,153.5
2019-10-04,160.0
2019-10-07,155.3
2019-10-08,155.3
2019-10-09,160.0
2019-10-10,160.0
2019-10-11,160.0
2019-10-14,159.0
2019-10-15,155.25
2019-10-16,155.25
2019-10-17,155.0
2019-10-18,160.0
2019-10-21,160.0
2019-10-22,160.0
2019-10-23,160.0
2019-10-24,155.6
2019-10-25,159.0
2019-10-28,159.0
2019-10-29,159.0
2019-10-30,155.8
2019-10-31,155.8
2019-11-01,160.0
2019-11-04,160.0
2019-11-05,160.0
2019-11-07,155.7
2019-11-08,155.0
2019-11-12,155.0
2019-11-13,155.0
2019-11-14,160.0
2019-11-15,160.0
2019-11-19,160.0
2019-11-20,155.6
2019-11-21,156.0
2019-11-22,159.8
2019-11-25,160.0
2019-11-26,158.0
2019-11-27,158.0
2019-11-28,164.95
2019-11-29,164.9
2019-12-02,164.9
2019-12-03,164.9
2019-12-04,164.9
2019-12-05,159.0
2019-12-06,160.0
2019-12-09,155.05
2019-12-10,155.05
2019-12-11,169.9
2019-12-12,169.7
2019-12-13,169.5
2019-12-16,171.0
2019-12-17,169.0
2019-12-18,172.45
2019-12-19,172.45
2019-12-20,164.05
2019-12-23,168.0
2019-12-24,168.0
2019-12-25,167.0
2019-12-26,167.0
2019-12-27,169.9
2019-12-30,170.0
2019-12-31,170.0
2020-01-02,170.0
2020-01-03,165.0
2020-01-06,165.0
2020-01-07,165.0
2020-01-08,165.0
2020-01-09,165.0
2020-01-10,165.0
2020-01-13,165.0
2020-01-14,163.05
2020-01-15,163.2
2020-01-16,163.2
2020-01-17,170.0
2020-01-20,170.0
2020-01-21,170.0
2020-01-22,170.0
2020-01-23,168.0
2020-01-24,170.5
2020-01-27,170.5
2020-01-28,170.5
2020-01-29,170.5
2020-01-30,170.5
2020-01-31,170.5
2020-02-03,170.5
2020-02-04,170.5
2020-02-05,170.0
2020-02-06,170.0
2020-02-07,170.0
2020-02-10,170.0
2020-02-11,170.0
2020-02-12,165.3
2020-02-13,165.2
2020-02-14,170.0
2020-02-17,170.0
2020-02-18,165.2
2020-02-19,165.2
2020-02-20,170.0
2020-02-21,169.5
2020-02-24,169.5
2020-02-25,165.75
2020-02-26,166.0
2020-02-27,165.75
2020-02-28,165.75
2020-03-02,165.0
2020-03-03,153.0
2020-03-04,150.0
2020-03-05,150.0
2020-03-06,158.0
2020-03-09,150.0
2020-03-10,145.5
2020-03-11,145.0
2020-03-12,130.55
2020-03-13,119.0
2020-03-16,107.5
2020-03-17,105.0
2020-03-18,105.0
2020-03-19,101.0
2020-03-20,101.0
2020-03-23,101.0
2020-03-24,103.5
2020-03-25,105.0
2020-03-26,101.5
2020-03-27,103.0
2020-03-30,100.05
2020-03-31,98.05
2020-04-01,95.0
2020-04-02,95.0
2020-04-03,92.0
2020-04-06,90.0
2020-04-07,90.0
2020-04-08,87.05
2020-04-09,86.0
2020-04-10,85.0
2020-04-13,82.0
2020-04-14,79.0
2020-04-15,79.0
2020-04-16,79.0
2020-04-17,77.43
2020-04-20,77.43
2020-04-21,79.0
2020-04-22,79.0
2020-04-23,79.0
2020-04-24,79.0
2020-04-27,76.1
2020-04-28,76.1
2020-04-29,79.0
2020-04-30,79.0
2020-05-04,82.1
2020-05-05,82.1
2020-05-06,82.0
2020-05-07,82.0
2020-05-08,81.9
2020-05-11,81.9
2020-05-12,79.0
2020-05-13,79.0
2020-05-14,79.0
2020-05-15,79.0
2020-05-18,79.0
2020-05-19,79.0
2020-05-20,79.0
2020-05-21,79.0
2020-05-22,79.0
2020-05-26,79.0
2020-05-27,80.57
2020-05-28,83.5
2020-05-29,86.83
2020-06-01,90.3
2020-06-02,93.91
2020-06-03,97.66
2020-06-04,101.55
2020-06-05,105.0
2020-06-08,109.15
2020-06-09,109.0
2020-06-10,110.0
2020-06-11,109.0
2020-06-12,108.9
2020-06-15,107.95
2020-06-16,111.5
2020-06-17,108.0
2020-06-18,108.0
2020-06-19,107.95
2020-06-22,109.0
2020-06-23,109.0
2020-06-24,109.0
2020-06-25,108.0
2020-06-26,106.25
2020-06-29,104.0
2020-06-30,103.0
2020-07-01,102.0
2020-07-02,103.0
2020-07-03,107.1
2020-07-06,107.1
2020-07-07,107.1
2020-07-08,107.1
2020-07-09,107.1
2020-07-10,107.0
2020-07-13,103.1
2020-07-14,101.0
2020-07-15,102.0
2020-07-16,100.2
2020-07-17,104.15
2020-07-20,104.15
2020-07-21,104.15
2020-07-22,101.0
2020-07-23,101.05
2020-07-24,101.05
2020-07-27,101.0
2020-07-28,99.0
2020-07-29,99.95
2020-08-03,99.0
2020-08-04,99.0
2020-08-05,97.0
2020-08-06,93.2
2020-08-07,89.48
2020-08-10,85.91
2020-08-11,82.48
2020-08-12,80.0
2020-08-13,83.19
2020-08-17,86.51
2020-08-18,89.97
2020-08-19,86.38
2020-08-24,85.0
2020-08-25,84.0
2020-08-26,85.0
2020-08-27,85.0
2020-08-28,84.5
2020-08-31,84.0
2020-09-01,84.0
2020-09-02,87.0
2020-09-03,86.75
2020-09-04,86.76
2020-09-07,89.0
2020-09-08,89.0
2020-09-09,90.0
2020-09-10,87.0
2020-09-11,90.46
2020-09-14,94.07
2020-09-15,97.0
2020-09-16,95.0
2020-09-17,95.0
2020-09-18,91.22
2020-09-21,88.55
2020-09-22,90.0
2020-09-23,88.0
2020-09-24,91.5
2020-09-25,91.5
2020-09-28,91.15
2020-09-29,91.1
2020-09-30,92.48
2020-10-01,92.5
2020-10-02,92.0
2020-10-05,90.9
2020-10-06,90.0
2020-10-07,90.0
2020-10-08,87.4
2020-10-09,90.0
2020-10-12,90.0
2020-10-13,88.1
2020-10-14,89.98
2020-10-15,88.1
2020-10-16,88.14
2020-10-19,88.02
2020-10-20,90.0
2020-10-21,90.0
2020-10-22,88.5
2020-10-23,90.0
2020-10-26,90.0
2020-10-27,90.1
2020-10-28,90.0
2020-11-02,90.04
2020-11-03,90.04
2020-11-04,90.0
2020-11-05,89.0
2020-11-09,91.0
2020-11-10,94.6
2020-11-11,98.38
2020-11-12,99.5
2020-11-13,98.9
2020-11-16,98.5
2020-11-17,102.4
2020-11-19,106.45
2020-11-20,110.7
2020-11-23,108.0
2020-11-24,110.15
2020-11-25,109.0
2020-11-26,109.75
2020-11-27,108.25
2020-11-30,108.25
2020-12-01,110.0
2020-12-02,108.0
2020-12-03,105.0
2020-12-04,105.0
2020-12-07,105.9
2020-12-08,106.0
2020-12-09,109.9
2020-12-10,109.9
2020-12-11,114.25
2020-12-14,118.8
2020-12-15,123.0
2020-12-16,118.55
2020-12-17,117.0
2020-12-18,115.7
2020-12-21,111.1
2020-12-22,113.0
2020-12-23,112.0
2020-12-24,110.65
2020-12-25,114.95
2020-12-28,110.7
2020-12-29,110.85
2020-12-30,110.05
2020-12-31,114.0
2021-01-04,111.45
2021-01-05,112.55
2021-01-06,111.5
2021-01-07,110.5
2021-01-08,111.0
2021-01-12,111.0
2021-01-13,112.95
2021-01-14,111.0
2021-01-15,112.95
2021-01-18,112.5
2021-01-19,113.6
2021-01-20,111.5
2021-01-21,111.0
2021-01-22,111.0
2021-01-25,110.0
2021-01-26,112.5
2021-01-27,112.5
2021-01-28,111.95
2021-01-29,113.5
2021-02-01,109.8
2021-02-02,113.0
2021-02-03,113.0
2021-02-04,109.85
2021-02-05,109.0
2021-02-08,113.3
2021-02-09,113.3
2021-02-10,113.3
2021-02-11,110.0
2021-02-12,110.0
2021-02-15,112.45
2021-02-16,108.0
2021-02-17,110.8
2021-02-18,111.5
2021-02-19,111.85
2021-02-22,111.85
2021-02-23,109.0
2021-02-24,108.0
2021-02-25,108.05
2021-02-26,112.35
2021-03-01,108.0
2021-03-02,108.0
2021-03-03,108.0
2021-03-04,107.1
2021-03-05,107.1
2021-03-08,109.1
2021-03-09,105.0
2021-03-10,105.0
2021-03-11,107.1
2021-03-12,107.5
2021-03-15,107.0
2021-03-16,108.5
2021-03-17,105.0
2021-03-18,104.75
2021-03-19,101.5
2021-03-22,100.0
2021-03-23,103.95
2021-03-24,104.75
2021-03-25,104.75
2021-03-26,104.7
2021-03-29,103.0
2021-03-30,103.0
2021-03-31,103.0
2021-04-01,101.0
2021-04-02,102.9
2021-04-05,102.8
2021-04-06,102.75
2021-04-07,102.75
2021-04-08,98.65
2021-04-09,98.65
2021-04-12,100.0
2021-04-13,102.9
2021-04-14,101.0
2021-04-15,103.0
2021-04-16,104.4
2021-04-19,104.4
2021-04-20,100.25
2021-04-21,103.9
2021-04-22,101.0
2021-04-23,100.0
2021-04-26,100.0
2021-04-27,101.0
2021-04-28,101.0
2021-04-29,101.0
2021-04-30,102.0
2021-05-03,102.0
2021-05-04,102.0
2021-05-05,101.5
2021-05-06,103.95
2021-05-07,103.95
2021-05-10,104.0
2021-05-11,104.0
2021-05-12,103.5
2021-05-17,106.0
2021-05-18,108.0
2021-05-19,109.0
2021-05-20,113.35
2021-05-21,117.85
2021-05-24,122.0
2021-05-25,117.15
2021-05-26,115.0
2021-05-27,112.8
2021-05-28,116.0
2021-05-31,118.0
2021-06-01,119.5
2021-06-02,120.0
2021-06-03,122.0
2021-06-04,121.5
2021-06-07,118.0
2021-06-08,119.9
2021-06-09,116.8
2021-06-10,117.25
2021-06-11,116.5
2021-06-14,121.15
2021-06-15,125.95
2021-06-16,130.95
2021-06-17,126.1
2021-06-18,131.0
2021-06-21,131.95
2021-06-22,128.25
2021-06-23,129.0
2021-06-24,129.0
2021-06-25,123.9
2021-06-28,121.0
2021-06-29,123.0
2021-06-30,123.3
2021-07-01,120.0
2021-07-02,116.0
2021-07-05,112.15
2021-07-06,115.0
2021-07-07,116.5
2021-07-08,119.0
2021-07-09,116.65
2021-07-12,116.85
2021-07-13,118.85
2021-07-14,118.85
2021-07-15,116.0
2021-07-16,118.0
2021-07-19,115.65
2021-07-20,115.65
2021-07-23,115.4
2021-07-26,115.35
2021-07-27,115.3
2021-07-28,115.3
2021-07-29,117.0
2021-08-02,117.7
2021-08-03,117.0
2021-08-04,115.55
2021-08-05,115.8
2021-08-06,116.0
2021-08-09,115.8
2021-08-11,115.75
2021-08-12,115.75
2021-08-13,115.75
2021-08-16,113.15
2021-08-17,115.0
2021-08-18,114.3
2021-08-19,114.5
2021-08-23,114.0
2021-08-24,114.0
2021-08-25,115.5
2021-08-26,113.7
2021-08-27,115.0
2021-08-30,115.0
2021-08-31,114.0
2021-09-01,113.7
2021-09-02,113.5
2021-09-03,118.0
2021-09-06,117.95
2021-09-07,117.9
2021-09-08,115.8
2021-09-09,117.0
2021-09-10,115.0
2021-09-13,116.9
2021-09-14,116.9
2021-09-15,116.9
2021-09-16,116.0
2021-09-17,116.0
2021-09-20,116.0
2021-09-21,118.0
2021-09-22,118.0
2021-09-23,117.85
2021-09-24,117.0
2021-09-27,117.0
2021-09-28,115.0
2021-09-29,112.0
2021-09-30,109.2
2021-10-01,113.4
2021-10-04,113.3
2021-10-05,115.45
2021-10-06,113.5
2021-10-07,117.0
2021-10-08,115.1
2021-10-11,114.65
2021-10-12,114.5
2021-10-13,116.75
2021-10-14,116.5
2021-10-15,116.5
2021-10-18,116.8
2021-10-21,114.0
2021-10-22,115.0
2021-10-25,115.9
2021-10-26,115.65
2021-10-27,115.35
2021-10-28,111.0
2021-10-29,110.0
2021-11-01,113.0
2021-11-02,111.0
2021-11-03,114.8
2021-11-04,114.9
2021-11-05,112.95
2021-11-08,110.5
2021-11-09,110.1
2021-11-10,110.7
2021-11-11,112.9
2021-11-12,112.0
2021-11-15,112.0
2021-11-16,112.0
2021-11-17,110.4
2021-11-19,111.0
2021-11-22,111.0
2021-11-23,110.0
2021-11-24,111.0
2021-11-25,110.95
2021-11-26,109.0
2021-11-29,104.0
2021-11-30,104.0
2021-12-01,103.0
2021-12-02,104.95
2021-12-03,104.9
2021-12-06,105.0
2021-12-07,105.0
2021-12-08,108.95
2021-12-09,110.0
2021-12-10,107.0
2021-12-13,107.0
2021-12-14,107.0
2021-12-15,107.0
2021-12-16,107.0
2021-12-17,107.8
2021-12-20,105.5
2021-12-21,109.0
2021-12-22,109.0
2021-12-23,109.0
2021-12-24,105.0
2021-12-27,105.0
2021-12-28,105.95
2021-12-29,105.1
2021-12-30,103.55
2021-12-31,109.75
2022-01-03,109.75
2022-01-04,109.75
2022-01-05,109.75
2022-01-06,109.75
2022-01-07,109.7
2022-01-10,108.7
2022-01-12,108.7
2022-01-13,107.0
2022-01-14,108.5
2022-01-17,109.6
2022-01-18,109.0
2022-01-19,109.9
2022-01-20,116.0
2022-01-21,115.95
2022-01-24,114.0
2022-01-25,117.9
2022-01-26,117.5
2022-01-27,117.5
2022-01-28,116.8
2022-01-31,116.0
2022-02-01,116.0
2022-02-02,116.0
2022-02-03,116.0
2022-02-04,116.0
2022-02-07,116.0
2022-02-08,114.0
2022-02-09,113.95
2022-02-10,111.0
2022-02-11,113.95
2022-02-14,111.65
2022-02-15,111.65
2022-02-16,111.0
2022-02-17,115.0
2022-02-18,114.0
2022-02-21,110.0
2022-02-22,111.0
2022-02-23,111.0
2022-02-24,108.75
2022-02-25,107.0
2022-02-28,107.0
2022-03-01,107.0
2022-03-02,107.0
2022-03-03,104.15
2022-03-04,101.0
2022-03-07,97.0
2022-03-08,102.75
2022-03-09,105.0
2022-03-10,102.2
2022-03-11,102.2
2022-03-14,102.35
2022-03-15,107.85
2022-03-16,107.45
2022-03-17,107.45
2022-03-18,102.0
2022-03-21,102.0
2022-03-22,102.0
2022-03-23,102.0
2022-03-24,102.0
2022-03-25,98.97
2022-03-28,102.0
2022-03-29,102.0
2022-03-30,102.0
2022-03-31,102.0
2022-04-01,102.95
2022-04-04,107.0
2022-04-05,110.0
2022-04-06,110.95
2022-04-07,105.65
2022-04-08,105.65
2022-04-11,108.95
2022-04-12,111.75
2022-04-13,111.75
2022-04-14,111.75
2022-04-15,110.45
2022-04-18,110.0
2022-04-19,109.5
2022-04-20,109.85
2022-04-21,109.85
2022-04-22,110.7
2022-04-25,110.0
2022-04-26,108.0
2022-04-27,113.95
2022-04-28,120.75
2022-04-29,120.0
2022-05-04,120.5
2022-05-05,120.0
2022-05-06,120.5
2022-05-09,127.7
2022-05-10,127.0
2022-05-11,124.1
2022-05-12,120.0
2022-05-13,123.0
2022-05-16,126.95
2022-05-17,125.35
2022-05-18,126.0
2022-05-19,124.0
2022-05-20,123.05
2022-05-23,124.0
2022-05-24,118.1
2022-05-25,123.2
2022-05-26,122.75
2022-05-27,122.25
2022-05-30,122.6
2022-05-31,123.0
2022-06-01,120.2
2022-06-02,123.15
2022-06-03,123.95
2022-06-06,121.85
2022-06-07,120.75
2022-06-08,123.0
2022-06-09,119.4
2022-06-10,119.9
2022-06-13,114.1
2022-06-14,107.3
2022-06-15,113.7
2022-06-16,113.7
2022-06-17,110.0
2022-06-20,114.5
2022-06-21,119.5
2022-06-22,119.45
2022-06-23,119.0
2022-06-24,118.0
2022-06-27,118.0
2022-06-28,111.05
2022-06-29,111.0
2022-06-30,116.95
2022-07-01,116.95
2022-07-04,110.0
2022-07-05,109.2
2022-07-06,107.3
2022-07-07,112.95
2022-07-08,115.0
2022-07-12,115.85
2022-07-13,115.0
2022-07-14,115.0
2022-07-15,112.0
2022-07-18,116.0
2022-07-19,115.85
2022-07-20,111.85
2022-07-21,112.0
2022-07-22,113.9
2022-07-25,113.9
2022-07-26,111.2
2022-07-27,115.0
2022-07-28,113.95
2022-07-29,112.0
2022-08-01,114.0
2022-08-02,110.5
2022-08-03,114.5
2022-08-04,113.0
2022-08-05,112.0
2022-08-08,115.0
2022-08-09,118.8
2022-08-10,118.7
2022-08-11,117.8
2022-08-12,118.2
2022-08-15,117.9
2022-08-16,118.0
2022-08-17,118.0
2022-08-18,118.95
2022-08-19,118.75
2022-08-22,118.95
2022-08-23,117.0
2022-08-24,118.95
2022-08-25,117.0
2022-08-26,117.0
2022-08-29,118.9
2022-08-30,118.9
2022-08-31,116.1
2022-09-01,118.8
2022-09-02,116.1
2022-09-05,117.9
2022-09-06,117.3
2022-09-07,117.0
2022-09-08,117.0
2022-09-09,117.0
2022-09-12,117.0
2022-09-13,117.0
2022-09-14,114.05
2022-09-15,116.0
2022-09-16,115.0
2022-09-19,115.95
2022-09-20,116.7
2022-09-21,116.4
2022-09-22,113.1
2022-09-23,114.0
2022-09-26,114.75
2022-09-27,114.6
2022-09-28,112.0
2022-09-29,113.3
2022-09-30,116.0
2022-10-03,117.0
2022-10-04,114.0
2022-10-05,115.35
2022-10-06,114.0
2022-10-07,112.55
2022-10-11,115.95
2022-10-12,120.05
2022-10-13,121.0
2022-10-14,121.0
2022-10-17,121.0
2022-10-18,119.0
2022-10-19,120.3
2022-10-20,113.1
2022-10-21,112.0
2022-10-24,110.85
2022-10-25,110.0
2022-10-26,111.95
2022-10-27,112.0
2022-10-28,112.0
2022-10-31,110.05
2022-11-01,110.1
2022-11-02,110.15
2022-11-03,113.0
2022-11-04,113.0
2022-11-07,113.0
2022-11-08,113.0
2022-11-09,111.95
2022-11-10,109.5
2022-11-11,111.95
2022-11-14,111.85
2022-11-15,111.0
2022-11-16,107.55
2022-11-17,111.0
2022-11-21,111.3
2022-11-22,114.9
2022-11-23,112.0
2022-11-24,115.0
2022-11-25,116.0
2022-11-28,120.5
2022-11-29,115.3
2022-11-30,120.0
2022-12-01,120.0
2022-12-02,115.2
2022-12-05,117.95
2022-12-06,119.45
2022-12-07,122.5
2022-12-08,122.5
2022-12-09,121.6
2022-12-12,117.0
2022-12-13,115.2
2022-12-14,119.25
2022-12-15,119.15
2022-12-16,116.0
2022-12-19,120.0
2022-12-20,119.1
2022-12-21,119.1
2022-12-22,118.4
2022-12-23,118.9
2022-12-26,118.9
2022-12-27,118.95
2022-12-28,118.95
2022-12-29,115.0
2022-12-30,114.0
2023-01-02,114.0
2023-01-03,118.95
2023-01-04,119.0
2023-01-05,115.85
2023-01-06,118.9
2023-01-09,114.95
2023-01-10,114.9
2023-01-12,114.9
2023-01-13,118.0
2023-01-16,118.95
2023-01-17,118.95
2023-01-18,118.95
2023-01-19,118.95
2023-01-20,118.95
2023-01-23,118.95
2023-01-24,113.5
2023-01-25,112.0
2023-01-26,107.05
2023-01-27,111.9
2023-01-30,111.9
2023-01-31,113.0
2023-02-01,114.0
2023-02-02,110.15
2023-02-03,110.25
2023-02-06,113.9
2023-02-07,113.0
2023-02-08,114.45
2023-02-09,116.35
2023-02-10,112.0
2023-02-13,113.2
2023-02-14,116.0
2023-02-15,116.0
2023-02-16,115.0
2023-02-17,117.0
2023-02-20,117.0
2023-02-21,116.9
2023-02-22,116.9
2023-02-23,118.0
2023-02-24,117.75
2023-02-27,116.0
2023-02-28,117.7
2023-03-01,117.0
2023-03-02,116.5
2023-03-03,116.95
2023-03-06,117.85
2023-03-07,117.85
2023-03-08,116.5
2023-03-09,116.5
2023-03-10,112.25
2023-03-13,115.45
2023-03-14,115.25
2023-03-15,115.25
2023-03-16,114.75
2023-03-17,114.75
2023-03-20,114.75
2023-03-21,116.4
2023-03-22,112.55
2023-03-23,115.2
2023-03-24,122.0
2023-03-27,123.0
2023-03-28,120.0
2023-03-29,122.0
2023-03-30,122.0
2023-03-31,122.0
2023-04-03,119.0
2023-04-04,117.0
2023-04-05,117.0
2023-04-06,120.45
2023-04-07,120.0
2023-04-10,123.0
2023-04-11,129.0
2023-04-12,123.0
2023-04-13,121.3
2023-04-14,125.5
2023-04-17,125.0
2023-04-18,125.0
2023-04-19,127.1
2023-04-20,127.6
2023-04-21,132.5
2023-04-25,130.95
2023-04-26,130.0
2023-04-27,128.95
2023-04-28,126.0
2023-05-02,130.0
2023-05-03,128.1
2023-05-04,128.1
2023-05-05,125.7
2023-05-08,130.0
2023-05-09,132.5
2023-05-10,140.4
2023-05-11,145.45
2023-05-12,149.0
2023-05-15,148.5
2023-05-16,149.0
2023-05-17,150.05
2023-05-18,153.9
2023-05-19,150.0
2023-05-22,152.6
2023-05-23,150.0
2023-05-24,150.0
2023-05-25,146.5
2023-05-26,149.3
2023-05-29,153.95
2023-05-30,155.0
2023-05-31,160.0
2023-06-01,158.0
2023-06-02,153.1
2023-06-05,153.0
2023-06-06,156.85
2023-06-07,156.0
2023-06-08,159.45
2023-06-09,159.45
2023-06-12,160.0
2023-06-13,158.0
2023-06-14,159.5
2023-06-15,159.0
2023-06-16,157.0
2023-06-19,151.6
2023-06-20,155.0
2023-06-21,152.1
2023-06-22,151.95
2023-06-23,160.0
2023-06-26,160.9
2023-06-27,165.0
2023-06-28,166.85
2023-07-03,165.75
2023-07-04,165.95
2023-07-05,162.0
2023-07-06,170.0
2023-07-07,175.95
2023-07-10,176.0
2023-07-11,177.75
2023-07-12,177.5
2023-07-13,176.85
2023-07-14,177.0
2023-07-17,175.0
2023-07-18,176.0
2023-07-20,180.0
2023-07-21,183.0
2023-07-24,180.0
2023-07-25,184.0
2023-07-26,184.0
2023-07-27,182.0
2023-07-28,185.0
2023-07-31,193.5
2023-08-01,193.7
2023-08-02,203.9
2023-08-03,202.6
2023-08-04,214.75
2023-08-07,227.6
2023-08-08,225.0
2023-08-09,228.0
2023-08-10,228.75
2023-08-11,224.0
2023-08-15,224.1
2023-08-16,222.1
2023-08-17,219.75
2023-08-18,217.4
2023-08-22,218.0
2023-08-23,220.0
2023-08-24,222.0
2023-08-25,221.0
2023-08-28,220.0
2023-08-29,220.0
2023-08-30,225.0
2023-08-31,216.0
2023-09-01,212.0
2023-09-04,199.3
2023-09-05,202.95
2023-09-06,197.0
2023-09-07,200.0
2023-09-08,199.9
2023-09-11,187.95
2023-09-12,180.1
2023-09-13,190.9
2023-09-14,188.0
2023-09-15,192.0
2023-09-18,192.0
2023-09-19,191.0
2023-09-20,198.0
2023-09-21,209.1
2023-09-22,215.05
2023-09-25,215.0
2023-09-26,210.0
2023-09-27,210.0
2023-10-02,210.0
2023-10-03,214.9
2023-10-04,210.0
2023-10-05,222.55
2023-10-06,221.0
2023-10-09,216.0
2023-10-10,226.0
2023-10-11,232.0
2023-10-12,235.0
2023-10-13,242.05
2023-10-16,239.0
2023-10-17,236.1
2023-10-18,236.0
2023-10-19,237.5
2023-10-20,234.5
2023-10-23,228.0
2023-10-24,230.0
2023-10-25,227.1
2023-10-26,224.0
2023-10-27,220.0
2023-10-30,220.0
2023-10-31,220.8
2023-11-01,223.95
2023-11-02,224.0
2023-11-03,221.0
2023-11-07,224.0
2023-11-08,225.0
2023-11-09,220.0
2023-11-10,220.0
2023-11-13,219.9
2023-11-14,221.05
2023-11-15,230.8
2023-11-16,232.0
2023-11-17,225.0
2023-11-20,223.0
2023-11-21,225.0
2023-11-22,227.0
2023-11-23,225.0
2023-11-24,229.0
2023-11-27,224.1
2023-11-28,221.55
2023-11-29,226.5
2023-11-30,207.1
2023-12-01,210.0
2023-12-04,209.45
2023-12-05,200.0
2023-12-06,206.8
2023-12-07,211.0
2023-12-08,210.0
2023-12-11,207.0
2023-12-12,210.0
2023-12-13,209.7
2023-12-14,209.95
2023-12-15,210.0
2023-12-18,214.95
2023-12-19,216.85
2023-12-20,216.5
2023-12-21,214.85
2023-12-22,211.1
2023-12-25,214.1
2023-12-26,208.75
2023-12-27,203.5
2023-12-28,204.95
2023-12-29,207.0
2024-01-02,206.95
2024-01-03,204.0
2024-01-04,200.0
2024-01-05,195.05
2024-01-08,194.95
2024-01-09,192.2
2024-01-10,190.0
2024-01-12,190.0
2024-01-15,197.4
2024-01-16,197.0
2024-01-17,202.0
2024-01-18,204.0
2024-01-19,211.1
2024-01-22,212.95
2024-01-23,206.5
2024-01-24,203.6
2024-01-25,204.0
2024-01-26,201.0
2024-01-29,204.0
2024-01-30,202.0
2024-01-31,201.05
2024-02-01,201.4
2024-02-02,209.0
2024-02-05,210.7
2024-02-06,217.05
2024-02-07,223.0
2024-02-08,223.0
2024-02-09,225.0
2024-02-12,225.0
2024-02-13,225.0
2024-02-14,226.0
2024-02-15,226.0
2024-02-16,225.0
2024-02-19,225.0
2024-02-20,225.0
2024-02-21,224.85
2024-02-22,225.0
2024-02-23,226.5
2024-02-26,227.0
2024-02-27,227.0
2024-02-28,225.1
2024-02-29,220.0
2024-03-01,215.0
2024-03-04,210.1
2024-03-05,211.2
2024-03-06,210.0
2024-03-07,209.5
2024-03-08,210.0
2024-03-11,210.0
2024-03-12,215.1
2024-03-13,215.1
2024-03-14,220.05
2024-03-15,229.9
2024-03-18,229.5
2024-03-19,229.4
2024-03-20,228.0
2024-03-21,227.95
2024-03-22,228.0
2024-03-25,225.0
2024-03-26,226.5
2024-03-27,225.0
2024-03-28,226.0
2024-03-29,241.1
2024-04-01,251.0
2024-04-02,251.7
2024-04-03,253.0
2024-04-04,251.8
2024-04-05,250.0
2024-04-08,250.0
2024-04-09,255.7
2024-04-15,250.0
2024-04-16,250.0
2024-04-17,251.0
2024-04-18,252.0
2024-04-19,252.0
2024-04-22,250.0
2024-04-23,247.0
2024-04-24,250.0
2024-04-25,248.0
2024-04-26,258.5
2024-04-29,264.1
2024-04-30,260.1
2024-05-02,260.0
2024-05-03,264.0
2024-05-06,259.95
2024-05-07,258.0
2024-05-08,258.5
2024-05-09,250.0
2024-05-10,253.0
2024-05-13,251.0
2024-05-14,251.0
2024-05-15,247.0
2024-05-16,248.9
2024-05-17,248.0
2024-05-20,250.0
2024-05-21,243.0
2024-05-22,231.2
2024-05-23,241.95
2024-05-24,233.0
2024-05-27,240.0
2024-05-28,242.5
2024-05-29,240.0
2024-05-30,239.9
2024-05-31,239.9
2024-06-03,239.7
2024-06-04,239.65
2024-06-05,245.0
2024-06-06,232.0
2024-06-07,239.8
2024-06-10,236.1
2024-06-11,240.0
2024-06-12,243.0
2024-06-13,243.0
2024-06-14,243.9
2024-06-19,243.9
2024-06-20,241.95
2024-06-21,245.0
2024-06-24,243.0
2024-06-25,242.0
2024-06-26,238.55
2024-06-27,242.2
2024-06-28,240.0
2024-07-01,239.5
2024-07-02,239.5
2024-07-03,237.5
2024-07-04,239.0
2024-07-05,238.0
2024-07-08,239.0
2024-07-09,238.0
2024-07-10,239.5
2024-07-11,239.5
2024-07-12,245.0
2024-07-15,241.0
2024-07-16,249.0
2024-07-17,243.0
2024-07-18,243.0
2024-07-19,241.2
2024-07-22,243.5
2024-07-23,240.0
2024-07-24,250.0
2024-07-25,250.0
2024-07-26,250.0
2024-07-29,250.0
2024-07-31,247.0
2024-08-01,245.95
2024-08-02,240.0
2024-08-05,238.5
2024-08-06,238.0
2024-08-07,238.0
2024-08-08,237.9
2024-08-09,236.5
2024-08-12,236.5
2024-08-13,237.9
2024-08-15,237.8
2024-08-16,237.7
2024-08-19,238.5
2024-08-22,239.0
2024-08-23,237.0
2024-08-26,237.0
2024-08-27,238.35
2024-08-28,237.5
2024-08-29,234.35
2024-08-30,235.0
2024-09-02,235.0
2024-09-03,237.0
2024-09-04,231.0
2024-09-05,230.0
2024-09-06,230.0
2024-09-09,229.95
2024-09-10,226.55
2024-09-11,224.0
2024-09-12,229.7
2024-09-13,229.0
2024-09-18,229.2
2024-09-19,229.2
2024-09-20,225.0
2024-09-23,226.0
2024-09-24,228.0
2024-09-25,227.0
2024-09-26,226.4
2024-09-27,220.0
2024-09-30,219.8
2024-10-01,216.0
2024-10-02,215.8
2024-10-03,222.35
2024-10-04,222.0
2024-10-07,216.0
2024-10-08,215.0
2024-10-09,215.0
2024-10-10,216.0
2024-10-11,220.75
2024-10-14,219.95
2024-10-15,219.95
2024-10-16,218.85
2024-10-17,218.0
2024-10-18,215.05
2024-10-21,215.0
2024-10-22,219.45
2024-10-23,215.0
2024-10-24,215.0
2024-10-25,215.0
2024-10-28,214.1
2024-10-29,217.5
2024-10-30,217.85
2024-10-31,208.0
2024-11-01,216.25
2024-11-04,215.0
2024-11-05,215.0
2024-11-07,218.95
2024-11-08,214.0
2024-11-11,212.05
2024-11-12,210.0
2024-11-13,209.55
2024-11-14,208.0
2024-11-15,208.0
2024-11-19,208.0
2024-11-20,208.0
2024-11-21,208.0
2024-11-22,214.0
2024-11-25,208.65
2024-11-26,215.0
2024-11-27,215.0
2024-11-28,214.0
2024-11-29,213.95
2024-12-02,209.0
2024-12-03,210.0
2024-12-04,213.0
2024-12-05,209.0
2024-12-06,209.05
2024-12-09,228.0
2024-12-10,225.1
2024-12-11,226.05
2024-12-12,230.0
2024-12-13,227.0
2024-12-16,232.0
2024-12-17,230.0
2024-12-18,232.9
2024-12-19,229.5
2024-12-20,225.05
2024-12-23,222.5
2024-12-24,223.0
2024-12-25,225.85
2024-12-26,228.5
2024-12-27,227.0
2024-12-30,227.0
2024-12-31,224.05
2025-01-02,224.5
2025-01-03,225.45
2025-01-06,229.5
2025-01-07,225.1
2025-01-08,235.0
2025-01-09,238.2
2025-01-10,237.0
2025-01-13,235.0
2025-01-15,233.2
2025-01-16,236.0
2025-01-17,247.0
2025-01-20,256.45
2025-01-21,250.0
2025-01-22,256.0
2025-01-23,273.0
2025-01-24,277.0
2025-01-27,280.0
2025-01-28,277.0
2025-01-29,274.0
2025-01-30,280.0
2025-01-31,276.0
2025-02-03,283.0
2025-02-04,280.0
2025-02-05,280.1
2025-02-06,292.9
2025-02-07,305.0
2025-02-10,310.0
2025-02-11,294.0
2025-02-12,300.0
2025-02-13,300.1
2025-02-14,300.0
2025-02-17,297.5
2025-02-18,303.5
2025-02-19,302.0
2025-02-20,298.5
2025-02-21,300.0
2025-02-24,299.9
2025-02-25,310.0
2025-02-26,309.9
2025-02-27,295.0
2025-02-28,280.0
2025-03-03,297.0
2025-03-04,285.0
2025-03-05,290.0
2025-03-06,285.0
2025-03-07,304.8
2025-03-10,304.0
2025-03-11,296.0
2025-03-12,296.0
2025-03-13,296.0
2025-03-14,300.0
2025-03-17,298.0
2025-03-18,300.0
2025-03-19,310.0
2025-03-20,310.0
2025-03-21,310.0
2025-03-24,310.0
2025-03-25,320.05
2025-03-26,317.0
2025-03-27,312.0
2025-03-28,300.0
2025-04-02,301.0
2025-04-03,296.1
2025-04-04,292.05
2025-04-07,276.0
2025-04-08,280.15
2025-04-09,271.0
2025-04-10,275.0
2025-04-11,275.0
2025-04-14,280.0
2025-04-15,297.95
2025-04-16,298.0
2025-04-17,295.0
2025-04-18,290.1
2025-04-21,296.9
2025-04-22,298.95
2025-04-23,298.95
2025-04-24,304.95
2025-04-25,305.0
2025-04-28,306.0
2025-04-29,304.0
2025-04-30,302.0
2025-05-02,304.0
2025-05-05,305.0
2025-05-06,303.0
2025-05-07,303.5
2025-05-08,302.1
2025-05-09,301.0
