date,S2M
2011-12-26,325.0
2011-12-27,330.0
2011-12-28,323.0
2011-12-29,307.05
2011-12-30,320.0
2012-01-02,300.0
2012-01-03,296.0
2012-01-04,300.0
2012-01-05,306.0
2012-01-06,300.2
2012-01-09,300.0
2012-01-10,300.25
2012-01-12,297.95
2012-01-13,294.0
2012-01-16,299.0
2012-01-17,300.0
2012-01-18,294.05
2012-01-19,294.1
2012-01-20,294.1
2012-01-23,294.0
2012-01-24,294.0
2012-01-25,291.1
2012-01-26,287.05
2012-01-27,287.3
2012-01-30,282.05
2012-01-31,280.0
2012-02-01,273.0
2012-02-02,284.0
2012-02-03,290.95
2012-02-07,294.0
2012-02-08,290.0
2012-02-09,291.0
2012-02-10,288.65
2012-02-13,289.1
2012-02-14,290.2
2012-02-15,285.3
2012-02-16,286.6
2012-02-17,290.0
2012-02-20,290.9
2012-02-21,297.8
2012-02-22,299.0
2012-02-23,295.0
2012-02-24,293.0
2012-02-27,291.05
2012-02-28,292.1
2012-02-29,291.1
2012-03-01,296.0
2012-03-02,291.0
2012-03-05,290.7
2012-03-06,298.8
2012-03-07,294.0
2012-03-08,299.9
2012-03-09,299.0
2012-03-12,311.0
2012-03-13,307.5
2012-03-14,313.0
2012-03-15,307.15
2012-03-16,301.0
2012-03-19,303.5
2012-03-20,265.0
2012-03-21,270.0
2012-03-22,261.05
2012-03-23,270.0
2012-03-26,266.0
2012-03-27,273.0
2012-03-28,273.0
2012-03-29,272.85
2012-03-30,258.0
2012-04-02,256.5
2012-04-03,250.0
2012-04-04,244.0
2012-04-05,240.0
2012-04-06,228.0
2012-04-09,235.0
2012-04-10,229.0
2012-04-11,231.0
2012-04-12,234.0
2012-04-13,220.0
2012-04-16,220.0
2012-04-17,224.0
2012-04-18,225.0
2012-04-19,220.0
2012-04-20,222.0
2012-04-23,222.0
2012-04-24,220.0
2012-04-25,220.0
2012-04-26,218.0
2012-04-27,215.0
2012-04-30,215.0
2012-05-02,207.25
2012-05-03,205.6
2012-05-04,210.0
2012-05-07,215.0
2012-05-08,226.4
2012-05-09,226.5
2012-05-10,223.8
2012-05-11,219.8
2012-05-14,209.0
2012-05-15,210.1
2012-05-16,207.0
2012-05-17,210.0
2012-05-18,208.05
2012-05-21,209.5
2012-05-22,209.0
2012-05-23,209.5
2012-05-24,210.0
2012-05-25,213.4
2012-05-28,218.0
2012-05-29,216.0
2012-05-30,228.0
2012-05-31,220.3
2012-06-01,226.9
2012-06-04,226.0
2012-06-05,224.0
2012-06-06,218.3
2012-06-07,218.0
2012-06-08,219.0
2012-06-11,224.0
2012-06-12,223.9
2012-06-13,220.9
2012-06-14,219.9
2012-06-15,218.6
2012-06-18,220.0
2012-06-19,220.0
2012-06-20,220.0
2012-06-21,220.0
2012-06-22,221.0
2012-06-25,226.0
2012-06-26,223.0
2012-06-27,223.0
2012-06-28,228.6
2012-06-29,229.0
2012-07-02,229.0
2012-07-03,228.5
2012-07-04,229.0
2012-07-05,230.0
2012-07-06,229.0
2012-07-09,224.0
2012-07-10,222.0
2012-07-11,220.5
2012-07-12,220.5
2012-07-13,227.0
2012-07-16,225.0
2012-07-17,223.05
2012-07-18,225.1
2012-07-19,225.25
2012-07-20,225.2
2012-07-23,225.2
2012-07-24,225.0
2012-07-25,225.0
2012-07-26,223.0
2012-07-27,225.0
2012-07-31,223.05
2012-08-01,223.0
2012-08-02,220.0
2012-08-03,222.0
2012-08-06,223.0
2012-08-07,229.85
2012-08-08,225.0
2012-08-09,225.0
2012-08-10,225.0
2012-08-13,225.0
2012-08-15,223.0
2012-08-16,221.0
2012-08-17,222.0
2012-08-22,220.05
2012-08-23,223.5
2012-08-24,220.05
2012-08-27,221.0
2012-08-28,221.0
2012-08-29,221.0
2012-08-30,220.15
2012-08-31,219.55
2012-09-03,219.5
2012-09-04,219.5
2012-09-05,219.0
2012-09-06,218.0
2012-09-07,216.0
2012-09-10,218.0
2012-09-11,231.0
2012-09-12,220.0
2012-09-13,231.95
2012-09-14,220.35
2012-09-17,220.05
2012-09-18,208.0
2012-09-19,208.0
2012-09-20,209.95
2012-09-21,198.1
2012-09-24,204.5
2012-09-25,198.0
2012-09-26,196.95
2012-09-27,195.0
2012-09-28,194.0
2012-10-01,203.9
2012-10-02,194.0
2012-10-03,189.0
2012-10-04,184.0
2012-10-05,182.0
2012-10-08,191.0
2012-10-09,179.55
2012-10-10,180.0
2012-10-11,174.2
2012-10-12,174.45
2012-10-15,179.0
2012-10-16,177.0
2012-10-17,176.0
2012-10-18,174.0
2012-10-19,167.0
2012-10-22,165.1
2012-10-23,170.0
2012-10-24,165.0
2012-10-25,166.1
2012-10-29,166.0
2012-10-30,167.0
2012-10-31,172.0
2012-11-01,174.95
2012-11-02,174.0
2012-11-05,176.2
2012-11-07,176.2
2012-11-08,177.0
2012-11-09,177.0
2012-11-12,176.0
2012-11-13,178.0
2012-11-14,176.0
2012-11-15,177.0
2012-11-19,175.1
2012-11-20,176.0
2012-11-21,175.9
2012-11-22,178.0
2012-11-23,177.0
2012-11-26,180.0
2012-11-27,180.0
2012-11-28,178.0
2012-11-29,181.5
2012-11-30,180.0
2012-12-03,180.0
2012-12-04,178.0
2012-12-05,180.0
2012-12-06,182.0
2012-12-07,185.0
2012-12-10,189.0
2012-12-11,192.0
2012-12-12,190.0
2012-12-13,190.0
2012-12-14,188.0
2012-12-17,190.0
2012-12-18,180.1
2012-12-19,181.95
2012-12-20,179.0
2012-12-21,172.65
2012-12-24,178.0
2012-12-25,170.0
2012-12-26,170.0
2012-12-27,170.0
2012-12-28,168.05
2012-12-31,168.05
2013-01-02,178.1
2013-01-03,188.0
2013-01-04,180.0
2013-01-07,185.9
2013-01-08,180.0
2013-01-09,169.2
2013-01-10,168.0
2013-01-14,168.0
2013-01-15,168.0
2013-01-16,168.0
2013-01-17,165.05
2013-01-18,165.05
2013-01-21,165.05
2013-01-22,165.5
2013-01-23,165.5
2013-01-28,165.0
2013-01-29,166.0
2013-01-30,166.0
2013-01-31,165.1
2013-02-01,165.5
2013-02-04,170.0
2013-02-05,169.0
2013-02-06,169.0
2013-02-07,166.5
2013-02-08,165.1
2013-02-11,165.15
2013-02-12,165.0
2013-02-13,165.0
2013-02-14,172.0
2013-02-15,165.0
2013-02-18,165.0
2013-02-19,170.9
2013-02-20,165.05
2013-02-21,174.95
2013-02-22,165.05
2013-02-25,170.0
2013-02-26,169.75
2013-02-27,169.75
2013-02-28,169.25
2013-03-01,159.1
2013-03-04,167.5
2013-03-05,167.0
2013-03-06,167.0
2013-03-07,167.0
2013-03-08,166.0
2013-03-11,166.95
2013-03-12,167.0
2013-03-13,167.0
2013-03-14,168.5
2013-03-15,160.0
2013-03-18,168.75
2013-03-19,168.0
2013-03-20,170.0
2013-03-21,169.95
2013-03-22,169.0
2013-03-25,170.0
2013-03-26,162.8
2013-03-27,162.8
2013-03-28,160.0
2013-03-29,150.4
2013-04-01,159.4
2013-04-02,166.95
2013-04-03,176.95
2013-04-04,180.5
2013-04-05,180.0
2013-04-08,185.0
2013-04-09,190.0
2013-04-10,197.7
2013-04-11,192.0
2013-04-12,190.5
2013-04-15,188.2
2013-04-16,190.1
2013-04-17,189.1
2013-04-18,189.0
2013-04-19,188.2
2013-04-22,187.5
2013-04-23,187.5
2013-04-24,187.5
2013-04-25,187.6
2013-04-26,187.5
2013-04-29,187.2
2013-04-30,189.0
2013-05-02,187.5
2013-05-03,193.0
2013-05-06,193.0
2013-05-07,187.5
2013-05-08,187.5
2013-05-09,188.1
2013-05-10,193.0
2013-05-13,194.0
2013-05-14,194.0
2013-05-15,194.0
2013-05-16,187.55
2013-05-17,188.05
2013-05-20,188.15
2013-05-21,189.0
2013-05-22,189.0
2013-05-23,189.25
2013-05-24,189.25
2013-05-27,189.25
2013-05-28,189.5
2013-05-29,192.45
2013-05-30,192.75
2013-05-31,192.0
2013-06-03,192.5
2013-06-04,190.0
2013-06-05,194.0
2013-06-06,195.0
2013-06-07,190.05
2013-06-10,195.0
2013-06-11,194.0
2013-06-12,194.0
2013-06-13,194.0
2013-06-14,190.1
2013-06-17,190.1
2013-06-18,190.0
2013-06-19,188.0
2013-06-20,190.0
2013-06-21,190.0
2013-06-24,190.0
2013-06-25,190.0
2013-06-26,190.0
2013-06-27,190.0
2013-06-28,191.0
2013-07-01,191.15
2013-07-02,200.0
2013-07-03,200.1
2013-07-04,210.0
2013-07-05,205.0
2013-07-08,205.0
2013-07-09,192.8
2013-07-10,203.5
2013-07-11,196.0
2013-07-12,195.0
2013-07-15,195.0
2013-07-16,195.0
2013-07-17,195.2
2013-07-18,196.0
2013-07-19,196.0
2013-07-22,197.0
2013-07-23,203.5
2013-07-24,203.5
2013-07-25,203.0
2013-07-26,203.0
2013-07-29,196.55
2013-07-31,197.0
2013-08-01,197.0
2013-08-02,197.0
2013-08-05,197.0
2013-08-06,197.0
2013-08-08,197.0
2013-08-12,197.0
2013-08-13,206.0
2013-08-15,206.0
2013-08-16,207.0
2013-08-19,204.0
2013-08-22,207.0
2013-08-23,218.0
2013-08-26,212.0
2013-08-27,211.9
2013-08-28,211.8
2013-08-29,211.8
2013-08-30,211.45
2013-09-02,207.5
2013-09-03,203.0
2013-09-04,203.0
2013-09-05,209.8
2013-09-06,208.0
2013-09-09,207.0
2013-09-10,206.5
2013-09-11,205.05
2013-09-12,203.1
2013-09-13,203.05
2013-09-16,175.5
2013-09-17,186.0
2013-09-18,186.0
2013-09-19,186.0
2013-09-20,193.85
2013-09-23,183.0
2013-09-24,183.0
2013-09-25,177.0
2013-09-26,179.0
2013-09-27,187.95
2013-09-30,178.0
2013-10-01,180.0
2013-10-02,178.0
2013-10-03,178.25
2013-10-04,179.1
2013-10-07,174.05
2013-10-08,178.0
2013-10-09,175.0
2013-10-10,175.0
2013-10-11,175.0
2013-10-14,175.0
2013-10-15,171.1
2013-10-21,180.0
2013-10-22,180.0
2013-10-23,178.95
2013-10-24,178.95
2013-10-25,172.5
2013-10-28,180.0
2013-10-29,184.0
2013-10-30,173.0
2013-10-31,176.0
2013-11-01,173.5
2013-11-04,177.0
2013-11-07,179.0
2013-11-08,179.0
2013-11-11,175.0
2013-11-12,176.0
2013-11-13,172.0
2013-11-14,172.0
2013-11-15,173.05
2013-11-19,173.05
2013-11-20,173.15
2013-11-21,173.15
2013-11-22,173.1
2013-11-25,173.1
2013-11-26,175.0
2013-11-27,175.0
2013-11-28,171.3
2013-11-29,176.0
2013-12-02,177.95
2013-12-03,177.0
2013-12-04,174.0
2013-12-05,174.0
2013-12-06,174.0
2013-12-09,167.0
2013-12-10,174.0
2013-12-11,172.1
2013-12-12,172.5
2013-12-13,172.5
2013-12-16,179.5
2013-12-17,179.5
2013-12-18,179.5
2013-12-19,172.8
2013-12-20,177.0
2013-12-23,177.0
2013-12-24,178.0
2013-12-25,178.0
2013-12-26,178.0
2013-12-27,176.0
2013-12-30,175.0
2013-12-31,172.0
2014-01-02,172.0
2014-01-03,171.0
2014-01-06,171.05
2014-01-07,171.05
2014-01-08,175.0
2014-01-09,172.1
2014-01-10,168.05
2014-01-13,174.95
2014-01-16,174.95
2014-01-17,172.0
2014-01-20,165.65
2014-01-21,166.7
2014-01-22,165.7
2014-01-23,173.8
2014-01-24,167.0
2014-01-27,170.0
2014-01-28,173.45
2014-01-29,173.5
2014-01-30,170.3
2014-01-31,177.0
2014-02-03,170.0
2014-02-04,173.35
2014-02-05,182.0
2014-02-06,174.45
2014-02-07,173.1
2014-02-10,173.5
2014-02-11,171.6
2014-02-12,178.4
2014-02-13,178.4
2014-02-14,179.0
2014-02-17,189.45
2014-02-18,178.1
2014-02-19,182.0
2014-02-20,173.0
2014-02-21,173.0
2014-02-24,173.4
2014-02-25,179.0
2014-02-26,179.0
2014-02-27,179.0
2014-02-28,179.0
2014-03-03,179.0
2014-03-04,180.0
2014-03-05,176.1
2014-03-06,179.95
2014-03-07,176.5
2014-03-10,180.0
2014-03-11,180.0
2014-03-12,184.0
2014-03-13,186.5
2014-03-14,180.35
2014-03-17,185.0
2014-03-18,183.15
2014-03-19,182.0
2014-03-20,192.0
2014-03-21,191.0
2014-03-24,183.0
2014-03-25,184.5
2014-03-26,184.5
2014-03-27,187.0
2014-03-28,183.3
2014-03-31,188.0
2014-04-01,180.1
2014-04-02,180.0
2014-04-03,184.9
2014-04-04,180.25
2014-04-07,178.0
2014-04-08,178.0
2014-04-09,178.0
2014-04-10,180.0
2014-04-11,184.8
2014-04-14,184.8
2014-04-15,180.0
2014-04-16,180.0
2014-04-17,182.0
2014-04-18,184.0
2014-04-21,184.0
2014-04-22,183.0
2014-04-23,183.0
2014-04-24,183.0
2014-04-25,180.0
2014-04-28,183.0
2014-04-29,178.15
2014-04-30,182.0
2014-05-02,182.0
2014-05-05,182.0
2014-05-06,182.0
2014-05-07,178.7
2014-05-08,178.7
2014-05-09,180.0
2014-05-12,180.0
2014-05-13,183.95
2014-05-14,183.95
2014-05-15,179.0
2014-05-16,183.0
2014-05-19,180.0
2014-05-20,180.0
2014-05-21,180.0
2014-05-22,179.0
2014-05-23,179.0
2014-05-26,179.1
2014-05-27,183.9
2014-05-28,179.15
2014-05-29,179.1
2014-05-30,179.1
2014-06-02,183.0
2014-06-03,183.0
2014-06-04,183.85
2014-06-05,183.0
2014-06-06,179.15
2014-06-09,179.15
2014-06-10,179.15
2014-06-11,183.0
2014-06-12,184.0
2014-06-13,180.0
2014-06-16,184.0
2014-06-17,184.5
2014-06-18,184.5
2014-06-19,184.5
2014-06-20,178.5
2014-06-23,178.5
2014-06-24,183.9
2014-06-25,180.0
2014-06-26,180.0
2014-06-27,176.2
2014-06-30,178.7
2014-07-01,178.7
2014-07-02,178.7
2014-07-03,178.7
2014-07-04,178.7
2014-07-07,178.7
2014-07-08,178.7
2014-07-09,178.7
2014-07-10,178.7
2014-07-11,178.7
2014-07-14,178.7
2014-07-15,178.7
2014-07-16,177.05
2014-07-17,178.0
2014-07-18,178.0
2014-07-21,178.1
2014-07-22,179.5
2014-07-23,179.5
2014-07-24,178.15
2014-07-25,175.0
2014-07-31,175.0
2014-08-01,175.0
2014-08-04,175.0
2014-08-05,175.0
2014-08-06,175.0
2014-08-07,180.0
2014-08-08,180.0
2014-08-11,175.0
2014-08-12,175.0
2014-08-13,175.0
2014-08-15,175.0
2014-08-18,175.0
2014-08-19,175.0
2014-08-22,185.4
2014-08-25,175.0
2014-08-26,175.0
2014-08-27,175.0
2014-08-28,175.0
2014-08-29,183.9
2014-09-01,183.9
2014-09-02,183.9
2014-09-03,183.9
2014-09-04,183.9
2014-09-05,183.9
2014-09-08,183.9
2014-09-09,183.9
2014-09-10,178.0
2014-09-11,180.0
2014-09-12,182.05
2014-09-15,173.0
2014-09-16,174.5
2014-09-17,173.5
2014-09-18,173.6
2014-09-19,174.0
2014-09-22,170.25
2014-09-23,174.95
2014-09-24,174.95
2014-09-25,174.9
2014-09-26,171.0
2014-09-29,171.0
2014-09-30,174.4
2014-10-01,174.4
2014-10-02,172.0
2014-10-03,173.95
2014-10-07,172.0
2014-10-08,172.0
2014-10-09,172.0
2014-10-10,170.0
2014-10-13,173.5
2014-10-14,170.0
2014-10-15,173.45
2014-10-16,173.45
2014-10-17,174.0
2014-10-20,175.0
2014-10-21,170.05
2014-10-22,170.05
2014-10-23,170.05
2014-10-24,174.75
2014-10-27,174.75
2014-10-28,174.0
2014-10-29,170.1
2014-10-30,170.1
2014-10-31,170.1
2014-11-03,170.05
2014-11-04,173.0
2014-11-05,170.05
2014-11-07,170.1
2014-11-10,170.1
2014-11-11,170.0
2014-11-12,170.0
2014-11-13,170.0
2014-11-14,170.0
2014-11-17,170.0
2014-11-19,166.1
2014-11-20,166.1
2014-11-21,166.1
2014-11-24,169.0
2014-11-25,168.0
2014-11-26,168.0
2014-11-27,168.0
2014-11-28,168.0
2014-12-01,166.0
2014-12-02,168.0
2014-12-03,167.0
2014-12-04,167.0
2014-12-05,165.0
2014-12-08,170.0
2014-12-09,170.0
2014-12-10,170.0
2014-12-11,169.0
2014-12-12,169.0
2014-12-15,160.4
2014-12-16,167.45
2014-12-17,166.95
2014-12-18,161.0
2014-12-19,159.3
2014-12-22,159.3
2014-12-23,155.15
2014-12-24,163.95
2014-12-25,167.25
2014-12-26,158.0
2014-12-29,160.0
2014-12-30,155.05
2014-12-31,159.0
2015-01-02,163.95
2015-01-06,158.0
2015-01-07,158.0
2015-01-08,161.0
2015-01-09,161.0
2015-01-12,161.0
2015-01-13,161.0
2015-01-14,161.0
2015-01-15,161.0
2015-01-16,161.0
2015-01-19,158.05
2015-01-20,158.0
2015-01-21,158.0
2015-01-22,160.0
2015-01-23,158.0
2015-01-26,158.0
2015-01-27,158.0
2015-01-28,164.95
2015-01-29,163.0
2015-01-30,151.5
2015-02-02,153.0
2015-02-03,154.0
2015-02-04,156.0
2015-02-05,161.85
2015-02-06,161.9
2015-02-09,156.0
2015-02-10,164.8
2015-02-11,156.5
2015-02-12,164.8
2015-02-13,156.1
2015-02-16,156.1
2015-02-17,146.8
2015-02-18,148.05
2015-02-19,156.85
2015-02-20,147.45
2015-02-23,155.9
2015-02-24,155.9
2015-02-25,155.0
2015-02-26,150.0
2015-02-27,155.95
2015-03-02,158.0
2015-03-03,151.0
2015-03-04,157.9
2015-03-05,157.9
2015-03-06,151.0
2015-03-09,153.0
2015-03-10,153.0
2015-03-11,153.0
2015-03-12,153.0
2015-03-13,150.0
2015-03-16,150.0
2015-03-17,150.0
2015-03-18,150.0
2015-03-19,150.0
2015-03-20,165.0
2015-03-23,179.05
2015-03-24,179.0
2015-03-25,180.0
2015-03-26,180.0
2015-03-27,176.4
2015-03-30,175.0
2015-03-31,175.1
2015-04-01,180.0
2015-04-02,180.0
2015-04-03,175.0
2015-04-06,166.0
2015-04-07,175.0
2015-04-08,175.0
2015-04-09,176.95
2015-04-10,170.3
2015-04-13,170.3
2015-04-14,175.0
2015-04-15,175.0
2015-04-16,175.0
2015-04-17,175.0
2015-04-20,173.0
2015-04-21,178.0
2015-04-22,178.0
2015-04-23,175.0
2015-04-24,177.0
2015-04-27,175.1
2015-04-28,175.1
2015-04-29,176.0
2015-04-30,178.7
2015-05-04,178.7
2015-05-05,179.8
2015-05-06,184.0
2015-05-07,180.0
2015-05-08,180.0
2015-05-11,180.0
2015-05-12,180.0
2015-05-13,180.0
2015-05-14,180.0
2015-05-15,180.0
2015-05-18,184.95
2015-05-19,187.95
2015-05-20,187.9
2015-05-21,180.0
2015-05-22,177.0
2015-05-25,177.0
2015-05-26,175.5
2015-05-27,172.0
2015-05-28,172.0
2015-05-29,172.0
2015-06-01,172.0
2015-06-02,174.3
2015-06-03,174.3
2015-06-04,175.0
2015-06-05,185.5
2015-06-08,190.0
2015-06-09,190.0
2015-06-10,181.5
2015-06-11,181.5
2015-06-12,181.5
2015-06-15,181.5
2015-06-16,182.75
2015-06-17,183.05
2015-06-18,183.5
2015-06-19,187.0
2015-06-22,187.0
2015-06-23,189.0
2015-06-24,189.0
2015-06-25,189.0
2015-06-26,189.0
2015-06-29,190.0
2015-06-30,190.0
2015-07-01,190.0
2015-07-02,190.0
2015-07-03,190.0
2015-07-06,190.0
2015-07-07,190.0
2015-07-08,186.0
2015-07-09,193.0
2015-07-10,189.0
2015-07-13,191.0
2015-07-14,191.0
2015-07-15,192.75
2015-07-16,193.7
2015-07-20,192.0
2015-07-21,192.0
2015-07-22,195.0
2015-07-23,195.0
2015-07-24,201.9
2015-07-27,209.95
2015-07-28,206.0
2015-07-29,212.0
2015-07-31,214.0
2015-08-03,216.0
2015-08-04,212.95
2015-08-05,209.0
2015-08-06,206.3
2015-08-07,209.0
2015-08-10,205.05
2015-08-11,203.0
2015-08-12,202.0
2015-08-13,202.8
2015-08-17,202.5
2015-08-18,204.0
2015-08-19,210.0
2015-08-24,209.0
2015-08-25,209.9
2015-08-26,208.0
2015-08-27,207.0
2015-08-28,208.0
2015-08-31,205.0
2015-09-01,200.0
2015-09-02,201.8
2015-09-03,200.0
2015-09-04,197.1
2015-09-07,201.0
2015-09-08,197.0
2015-09-09,199.0
2015-09-10,200.0
2015-09-11,202.0
2015-09-14,205.0
2015-09-15,195.0
2015-09-16,186.0
2015-09-17,178.0
2015-09-18,181.0
2015-09-21,191.85
2015-09-22,195.0
2015-09-23,189.0
2015-09-28,190.0
2015-09-29,183.05
2015-09-30,194.0
2015-10-01,205.0
2015-10-02,192.7
2015-10-05,190.0
2015-10-06,198.5
2015-10-07,198.0
2015-10-08,198.0
2015-10-09,186.15
2015-10-12,192.8
2015-10-13,189.95
2015-10-14,184.0
2015-10-16,185.0
2015-10-19,184.0
2015-10-20,180.0
2015-10-21,183.5
2015-10-22,181.8
2015-10-23,180.0
2015-10-26,189.0
2015-10-27,188.0
2015-10-28,186.75
2015-10-29,196.5
2015-10-30,190.5
2015-11-02,196.1
2015-11-03,194.7
2015-11-04,183.5
2015-11-05,182.0
2015-11-09,181.6
2015-11-10,182.0
2015-11-11,180.2
2015-11-12,180.2
2015-11-13,180.0
2015-11-16,180.0
2015-11-17,182.0
2015-11-19,184.8
2015-11-20,183.9
2015-11-23,183.0
2015-11-24,183.0
2015-11-25,182.0
2015-11-26,180.5
2015-11-27,180.7
2015-11-30,177.0
2015-12-01,178.0
2015-12-02,178.0
2015-12-03,176.5
2015-12-04,181.95
2015-12-07,178.0
2015-12-08,181.5
2015-12-09,175.0
2015-12-10,172.0
2015-12-11,181.0
2015-12-14,180.0
2015-12-15,177.0
2015-12-16,171.0
2015-12-17,181.0
2015-12-18,181.8
2015-12-21,179.9
2015-12-22,171.2
2015-12-23,181.0
2015-12-28,180.0
2015-12-29,175.0
2015-12-30,175.0
2015-12-31,180.0
2016-01-04,180.0
2016-01-05,180.0
2016-01-06,179.9
2016-01-07,180.0
2016-01-08,180.0
2016-01-12,176.8
2016-01-13,176.8
2016-01-14,187.4
2016-01-15,177.0
2016-01-18,180.5
2016-01-19,183.8
2016-01-20,184.0
2016-01-21,182.1
2016-01-22,182.0
2016-01-25,182.9
2016-01-26,183.0
2016-01-27,185.0
2016-01-28,185.0
2016-01-29,186.9
2016-02-01,187.0
2016-02-02,188.75
2016-02-03,200.0
2016-02-04,200.0
2016-02-05,195.0
2016-02-08,195.0
2016-02-09,190.0
2016-02-10,190.0
2016-02-11,191.8
2016-02-12,191.0
2016-02-15,188.1
2016-02-16,198.95
2016-02-17,199.8
2016-02-18,210.0
2016-02-19,199.1
2016-02-22,200.0
2016-02-23,201.0
2016-02-24,199.0
2016-02-25,201.0
2016-02-26,191.1
2016-02-29,200.0
2016-03-01,204.0
2016-03-02,208.0
2016-03-03,208.0
2016-03-04,209.0
2016-03-07,210.0
2016-03-08,210.0
2016-03-09,213.0
2016-03-10,210.0
2016-03-11,212.0
2016-03-14,210.0
2016-03-15,214.5
2016-03-16,210.0
2016-03-17,212.0
2016-03-18,211.0
2016-03-21,211.0
2016-03-22,219.0
2016-03-23,224.5
2016-03-24,230.0
2016-03-25,224.0
2016-03-28,226.0
2016-03-29,224.0
2016-03-30,237.4
2016-03-31,224.6
2016-04-01,224.6
2016-04-04,224.0
2016-04-05,220.0
2016-04-06,221.0
2016-04-07,221.0
2016-04-08,232.0
2016-04-11,220.1
2016-04-12,221.0
2016-04-13,229.5
2016-04-14,227.0
2016-04-15,230.0
2016-04-18,221.1
2016-04-19,223.0
2016-04-20,219.2
2016-04-21,220.8
2016-04-22,229.0
2016-04-25,217.0
2016-04-26,218.0
2016-04-27,221.0
2016-04-28,229.0
2016-04-29,230.0
2016-05-02,227.0
2016-05-03,225.0
2016-05-04,222.0
2016-05-05,223.0
2016-05-06,224.0
2016-05-09,217.2
2016-05-10,227.9
2016-05-11,227.0
2016-05-12,222.0
2016-05-13,226.85
2016-05-16,224.0
2016-05-17,222.0
2016-05-18,221.0
2016-05-19,222.0
2016-05-20,222.0
2016-05-23,221.0
2016-05-24,220.1
2016-05-25,219.0
2016-05-26,223.0
2016-05-27,220.0
2016-05-30,221.0
2016-05-31,220.0
2016-06-01,219.0
2016-06-02,220.0
2016-06-03,225.0
2016-06-06,217.0
2016-06-07,219.0
2016-06-08,220.0
2016-06-09,219.95
2016-06-10,224.0
2016-06-13,221.0
2016-06-14,221.0
2016-06-15,221.0
2016-06-16,224.0
2016-06-17,228.0
2016-06-20,226.0
2016-06-21,224.0
2016-06-22,225.0
2016-06-23,224.0
2016-06-24,228.0
2016-06-27,226.0
2016-06-28,227.0
2016-06-29,227.0
2016-06-30,225.0
2016-07-01,223.0
2016-07-04,225.0
2016-07-05,225.0
2016-07-11,229.95
2016-07-12,215.0
2016-07-13,212.0
2016-07-14,212.0
2016-07-15,212.0
2016-07-18,212.0
2016-07-19,212.0
2016-07-20,212.0
2016-07-21,212.0
2016-07-22,212.0
2016-07-25,212.0
2016-07-26,201.0
2016-07-27,199.0
2016-07-28,210.0
2016-07-29,210.0
2016-08-01,210.0
2016-08-02,210.0
2016-08-03,214.4
2016-08-04,210.0
2016-08-05,205.0
2016-08-08,205.0
2016-08-09,207.0
2016-08-10,205.0
2016-08-11,207.0
2016-08-12,209.0
2016-08-15,209.0
2016-08-16,209.0
2016-08-17,209.0
2016-08-18,209.0
2016-08-19,209.0
2016-08-22,209.0
2016-08-23,209.0
2016-08-24,209.0
2016-08-25,208.0
2016-08-26,208.9
2016-08-29,208.9
2016-08-30,208.9
2016-08-31,202.05
2016-09-01,208.8
2016-09-02,208.8
2016-09-05,208.8
2016-09-06,208.8
2016-09-07,208.8
2016-09-08,208.8
2016-09-09,207.95
2016-09-14,207.95
2016-09-15,208.0
2016-09-16,208.0
2016-09-19,208.0
2016-09-20,208.0
2016-09-21,209.0
2016-09-22,205.2
2016-09-23,210.0
2016-09-26,210.0
2016-09-27,208.55
2016-09-28,208.1
2016-09-29,207.1
2016-09-30,201.0
2016-10-04,204.0
2016-10-05,199.0
2016-10-06,199.0
2016-10-07,199.0
2016-10-10,201.0
2016-10-11,197.0
2016-10-12,197.0
2016-10-13,195.0
2016-10-14,195.0
2016-10-17,195.0
2016-10-18,193.5
2016-10-19,194.0
2016-10-20,190.0
2016-10-21,190.0
2016-10-24,190.0
2016-10-25,190.0
2016-10-26,193.5
2016-10-27,193.5
2016-10-28,188.05
2016-10-31,193.6
2016-11-01,199.9
2016-11-02,195.0
2016-11-03,195.0
2016-11-04,197.7
2016-11-07,197.7
2016-11-08,195.0
2016-11-09,195.0
2016-11-10,195.0
2016-11-11,199.5
2016-11-14,199.5
2016-11-15,193.8
2016-11-16,199.2
2016-11-17,193.2
2016-11-21,199.35
2016-11-22,199.65
2016-11-23,198.0
2016-11-24,203.5
2016-11-25,202.1
2016-11-28,202.05
2016-11-29,201.6
2016-11-30,201.6
2016-12-01,216.9
2016-12-02,219.5
2016-12-05,219.5
2016-12-06,217.0
2016-12-07,206.55
2016-12-08,206.55
2016-12-09,206.55
2016-12-14,206.25
2016-12-15,206.25
2016-12-16,212.4
2016-12-19,214.7
2016-12-20,212.0
2016-12-21,212.0
2016-12-22,207.0
2016-12-23,212.4
2016-12-26,212.4
2016-12-27,208.0
2016-12-28,207.0
2016-12-29,212.0
2016-12-30,213.0
2017-01-02,213.0
2017-01-03,213.0
2017-01-04,210.0
2017-01-05,216.2
2017-01-06,208.7
2017-01-09,209.2
2017-01-10,209.3
2017-01-12,214.5
2017-01-13,209.1
2017-01-16,214.0
2017-01-17,211.0
2017-01-18,210.0
2017-01-19,215.8
2017-01-20,210.4
2017-01-23,210.1
2017-01-24,210.1
2017-01-25,210.1
2017-01-26,213.95
2017-01-27,213.95
2017-01-30,215.8
2017-01-31,211.0
2017-02-01,211.0
2017-02-02,211.2
2017-02-03,215.0
2017-02-06,215.0
2017-02-07,217.5
2017-02-08,217.5
2017-02-09,217.5
2017-02-10,217.5
2017-02-13,229.95
2017-02-14,212.6
2017-02-15,212.65
2017-02-16,220.8
2017-02-17,221.0
2017-02-20,221.0
2017-02-21,221.0
2017-02-22,217.5
2017-02-23,216.0
2017-02-24,216.0
2017-02-27,217.0
2017-02-28,223.0
2017-03-01,223.0
2017-03-02,228.0
2017-03-03,228.0
2017-03-06,225.0
2017-03-07,225.0
2017-03-08,225.0
2017-03-09,236.0
2017-03-10,235.0
2017-03-13,239.0
2017-03-14,238.0
2017-03-15,238.0
2017-03-16,237.45
2017-03-17,237.0
2017-03-20,222.0
2017-03-21,234.6
2017-03-22,234.6
2017-03-23,234.6
2017-03-24,234.6
2017-03-27,225.0
2017-03-28,229.0
2017-03-29,229.0
2017-03-30,223.0
2017-03-31,223.0
2017-04-03,223.0
2017-04-04,232.45
2017-04-05,232.45
2017-04-06,229.95
2017-04-07,220.0
2017-04-10,220.0
2017-04-11,218.25
2017-04-12,218.25
2017-04-13,218.25
2017-04-14,230.45
2017-04-17,230.45
2017-04-18,221.1
2017-04-19,227.1
2017-04-20,227.1
2017-04-21,232.0
2017-04-24,232.0
2017-04-25,232.0
2017-04-26,232.0
2017-04-27,235.0
2017-04-28,238.0
2017-05-02,245.0
2017-05-03,248.9
2017-05-04,250.0
2017-05-05,250.0
2017-05-08,259.0
2017-05-09,259.0
2017-05-10,259.0
2017-05-11,259.0
2017-05-12,248.0
2017-05-15,248.0
2017-05-16,250.0
2017-05-17,250.0
2017-05-18,250.0
2017-05-19,253.0
2017-05-22,253.0
2017-05-23,253.0
2017-05-24,253.0
2017-05-25,253.0
2017-05-26,253.0
2017-05-29,250.0
2017-05-30,252.0
2017-05-31,252.0
2017-06-01,252.0
2017-06-02,252.0
2017-06-05,252.0
2017-06-06,252.0
2017-06-07,252.0
2017-06-08,252.0
2017-06-09,253.0
2017-06-12,258.0
2017-06-13,258.0
2017-06-14,258.0
2017-06-15,258.0
2017-06-16,250.0
2017-06-19,250.0
2017-06-20,249.9
2017-06-21,249.9
2017-06-22,249.9
2017-06-23,255.0
2017-06-28,257.0
2017-06-29,257.0
2017-06-30,258.0
2017-07-03,258.0
2017-07-04,244.0
2017-07-05,244.0
2017-07-06,260.0
2017-07-07,264.0
2017-07-10,265.45
2017-07-11,268.95
2017-07-12,268.95
2017-07-13,279.95
2017-07-14,270.0
2017-07-17,290.0
2017-07-18,289.5
2017-07-19,277.0
2017-07-20,277.0
2017-07-21,279.0
2017-07-24,280.0
2017-07-25,289.0
2017-07-26,281.0
2017-07-27,288.55
2017-07-28,278.35
2017-07-31,280.1
2017-08-01,288.0
2017-08-02,284.9
2017-08-03,280.0
2017-08-04,281.0
2017-08-07,284.85
2017-08-08,284.9
2017-08-09,276.15
2017-08-10,280.0
2017-08-11,280.0
2017-08-15,281.0
2017-08-16,281.0
2017-08-17,284.5
2017-08-18,290.0
2017-08-22,285.0
2017-08-23,266.0
2017-08-24,270.0
2017-08-25,286.5
2017-08-28,285.5
2017-08-29,280.05
2017-08-30,280.0
2017-08-31,279.0
2017-09-04,279.0
2017-09-05,279.0
2017-09-06,279.0
2017-09-07,278.9
2017-09-08,279.0
2017-09-11,270.1
2017-09-12,278.9
2017-09-13,283.0
2017-09-14,283.9
2017-09-15,280.0
2017-09-18,255.5
2017-09-19,250.0
2017-09-20,250.0
2017-09-21,250.0
2017-09-25,250.0
2017-09-26,252.0
2017-09-27,252.0
2017-09-28,251.9
2017-09-29,264.0
2017-10-02,251.2
2017-10-03,255.1
2017-10-04,255.1
2017-10-05,264.0
2017-10-06,275.0
2017-10-09,258.0
2017-10-10,256.1
2017-10-11,256.1
2017-10-12,257.1
2017-10-13,262.0
2017-10-16,262.0
2017-10-17,255.25
2017-10-18,255.25
2017-10-19,260.0
2017-10-20,250.0
2017-10-23,250.0
2017-10-24,250.0
2017-10-25,255.0
2017-10-26,263.0
2017-10-27,264.7
2017-10-30,260.1
2017-10-31,265.0
2017-11-01,261.5
2017-11-02,260.1
2017-11-03,269.0
2017-11-07,269.0
2017-11-08,285.0
2017-11-09,285.0
2017-11-10,279.95
2017-11-13,275.0
2017-11-14,275.0
2017-11-15,275.0
2017-11-16,272.0
2017-11-17,272.0
2017-11-20,265.0
2017-11-21,265.0
2017-11-22,272.0
2017-11-23,263.9
2017-11-24,269.95
2017-11-27,269.95
2017-11-28,269.0
2017-11-29,269.0
2017-11-30,266.0
2017-12-04,270.0
2017-12-05,269.0
2017-12-06,266.0
2017-12-07,266.0
2017-12-08,266.0
2017-12-11,266.0
2017-12-12,266.0
2017-12-13,266.0
2017-12-14,269.0
2017-12-15,243.05
2017-12-18,263.0
2017-12-19,263.0
2017-12-20,268.4
2017-12-21,263.6
2017-12-22,263.5
2017-12-25,263.5
2017-12-26,260.0
2017-12-27,260.0
2017-12-28,260.0
2017-12-29,265.0
2018-01-02,262.5
2018-01-03,262.5
2018-01-04,270.0
2018-01-05,270.0
2018-01-08,272.8
2018-01-09,272.8
2018-01-10,263.1
2018-01-12,275.0
2018-01-15,278.0
2018-01-16,294.0
2018-01-17,294.0
2018-01-18,280.05
2018-01-19,285.9
2018-01-22,284.2
2018-01-23,299.9
2018-01-24,318.0
2018-01-25,332.95
2018-01-26,333.0
2018-01-29,332.4
2018-01-30,330.0
2018-01-31,328.9
2018-02-01,318.0
2018-02-02,318.1
2018-02-05,326.6
2018-02-06,326.6
2018-02-07,323.95
2018-02-08,320.0
2018-02-09,320.0
2018-02-12,320.0
2018-02-13,313.6
2018-02-14,315.0
2018-02-15,306.0
2018-02-16,319.9
2018-02-19,318.95
2018-02-20,320.5
2018-02-21,320.5
2018-02-22,320.0
2018-02-23,320.0
2018-02-26,320.0
2018-02-27,319.85
2018-02-28,317.4
2018-03-01,317.4
2018-03-02,296.0
2018-03-05,319.0
2018-03-06,303.0
2018-03-07,300.0
2018-03-08,300.0
2018-03-09,308.95
2018-03-12,308.9
2018-03-13,313.5
2018-03-14,313.5
2018-03-15,313.5
2018-03-16,313.5
2018-03-19,313.5
2018-03-20,313.5
2018-03-21,318.4
2018-03-22,318.4
2018-03-23,310.0
2018-03-26,308.8
2018-03-27,311.0
2018-03-28,311.0
2018-03-29,311.0
2018-03-30,306.0
2018-04-02,306.0
2018-04-03,309.5
2018-04-04,309.5
2018-04-05,309.5
2018-04-06,291.0
2018-04-09,290.0
2018-04-10,290.0
2018-04-11,300.0
2018-04-12,300.0
2018-04-13,298.5
2018-04-16,298.4
2018-04-17,296.0
2018-04-18,285.0
2018-04-19,292.0
2018-04-20,292.0
2018-04-23,284.1
2018-04-24,283.0
2018-04-25,283.0
2018-04-26,280.05
2018-04-27,290.0
2018-04-30,290.0
2018-05-02,288.95
2018-05-03,288.95
2018-05-04,289.8
2018-05-07,289.95
2018-05-08,289.95
2018-05-09,282.0
2018-05-10,282.0
2018-05-11,287.0
2018-05-14,287.0
2018-05-15,287.0
2018-05-16,278.6
2018-05-17,278.6
2018-05-18,255.0
2018-05-21,255.0
2018-05-22,277.8
2018-05-23,277.7
2018-05-24,277.7
2018-05-25,277.85
2018-05-28,277.85
2018-05-29,284.95
2018-05-30,284.95
2018-05-31,284.95
2018-06-01,289.95
2018-06-04,289.95
2018-06-05,289.95
2018-06-06,289.95
2018-06-07,289.75
2018-06-08,285.0
2018-06-11,285.0
2018-06-12,285.0
2018-06-13,285.0
2018-06-14,285.0
2018-06-18,285.0
2018-06-19,293.5
2018-06-20,293.5
2018-06-21,293.5
2018-06-22,293.5
2018-06-25,294.7
2018-06-26,294.7
2018-06-27,294.7
2018-06-28,294.7
2018-06-29,294.7
2018-07-02,294.7
2018-07-03,294.7
2018-07-04,294.7
2018-07-05,294.7
2018-07-06,290.0
2018-07-09,290.0
2018-07-10,290.0
2018-07-11,280.0
2018-07-12,280.0
2018-07-13,271.0
2018-07-16,265.0
2018-07-17,282.0
2018-07-18,282.0
2018-07-19,282.0
2018-07-20,285.0
2018-07-23,285.0
2018-07-24,285.0
2018-07-25,269.5
2018-07-26,275.0
2018-07-27,275.0
2018-07-31,275.0
2018-08-01,275.0
2018-08-02,275.0
2018-08-03,275.0
2018-08-06,275.0
2018-08-07,275.0
2018-08-08,268.5
2018-08-09,261.5
2018-08-10,270.0
2018-08-13,256.05
2018-08-15,256.05
2018-08-16,256.05
2018-08-17,265.0
2018-08-24,285.0
2018-08-27,270.0
2018-08-28,270.0
2018-08-29,270.0
2018-08-30,270.0
2018-08-31,270.0
2018-09-03,270.0
2018-09-04,275.0
2018-09-05,275.0
2018-09-06,268.0
2018-09-07,252.1
2018-09-10,260.0
2018-09-12,260.0
2018-09-13,255.0
2018-09-14,251.0
2018-09-17,255.0
2018-09-18,255.0
2018-09-19,255.0
2018-09-20,259.95
2018-09-21,259.95
2018-09-24,259.9
2018-09-25,259.9
2018-09-26,259.8
2018-09-27,259.8
2018-09-28,255.0
2018-10-01,252.0
2018-10-02,252.0
2018-10-03,252.0
2018-10-04,252.0
2018-10-05,259.8
2018-10-08,255.0
2018-10-09,255.0
2018-10-10,255.0
2018-10-11,255.0
2018-10-12,255.0
2018-10-15,259.0
2018-10-16,259.0
2018-10-17,259.0
2018-10-18,259.0
2018-10-19,259.0
2018-10-22,259.0
2018-10-23,259.0
2018-10-24,258.9
2018-10-25,255.0
2018-10-26,255.0
2018-10-29,250.0
2018-10-30,250.0
2018-10-31,258.0
2018-11-01,253.0
2018-11-02,253.0
2018-11-05,253.0
2018-11-07,253.0
2018-11-08,253.0
2018-11-09,253.0
2018-11-12,253.0
2018-11-13,253.0
2018-11-14,250.0
2018-11-15,250.0
2018-11-16,250.0
2018-11-19,250.0
2018-11-22,250.0
2018-11-23,250.0
2018-11-26,250.0
2018-11-27,250.0
2018-11-28,256.95
2018-11-29,256.95
2018-11-30,250.0
2018-12-03,250.0
2018-12-04,251.0
2018-12-05,251.0
2018-12-06,251.0
2018-12-07,258.0
2018-12-10,258.0
2018-12-11,258.0
2018-12-12,265.0
2018-12-13,252.0
2018-12-14,252.0
2018-12-17,252.0
2018-12-18,252.0
2018-12-19,252.9
2018-12-20,250.0
2018-12-21,250.0
2018-12-24,250.0
2018-12-25,255.0
2018-12-26,251.1
2018-12-27,250.0
2018-12-28,257.0
2018-12-31,257.0
2019-01-02,263.3
2019-01-03,263.3
2019-01-04,267.45
2019-01-07,273.0
2019-01-08,298.0
2019-01-09,298.0
2019-01-10,298.0
2019-01-14,298.0
2019-01-15,270.0
2019-01-16,270.0
2019-01-17,270.0
2019-01-18,255.05
2019-01-21,279.0
2019-01-22,270.0
2019-01-23,274.0
2019-01-24,279.5
2019-01-25,293.95
2019-01-28,293.95
2019-01-29,281.9
2019-01-30,281.9
2019-01-31,281.9
2019-02-01,275.0
2019-02-04,275.0
2019-02-05,275.0
2019-02-06,275.0
2019-02-07,275.0
2019-02-08,275.0
2019-02-11,275.0
2019-02-12,278.6
2019-02-13,278.6
2019-02-14,278.6
2019-02-15,278.6
2019-02-18,278.6
2019-02-19,278.6
2019-02-20,278.6
2019-02-21,278.6
2019-02-22,279.5
2019-02-25,278.6
2019-02-26,278.6
2019-02-27,275.35
2019-02-28,275.35
2019-03-01,277.05
2019-03-04,277.25
2019-03-05,277.25
2019-03-06,286.5
2019-03-07,275.0
2019-03-08,283.0
2019-03-11,283.0
2019-03-12,285.0
2019-03-13,285.0
2019-03-14,285.0
2019-03-15,285.0
2019-03-18,285.0
2019-03-19,285.0
2019-03-20,260.0
2019-03-21,260.0
2019-03-22,285.0
2019-03-25,305.0
2019-03-26,304.0
2019-03-27,294.4
2019-03-28,294.4
2019-03-29,294.4
2019-04-01,285.6
2019-04-02,285.6
2019-04-03,285.6
2019-04-04,285.6
2019-04-05,268.6
2019-04-08,268.6
2019-04-09,268.6
2019-04-10,268.6
2019-04-11,264.0
2019-04-12,265.0
2019-04-15,265.0
2019-04-16,265.0
2019-04-17,275.05
2019-04-18,272.5
2019-04-19,272.5
2019-04-22,272.5
2019-04-23,279.95
2019-04-24,279.95
2019-04-25,279.95
2019-04-26,272.2
2019-04-29,272.0
2019-04-30,279.95
2019-05-02,279.95
2019-05-03,279.95
2019-05-06,276.25
2019-05-07,276.25
2019-05-08,276.25
2019-05-09,276.25
2019-05-10,280.5
2019-05-13,280.5
2019-05-14,280.5
2019-05-15,280.5
2019-05-16,270.05
2019-05-17,272.0
2019-05-20,287.0
2019-05-21,287.0
2019-05-22,271.5
2019-05-23,271.5
2019-05-24,271.5
2019-05-27,271.5
2019-05-28,270.0
2019-05-29,270.0
2019-05-30,270.0
2019-05-31,270.0
2019-06-03,270.0
2019-06-04,270.0
2019-06-10,270.0
2019-06-11,270.0
2019-06-12,285.45
2019-06-13,285.45
2019-06-14,296.95
2019-06-17,296.95
2019-06-18,296.95
2019-06-19,293.9
2019-06-20,293.9
2019-06-21,293.9
2019-06-24,293.9
2019-06-25,293.9
2019-06-26,293.9
2019-06-27,293.9
2019-06-28,271.25
2019-07-01,252.0
2019-07-02,262.5
2019-07-03,274.5
2019-07-04,274.5
2019-07-05,274.5
2019-07-08,274.5
2019-07-09,261.0
2019-07-10,260.0
2019-07-11,260.0
2019-07-12,260.0
2019-07-15,255.0
2019-07-16,250.0
2019-07-17,250.0
2019-07-18,265.0
2019-07-19,265.0
2019-07-22,265.0
2019-07-23,265.0
2019-07-24,250.0
2019-07-25,250.0
2019-07-26,250.0
2019-07-29,250.0
2019-07-31,247.0
2019-08-01,247.0
2019-08-02,247.0
2019-08-05,247.0
2019-08-06,247.0
2019-08-07,240.0
2019-08-08,238.0
2019-08-09,238.0
2019-08-15,238.0
2019-08-16,235.0
2019-08-19,223.1
2019-08-22,226.0
2019-08-23,239.3
2019-08-26,239.0
2019-08-27,246.5
2019-08-28,230.0
2019-08-29,238.7
2019-08-30,230.0
2019-09-02,230.0
2019-09-03,230.0
2019-09-04,239.0
2019-09-05,239.0
2019-09-06,239.0
2019-09-09,242.0
2019-09-10,235.0
2019-09-11,240.0
2019-09-12,240.0
2019-09-13,240.0
2019-09-16,240.0
2019-09-17,240.0
2019-09-18,228.0
2019-09-19,225.0
2019-09-20,228.9
2019-09-23,228.9
2019-09-24,228.9
2019-09-25,224.95
2019-09-26,224.95
2019-09-27,240.0
2019-09-30,240.0
2019-10-01,240.0
2019-10-02,239.0
2019-10-03,239.0
2019-10-04,225.0
2019-10-07,225.0
2019-10-08,225.0
2019-10-09,225.0
2019-10-10,211.0
2019-10-11,211.0
2019-10-14,223.6
2019-10-15,223.6
2019-10-16,228.0
2019-10-17,228.0
2019-10-18,228.0
2019-10-21,228.0
2019-10-22,228.0
2019-10-23,228.0
2019-10-24,228.0
2019-10-25,228.0
2019-10-28,228.0
2019-10-29,228.0
2019-10-30,228.0
2019-10-31,228.0
2019-11-01,228.0
2019-11-04,229.0
2019-11-05,227.0
2019-11-07,230.0
2019-11-08,226.1
2019-11-12,230.0
2019-11-13,230.0
2019-11-14,228.5
2019-11-15,228.5
2019-11-19,229.8
2019-11-20,229.8
2019-11-21,242.0
2019-11-22,245.0
2019-11-25,249.2
2019-11-26,249.2
2019-11-27,245.8
2019-11-28,245.8
2019-11-29,245.8
2019-12-02,245.8
2019-12-03,245.8
2019-12-04,245.8
2019-12-05,235.0
2019-12-06,239.9
2019-12-09,232.0
2019-12-10,228.3
2019-12-11,230.0
2019-12-12,230.0
2019-12-13,239.0
2019-12-16,239.0
2019-12-17,248.9
2019-12-18,245.0
2019-12-19,235.0
2019-12-20,240.0
2019-12-23,239.0
2019-12-24,228.2
2019-12-25,225.0
2019-12-26,226.4
2019-12-27,210.0
2019-12-30,217.0
2019-12-31,215.0
2020-01-02,215.0
2020-01-03,217.8
2020-01-06,217.9
2020-01-07,217.9
2020-01-08,217.9
2020-01-09,215.0
2020-01-10,216.05
2020-01-13,215.0
2020-01-14,224.55
2020-01-15,224.55
2020-01-16,220.9
2020-01-17,219.0
2020-01-20,219.0
2020-01-21,219.0
2020-01-22,210.0
2020-01-23,212.0
2020-01-24,208.0
2020-01-27,208.0
2020-01-28,213.0
2020-01-29,213.0
2020-01-30,215.5
2020-01-31,215.5
2020-02-03,215.5
2020-02-04,211.1
2020-02-05,211.1
2020-02-06,211.25
2020-02-07,211.25
2020-02-10,215.0
2020-02-11,208.0
2020-02-12,208.0
2020-02-13,208.0
2020-02-14,208.0
2020-02-17,208.0
2020-02-18,208.0
2020-02-19,208.0
2020-02-20,208.0
2020-02-21,214.1
2020-02-24,214.1
2020-02-25,214.1
2020-02-26,212.1
2020-02-27,212.1
2020-02-28,208.1
2020-03-02,204.15
2020-03-03,204.15
2020-03-04,204.15
2020-03-05,205.0
2020-03-06,205.0
2020-03-09,190.0
2020-03-10,199.0
2020-03-11,199.0
2020-03-12,182.0
2020-03-13,182.1
2020-03-16,175.0
2020-03-17,175.0
2020-03-18,173.0
2020-03-19,166.1
2020-03-20,172.0
2020-03-23,172.0
2020-03-24,172.0
2020-03-25,168.0
2020-03-26,164.0
2020-03-27,165.15
2020-03-30,165.15
2020-03-31,165.15
2020-04-01,170.75
2020-04-02,170.75
2020-04-03,169.95
2020-04-06,163.25
2020-04-07,163.25
2020-04-08,156.75
2020-04-09,150.5
2020-04-10,150.5
2020-04-13,153.35
2020-04-14,150.0
2020-04-15,150.0
2020-04-16,155.9
2020-04-17,155.9
2020-04-20,155.9
2020-04-21,155.9
2020-04-22,149.75
2020-04-23,154.9
2020-04-24,154.5
2020-04-27,151.0
2020-04-28,147.0
2020-04-29,147.0
2020-04-30,152.0
2020-05-04,152.0
2020-05-05,145.95
2020-05-06,140.15
2020-05-07,145.75
2020-05-08,150.5
2020-05-11,156.45
2020-05-12,156.45
2020-05-13,155.0
2020-05-14,161.15
2020-05-15,166.5
2020-05-18,173.15
2020-05-19,179.0
2020-05-20,174.0
2020-05-21,174.0
2020-05-22,180.95
2020-05-26,188.15
2020-05-27,188.15
2020-05-28,191.9
2020-05-29,191.9
2020-07-20,166.0
2020-07-21,169.0
2020-07-22,175.0
2020-07-23,179.9
2020-07-24,176.5
2020-07-27,171.0
2020-07-28,172.0
2020-07-29,176.0
2020-08-03,172.5
2020-08-04,172.5
2020-08-05,172.5
2020-08-06,170.0
2020-08-07,170.0
2020-08-10,170.0
2020-08-11,170.0
2020-08-12,170.0
2020-08-13,170.0
2020-08-17,170.0
2020-08-18,170.0
2020-08-19,170.0
2020-08-24,170.0
2020-08-25,174.0
2020-08-26,170.1
2020-08-27,176.0
2020-08-28,176.5
2020-08-31,176.5
2020-09-01,175.9
2020-09-02,175.9
2020-09-03,171.55
2020-09-04,171.55
2020-09-07,171.55
2020-09-08,171.55
2020-09-09,171.55
2020-09-10,171.55
2020-09-11,170.05
2020-09-14,170.05
2020-09-15,170.05
2020-09-16,174.95
2020-09-17,174.95
2020-09-18,171.5
2020-09-21,170.0
2020-09-22,170.0
2020-09-23,170.0
2020-09-24,170.05
2020-09-25,170.0
2020-09-28,170.0
2020-09-29,170.05
2020-09-30,163.25
2020-10-01,163.0
2020-10-02,163.0
2020-10-05,163.0
2020-10-06,163.0
2020-10-07,163.5
2020-10-08,165.0
2020-10-09,171.0
2020-10-12,171.0
2020-10-13,164.2
2020-10-14,161.0
2020-10-15,161.0
2020-10-16,161.1
2020-10-19,161.0
2020-10-20,161.0
2020-10-21,161.0
2020-10-22,160.05
2020-10-23,160.05
2020-10-26,160.05
2020-10-27,160.2
2020-10-28,160.2
2020-11-02,160.2
2020-11-03,160.0
2020-11-04,160.0
2020-11-05,160.05
2020-11-09,160.0
2020-11-10,160.1
2020-11-11,160.0
2020-11-12,160.0
2020-11-13,160.0
2020-11-16,160.0
2020-11-17,160.0
2020-11-19,160.0
2020-11-20,163.0
2020-11-23,167.0
2020-11-24,172.9
2020-11-25,172.9
2020-11-26,172.9
2020-11-27,172.9
2020-11-30,166.0
2020-12-01,166.0
2020-12-02,160.05
2020-12-03,160.1
2020-12-04,166.0
2020-12-07,166.0
2020-12-08,160.1
2020-12-09,160.1
2020-12-10,160.1
2020-12-11,160.1
2020-12-14,160.1
2020-12-15,160.1
2020-12-16,160.1
2020-12-17,160.1
2020-12-18,166.0
2020-12-21,160.0
2020-12-22,166.0
2020-12-23,166.0
2020-12-24,166.0
2020-12-25,162.95
2020-12-28,162.95
2020-12-29,162.95
2020-12-30,160.05
2020-12-31,160.0
2021-01-04,160.0
2021-01-05,162.0
2021-01-06,166.0
2021-01-07,166.0
2021-01-08,166.0
2021-01-12,162.0
2021-01-13,162.0
2021-01-14,162.0
2021-01-15,162.5
2021-01-18,166.0
2021-01-19,166.0
2021-01-20,164.15
2021-01-21,169.0
2021-01-22,175.0
2021-01-25,175.0
2021-01-26,174.95
2021-01-27,173.0
2021-01-28,173.0
2021-01-29,173.0
2021-02-01,173.0
2021-02-02,173.0
2021-02-03,170.0
2021-02-04,172.0
2021-02-05,172.0
2021-02-08,168.0
2021-02-09,168.0
2021-02-10,168.0
2021-02-11,168.0
2021-02-12,168.0
2021-02-15,172.0
2021-02-16,172.0
2021-02-17,172.0
2021-02-18,172.0
2021-02-19,173.0
2021-02-22,173.0
2021-02-23,173.0
2021-02-24,172.0
2021-02-25,172.0
2021-02-26,172.0
2021-03-01,172.95
2021-03-02,172.95
2021-03-03,172.95
2021-03-04,172.95
2021-03-05,172.95
2021-03-08,172.95
2021-03-09,172.95
2021-03-10,170.0
2021-03-11,170.0
2021-03-12,171.9
2021-03-15,171.9
2021-03-16,170.0
2021-03-17,170.0
2021-03-18,170.0
2021-03-19,170.0
2021-03-22,170.0
2021-03-23,170.0
2021-03-24,169.0
2021-03-25,163.0
2021-03-26,163.0
2021-03-29,163.0
2021-03-30,163.0
2021-03-31,163.0
2021-04-01,163.0
2021-04-02,163.0
2021-04-05,163.0
2021-04-06,163.0
2021-04-07,169.25
2021-04-08,166.0
2021-04-09,172.5
2021-04-12,170.0
2021-04-13,167.55
2021-04-14,167.55
2021-04-15,167.55
2021-04-16,167.55
2021-04-19,167.55
2021-04-20,167.55
2021-04-21,167.55
2021-04-22,167.55
2021-04-23,164.2
2021-04-26,161.0
2021-04-27,161.0
2021-04-28,161.0
2021-04-29,162.0
2021-04-30,162.0
2021-05-03,162.0
2021-05-04,162.0
2021-05-05,162.0
2021-05-06,168.45
2021-05-07,168.45
2021-05-10,171.55
2021-05-11,176.0
2021-05-12,182.0
2021-05-17,189.25
2021-05-18,196.8
2021-05-19,204.65
2021-05-20,212.8
2021-05-21,221.3
2021-05-24,230.15
2021-05-25,222.0
2021-05-26,224.7
2021-05-27,224.7
2021-05-28,220.0
2021-05-31,218.95
2021-06-01,214.05
2021-06-02,215.0
2021-06-03,214.0
2021-06-04,214.5
2021-06-07,211.5
2021-06-08,215.0
2021-06-09,217.0
2021-06-10,214.0
2021-06-11,216.0
2021-06-14,217.85
2021-06-15,220.0
2021-06-16,215.6
2021-06-17,214.0
2021-06-18,218.0
2021-06-21,214.0
2021-06-22,213.05
2021-06-23,213.0
2021-06-24,210.0
2021-06-25,210.0
2021-06-28,210.0
2021-06-29,207.0
2021-06-30,207.0
2021-07-01,207.0
2021-07-02,210.0
2021-07-05,207.0
2021-07-06,207.0
2021-07-07,207.0
2021-07-08,207.0
2021-07-09,211.0
2021-07-12,215.0
2021-07-13,215.0
2021-07-14,207.25
2021-07-15,207.25
2021-07-16,207.25
2021-07-19,207.25
2021-07-20,207.25
2021-07-23,207.25
2021-07-26,207.25
2021-07-27,207.25
2021-07-28,207.5
2021-07-29,207.5
2021-08-02,214.95
2021-08-03,214.95
2021-08-04,214.95
2021-08-05,214.95
2021-08-06,206.4
2021-08-09,206.4
2021-08-11,206.4
2021-08-12,198.2
2021-08-13,198.2
2021-08-16,198.2
2021-08-17,198.2
2021-08-18,198.2
2021-08-19,198.2
2021-08-23,199.0
2021-08-24,206.95
2021-08-25,215.2
2021-08-26,223.5
2021-08-27,219.05
2021-08-30,216.0
2021-08-31,224.0
2021-09-01,232.0
2021-09-02,222.75
2021-09-03,229.0
2021-09-06,230.9
2021-09-07,230.9
2021-09-08,234.0
2021-09-09,237.0
2021-09-10,238.5
2021-09-13,239.0
2021-09-14,239.0
2021-09-15,239.0
2021-09-16,229.45
2021-09-17,220.3
2021-09-20,220.3
2021-09-21,220.9
2021-09-22,220.9
2021-09-23,212.2
2021-09-24,212.2
2021-09-27,217.0
2021-09-28,225.6
2021-09-29,225.6
2021-09-30,230.0
2021-10-01,228.9
2021-10-04,228.9
2021-10-05,228.9
2021-10-06,220.0
2021-10-07,219.9
2021-10-08,219.9
2021-10-11,211.35
2021-10-12,211.35
2021-10-13,211.35
2021-10-14,211.35
2021-10-15,211.35
2021-10-18,215.0
2021-10-21,217.0
2021-10-22,217.0
2021-10-25,212.0
2021-10-26,216.0
2021-10-27,220.0
2021-10-28,219.7
2021-10-29,213.15
2021-11-01,220.0
2021-11-02,218.5
2021-11-03,208.15
2021-11-04,210.0
2021-11-05,210.0
2021-11-08,204.0
2021-11-09,204.0
2021-11-10,204.0
2021-11-11,204.0
2021-11-12,204.0
2021-11-15,204.0
2021-11-16,204.0
2021-11-17,204.0
2021-11-19,204.0
2021-11-22,204.0
2021-11-23,204.0
2021-11-24,204.0
2021-11-25,204.0
2021-11-26,200.0
2021-11-29,200.0
2021-11-30,200.0
2021-12-01,200.0
2021-12-02,198.0
2021-12-03,198.0
2021-12-06,198.0
2021-12-07,200.0
2021-12-08,200.0
2021-12-09,200.0
2021-12-10,200.0
2021-12-13,200.0
2021-12-14,200.0
2021-12-15,200.0
2021-12-16,200.05
2021-12-17,200.95
2021-12-20,197.0
2021-12-21,196.0
2021-12-22,196.1
2021-12-23,195.0
2021-12-24,205.0
2021-12-27,209.0
2021-12-28,205.0
2021-12-29,208.7
2021-12-30,208.7
2021-12-31,208.7
2022-01-03,208.7
2022-01-04,208.7
2022-01-05,208.7
2022-01-06,200.0
2022-01-07,200.0
2022-01-10,200.0
2022-01-12,200.0
2022-01-13,200.0
2022-01-14,200.0
2022-01-17,200.0
2022-01-18,200.0
2022-01-19,206.9
2022-01-20,206.9
2022-01-21,206.9
2022-01-24,206.9
2022-01-25,200.0
2022-01-26,200.0
2022-01-27,201.0
2022-01-28,201.0
2022-01-31,200.1
2022-02-01,200.1
2022-02-02,205.0
2022-02-03,205.0
2022-02-04,205.0
2022-02-07,205.0
2022-02-08,205.0
2022-02-09,200.3
2022-02-10,200.3
2022-02-11,200.35
2022-02-14,200.35
2022-02-15,205.0
2022-02-16,204.9
2022-02-17,204.9
2022-02-18,198.2
2022-02-21,200.0
2022-02-22,201.0
2022-02-23,201.0
2022-02-24,198.25
2022-02-25,200.0
2022-02-28,200.0
2022-03-01,200.0
2022-03-02,207.75
2022-03-03,199.45
2022-03-04,195.5
2022-03-07,188.2
2022-03-08,195.7
2022-03-09,203.0
2022-03-10,197.05
2022-03-11,203.0
2022-03-14,194.9
2022-03-15,194.9
2022-03-16,194.9
2022-03-17,194.9
2022-03-18,194.9
2022-03-21,192.0
2022-03-22,192.0
2022-03-23,190.0
2022-03-24,190.0
2022-03-25,190.0
2022-03-28,197.2
2022-03-29,199.95
2022-03-30,199.95
2022-03-31,197.1
2022-04-01,197.4
2022-04-04,197.4
2022-04-05,197.4
2022-04-06,197.4
2022-04-07,197.4
2022-04-08,197.4
2022-04-11,197.4
2022-04-12,197.4
2022-04-13,197.4
2022-04-14,197.4
2022-04-15,197.0
2022-04-18,197.0
2022-04-19,189.15
2022-04-20,189.2
2022-04-21,189.2
2022-04-22,189.2
2022-04-25,189.2
2022-04-26,189.2
2022-04-27,189.2
2022-04-28,189.2
2022-04-29,189.2
2022-05-04,190.0
2022-05-05,190.0
2022-05-06,190.0
2022-05-09,190.0
2022-05-10,190.0
2022-05-11,189.0
2022-05-12,189.0
2022-05-13,189.0
2022-05-16,181.6
2022-05-17,181.6
2022-05-18,181.6
2022-05-19,181.6
2022-05-20,181.6
2022-05-23,181.6
2022-05-24,181.6
2022-05-25,181.6
2022-05-26,181.6
2022-05-27,181.6
2022-05-30,180.85
2022-05-31,180.85
2022-06-01,180.85
2022-06-02,175.0
2022-06-03,175.0
2022-06-06,175.0
2022-06-07,181.95
2022-06-08,189.2
2022-06-09,184.3
2022-06-10,184.3
2022-06-13,184.3
2022-06-14,184.3
2022-06-15,184.3
2022-06-16,176.95
2022-06-17,176.95
2022-06-20,176.95
2022-06-21,176.95
2022-06-22,176.95
2022-06-23,176.95
2022-06-24,176.95
2022-06-27,176.95
2022-06-28,176.95
2022-06-29,184.0
2022-06-30,184.0
2022-07-01,184.0
2022-07-04,184.0
2022-07-05,185.0
2022-07-06,185.0
2022-07-07,185.0
2022-07-08,192.35
2022-07-12,192.35
2022-07-13,192.35
2022-07-14,192.35
2022-07-15,192.35
2022-07-18,192.35
2022-07-19,192.35
2022-07-20,192.35
2022-07-21,192.35
2022-07-22,192.35
2022-07-25,192.35
2022-07-26,192.35
2022-07-27,192.35
2022-07-28,192.0
2022-07-29,192.0
2022-08-01,192.0
2022-08-02,192.0
2022-08-03,192.0
2022-08-04,192.0
2022-08-05,192.0
2022-08-08,192.0
2022-08-09,192.0
2022-08-10,192.0
2022-08-11,190.0
2022-08-12,192.0
2022-08-15,192.1
2022-08-16,192.05
2022-08-17,199.7
2022-08-18,200.0
2022-08-19,200.0
2022-08-22,207.0
2022-08-23,211.0
2022-08-24,211.0
2022-08-25,211.0
2022-08-26,211.0
2022-08-29,211.0
2022-08-30,205.0
2022-08-31,211.0
2022-09-01,211.0
2022-09-02,211.0
2022-09-05,211.0
2022-09-06,205.0
2022-09-07,205.0
2022-09-08,205.0
2022-09-09,205.0
2022-09-12,205.0
2022-09-13,198.0
2022-09-14,198.0
2022-09-15,198.0
2022-09-16,205.0
2022-09-19,205.0
2022-09-20,205.0
2022-09-21,205.0
2022-09-22,205.0
2022-09-23,205.0
2022-09-26,205.0
2022-09-27,205.0
2022-09-28,205.0
2022-09-29,205.0
2022-09-30,205.0
2022-10-03,205.0
2022-10-04,205.0
2022-10-05,205.0
2022-10-06,205.0
2022-10-07,205.0
2022-10-11,205.0
2022-10-12,205.0
2022-10-13,205.0
2022-10-14,205.0
2022-10-17,205.0
2022-10-18,205.0
2022-10-19,205.0
2022-10-20,205.0
2022-10-21,205.0
2022-10-24,205.0
2022-10-25,205.0
2022-10-26,205.0
2022-10-27,205.0
2022-10-28,205.0
2022-10-31,205.0
2022-11-01,205.0
2022-11-02,205.0
2022-11-03,205.0
2022-11-04,205.0
2022-11-07,205.0
2022-11-08,205.0
2022-11-09,205.0
2022-11-10,202.0
2022-11-11,202.0
2022-11-14,202.0
2022-11-15,202.0
2022-11-16,202.0
2022-11-17,202.0
2022-11-21,202.0
2022-11-22,202.0
2022-11-23,202.0
2022-11-24,202.0
2022-11-25,202.0
2022-11-28,202.0
2022-11-29,193.95
2022-11-30,190.0
2022-12-01,190.0
2022-12-02,197.55
2022-12-05,201.0
2022-12-06,201.0
2022-12-07,203.95
2022-12-08,203.9
2022-12-09,203.9
2022-12-12,203.9
2022-12-13,203.9
2022-12-14,196.0
2022-12-15,200.0
2022-12-16,202.95
2022-12-19,202.95
2022-12-20,202.95
2022-12-21,202.95
2022-12-22,202.95
2022-12-23,202.95
2022-12-26,202.95
2022-12-27,202.95
2022-12-28,202.95
2022-12-29,202.95
2022-12-30,202.95
2023-01-02,202.95
2023-01-03,202.95
2023-01-04,202.95
2023-01-05,202.95
2023-01-06,202.95
2023-01-09,202.95
2023-01-10,200.0
2023-01-12,200.0
2023-01-13,200.0
2023-01-16,200.0
2023-01-17,200.0
2023-01-18,200.0
2023-01-19,200.0
2023-01-20,200.0
2023-01-23,200.0
2023-01-24,200.0
2023-01-25,200.0
2023-01-26,200.0
2023-01-27,200.0
2023-01-30,200.0
2023-01-31,200.0
2023-02-01,200.0
2023-02-02,200.0
2023-02-03,200.0
2023-02-06,200.0
2023-02-07,200.0
2023-02-08,200.0
2023-02-09,200.0
2023-02-10,192.05
2023-02-13,192.05
2023-02-14,188.1
2023-02-15,188.1
2023-02-16,181.0
2023-02-17,188.2
2023-02-20,195.7
2023-02-21,195.7
2023-02-22,195.0
2023-02-23,195.0
2023-02-24,195.0
2023-02-27,195.0
2023-02-28,195.0
2023-03-01,195.0
2023-03-02,195.0
2023-03-03,195.0
2023-03-06,195.0
2023-03-07,195.0
2023-03-08,195.0
2023-03-09,195.0
2023-03-10,195.0
2023-03-13,195.0
2023-03-14,195.0
2023-03-15,195.0
2023-03-16,195.0
2023-03-17,195.0
2023-03-20,195.0
2023-03-21,195.0
2023-03-22,195.0
2023-03-23,195.0
2023-03-24,195.0
2023-03-27,194.0
2023-03-28,194.0
2023-03-29,194.0
2023-03-30,194.0
2023-03-31,194.0
2023-04-03,194.0
2023-04-04,194.0
2023-04-05,194.0
2023-04-06,194.0
2023-04-07,194.0
2023-04-10,194.0
2023-04-11,194.0
2023-04-12,186.5
2023-04-13,186.5
2023-04-14,186.5
2023-04-17,179.05
2023-04-18,171.9
2023-04-19,172.0
2023-04-20,172.0
2023-04-21,172.0
2023-04-25,166.0
2023-04-26,166.0
2023-04-27,166.0
2023-04-28,166.0
2023-05-02,172.5
2023-05-03,165.65
2023-05-04,165.65
2023-05-05,172.25
2023-05-08,170.0
2023-05-09,166.1
2023-05-10,166.1
2023-05-11,170.0
2023-05-12,170.0
2023-05-15,170.0
2023-05-16,170.0
2023-05-17,176.7
2023-05-18,176.7
2023-05-19,176.7
2023-05-22,176.7
2023-05-23,177.0
2023-05-24,177.0
2023-05-25,178.0
2023-05-26,178.0
2023-05-29,178.0
2023-05-30,178.0
2023-05-31,178.0
2023-06-01,178.0
2023-06-02,178.0
2023-06-05,171.0
2023-06-06,169.5
2023-06-07,169.5
2023-06-08,169.5
2023-06-09,169.5
2023-06-12,169.5
2023-06-13,169.5
2023-06-14,169.5
2023-06-15,169.5
2023-06-16,169.5
2023-06-19,176.0
2023-06-20,176.0
2023-06-21,170.0
2023-06-22,168.0
2023-06-23,167.0
2023-06-26,167.0
2023-06-27,167.0
2023-06-28,167.0
2023-07-03,167.0
2023-07-04,167.0
2023-07-05,166.0
2023-07-06,166.0
2023-07-07,166.0
2023-07-10,166.0
2023-07-11,166.0
2023-07-12,166.0
2023-07-13,172.6
2023-07-14,172.6
2023-07-17,173.0
2023-07-18,173.0
2023-07-20,173.0
2023-07-21,173.0
2023-07-24,173.0
2023-07-25,173.0
2023-07-26,166.1
2023-07-27,163.0
2023-07-28,169.5
2023-07-31,169.5
2023-08-01,169.5
2023-08-02,169.5
2023-08-03,170.0
2023-08-04,170.0
2023-08-07,170.0
2023-08-08,166.1
2023-08-09,170.0
2023-08-10,165.0
2023-08-11,165.0
2023-08-15,167.8
2023-08-16,167.8
2023-08-17,174.0
2023-08-18,174.0
2023-08-22,174.0
2023-08-23,167.05
2023-08-24,167.05
2023-08-25,167.05
2023-08-28,166.1
2023-08-29,166.1
2023-08-30,172.7
2023-08-31,166.1
2023-09-01,166.1
2023-09-04,166.1
2023-09-05,163.3
2023-09-06,163.4
2023-09-07,164.0
2023-09-08,164.0
2023-09-11,164.0
2023-09-12,164.0
2023-09-13,164.0
2023-09-14,164.0
2023-09-15,164.0
2023-09-18,164.0
2023-09-19,164.0
2023-09-20,164.0
2023-09-21,164.0
2023-09-22,164.0
2023-09-25,170.5
2023-09-26,170.5
2023-09-27,175.5
2023-10-02,175.5
2023-10-03,175.5
2023-10-04,175.5
2023-10-05,175.5
2023-10-06,175.5
2023-10-09,175.5
2023-10-10,166.0
2023-10-11,175.95
2023-10-12,175.95
2023-10-13,179.0
2023-10-16,179.0
2023-10-17,180.0
2023-10-18,180.0
2023-10-19,180.0
2023-10-20,181.5
2023-10-23,181.5
2023-10-24,181.5
2023-10-25,181.5
2023-10-26,181.5
2023-10-27,181.5
2023-10-30,181.5
2023-10-31,181.5
2023-11-01,181.5
2023-11-02,181.5
2023-11-03,181.5
2023-11-07,181.5
2023-11-08,181.5
2023-11-09,181.5
2023-11-10,181.5
2023-11-13,181.5
2023-11-14,181.5
2023-11-15,181.5
2023-11-16,181.5
2023-11-17,181.5
2023-11-20,171.5
2023-11-21,178.5
2023-11-22,178.5
2023-11-23,178.5
2023-11-24,178.5
2023-11-27,178.5
2023-11-28,178.5
2023-11-29,178.5
2023-11-30,178.5
2023-12-01,168.0
2023-12-04,160.0
2023-12-05,168.0
2023-12-06,178.05
2023-12-07,178.05
2023-12-08,178.05
2023-12-11,178.0
2023-12-12,178.0
2023-12-13,178.0
2023-12-14,178.0
2023-12-15,178.0
2023-12-18,180.0
2023-12-19,180.0
2023-12-20,180.0
2023-12-21,180.0
2023-12-22,180.0
2023-12-25,180.0
2023-12-26,180.0
2023-12-27,180.0
2023-12-28,180.0
2023-12-29,180.0
2024-01-02,180.0
2024-01-03,180.0
2024-01-04,180.0
2024-01-05,181.0
2024-01-08,190.0
2024-01-09,190.0
2024-01-10,199.0
2024-01-12,199.0
2024-01-15,199.0
2024-01-16,199.0
2024-01-17,190.0
2024-01-18,190.0
2024-01-19,190.0
2024-01-22,190.0
2024-01-23,180.0
2024-01-24,180.0
2024-01-25,180.15
2024-01-26,180.05
2024-01-29,180.05
2024-01-30,180.05
2024-01-31,190.85
2024-02-01,190.85
2024-02-02,179.85
2024-02-05,171.05
2024-02-06,171.05
2024-02-07,173.1
2024-02-08,180.05
2024-02-09,190.0
2024-02-12,190.0
2024-02-13,180.0
2024-02-14,180.0
2024-02-15,180.0
2024-02-16,180.0
2024-02-19,174.15
2024-02-20,179.0
2024-02-21,179.0
2024-02-22,179.0
2024-02-23,179.0
2024-02-26,173.5
2024-02-27,173.5
2024-02-28,172.0
2024-02-29,172.0
2024-03-01,172.7
2024-03-04,172.7
2024-03-05,169.0
2024-03-06,169.0
2024-03-07,169.0
2024-03-08,169.05
2024-03-11,165.0
2024-03-12,165.0
2024-03-13,161.0
2024-03-14,161.0
2024-03-15,161.0
2024-03-18,155.55
2024-03-19,161.0
2024-03-20,170.65
2024-03-21,170.65
2024-03-22,170.65
2024-03-25,170.65
2024-03-26,170.65
2024-03-27,170.65
2024-03-28,170.65
2024-03-29,170.65
2024-04-01,170.4
2024-04-02,170.4
2024-04-03,170.5
2024-04-04,170.45
2024-04-05,170.5
2024-04-08,170.5
2024-04-09,170.5
2024-04-15,164.0
2024-04-16,166.0
2024-04-17,166.0
2024-04-18,162.7
2024-04-19,160.0
2024-04-22,161.0
2024-04-23,161.0
2024-04-24,161.5
2024-04-25,161.5
2024-04-26,161.5
2024-04-29,157.5
2024-04-30,158.6
2024-05-02,166.9
2024-05-03,168.1
2024-05-06,169.8
2024-05-07,169.5
2024-05-08,169.0
2024-05-09,170.05
2024-05-10,180.25
2024-05-13,185.0
2024-05-14,192.9
2024-05-15,190.5
2024-05-16,187.0
2024-05-17,195.0
2024-05-20,192.4
2024-05-21,192.4
2024-05-22,192.4
2024-05-23,192.4
2024-05-24,192.4
2024-05-27,192.4
2024-05-28,180.9
2024-05-29,170.05
2024-05-30,160.1
2024-05-31,168.95
2024-06-03,164.1
2024-06-04,171.5
2024-06-05,171.5
2024-06-06,171.5
2024-06-07,171.5
2024-06-10,166.1
2024-06-11,166.1
2024-06-12,166.2
2024-06-13,167.05
2024-06-14,167.05
2024-06-19,176.95
2024-06-20,176.9
2024-06-21,179.0
2024-06-24,170.0
2024-06-25,167.0
2024-06-26,177.0
2024-06-27,168.0
2024-06-28,176.95
2024-07-01,176.95
2024-07-02,176.95
2024-07-03,176.95
2024-07-04,168.0
2024-07-05,177.0
2024-07-08,170.0
2024-07-09,170.0
2024-07-10,177.1
2024-07-11,177.1
2024-07-12,177.9
2024-07-15,177.9
2024-07-16,176.0
2024-07-17,176.0
2024-07-18,178.0
2024-07-19,178.0
2024-07-22,175.0
2024-07-23,175.0
2024-07-24,175.0
2024-07-25,175.0
2024-07-26,185.0
2024-07-29,196.0
2024-07-31,199.95
2024-08-01,185.0
2024-08-02,195.0
2024-08-05,180.05
2024-08-06,195.0
2024-08-07,190.0
2024-08-08,190.0
2024-08-09,190.0
2024-08-12,190.0
2024-08-13,190.0
2024-08-15,190.0
2024-08-16,195.0
2024-08-19,214.45
2024-08-22,235.85
2024-08-23,231.25
2024-08-26,241.25
2024-08-27,237.85
2024-08-28,260.0
2024-08-29,274.0
2024-08-30,248.5
2024-09-02,255.3
2024-09-03,247.9
2024-09-04,247.9
2024-09-05,240.0
2024-09-06,246.5
2024-09-09,246.5
2024-09-10,246.5
2024-09-11,246.5
2024-09-12,249.95
2024-09-13,255.9
2024-09-18,255.9
2024-09-19,255.9
2024-09-20,240.0
2024-09-23,238.0
2024-09-24,235.0
2024-09-25,238.0
2024-09-26,231.0
2024-09-27,240.0
2024-09-30,230.35
2024-10-01,230.0
2024-10-02,233.0
2024-10-03,232.95
2024-10-04,231.0
2024-10-07,220.0
2024-10-08,210.0
2024-10-09,214.0
2024-10-10,214.0
2024-10-11,211.0
2024-10-14,213.0
2024-10-15,213.0
2024-10-16,200.0
2024-10-17,207.0
2024-10-18,215.0
2024-10-21,215.0
2024-10-22,215.0
2024-10-23,215.0
2024-10-24,214.95
2024-10-25,210.0
2024-10-28,227.0
2024-10-29,239.9
2024-10-30,230.0
2024-10-31,230.0
2024-11-01,229.0
2024-11-04,229.0
2024-11-05,229.0
2024-11-07,220.55
2024-11-08,231.0
2024-11-11,230.9
2024-11-12,234.9
2024-11-13,234.0
2024-11-14,234.0
2024-11-15,234.0
2024-11-19,234.0
2024-11-20,235.0
2024-11-21,256.9
2024-11-22,270.0
2024-11-25,283.0
2024-11-26,276.0
2024-11-27,271.0
2024-11-28,280.0
2024-11-29,273.1
2024-12-02,272.0
2024-12-03,280.0
2024-12-04,280.0
2024-12-05,280.0
2024-12-06,273.0
2024-12-09,265.0
2024-12-10,274.0
2024-12-11,269.95
2024-12-12,253.0
2024-12-13,249.9
2024-12-16,242.0
2024-12-17,249.35
2024-12-18,250.0
2024-12-19,249.5
2024-12-20,240.0
2024-12-23,242.95
2024-12-24,238.0
2024-12-25,243.0
2024-12-26,242.9
2024-12-27,241.0
2024-12-30,239.9
2024-12-31,235.0
2025-01-02,248.5
2025-01-03,250.95
2025-01-06,264.0
2025-01-07,264.0
2025-01-08,275.0
2025-01-09,279.95
2025-01-10,289.0
2025-01-13,289.0
2025-01-15,313.5
2025-01-16,310.0
2025-01-17,310.0
2025-01-20,328.8
2025-01-21,345.0
2025-01-22,333.5
2025-01-23,350.0
2025-01-24,360.0
2025-01-27,380.0
2025-01-28,393.9
2025-01-29,390.0
2025-01-30,385.1
2025-01-31,380.0
2025-02-03,385.0
2025-02-04,370.0
2025-02-05,380.0
2025-02-06,376.1
2025-02-07,399.9
2025-02-10,415.05
2025-02-11,420.15
2025-02-12,420.0
2025-02-13,420.0
2025-02-14,410.1
2025-02-17,410.0
2025-02-18,408.0
2025-02-19,415.0
2025-02-20,405.0
2025-02-21,380.0
2025-02-24,398.0
2025-02-25,414.0
2025-02-26,429.0
2025-02-27,411.5
2025-02-28,423.0
2025-03-03,424.3
2025-03-04,430.0
2025-03-05,429.45
2025-03-06,429.5
2025-03-07,435.0
2025-03-10,430.0
2025-03-11,429.95
2025-03-12,430.0
2025-03-13,430.0
2025-03-14,430.0
2025-03-17,430.0
2025-03-18,440.0
2025-03-19,438.0
2025-03-20,430.0
2025-03-21,430.0
2025-03-24,430.0
2025-03-25,420.0
2025-03-26,419.9
2025-03-27,428.0
2025-03-28,428.0
2025-04-02,470.75
2025-04-03,498.9
2025-04-04,488.9
2025-04-07,450.0
2025-04-08,420.0
2025-04-09,410.0
2025-04-10,430.0
2025-04-11,420.0
2025-04-14,444.8
2025-04-15,450.0
2025-04-16,440.0
2025-04-17,448.0
2025-04-18,492.75
2025-04-21,539.8
2025-04-22,536.1
2025-04-23,565.8
2025-04-24,622.3
2025-04-25,630.0
2025-04-28,639.0
2025-04-29,639.0
2025-04-30,639.9
2025-05-02,631.0
2025-05-05,626.0
2025-05-06,627.0
2025-05-07,630.0
2025-05-08,617.0
2025-05-09,623.0
