date,SAH
2010-11-19,1044.0
2010-11-22,1148.0
2010-11-23,1262.0
2010-11-24,1388.0
2010-11-25,1330.0
2010-11-26,1230.0
2010-11-29,1270.0
2010-11-30,1290.0
2010-12-01,1310.0
2010-12-02,1300.0
2010-12-03,1270.0
2010-12-06,1240.0
2010-12-08,1235.0
2010-12-09,1215.0
2010-12-10,1200.0
2010-12-13,1205.0
2010-12-14,1135.0
2010-12-15,1150.0
2010-12-16,1148.0
2010-12-17,1160.0
2010-12-20,1200.0
2010-12-21,1225.0
2010-12-22,1265.0
2010-12-23,1260.0
2010-12-24,1264.0
2010-12-27,1260.0
2010-12-28,1281.0
2010-12-29,1295.0
2010-12-30,1290.0
2010-12-31,1284.0
2011-01-03,1250.0
2011-01-04,1251.0
2011-01-05,1280.0
2011-01-06,1269.0
2011-01-07,1275.0
2011-01-10,1260.0
2011-01-12,1275.0
2011-01-13,1275.0
2011-01-14,1275.0
2011-01-17,1250.0
2011-01-18,1235.0
2011-01-19,1250.0
2011-01-20,1236.0
2011-01-21,1270.0
2011-01-24,1236.0
2011-01-25,1263.0
2011-01-26,1246.0
2011-01-27,1275.0
2011-01-28,1275.0
2011-01-31,1240.0
2011-02-01,1250.0
2011-02-02,1245.0
2011-02-03,1232.0
2011-02-04,1250.0
2011-02-07,1240.0
2011-02-08,1241.0
2011-02-09,1241.0
2011-02-10,1240.0
2011-02-11,1249.0
2011-02-14,1240.0
2011-02-15,1240.0
2011-02-18,1241.0
2011-02-21,1231.0
2011-02-22,1240.0
2011-02-23,1231.0
2011-02-24,1242.0
2011-02-25,1245.0
2011-02-28,1240.0
2011-03-01,1250.0
2011-03-02,1236.0
2011-03-03,1237.0
2011-03-04,1250.0
2011-03-07,1250.0
2011-03-08,1231.0
2011-03-09,1231.0
2011-03-10,1250.0
2011-03-11,1250.0
2011-03-14,1250.0
2011-03-15,1263.0
2011-03-16,1240.0
2011-03-17,1232.0
2011-03-18,1250.0
2011-03-21,1250.0
2011-03-22,1248.0
2011-03-23,1230.0
2011-03-24,1230.0
2011-03-25,1210.0
2011-03-28,1210.0
2011-03-29,1225.0
2011-03-30,1230.0
2011-03-31,1220.0
2011-04-01,1200.0
2011-04-04,1165.0
2011-04-05,1160.0
2011-04-06,1188.0
2011-04-07,1199.0
2011-04-08,1165.0
2011-04-11,1165.0
2011-04-12,1170.0
2011-04-13,1160.0
2011-04-14,1160.0
2011-04-15,1169.0
2011-04-18,1169.0
2011-04-19,1166.0
2011-04-20,1147.0
2011-04-21,1145.0
2011-04-22,1145.0
2011-04-25,1130.0
2011-04-26,1130.0
2011-04-27,1140.0
2011-04-28,1127.0
2011-04-29,1121.0
2011-05-02,1120.0
2011-05-03,1112.0
2011-05-04,1118.0
2011-05-05,1120.0
2011-05-06,1125.0
2011-05-09,1125.0
2011-05-10,1100.0
2011-05-11,1110.0
2011-05-12,1110.0
2011-05-13,1110.0
2011-05-16,1110.0
2011-05-17,1110.0
2011-05-18,1115.0
2011-05-19,1120.0
2011-05-20,1140.0
2011-05-23,1140.0
2011-05-24,1180.0
2011-05-25,1199.0
2011-05-26,1190.0
2011-05-27,1199.0
2011-05-30,1189.0
2011-05-31,1189.0
2011-06-01,1180.0
2011-06-02,1188.0
2011-06-03,1180.0
2011-06-06,1175.0
2011-06-07,1176.0
2011-06-08,1170.0
2011-06-09,1165.0
2011-06-10,1170.0
2011-06-13,1160.0
2011-06-14,1160.0
2011-06-15,1160.0
2011-06-16,1160.0
2011-06-17,1176.0
2011-06-20,1120.0
2011-06-21,1160.0
2011-06-22,1160.0
2011-06-23,1150.0
2011-06-24,1190.0
2011-06-27,1190.0
2011-06-28,1161.0
2011-06-29,1188.0
2011-06-30,1180.0
2011-07-01,1179.0
2011-07-04,1141.0
2011-07-05,1140.0
2011-07-06,1140.0
2011-07-07,1140.0
2011-07-08,1140.0
2011-07-11,1135.0
2011-07-12,1130.0
2011-07-13,1131.0
2011-07-14,1130.0
2011-07-15,1150.0
2011-07-18,1131.0
2011-07-19,1109.0
2011-07-20,1110.0
2011-07-21,1109.0
2011-07-22,1109.0
2011-07-25,1106.0
2011-07-26,1105.0
2011-07-27,1100.0
2011-07-28,1100.0
2011-07-29,1100.0
2011-08-01,1100.0
2011-08-02,1091.0
2011-08-03,1120.0
2011-08-04,1082.0
2011-08-05,1082.0
2011-08-08,1080.0
2011-08-09,1070.0
2011-08-10,1090.0
2011-08-11,1056.0
2011-08-12,1060.0
2011-08-15,1062.0
2011-08-16,1085.0
2011-08-17,1085.0
2011-08-18,1084.0
2011-08-19,1084.0
2011-08-22,1064.0
2011-08-23,1061.0
2011-08-24,1060.0
2011-08-25,1060.0
2011-08-26,1070.0
2011-08-29,1050.0
2011-08-30,1060.0
2011-09-02,1080.0
2011-09-05,1070.0
2011-09-06,1071.0
2011-09-07,1070.0
2011-09-08,1070.0
2011-09-09,1070.0
2011-09-12,1070.0
2011-09-13,1070.0
2011-09-14,1070.0
2011-09-15,1070.0
2011-09-16,1120.0
2011-09-19,1148.0
2011-09-20,1111.0
2011-09-21,1110.0
2011-09-22,1120.0
2011-09-23,1120.0
2011-09-26,1130.0
2011-09-27,1110.0
2011-09-28,1142.0
2011-09-29,1134.0
2011-09-30,1139.0
2011-10-03,1098.0
2011-10-04,1124.0
2011-10-05,1114.0
2011-10-06,1081.0
2011-10-07,1125.0
2011-10-10,1120.0
2011-10-11,1086.0
2011-10-12,1149.0
2011-10-13,1150.0
2011-10-14,1149.0
2011-10-17,1138.0
2011-10-18,1135.0
2011-10-19,1133.0
2011-10-20,1111.0
2011-10-21,1144.0
2011-10-24,1121.0
2011-10-25,1110.0
2011-10-26,1150.0
2011-10-27,1120.0
2011-10-28,1145.0
2011-10-31,1121.0
2011-11-01,1122.0
2011-11-02,1130.0
2011-11-03,1149.0
2011-11-04,1141.0
2011-11-09,1141.0
2011-11-10,1120.0
2011-11-11,1160.0
2011-11-14,1130.0
2011-11-15,1130.0
2011-11-16,1126.0
2011-11-17,1140.0
2011-11-21,1130.0
2011-11-22,1119.0
2011-11-23,1135.0
2011-11-24,1130.0
2011-11-25,1130.0
2011-11-28,1092.0
2011-11-29,1083.0
2011-11-30,1078.0
2011-12-01,1075.0
2011-12-02,1121.0
2011-12-05,1121.0
2011-12-06,1084.0
2011-12-07,1083.0
2011-12-08,1124.0
2011-12-09,1057.0
2011-12-12,1095.0
2011-12-13,1100.0
2011-12-14,1115.0
2011-12-15,1100.0
2011-12-16,1130.0
2011-12-19,1130.0
2011-12-20,1150.0
2011-12-21,1169.0
2011-12-22,1199.0
2011-12-23,1212.0
2011-12-26,1200.0
2011-12-27,1210.0
2011-12-28,1200.0
2011-12-29,1220.0
2011-12-30,1250.0
2012-01-02,1182.0
2012-01-03,1240.0
2012-01-04,1240.0
2012-01-05,1249.0
2012-01-06,1200.0
2012-01-09,1239.0
2012-01-10,1239.0
2012-01-12,1234.0
2012-01-13,1240.0
2012-01-16,1240.0
2012-01-17,1237.0
2012-01-18,1234.0
2012-01-19,1233.0
2012-01-20,1232.0
2012-01-23,1227.0
2012-01-24,1225.0
2012-01-25,1227.0
2012-01-26,1228.0
2012-01-27,1225.0
2012-01-30,1222.0
2012-01-31,1219.0
2012-02-01,1219.0
2012-02-02,1219.0
2012-02-03,1214.0
2012-02-07,1212.0
2012-02-08,1260.0
2012-02-09,1259.0
2012-02-10,1249.0
2012-02-13,1248.0
2012-02-14,1245.0
2012-02-15,1240.0
2012-02-16,1240.0
2012-02-17,1240.0
2012-02-20,1218.0
2012-02-21,1217.0
2012-02-22,1222.0
2012-02-23,1239.0
2012-02-24,1240.0
2012-02-27,1247.0
2012-02-28,1250.0
2012-02-29,1249.0
2012-03-01,1248.0
2012-03-02,1235.0
2012-03-05,1212.0
2012-03-06,1246.0
2012-03-07,1246.0
2012-03-08,1217.0
2012-03-09,1246.0
2012-03-12,1219.0
2012-03-13,1250.0
2012-03-14,1240.0
2012-03-15,1240.0
2012-03-16,1225.0
2012-03-19,1225.0
2012-03-20,1222.0
2012-03-21,1217.0
2012-03-22,1244.0
2012-03-23,1240.0
2012-03-26,1220.0
2012-03-27,1185.0
2012-03-28,1236.0
2012-03-29,1190.0
2012-03-30,1239.0
2012-04-02,1229.0
2012-04-03,1197.0
2012-04-04,1184.0
2012-04-05,1200.0
2012-04-06,1217.0
2012-04-09,1212.0
2012-04-10,1219.0
2012-04-11,1218.0
2012-04-12,1145.0
2012-04-13,1201.0
2012-04-16,1201.0
2012-04-17,1198.0
2012-04-18,1160.0
2012-04-19,1145.0
2012-04-20,1180.0
2012-04-23,1178.0
2012-04-24,1175.0
2012-04-25,1135.0
2012-04-26,1138.0
2012-04-27,1159.0
2012-04-30,1220.0
2012-05-02,1147.0
2012-05-03,1140.0
2012-05-04,1142.0
2012-05-07,1128.0
2012-05-08,1177.0
2012-05-09,1175.0
2012-05-10,1174.0
2012-05-11,1174.0
2012-05-14,1143.0
2012-05-15,1143.0
2012-05-16,1159.0
2012-05-17,1155.0
2012-05-18,1149.0
2012-05-21,1148.0
2012-05-22,1148.0
2012-05-23,1145.0
2012-05-24,1140.0
2012-05-25,1145.0
2012-05-28,1164.0
2012-05-29,1142.0
2012-05-30,1159.0
2012-05-31,1180.0
2012-06-01,1174.0
2012-06-04,1130.0
2012-06-05,1130.0
2012-06-06,1086.0
2012-06-07,1131.0
2012-06-08,1135.0
2012-06-11,1143.0
2012-06-12,1162.0
2012-06-13,1125.0
2012-06-14,1155.0
2012-06-15,1174.0
2012-06-18,1180.0
2012-06-19,1180.0
2012-06-20,1180.0
2012-06-21,1193.0
2012-06-22,1122.0
2012-06-25,1183.0
2012-06-26,1195.0
2012-06-27,1190.0
2012-06-28,1190.0
2012-06-29,1119.0
2012-07-02,1174.0
2012-07-03,1169.0
2012-07-04,1188.0
2012-07-05,1186.0
2012-07-06,1180.0
2012-07-09,1186.0
2012-07-10,1179.0
2012-07-11,1163.0
2012-07-12,1163.0
2012-07-13,1150.0
2012-07-16,1130.0
2012-07-17,1130.0
2012-07-18,1130.0
2012-07-19,1140.0
2012-07-20,1130.0
2012-07-23,1140.0
2012-07-24,1139.0
2012-07-25,1130.0
2012-07-26,1120.0
2012-07-27,1135.0
2012-07-31,1140.0
2012-08-01,1139.0
2012-08-02,1139.0
2012-08-03,1137.0
2012-08-06,1145.0
2012-08-07,1145.0
2012-08-08,1136.0
2012-08-09,1136.0
2012-08-10,1140.0
2012-08-13,1144.0
2012-08-15,1140.0
2012-08-16,1140.0
2012-08-17,1140.0
2012-08-22,1139.0
2012-08-23,1139.0
2012-08-24,1139.0
2012-08-27,1139.0
2012-08-28,1139.0
2012-08-29,1139.0
2012-08-30,1138.0
2012-08-31,1140.0
2012-09-03,1146.0
2012-09-04,1147.0
2012-09-05,1158.0
2012-09-06,1150.0
2012-09-07,1190.0
2012-09-10,1189.0
2012-09-11,1189.0
2012-09-12,1189.0
2012-09-13,1178.0
2012-09-14,1178.0
2012-09-17,1179.0
2012-09-18,1179.0
2012-09-19,1179.0
2012-09-20,1179.0
2012-09-21,1169.0
2012-09-24,1170.0
2012-09-25,1164.0
2012-09-26,1169.0
2012-09-27,1166.0
2012-09-28,1162.0
2012-10-01,1165.0
2012-10-02,1165.0
2012-10-03,1164.0
2012-10-04,1163.0
2012-10-05,1163.0
2012-10-08,1164.0
2012-10-09,1159.0
2012-10-10,1160.0
2012-10-11,1157.0
2012-10-12,1110.0
2012-10-15,1148.0
2012-10-16,1140.0
2012-10-17,1140.0
2012-10-18,1144.0
2012-10-19,1144.0
2012-10-22,1147.0
2012-10-23,1146.0
2012-10-24,1110.0
2012-10-25,1150.0
2012-10-29,1147.0
2012-10-30,1140.0
2012-10-31,1130.0
2012-11-01,1144.0
2012-11-02,1135.0
2012-11-05,1135.0
2012-11-07,1135.0
2012-11-08,1135.0
2012-11-09,1135.0
2012-11-12,1140.0
2012-11-13,1138.0
2012-11-14,1137.0
2012-11-15,1130.0
2012-11-19,1128.0
2012-11-20,1127.0
2012-11-21,1126.0
2012-11-22,1124.0
2012-11-23,1140.0
2012-11-26,1140.0
2012-11-27,1138.0
2012-11-28,1137.0
2012-11-29,1120.0
2012-11-30,1134.0
2012-12-03,1134.0
2012-12-04,1134.0
2012-12-05,1139.0
2012-12-06,1139.0
2012-12-07,1139.0
2012-12-10,1139.0
2012-12-11,1139.0
2012-12-12,1139.0
2012-12-13,1130.0
2012-12-14,1130.0
2012-12-17,1139.0
2012-12-18,1133.0
2012-12-19,1121.0
2012-12-20,1136.0
2012-12-21,1139.0
2012-12-24,1138.0
2012-12-25,1137.0
2012-12-26,1137.0
2012-12-27,1133.0
2012-12-28,1133.0
2012-12-31,1140.0
2013-01-02,1140.0
2013-01-03,1180.0
2013-01-04,1143.0
2013-01-07,1130.0
2013-01-08,1133.0
2013-01-09,1136.0
2013-01-10,1135.0
2013-01-14,1130.0
2013-01-15,1066.0
2013-01-16,1119.0
2013-01-17,1129.0
2013-01-18,1128.0
2013-01-21,1134.0
2013-01-22,1128.0
2013-01-23,1126.0
2013-01-28,1140.0
2013-01-29,1112.0
2013-01-30,1135.0
2013-01-31,1072.0
2013-02-01,1042.0
2013-02-04,1104.0
2013-02-05,1102.0
2013-02-06,1120.0
2013-02-07,1135.0
2013-02-08,1067.0
2013-02-11,1096.0
2013-02-12,1035.0
2013-02-13,1066.0
2013-02-14,1066.0
2013-02-15,1060.0
2013-02-18,1070.0
2013-02-19,1070.0
2013-02-20,1070.0
2013-02-21,1065.0
2013-02-22,1098.0
2013-02-25,1096.0
2013-02-26,1096.0
2013-02-27,1090.0
2013-02-28,1085.0
2013-03-01,1080.0
2013-03-04,1080.0
2013-03-05,1080.0
2013-03-06,1080.0
2013-03-07,1050.0
2013-03-08,1015.0
2013-03-11,1020.0
2013-03-12,1011.0
2013-03-13,1060.0
2013-03-14,1060.0
2013-03-15,1005.0
2013-03-18,1010.0
2013-03-19,1019.0
2013-03-20,1018.0
2013-03-21,1050.0
2013-03-22,1050.0
2013-03-25,1020.0
2013-03-26,1010.0
2013-03-27,1000.0
2013-03-28,1044.0
2013-03-29,1025.0
2013-04-01,1025.0
2013-04-02,1024.0
2013-04-03,1024.0
2013-04-04,1024.0
2013-04-05,962.6
2013-04-08,1000.0
2013-04-09,1024.0
2013-04-10,1040.0
2013-04-11,1045.0
2013-04-12,1050.0
2013-04-15,1020.0
2013-04-16,1003.0
2013-04-17,1028.0
2013-04-18,1028.0
2013-04-19,1040.0
2013-04-22,1040.0
2013-04-23,1025.0
2013-04-24,1020.0
2013-04-25,1020.0
2013-04-26,1038.0
2013-04-29,1049.0
2013-04-30,1038.0
2013-05-02,1038.0
2013-05-03,1010.0
2013-05-06,1010.0
2013-05-07,1010.0
2013-05-08,1010.0
2013-05-09,1040.0
2013-05-10,1010.0
2013-05-13,1010.0
2013-05-14,1010.0
2013-05-15,1018.0
2013-05-16,1039.0
2013-05-17,1039.0
2013-05-20,1010.0
2013-05-21,1036.0
2013-05-22,1010.0
2013-05-23,1000.0
2013-05-24,990.0
2013-05-27,1000.0
2013-05-28,1000.0
2013-05-29,990.0
2013-05-30,1000.0
2013-05-31,1040.0
2013-06-03,1080.0
2013-06-04,1078.0
2013-06-05,1078.0
2013-06-06,1014.0
2013-06-07,1000.0
2013-06-10,1000.0
2013-06-11,1000.0
2013-06-12,1000.0
2013-06-13,1060.0
2013-06-14,1069.0
2013-06-17,1014.0
2013-06-18,1073.0
2013-06-19,1060.0
2013-06-20,1090.0
2013-06-21,1079.0
2013-06-24,1018.0
2013-06-25,1022.0
2013-06-26,1020.0
2013-06-27,1020.0
2013-06-28,958.8
2013-07-01,1013.0
2013-07-02,1013.0
2013-07-03,1029.0
2013-07-04,1029.0
2013-07-05,1035.0
2013-07-08,990.0
2013-07-09,1035.0
2013-07-10,1035.0
2013-07-11,1035.0
2013-07-12,1019.0
2013-07-15,1020.0
2013-07-16,1020.0
2013-07-17,1000.0
2013-07-18,1035.0
2013-07-19,1000.0
2013-07-22,1000.0
2013-07-23,1000.0
2013-07-24,1000.0
2013-07-25,1040.0
2013-07-26,1000.0
2013-07-29,1000.0
2013-07-31,1000.0
2013-08-01,990.0
2013-08-02,1015.0
2013-08-05,1015.0
2013-08-06,1005.0
2013-08-07,1000.0
2013-08-08,1000.0
2013-08-12,992.0
2013-08-13,992.0
2013-08-15,980.0
2013-08-16,980.0
2013-08-19,990.0
2013-08-22,990.0
2013-08-23,990.0
2013-08-26,990.0
2013-08-27,990.0
2013-08-28,990.0
2013-08-29,990.0
2013-08-30,980.0
2013-09-02,990.0
2013-09-03,980.0
2013-09-04,990.0
2013-09-05,990.0
2013-09-06,988.0
2013-09-09,995.0
2013-09-10,995.0
2013-09-11,999.0
2013-09-12,999.0
2013-09-13,999.0
2013-09-16,999.0
2013-09-17,999.0
2013-09-18,999.0
2013-09-19,999.0
2013-09-20,988.0
2013-09-23,980.0
2013-09-24,980.0
2013-09-25,980.0
2013-09-26,1000.0
2013-09-27,999.0
2013-09-30,999.0
2013-10-01,996.0
2013-10-02,980.0
2013-10-03,980.0
2013-10-04,980.0
2013-10-07,980.0
2013-10-08,1000.0
2013-10-09,980.0
2013-10-10,960.0
2013-10-11,980.0
2013-10-14,980.0
2013-10-15,980.0
2013-10-21,1011.0
2013-10-22,980.0
2013-10-23,980.0
2013-10-24,980.0
2013-10-25,1012.0
2013-10-28,1045.0
2013-10-29,1011.0
2013-10-30,1064.0
2013-10-31,1002.0
2013-11-01,1000.0
2013-11-07,1038.0
2013-11-08,1038.0
2013-11-11,1000.0
2013-11-12,990.0
2013-11-13,981.1
2013-11-14,984.0
2013-11-15,984.0
2013-11-19,984.0
2013-11-20,984.0
2013-11-21,986.0
2013-11-22,970.0
2013-11-25,1000.0
2013-11-26,970.0
2013-11-27,1020.0
2013-11-28,1020.0
2013-11-29,1040.0
2013-12-02,1040.0
2013-12-03,1040.0
2013-12-04,995.1
2013-12-05,995.1
2013-12-06,989.0
2013-12-09,980.0
2013-12-10,980.0
2013-12-11,980.0
2013-12-12,980.0
2013-12-13,983.0
2013-12-16,980.0
2013-12-17,980.0
2013-12-18,970.0
2013-12-19,970.0
2013-12-20,1020.0
2013-12-23,1020.0
2013-12-24,1020.0
2013-12-25,1020.0
2013-12-26,1020.0
2013-12-27,1000.0
2013-12-30,999.8
2013-12-31,999.7
2014-01-02,999.7
2014-01-03,999.7
2014-01-06,999.7
2014-01-07,999.7
2014-01-08,964.1
2014-01-09,963.1
2014-01-10,1000.0
2014-01-13,1000.0
2014-01-16,965.1
2014-01-17,1000.0
2014-01-20,1000.0
2014-01-21,1000.0
2014-01-22,1000.0
2014-01-23,1000.0
2014-01-24,942.0
2014-01-27,941.3
2014-01-28,941.2
2014-01-29,941.2
2014-01-30,942.0
2014-01-31,980.0
2014-02-03,979.8
2014-02-04,979.8
2014-02-05,979.8
2014-02-06,926.1
2014-02-07,975.0
2014-02-10,930.0
2014-02-11,940.0
2014-02-12,930.0
2014-02-13,969.0
2014-02-14,941.0
2014-02-17,931.4
2014-02-18,931.4
2014-02-19,968.5
2014-02-20,930.1
2014-02-21,960.6
2014-02-24,960.6
2014-02-25,960.6
2014-02-26,931.2
2014-02-27,931.4
2014-02-28,960.0
2014-03-03,950.0
2014-03-04,950.0
2014-03-05,941.0
2014-03-06,941.0
2014-03-07,965.0
2014-03-10,965.0
2014-03-11,945.0
2014-03-12,978.0
2014-03-13,1030.0
2014-03-14,1029.0
2014-03-17,973.0
2014-03-18,1000.0
2014-03-19,976.0
2014-03-20,1024.0
2014-03-21,1040.0
2014-03-24,991.1
2014-03-25,1000.0
2014-03-26,994.0
2014-03-27,1029.0
2014-03-28,990.0
2014-03-31,990.0
2014-04-01,990.0
2014-04-02,984.0
2014-04-03,984.0
2014-04-04,928.1
2014-04-07,851.0
2014-04-08,847.0
2014-04-09,879.0
2014-04-10,850.0
2014-04-11,899.9
2014-04-14,875.0
2014-04-15,877.6
2014-04-16,875.0
2014-04-17,875.0
2014-04-18,875.0
2014-04-21,879.3
2014-04-22,900.0
2014-04-23,905.7
2014-04-24,944.9
2014-04-25,940.0
2014-04-28,940.0
2014-04-29,940.0
2014-04-30,940.0
2014-05-02,940.0
2014-05-05,940.0
2014-05-06,941.0
2014-05-07,949.0
2014-05-08,940.0
2014-05-09,941.0
2014-05-12,941.0
2014-05-13,940.0
2014-05-14,948.8
2014-05-15,940.0
2014-05-16,948.8
2014-05-19,940.0
2014-05-20,940.0
2014-05-21,940.0
2014-05-22,943.0
2014-05-23,940.0
2014-05-26,940.0
2014-05-27,940.0
2014-05-28,940.0
2014-05-29,940.0
2014-05-30,940.0
2014-06-02,940.0
2014-06-03,940.0
2014-06-04,940.0
2014-06-05,940.0
2014-06-06,947.0
2014-06-09,940.0
2014-06-10,940.0
2014-06-11,940.0
2014-06-12,940.0
2014-06-13,943.0
2014-06-16,943.0
2014-06-17,940.0
2014-06-18,940.0
2014-06-19,915.0
2014-06-20,906.0
2014-06-23,906.0
2014-06-24,906.0
2014-06-25,906.0
2014-06-26,906.0
2014-06-27,906.0
2014-06-30,906.0
2014-07-01,906.0
2014-07-02,906.0
2014-07-03,906.0
2014-07-04,906.0
2014-07-07,910.0
2014-07-08,906.0
2014-07-09,906.0
2014-07-10,906.0
2014-07-11,928.0
2014-07-14,928.0
2014-07-15,906.0
2014-07-16,906.0
2014-07-17,907.0
2014-07-18,927.0
2014-07-21,906.0
2014-07-22,906.0
2014-07-23,906.0
2014-07-24,906.0
2014-07-25,926.0
2014-07-31,873.0
2014-08-01,918.9
2014-08-04,918.9
2014-08-05,918.9
2014-08-06,906.0
2014-08-07,906.0
2014-08-08,917.0
2014-08-11,907.0
2014-08-12,917.0
2014-08-13,917.0
2014-08-15,939.0
2014-08-18,950.0
2014-08-19,935.0
2014-08-22,940.0
2014-08-25,940.0
2014-08-26,945.0
2014-08-27,945.0
2014-08-28,999.0
2014-08-29,981.0
2014-09-01,981.0
2014-09-02,940.0
2014-09-03,979.0
2014-09-04,955.0
2014-09-05,969.0
2014-09-08,958.3
2014-09-09,1000.0
2014-09-10,1049.0
2014-09-11,1098.0
2014-09-12,1060.0
2014-09-15,1055.0
2014-09-16,1000.0
2014-09-17,1055.0
2014-09-18,1005.0
2014-09-19,1048.0
2014-09-22,1048.0
2014-09-23,1055.0
2014-09-24,1065.0
2014-09-25,1066.0
2014-09-26,1059.0
2014-09-29,1041.0
2014-09-30,1095.0
2014-10-01,1095.0
2014-10-02,1070.0
2014-10-03,1100.0
2014-10-07,1150.0
2014-10-08,1150.0
2014-10-09,1100.0
2014-10-10,1136.0
2014-10-13,1068.0
2014-10-14,1067.0
2014-10-15,1064.0
2014-10-16,1064.0
2014-10-17,1127.0
2014-10-20,1127.0
2014-10-21,1071.0
2014-10-22,1080.0
2014-10-23,1080.0
2014-10-24,1140.0
2014-10-27,1140.0
2014-10-28,1100.0
2014-10-29,1100.0
2014-10-30,1138.0
2014-10-31,1140.0
2014-11-03,1103.0
2014-11-04,1100.0
2014-11-05,1080.0
2014-11-07,1124.0
2014-11-10,1083.0
2014-11-11,1083.0
2014-11-12,1083.0
2014-11-13,1066.0
2014-11-14,1110.0
2014-11-17,1110.0
2014-11-19,1068.0
2014-11-20,1066.0
2014-11-21,1129.0
2014-11-24,1066.0
2014-11-25,1072.0
2014-11-26,1072.0
2014-11-27,1070.0
2014-11-28,1070.0
2014-12-01,1071.0
2014-12-02,1071.0
2014-12-03,1050.0
2014-12-04,1004.0
2014-12-05,1062.0
2014-12-08,1014.0
2014-12-09,1014.0
2014-12-10,1014.0
2014-12-11,1017.0
2014-12-12,1070.0
2014-12-15,1070.0
2014-12-16,1060.0
2014-12-17,1060.0
2014-12-18,1060.0
2014-12-19,1014.0
2014-12-22,1000.0
2014-12-23,1000.0
2014-12-24,1000.0
2014-12-25,1024.0
2014-12-26,1025.0
2014-12-29,1025.0
2014-12-30,1001.0
2014-12-31,1001.0
2015-01-02,1001.0
2015-01-06,1001.0
2015-01-07,1001.0
2015-01-08,1040.0
2015-01-09,1055.0
2015-01-12,1011.0
2015-01-13,1071.0
2015-01-14,1089.0
2015-01-15,1041.0
2015-01-16,1100.0
2015-01-19,1090.0
2015-01-20,1052.0
2015-01-21,1100.0
2015-01-22,1149.0
2015-01-23,1200.0
2015-01-26,1200.0
2015-01-27,1128.0
2015-01-28,1189.0
2015-01-29,1200.0
2015-01-30,1200.0
2015-02-02,1141.0
2015-02-03,1200.0
2015-02-04,1198.0
2015-02-05,1142.0
2015-02-06,1191.0
2015-02-09,1191.0
2015-02-10,1150.0
2015-02-11,1150.0
2015-02-12,1150.0
2015-02-13,1200.0
2015-02-16,1130.0
2015-02-17,1156.0
2015-02-18,1169.0
2015-02-19,1188.0
2015-02-20,1190.0
2015-02-23,1190.0
2015-02-24,1190.0
2015-02-25,1188.0
2015-02-26,1188.0
2015-02-27,1188.0
2015-03-02,1197.0
2015-03-03,1183.0
2015-03-04,1200.0
2015-03-05,1190.0
2015-03-06,1182.0
2015-03-09,1188.0
2015-03-10,1197.0
2015-03-11,1165.0
2015-03-12,1180.0
2015-03-13,1199.0
2015-03-16,1199.0
2015-03-17,1171.0
2015-03-18,1171.0
2015-03-19,1164.0
2015-03-20,1170.0
2015-03-23,1170.0
2015-03-24,1195.0
2015-03-25,1194.0
2015-03-26,1194.0
2015-03-27,1185.0
2015-03-30,1185.0
2015-03-31,1160.0
2015-04-01,1161.0
2015-04-02,1161.0
2015-04-03,1190.0
2015-04-06,1173.0
2015-04-07,1173.0
2015-04-08,1173.0
2015-04-09,1189.0
2015-04-10,1170.0
2015-04-13,1174.0
2015-04-14,1160.0
2015-04-15,1178.0
2015-04-16,1178.0
2015-04-17,1150.0
2015-04-20,1150.0
2015-04-21,1150.0
2015-04-22,1150.0
2015-04-23,1169.0
2015-04-24,1150.0
2015-04-27,1150.0
2015-04-28,1160.0
2015-04-29,1160.0
2015-04-30,1154.0
2015-05-04,1158.0
2015-05-05,1145.0
2015-05-06,1113.0
2015-05-07,1113.0
2015-05-08,1138.0
2015-05-11,1138.0
2015-05-12,1138.0
2015-05-13,1095.0
2015-05-14,1138.0
2015-05-15,1130.0
2015-05-18,1100.0
2015-05-19,1137.0
2015-05-20,1137.0
2015-05-21,1135.0
2015-05-22,1131.0
2015-05-25,1131.0
2015-05-26,1102.0
2015-05-27,1110.0
2015-05-28,1110.0
2015-05-29,1044.0
2015-06-01,1005.0
2015-06-02,1060.0
2015-06-03,1065.0
2015-06-04,1090.0
2015-06-05,1096.0
2015-06-08,1090.0
2015-06-09,1050.0
2015-06-10,1050.0
2015-06-11,1090.0
2015-06-12,1083.0
2015-06-15,1036.0
2015-06-16,1050.0
2015-06-17,1069.0
2015-06-18,1069.0
2015-06-19,1070.0
2015-06-22,1045.0
2015-06-23,1045.0
2015-06-24,1050.0
2015-06-25,1050.0
2015-06-26,1073.0
2015-06-29,1037.0
2015-06-30,1050.0
2015-07-01,1050.0
2015-07-02,1036.0
2015-07-03,1065.0
2015-07-06,1029.0
2015-07-07,1029.0
2015-07-08,1020.0
2015-07-09,1020.0
2015-07-10,1005.0
2015-07-13,1025.0
2015-07-14,1035.0
2015-07-15,1044.0
2015-07-16,1020.0
2015-07-20,1020.0
2015-07-21,1021.0
2015-07-22,1035.0
2015-07-23,1045.0
2015-07-24,1030.0
2015-07-27,1030.0
2015-07-28,1058.0
2015-07-29,1058.0
2015-07-31,1058.0
2015-08-03,1058.0
2015-08-04,1058.0
2015-08-05,1035.0
2015-08-06,1045.0
2015-08-07,1040.0
2015-08-10,1040.0
2015-08-11,1040.0
2015-08-12,1040.0
2015-08-13,1039.0
2015-08-17,1039.0
2015-08-18,1039.0
2015-08-19,1039.0
2015-08-24,1048.0
2015-08-25,1039.0
2015-08-26,1047.0
2015-08-27,1047.0
2015-08-28,1039.0
2015-08-31,1039.0
2015-09-01,1039.0
2015-09-02,1039.0
2015-09-03,1021.0
2015-09-04,1049.0
2015-09-07,1049.0
2015-09-08,1049.0
2015-09-09,1049.0
2015-09-10,1058.0
2015-09-11,1030.0
2015-09-14,1031.0
2015-09-15,1023.0
2015-09-16,1023.0
2015-09-17,1030.0
2015-09-18,1058.0
2015-09-21,1058.0
2015-09-22,1030.0
2015-09-23,1030.0
2015-09-28,1030.0
2015-09-29,1025.0
2015-09-30,1030.0
2015-10-01,1045.0
2015-10-02,1044.0
2015-10-05,1044.0
2015-10-06,1044.0
2015-10-07,1044.0
2015-10-08,1010.0
2015-10-09,1020.0
2015-10-12,1020.0
2015-10-13,1020.0
2015-10-14,1020.0
2015-10-16,1020.0
2015-10-19,1020.0
2015-10-20,1020.0
2015-10-21,1020.0
2015-10-22,1020.0
2015-10-23,1049.0
2015-10-26,1049.0
2015-10-27,1040.0
2015-10-28,1040.0
2015-10-29,1040.0
2015-10-30,1040.0
2015-11-02,1044.0
2015-11-03,1020.0
2015-11-04,1020.0
2015-11-05,1040.0
2015-11-09,1040.0
2015-11-10,1040.0
2015-11-11,1040.0
2015-11-12,1040.0
2015-11-13,1050.0
2015-11-16,1045.0
2015-11-17,1005.0
2015-11-19,1004.0
2015-11-20,1005.0
2015-11-23,1005.0
2015-11-24,1005.0
2015-11-25,999.0
2015-11-26,990.0
2015-11-27,989.0
2015-11-30,989.0
2015-12-01,989.0
2015-12-02,990.0
2015-12-03,985.0
2015-12-04,999.0
2015-12-07,999.0
2015-12-08,990.0
2015-12-09,990.0
2015-12-10,930.6
2015-12-11,974.0
2015-12-14,922.0
2015-12-15,922.0
2015-12-16,965.0
2015-12-17,969.0
2015-12-18,970.0
2015-12-21,970.0
2015-12-22,968.0
2015-12-23,968.0
2015-12-28,965.0
2015-12-29,937.2
2015-12-30,937.5
2015-12-31,964.0
2016-01-04,960.0
2016-01-05,960.0
2016-01-06,960.0
2016-01-07,960.0
2016-01-08,931.2
2016-01-12,931.2
2016-01-13,931.2
2016-01-14,930.0
2016-01-15,930.0
2016-01-18,930.0
2016-01-19,910.0
2016-01-20,925.0
2016-01-21,925.0
2016-01-22,935.0
2016-01-25,925.5
2016-01-26,925.0
2016-01-27,935.0
2016-01-28,920.0
2016-01-29,920.0
2016-02-01,920.1
2016-02-02,919.9
2016-02-03,909.7
2016-02-04,949.0
2016-02-05,949.0
2016-02-08,915.0
2016-02-09,921.0
2016-02-10,940.0
2016-02-11,926.0
2016-02-12,971.0
2016-02-15,935.0
2016-02-16,940.0
2016-02-17,940.0
2016-02-18,960.0
2016-02-19,970.0
2016-02-22,950.0
2016-02-23,950.0
2016-02-24,930.3
2016-02-25,930.3
2016-02-26,986.1
2016-02-29,950.0
2016-03-01,950.0
2016-03-02,971.0
2016-03-03,971.0
2016-03-04,971.0
2016-03-07,971.0
2016-03-08,969.0
2016-03-09,969.0
2016-03-10,969.0
2016-03-11,965.0
2016-03-14,970.0
2016-03-15,970.0
2016-03-16,965.0
2016-03-17,960.0
2016-03-18,960.0
2016-03-21,960.0
2016-03-22,959.0
2016-03-23,926.0
2016-03-24,959.8
2016-03-25,970.0
2016-03-28,970.0
2016-03-29,975.0
2016-03-30,969.9
2016-03-31,970.0
2016-04-01,969.0
2016-04-04,968.3
2016-04-05,968.3
2016-04-06,967.9
2016-04-07,967.9
2016-04-08,950.0
2016-04-11,969.0
2016-04-12,930.0
2016-04-13,920.0
2016-04-14,925.0
2016-04-15,925.0
2016-04-18,925.0
2016-04-19,949.9
2016-04-20,917.0
2016-04-21,920.0
2016-04-22,919.0
2016-04-25,919.0
2016-04-26,919.0
2016-04-27,950.0
2016-04-28,920.5
2016-04-29,948.0
2016-05-02,948.0
2016-05-03,932.0
2016-05-04,970.0
2016-05-05,980.0
2016-05-06,985.0
2016-05-09,1000.0
2016-05-10,1000.0
2016-05-11,1028.0
2016-05-12,1000.0
2016-05-13,1018.0
2016-05-16,1000.0
2016-05-17,1000.0
2016-05-18,963.6
2016-05-19,987.0
2016-05-20,1000.0
2016-05-23,1000.0
2016-05-24,1000.0
2016-05-25,966.0
2016-05-26,966.0
2016-05-27,985.0
2016-05-30,985.0
2016-05-31,1020.0
2016-06-01,1000.0
2016-06-02,1000.0
2016-06-03,1000.0
2016-06-06,1000.0
2016-06-07,1000.0
2016-06-08,1000.0
2016-06-09,1000.0
2016-06-10,1000.0
2016-06-13,1019.0
2016-06-14,1019.0
2016-06-15,970.0
2016-06-16,1000.0
2016-06-17,1019.0
2016-06-20,1000.0
2016-06-21,1000.0
2016-06-22,1000.0
2016-06-23,1000.0
2016-06-24,1000.0
2016-06-27,1000.0
2016-06-28,1000.0
2016-06-29,1000.0
2016-06-30,1020.0
2016-07-01,1038.0
2016-07-04,1038.0
2016-07-05,1038.0
2016-07-11,1038.0
2016-07-12,1025.0
2016-07-13,1000.0
2016-07-14,1000.0
2016-07-15,1019.0
2016-07-18,1020.0
2016-07-19,1000.0
2016-07-20,1025.0
2016-07-21,1000.0
2016-07-22,1025.0
2016-07-25,1000.0
2016-07-26,1048.0
2016-07-27,1048.0
2016-07-28,1048.0
2016-07-29,1048.0
2016-08-01,1048.0
2016-08-02,1048.0
2016-08-03,1048.0
2016-08-04,1000.0
2016-08-05,1020.0
2016-08-08,1010.0
2016-08-09,1010.0
2016-08-10,1000.0
2016-08-11,1020.0
2016-08-12,1020.0
2016-08-15,1005.0
2016-08-16,1015.0
2016-08-17,1030.0
2016-08-18,1012.0
2016-08-19,1020.0
2016-08-22,1000.0
2016-08-23,1000.0
2016-08-24,1000.0
2016-08-25,1002.0
2016-08-26,1020.0
2016-08-29,1020.0
2016-08-30,1010.0
2016-08-31,1010.0
2016-09-01,1010.0
2016-09-02,1010.0
2016-09-05,1012.0
2016-09-06,1012.0
2016-09-07,1011.0
2016-09-08,1010.0
2016-09-09,1020.0
2016-09-14,1020.0
2016-09-15,1020.0
2016-09-16,1012.0
2016-09-19,1012.0
2016-09-20,1012.0
2016-09-21,1015.0
2016-09-22,1015.0
2016-09-23,1016.0
2016-09-26,1016.0
2016-09-27,1018.0
2016-09-28,1018.0
2016-09-29,1016.0
2016-09-30,1016.0
2016-10-04,1016.0
2016-10-05,1016.0
2016-10-06,1010.0
2016-10-07,1010.0
2016-10-10,1010.0
2016-10-11,1011.0
2016-10-12,1016.0
2016-10-13,1015.0
2016-10-14,1015.0
2016-10-17,1020.0
2016-10-18,1030.0
2016-10-19,1030.0
2016-10-20,1020.0
2016-10-21,1020.0
2016-10-24,1020.0
2016-10-25,1010.0
2016-10-26,1008.0
2016-10-27,1008.0
2016-10-28,1010.0
2016-10-31,1008.0
2016-11-01,1009.0
2016-11-02,1010.0
2016-11-03,1060.0
2016-11-04,1060.0
2016-11-07,1060.0
2016-11-08,1060.0
2016-11-09,1060.0
2016-11-10,1040.0
2016-11-11,1040.0
2016-11-14,1040.0
2016-11-15,1050.0
2016-11-16,1050.0
2016-11-17,1050.0
2016-11-21,1080.0
2016-11-22,1043.0
2016-11-23,1055.0
2016-11-24,1045.0
2016-11-25,1046.0
2016-11-28,1050.0
2016-11-29,1046.0
2016-11-30,1047.0
2016-12-01,1051.0
2016-12-02,1069.0
2016-12-05,1100.0
2016-12-06,1100.0
2016-12-07,1100.0
2016-12-08,1150.0
2016-12-09,1178.0
2016-12-14,1200.0
2016-12-15,1180.0
2016-12-16,1227.0
2016-12-19,1200.0
2016-12-20,1237.0
2016-12-21,1200.0
2016-12-22,1200.0
2016-12-23,1290.0
2016-12-26,1263.0
2016-12-27,1250.0
2016-12-28,1243.0
2016-12-29,1220.0
2016-12-30,1155.0
2017-01-02,1105.0
2017-01-03,1105.0
2017-01-04,1155.0
2017-01-05,1180.0
2017-01-06,1190.0
2017-01-09,1200.0
2017-01-10,1171.0
2017-01-12,1191.0
2017-01-13,1191.0
2017-01-16,1191.0
2017-01-17,1195.0
2017-01-18,1160.0
2017-01-19,1160.0
2017-01-20,1200.0
2017-01-23,1200.0
2017-01-24,1200.0
2017-01-25,1200.0
2017-01-26,1200.0
2017-01-27,1190.0
2017-01-30,1201.0
2017-01-31,1190.0
2017-02-01,1200.0
2017-02-02,1200.0
2017-02-03,1200.0
2017-02-06,1200.0
2017-02-07,1200.0
2017-02-08,1186.0
2017-02-09,1200.0
2017-02-10,1200.0
2017-02-13,1200.0
2017-02-14,1200.0
2017-02-15,1200.0
2017-02-16,1200.0
2017-02-17,1200.0
2017-02-20,1161.0
2017-02-21,1161.0
2017-02-22,1200.0
2017-02-23,1200.0
2017-02-24,1168.0
2017-02-27,1162.0
2017-02-28,1162.0
2017-03-01,1168.0
2017-03-02,1168.0
2017-03-03,1197.0
2017-03-06,1170.0
2017-03-07,1190.0
2017-03-08,1197.0
2017-03-09,1195.0
2017-03-10,1196.0
2017-03-13,1196.0
2017-03-14,1196.0
2017-03-15,1196.0
2017-03-16,1196.0
2017-03-17,1239.0
2017-03-20,1239.0
2017-03-21,1239.0
2017-03-22,1239.0
2017-03-23,1239.0
2017-03-24,1239.0
2017-03-27,1200.0
2017-03-28,1200.0
2017-03-29,1200.0
2017-03-30,1200.0
2017-03-31,1200.0
2017-04-03,1200.0
2017-04-04,1200.0
2017-04-05,1200.0
2017-04-06,1200.0
2017-04-07,1250.0
2017-04-10,1250.0
2017-04-11,1250.0
2017-04-12,1250.0
2017-04-13,1249.0
2017-04-14,1200.0
2017-04-17,1200.0
2017-04-18,1200.0
2017-04-19,1200.0
2017-04-20,1200.0
2017-04-21,1245.0
2017-04-24,1245.0
2017-04-25,1245.0
2017-04-26,1235.0
2017-04-27,1230.0
2017-04-28,1245.0
2017-05-02,1220.0
2017-05-03,1220.0
2017-05-04,1208.0
2017-05-05,1220.0
2017-05-08,1210.0
2017-05-09,1210.0
2017-05-10,1250.0
2017-05-11,1255.0
2017-05-12,1250.0
2017-05-15,1250.0
2017-05-16,1250.0
2017-05-17,1250.0
2017-05-18,1255.0
2017-05-19,1287.0
2017-05-22,1287.0
2017-05-23,1310.0
2017-05-24,1310.0
2017-05-25,1308.0
2017-05-26,1230.0
2017-05-29,1230.0
2017-05-30,1230.0
2017-05-31,1230.0
2017-06-01,1299.0
2017-06-02,1299.0
2017-06-05,1251.0
2017-06-06,1251.0
2017-06-07,1280.0
2017-06-08,1280.0
2017-06-09,1280.0
2017-06-12,1300.0
2017-06-13,1300.0
2017-06-14,1300.0
2017-06-15,1300.0
2017-06-16,1300.0
2017-06-19,1300.0
2017-06-20,1301.0
2017-06-21,1301.0
2017-06-22,1320.0
2017-06-23,1301.0
2017-06-28,1302.0
2017-06-29,1302.0
2017-06-30,1301.0
2017-07-03,1339.0
2017-07-04,1340.0
2017-07-05,1340.0
2017-07-06,1340.0
2017-07-07,1473.0
2017-07-10,1407.0
2017-07-11,1407.0
2017-07-12,1407.0
2017-07-13,1421.0
2017-07-14,1422.0
2017-07-17,1420.0
2017-07-18,1420.0
2017-07-19,1420.0
2017-07-20,1400.0
2017-07-21,1400.0
2017-07-24,1400.0
2017-07-25,1400.0
2017-07-26,1420.0
2017-07-27,1400.0
2017-07-28,1400.0
2017-07-31,1400.0
2017-08-01,1400.0
2017-08-02,1400.0
2017-08-03,1419.0
2017-08-04,1449.0
2017-08-07,1419.0
2017-08-08,1446.0
2017-08-09,1446.0
2017-08-10,1446.0
2017-08-11,1446.0
2017-08-15,1410.0
2017-08-16,1401.0
2017-08-17,1442.0
2017-08-18,1443.0
2017-08-22,1443.0
2017-08-23,1443.0
2017-08-24,1443.0
2017-08-25,1438.0
2017-08-28,1437.0
2017-08-29,1437.0
2017-08-30,1438.0
2017-08-31,1438.0
2017-09-04,1382.0
2017-09-05,1382.0
2017-09-06,1437.0
2017-09-07,1411.0
2017-09-08,1400.0
2017-09-11,1400.0
2017-09-12,1420.0
2017-09-13,1420.0
2017-09-14,1426.0
2017-09-15,1450.0
2017-09-18,1420.0
2017-09-19,1420.0
2017-09-20,1407.0
2017-09-21,1407.0
2017-09-25,1407.0
2017-09-26,1420.0
2017-09-27,1420.0
2017-09-28,1420.0
2017-09-29,1420.0
2017-10-02,1420.0
2017-10-03,1420.0
2017-10-04,1425.0
2017-10-05,1420.0
2017-10-06,1434.0
2017-10-09,1436.0
2017-10-10,1436.0
2017-10-11,1490.0
2017-10-12,1490.0
2017-10-13,1638.0
2017-10-16,1620.0
2017-10-17,1620.0
2017-10-18,1620.0
2017-10-19,1620.0
2017-10-20,1460.0
2017-10-23,1500.0
2017-10-24,1598.0
2017-10-25,1500.0
2017-10-26,1500.0
2017-10-27,1500.0
2017-10-30,1500.0
2017-10-31,1500.0
2017-11-01,1500.0
2017-11-02,1500.0
2017-11-03,1500.0
2017-11-07,1500.0
2017-11-08,1462.0
2017-11-09,1548.0
2017-11-10,1550.0
2017-11-13,1550.0
2017-11-14,1525.0
2017-11-15,1525.0
2017-11-16,1525.0
2017-11-17,1540.0
2017-11-20,1540.0
2017-11-21,1476.0
2017-11-22,1500.0
2017-11-23,1546.0
2017-11-24,1546.0
2017-11-27,1546.0
2017-11-28,1547.0
2017-11-29,1547.0
2017-11-30,1547.0
2017-12-04,1530.0
2017-12-05,1530.0
2017-12-06,1530.0
2017-12-07,1530.0
2017-12-08,1530.0
2017-12-11,1530.0
2017-12-12,1530.0
2017-12-13,1530.0
2017-12-14,1590.0
2017-12-15,1530.0
2017-12-18,1530.0
2017-12-19,1530.0
2017-12-20,1530.0
2017-12-21,1530.0
2017-12-22,1503.0
2017-12-25,1503.0
2017-12-26,1545.0
2017-12-27,1545.0
2017-12-28,1500.0
2017-12-29,1545.0
2018-01-02,1460.0
2018-01-03,1544.0
2018-01-04,1486.0
2018-01-05,1527.0
2018-01-08,1527.0
2018-01-09,1550.0
2018-01-10,1595.0
2018-01-12,1590.0
2018-01-15,1550.0
2018-01-16,1550.0
2018-01-17,1595.0
2018-01-18,1594.0
2018-01-19,1594.0
2018-01-22,1594.0
2018-01-23,1594.0
2018-01-24,1645.0
2018-01-25,1597.0
2018-01-26,1700.0
2018-01-29,1694.0
2018-01-30,1645.0
2018-01-31,1719.0
2018-02-01,1700.0
2018-02-02,1750.0
2018-02-05,1750.0
2018-02-06,1700.0
2018-02-07,1700.0
2018-02-08,1700.0
2018-02-09,1747.0
2018-02-12,1747.0
2018-02-13,1720.0
2018-02-14,1720.0
2018-02-15,1700.0
2018-02-16,1740.0
2018-02-19,1720.0
2018-02-20,1720.0
2018-02-21,1690.0
2018-02-22,1701.0
2018-02-23,1703.0
2018-02-26,1779.0
2018-02-27,1779.0
2018-02-28,1779.0
2018-03-01,1754.0
2018-03-02,1765.0
2018-03-05,1705.0
2018-03-06,1750.0
2018-03-07,1765.0
2018-03-08,1765.0
2018-03-09,1589.0
2018-03-12,1475.0
2018-03-13,1540.0
2018-03-14,1540.0
2018-03-15,1480.0
2018-03-16,1500.0
2018-03-19,1461.0
2018-03-20,1500.0
2018-03-21,1500.0
2018-03-22,1500.0
2018-03-23,1599.0
2018-03-26,1599.0
2018-03-27,1490.0
2018-03-28,1490.0
2018-03-29,1525.0
2018-03-30,1525.0
2018-04-02,1525.0
2018-04-03,1525.0
2018-04-04,1525.0
2018-04-05,1525.0
2018-04-06,1525.0
2018-04-09,1525.0
2018-04-10,1525.0
2018-04-11,1550.0
2018-04-12,1550.0
2018-04-13,1550.0
2018-04-16,1551.0
2018-04-17,1570.0
2018-04-18,1550.0
2018-04-19,1550.0
2018-04-20,1501.0
2018-04-23,1589.0
2018-04-24,1589.0
2018-04-25,1589.0
2018-04-26,1480.0
2018-04-27,1530.0
2018-04-30,1530.0
2018-05-02,1530.0
2018-05-03,1500.0
2018-05-04,1530.0
2018-05-07,1530.0
2018-05-08,1500.0
2018-05-09,1500.0
2018-05-10,1500.0
2018-05-11,1500.0
2018-05-14,1538.0
2018-05-15,1538.0
2018-05-16,1538.0
2018-05-17,1538.0
2018-05-18,1499.0
2018-05-21,1499.0
2018-05-22,1470.0
2018-05-23,1480.0
2018-05-24,1461.0
2018-05-25,1480.0
2018-05-28,1480.0
2018-05-29,1485.0
2018-05-30,1485.0
2018-05-31,1485.0
2018-06-01,1499.0
2018-06-04,1499.0
2018-06-05,1499.0
2018-06-06,1490.0
2018-06-07,1499.0
2018-06-08,1529.0
2018-06-11,1529.0
2018-06-12,1530.0
2018-06-13,1530.0
2018-06-14,1549.0
2018-06-18,1540.0
2018-06-19,1540.0
2018-06-20,1620.0
2018-06-21,1620.0
2018-06-22,1549.0
2018-06-25,1600.0
2018-06-26,1619.0
2018-06-27,1700.0
2018-06-28,1531.0
2018-06-29,1411.0
2018-07-02,1499.0
2018-07-03,1499.0
2018-07-04,1499.0
2018-07-05,1515.0
2018-07-06,1390.0
2018-07-09,1400.0
2018-07-10,1400.0
2018-07-11,1400.0
2018-07-12,1440.0
2018-07-13,1400.0
2018-07-16,1400.0
2018-07-17,1400.0
2018-07-18,1400.0
2018-07-19,1400.0
2018-07-20,1400.0
2018-07-23,1400.0
2018-07-24,1400.0
2018-07-25,1400.0
2018-07-26,1400.0
2018-07-27,1538.0
2018-07-31,1519.0
2018-08-01,1519.0
2018-08-02,1519.0
2018-08-03,1497.0
2018-08-06,1497.0
2018-08-07,1497.0
2018-08-08,1534.0
2018-08-09,1534.0
2018-08-10,1480.0
2018-08-13,1533.0
2018-08-15,1440.0
2018-08-16,1440.0
2018-08-17,1500.0
2018-08-24,1500.0
2018-08-27,1359.0
2018-08-28,1493.0
2018-08-29,1493.0
2018-08-30,1489.0
2018-08-31,1489.0
2018-09-03,1489.0
2018-09-04,1489.0
2018-09-05,1489.0
2018-09-06,1460.0
2018-09-07,1320.0
2018-09-10,1449.0
2018-09-12,1449.0
2018-09-13,1438.0
2018-09-14,1400.0
2018-09-17,1400.0
2018-09-18,1442.0
2018-09-19,1442.0
2018-09-20,1442.0
2018-09-21,1386.0
2018-09-24,1386.0
2018-09-25,1360.0
2018-09-26,1374.0
2018-09-27,1400.0
2018-09-28,1261.0
2018-10-01,1380.0
2018-10-02,1399.0
2018-10-03,1439.0
2018-10-04,1439.0
2018-10-05,1389.0
2018-10-08,1389.0
2018-10-09,1346.0
2018-10-10,1400.0
2018-10-11,1400.0
2018-11-29,1449.0
2018-11-30,1449.0
2018-12-03,1449.0
2018-12-04,1449.0
2018-12-05,1449.0
2018-12-06,1449.0
2018-12-07,1439.0
2018-12-10,1439.0
2018-12-11,1385.0
2018-12-12,1385.0
2018-12-13,1350.0
2018-12-14,1400.0
2018-12-17,1392.0
2018-12-18,1392.0
2018-12-19,1437.0
2018-12-20,1437.0
2018-12-21,1392.0
2018-12-24,1386.0
2018-12-25,1385.0
2018-12-26,1385.0
2018-12-27,1390.0
2018-12-28,1435.0
2018-12-31,1435.0
2019-01-02,1390.0
2019-01-03,1401.0
2019-01-04,1403.0
2019-01-07,1403.0
2019-01-08,1404.0
2019-01-09,1404.0
2019-01-10,1410.0
2019-01-14,1420.0
2019-01-15,1430.0
2019-01-16,1423.0
2019-01-17,1420.0
2019-01-18,1380.0
2019-01-21,1380.0
2019-01-22,1380.0
2019-01-23,1380.0
2019-01-24,1380.0
2019-01-25,1285.0
2019-01-28,1285.0
2019-01-29,1286.0
2019-01-30,1323.0
2019-01-31,1390.0
2019-02-01,1390.0
2019-02-04,1390.0
2019-02-05,1390.0
2019-02-06,1390.0
2019-02-07,1390.0
2019-02-08,1399.0
2019-02-11,1399.0
2019-02-12,1308.0
2019-02-13,1310.0
2019-02-14,1310.0
2019-02-15,1400.0
2019-02-18,1400.0
2019-02-19,1400.0
2019-02-20,1360.0
2019-02-21,1350.0
2019-02-22,1350.0
2019-02-25,1350.0
2019-02-26,1350.0
2019-02-27,1350.0
2019-02-28,1300.0
2019-03-01,1300.0
2019-03-04,1400.0
2019-03-05,1400.0
2019-03-06,1400.0
2019-03-07,1400.0
2019-03-08,1296.0
2019-03-11,1296.0
2019-03-12,1296.0
2019-03-13,1292.0
2019-03-14,1254.0
2019-03-15,1210.0
2019-03-18,1210.0
2019-03-19,1200.0
2019-03-20,1200.0
2019-03-21,1181.0
2019-03-22,1063.0
2019-03-25,1063.0
2019-03-26,1169.0
2019-03-27,1169.0
2019-03-28,1199.0
2019-03-29,1100.0
2019-04-01,1100.0
2019-04-02,1100.0
2019-04-03,1110.0
2019-04-04,1110.0
2019-04-05,1110.0
2019-04-08,1110.0
2019-04-09,1110.0
2019-04-10,1110.0
2019-04-11,1051.0
2019-04-12,1020.0
2019-04-15,1026.0
2019-04-16,1035.0
2019-04-17,1035.0
2019-04-18,1070.0
2019-04-19,1060.0
2019-04-22,1060.0
2019-04-23,1060.0
2019-04-24,1060.0
2019-04-25,1060.0
2019-04-26,1100.0
2019-04-29,1100.0
2019-04-30,1100.0
2019-05-02,1139.0
2019-05-03,1139.0
2019-05-06,1139.0
2019-05-07,1139.0
2019-05-08,1167.0
2019-05-09,1180.0
2019-05-10,1135.0
2019-05-13,1135.0
2019-05-14,1150.0
2019-05-15,1229.0
2019-05-16,1200.0
2019-05-17,1161.0
2019-05-20,1161.0
2019-05-21,1161.0
2019-05-22,1249.0
2019-05-23,1160.0
2019-05-24,1160.0
2019-05-27,1160.0
2019-05-28,1160.0
2019-05-29,1189.0
2019-05-30,1228.0
2019-05-31,1228.0
2019-06-03,1228.0
2019-06-04,1228.0
2019-06-10,1228.0
2019-06-11,1228.0
2019-06-12,1228.0
2019-06-13,1228.0
2019-06-14,1228.0
2019-06-17,1240.0
2019-06-18,1240.0
2019-06-19,1240.0
2019-06-20,1240.0
2019-06-21,1180.0
2019-06-24,1180.0
2019-06-25,1180.0
2019-06-26,1097.0
2019-06-27,1206.0
2019-06-28,1300.0
2019-07-01,1300.0
2019-07-02,1300.0
2019-07-03,1300.0
2019-07-04,1300.0
2019-07-05,1300.0
2019-07-08,1300.0
2019-07-09,1300.0
2019-07-10,1300.0
2019-07-11,1300.0
2019-07-12,1300.0
2019-07-15,1300.0
2019-07-16,1350.0
2019-07-17,1350.0
2019-07-18,1318.0
2019-07-19,1278.0
2019-07-22,1280.0
2019-07-23,1280.0
2019-07-24,1280.0
2019-07-25,1255.0
2019-07-26,1340.0
2019-07-29,1471.0
2019-07-31,1388.0
2019-08-01,1305.0
2019-08-02,1360.0
2019-08-05,1360.0
2019-08-06,1360.0
2019-08-07,1256.0
2019-08-08,1256.0
2019-08-09,1353.0
2019-08-15,1353.0
2019-08-16,1360.0
2019-08-19,1272.0
2019-08-22,1274.0
2019-08-23,1274.0
2019-08-26,1274.0
2019-08-27,1360.0
2019-08-28,1395.0
2019-08-29,1395.0
2019-08-30,1350.0
2019-09-02,1350.0
2019-09-03,1372.0
2019-09-04,1372.0
2019-09-05,1370.0
2019-09-06,1400.0
2019-09-09,1350.0
2019-09-10,1400.0
2019-09-11,1450.0
2019-09-12,1450.0
2019-09-13,1450.0
2019-09-16,1450.0
2019-09-17,1450.0
2019-09-18,1450.0
2019-09-19,1450.0
2019-09-20,1390.0
2019-09-23,1390.0
2019-09-24,1390.0
2019-09-25,1390.0
2019-09-26,1390.0
2019-09-27,1390.0
2019-09-30,1390.0
2019-10-01,1390.0
2019-10-02,1390.0
2019-10-03,1440.0
2019-10-04,1440.0
2019-10-07,1440.0
2019-10-08,1440.0
2019-10-09,1440.0
2019-10-10,1440.0
2019-10-11,1400.0
2019-10-14,1400.0
2019-10-15,1400.0
2019-10-16,1400.0
2019-10-17,1400.0
2019-10-18,1400.0
2019-10-21,1400.0
2019-10-22,1400.0
2019-10-23,1380.0
2019-10-24,1380.0
2019-10-25,1380.0
2019-10-28,1380.0
2019-10-29,1273.0
2019-10-30,1275.0
2019-10-31,1379.0
2019-11-01,1379.0
2019-11-04,1379.0
2019-11-05,1379.0
2019-11-07,1379.0
2019-11-08,1379.0
2019-11-12,1379.0
2019-11-13,1379.0
2019-11-14,1379.0
2019-11-15,1379.0
2019-11-19,1379.0
2019-11-20,1370.0
2019-11-21,1350.0
2019-11-22,1370.0
2019-11-25,1310.0
2019-11-26,1360.0
2019-11-27,1360.0
2019-11-28,1360.0
2019-11-29,1360.0
2019-12-02,1360.0
2019-12-03,1360.0
2019-12-04,1360.0
2019-12-05,1359.0
2019-12-06,1359.0
2019-12-09,1359.0
2019-12-10,1300.0
2019-12-11,1340.0
2019-12-12,1350.0
2019-12-13,1350.0
2019-12-16,1380.0
2019-12-17,1380.0
2019-12-18,1380.0
2019-12-19,1395.0
2019-12-20,1395.0
2019-12-23,1400.0
2019-12-24,1400.0
2019-12-25,1400.0
2019-12-26,1400.0
2019-12-27,1400.0
2019-12-30,1400.0
2019-12-31,1362.0
2020-01-02,1362.0
2020-01-03,1362.0
2020-01-06,1362.0
2020-01-07,1362.0
2020-01-08,1362.0
2020-01-09,1362.0
2020-01-10,1362.0
2020-01-13,1362.0
2020-01-14,1370.0
2020-01-15,1393.0
2020-01-16,1400.0
2020-01-17,1402.0
2020-01-20,1391.0
2020-01-21,1410.0
2020-01-22,1425.0
2020-01-23,1440.0
2020-01-24,1440.0
2020-01-27,1440.0
2020-01-28,1440.0
2020-01-29,1440.0
2020-01-30,1440.0
2020-01-31,1440.0
2020-02-03,1440.0
2020-02-04,1440.0
2020-02-05,1400.0
2020-02-06,1400.0
2020-02-07,1450.0
2020-02-10,1450.0
2020-02-11,1400.0
2020-02-12,1400.0
2020-02-13,1400.0
2020-02-14,1450.0
2020-02-17,1450.0
2020-02-18,1450.0
2020-02-19,1450.0
2020-02-20,1450.0
2020-02-21,1450.0
2020-02-24,1450.0
2020-02-25,1450.0
2020-02-26,1400.0
2020-02-27,1450.0
2020-02-28,1450.0
2020-03-02,1450.0
2020-03-03,1400.0
2020-03-04,1400.0
2020-03-05,1400.0
2020-03-06,1310.0
2020-03-09,1310.0
2020-03-10,1310.0
2020-03-11,1300.0
2020-03-12,1200.0
2020-03-13,1164.0
2020-03-16,1100.0
2020-03-17,1070.0
2020-03-18,1070.0
2020-03-19,1069.0
2020-03-20,1069.0
2020-03-23,1110.0
2020-03-24,1154.0
2020-03-25,1110.0
2020-03-26,1110.0
2020-03-27,1110.0
2020-03-30,1110.0
2020-03-31,1150.0
2020-04-01,1150.0
2020-04-02,1150.0
2020-04-03,1105.0
2020-04-06,1105.0
2020-04-07,1099.0
2020-04-08,1099.0
2020-04-09,1099.0
2020-04-10,1099.0
2020-04-13,1056.0
2020-04-14,1025.0
2020-04-15,1025.0
2020-04-16,989.0
2020-04-17,989.0
2020-04-20,989.0
2020-04-21,989.0
2020-04-22,989.0
2020-04-23,1023.0
2020-04-24,1023.0
2020-04-27,1023.0
2020-04-28,990.0
2020-04-29,1026.0
2020-04-30,1000.0
2020-05-04,960.1
2020-05-05,960.1
2020-05-06,997.9
2020-05-07,998.0
2020-05-08,998.0
2020-05-11,998.0
2020-05-12,970.0
2020-05-13,970.0
2020-05-14,970.0
2020-05-15,950.0
2020-05-18,986.9
2020-05-19,986.9
2020-05-20,986.9
2020-05-21,986.9
2020-05-22,980.0
2020-05-26,980.0
2020-05-27,1000.0
2020-05-28,1029.0
2020-05-29,1038.0
2020-06-01,1049.0
2020-06-02,1020.0
2020-06-03,1060.0
2020-06-04,1070.0
2020-06-05,1100.0
2020-06-08,1100.0
2020-06-09,1100.0
2020-06-10,1140.0
2020-06-11,1100.0
2020-06-12,1100.0
2020-06-15,1100.0
2020-06-16,1100.0
2020-06-17,1120.0
2020-06-18,1140.0
2020-06-19,1119.0
2020-06-22,1152.0
2020-06-23,1106.0
2020-06-24,1100.0
2020-06-25,1100.0
2020-06-26,1070.0
2020-06-29,1090.0
2020-06-30,1090.0
2020-07-01,1090.0
2020-07-02,1090.0
2020-07-03,1090.0
2020-07-06,1090.0
2020-07-07,1090.0
2020-07-08,1090.0
2020-07-09,1090.0
2020-07-10,1090.0
2020-07-13,1090.0
2020-07-14,1090.0
2020-07-15,1090.0
2020-07-16,1090.0
2020-07-17,1060.0
2020-07-20,1060.0
2020-07-21,1060.0
2020-07-22,1020.0
2020-07-23,1060.0
2020-07-24,1090.0
2020-07-27,1090.0
2020-07-28,1099.0
2020-07-29,1099.0
2020-08-03,1099.0
2020-08-04,1078.0
2020-08-05,1078.0
2020-08-06,1090.0
2020-08-07,1086.0
2020-08-10,1086.0
2020-08-11,1086.0
2020-08-12,1070.0
2020-08-13,1100.0
2020-08-17,1100.0
2020-08-18,1100.0
2020-08-19,1100.0
2020-08-24,1100.0
2020-08-25,1100.0
2020-08-26,1100.0
2020-08-27,1100.0
2020-08-28,1095.0
2020-08-31,1095.0
2020-09-01,1095.0
2020-09-02,1095.0
2020-09-03,1095.0
2020-09-04,1120.0
2020-09-07,1120.0
2020-09-08,1140.0
2020-09-09,1140.0
2020-09-10,1160.0
2020-09-11,1160.0
2020-09-14,1160.0
2020-09-15,1160.0
2020-09-16,1160.0
2020-09-17,1172.0
2020-09-18,1172.0
2020-09-21,1172.0
2020-09-22,1172.0
2020-09-23,1172.0
2020-09-24,1172.0
2020-09-25,1165.0
2020-09-28,1165.0
2020-09-29,1165.0
2020-09-30,1165.0
2020-10-01,1165.0
2020-10-02,1165.0
2020-10-05,1165.0
2020-10-06,1165.0
2020-10-07,1165.0
2020-10-08,1165.0
2020-10-09,1165.0
2020-10-12,1165.0
2020-10-13,1165.0
2020-10-14,1165.0
2020-10-15,1165.0
2020-10-16,1165.0
2020-10-19,1165.0
2020-10-20,1165.0
2020-10-21,1165.0
2020-10-22,1165.0
2020-10-23,1165.0
2020-10-26,1165.0
2020-10-27,1160.0
2020-10-28,1160.0
2020-11-02,1160.0
2020-11-03,1160.0
2020-11-04,1160.0
2020-11-05,1160.0
2020-11-09,1160.0
2020-11-10,1160.0
2020-11-11,1160.0
2020-11-12,1160.0
2020-11-13,1160.0
2020-11-16,1160.0
2020-11-17,1160.0
2020-11-19,1160.0
2020-11-20,1165.0
2020-11-23,1165.0
2020-11-24,1165.0
2020-11-25,1160.0
2020-11-26,1160.0
2020-11-27,1160.0
2020-11-30,1160.0
2020-12-01,1160.0
2020-12-02,1160.0
2020-12-03,1160.0
2020-12-04,1180.0
2020-12-07,1180.0
2020-12-08,1180.0
2020-12-09,1180.0
2020-12-10,1195.0
2020-12-11,1210.0
2020-12-14,1210.0
2020-12-15,1210.0
2020-12-16,1210.0
2020-12-17,1230.0
2020-12-18,1240.0
2020-12-21,1240.0
2020-12-22,1240.0
2020-12-23,1235.0
2020-12-24,1250.0
2020-12-25,1250.0
2020-12-28,1290.0
2020-12-29,1239.0
2020-12-30,1230.0
2020-12-31,1278.0
2021-01-04,1230.0
2021-01-05,1230.0
2021-01-06,1220.0
2021-01-07,1220.0
2021-01-08,1220.0
2021-01-12,1220.0
2021-01-13,1220.0
2021-01-14,1220.0
2021-01-15,1220.0
2021-01-18,1220.0
2021-01-19,1220.0
2021-01-20,1220.0
2021-01-21,1220.0
2021-01-22,1220.0
2021-01-25,1220.0
2021-01-26,1220.0
2021-01-27,1220.0
2021-01-28,1220.0
2021-01-29,1220.0
2021-02-01,1220.0
2021-02-02,1220.0
2021-02-03,1220.0
2021-02-04,1244.0
2021-02-05,1244.0
2021-02-08,1244.0
2021-02-09,1220.0
2021-02-10,1220.0
2021-02-11,1220.0
2021-02-12,1220.0
2021-02-15,1220.0
2021-02-16,1220.0
2021-02-17,1220.0
2021-02-18,1220.0
2021-02-19,1220.0
2021-02-22,1220.0
2021-02-23,1220.0
2021-02-24,1220.0
2021-02-25,1220.0
2021-02-26,1220.0
2021-03-01,1220.0
2021-03-02,1220.0
2021-03-03,1220.0
2021-03-04,1220.0
2021-03-05,1220.0
2021-03-08,1220.0
2021-03-09,1220.0
2021-03-10,1220.0
2021-03-11,1220.0
2021-03-12,1220.0
2021-03-15,1220.0
2021-03-16,1220.0
2021-03-17,1220.0
2021-03-18,1220.0
2021-03-19,1220.0
2021-03-22,1220.0
2021-03-23,1220.0
2021-03-24,1220.0
2021-03-25,1220.0
2021-03-26,1220.0
2021-03-29,1220.0
2021-03-30,1220.0
2021-03-31,1220.0
2021-04-01,1220.0
2021-04-02,1220.0
2021-04-05,1220.0
2021-04-06,1200.0
2021-04-07,1200.0
2021-04-08,1200.0
2021-04-09,1200.0
2021-04-12,1200.0
2021-04-13,1200.0
2021-04-14,1200.0
2021-04-15,1200.0
2021-04-16,1200.0
2021-04-19,1200.0
2021-04-20,1200.0
2021-04-21,1200.0
2021-04-22,1200.0
2021-04-23,1200.0
2021-04-26,1200.0
2021-04-27,1200.0
2021-04-28,1200.0
2021-04-29,1200.0
2021-04-30,1200.0
2021-05-03,1200.0
2021-05-04,1200.0
2021-05-05,1200.0
2021-05-06,1200.0
2021-05-07,1223.0
2021-05-10,1223.0
2021-05-11,1223.0
2021-05-12,1223.0
2021-05-17,1223.0
2021-05-18,1200.0
2021-05-19,1200.0
2021-05-20,1177.0
2021-05-21,1200.0
2021-05-24,1200.0
2021-05-25,1200.0
2021-05-26,1180.0
2021-05-27,1180.0
2021-05-28,1180.0
2021-05-31,1180.0
2021-06-01,1180.0
2021-06-02,1200.0
2021-06-03,1200.0
2021-06-04,1200.0
2021-06-07,1205.0
2021-06-08,1210.0
2021-06-09,1210.0
2021-06-10,1229.0
2021-06-11,1229.0
2021-06-14,1205.0
2021-06-15,1215.0
2021-06-16,1215.0
2021-06-17,1220.0
2021-06-18,1225.0
2021-06-21,1230.0
2021-06-22,1230.0
2021-06-23,1231.0
2021-06-24,1240.0
2021-06-25,1242.0
2021-06-28,1250.0
2021-06-29,1250.0
2021-06-30,1250.0
2021-07-01,1228.0
2021-07-02,1228.0
2021-07-05,1204.0
2021-07-06,1184.0
2021-07-07,1184.0
2021-07-08,1184.0
2021-07-09,1207.0
2021-07-12,1231.0
2021-07-13,1230.0
2021-07-14,1240.0
2021-07-15,1240.0
2021-07-16,1240.0
2021-07-19,1240.0
2021-07-20,1240.0
2021-07-23,1240.0
2021-07-26,1240.0
2021-07-27,1238.0
2021-07-28,1238.0
2021-07-29,1238.0
2021-08-02,1238.0
2021-08-03,1238.0
2021-08-04,1238.0
2021-08-05,1238.0
2021-08-06,1235.0
2021-08-09,1235.0
2021-08-11,1235.0
2021-08-12,1211.0
2021-08-13,1201.0
2021-08-16,1225.0
2021-08-17,1225.0
2021-08-18,1240.0
2021-08-19,1245.0
2021-08-23,1245.0
2021-08-24,1250.0
2021-08-25,1260.0
2021-08-26,1260.0
2021-08-27,1260.0
2021-08-30,1260.0
2021-08-31,1260.0
2021-09-01,1265.0
2021-09-02,1265.0
2021-09-03,1290.0
2021-09-06,1290.0
2021-09-07,1290.0
2021-09-08,1290.0
2021-09-09,1290.0
2021-09-10,1290.0
2021-09-13,1290.0
2021-09-14,1315.0
2021-09-15,1340.0
2021-09-16,1340.0
2021-09-17,1340.0
2021-09-20,1314.0
2021-09-21,1325.0
2021-09-22,1335.0
2021-09-23,1350.0
2021-09-24,1350.0
2021-09-27,1350.0
2021-09-28,1340.0
2021-09-29,1340.0
2021-09-30,1350.0
2021-10-01,1350.0
2021-10-04,1350.0
2021-10-05,1350.0
2021-10-06,1350.0
2021-10-07,1350.0
2021-10-08,1324.0
2021-10-11,1324.0
2021-10-12,1324.0
2021-10-13,1324.0
2021-10-14,1324.0
2021-10-15,1350.0
2021-10-18,1297.0
2021-10-21,1348.0
2021-10-22,1350.0
2021-10-25,1350.0
2021-10-26,1350.0
2021-10-27,1400.0
2021-10-28,1400.0
2021-10-29,1450.0
2021-11-01,1450.0
2021-11-02,1450.0
2021-11-03,1450.0
2021-11-04,1450.0
2021-11-05,1450.0
2021-11-08,1450.0
2021-11-09,1450.0
2021-11-10,1450.0
2021-11-11,1450.0
2021-11-12,1450.0
2021-11-15,1450.0
2021-11-16,1450.0
2021-11-17,1450.0
2021-11-19,1450.0
2021-11-22,1450.0
2021-11-23,1393.0
2021-11-24,1393.0
2021-11-25,1393.0
2021-11-26,1440.0
2021-11-29,1440.0
2021-11-30,1440.0
2021-12-01,1450.0
2021-12-02,1450.0
2021-12-03,1450.0
2021-12-06,1450.0
2021-12-07,1450.0
2021-12-08,1450.0
2021-12-09,1450.0
2021-12-10,1457.0
2021-12-13,1469.0
2021-12-14,1484.0
2021-12-15,1484.0
2021-12-16,1450.0
2021-12-17,1451.0
2021-12-20,1450.0
2021-12-21,1450.0
2021-12-22,1450.0
2021-12-23,1484.0
2021-12-24,1485.0
2021-12-27,1485.0
2021-12-28,1485.0
2021-12-29,1485.0
2021-12-30,1497.0
2021-12-31,1450.0
2022-01-03,1450.0
2022-01-04,1450.0
2022-01-05,1485.0
2022-01-06,1485.0
2022-01-07,1500.0
2022-01-10,1500.0
2022-01-12,1500.0
2022-01-13,1441.0
2022-01-14,1441.0
2022-01-17,1450.0
2022-01-18,1450.0
2022-01-19,1393.0
2022-01-20,1448.0
2022-01-21,1460.0
2022-01-24,1460.0
2022-01-25,1406.0
2022-01-26,1406.0
2022-01-27,1405.0
2022-01-28,1403.0
2022-01-31,1403.0
2022-02-01,1403.0
2022-02-02,1403.0
2022-02-03,1403.0
2022-02-04,1403.0
2022-02-07,1403.0
2022-02-08,1403.0
2022-02-09,1403.0
2022-02-10,1404.0
2022-02-11,1404.0
2022-02-14,1404.0
2022-02-15,1404.0
2022-02-16,1404.0
2022-02-17,1403.0
2022-02-18,1403.0
2022-02-21,1403.0
2022-02-22,1403.0
2022-02-23,1403.0
2022-02-24,1403.0
2022-02-25,1403.0
2022-02-28,1430.0
2022-03-01,1373.0
2022-03-02,1373.0
2022-03-03,1373.0
2022-03-04,1373.0
2022-03-07,1373.0
2022-03-08,1395.0
2022-03-09,1395.0
2022-03-10,1390.0
2022-03-11,1335.0
2022-03-14,1335.0
2022-03-15,1335.0
2022-03-16,1335.0
2022-03-17,1350.0
2022-03-18,1350.0
2022-03-21,1400.0
2022-03-22,1400.0
2022-03-23,1449.0
2022-03-24,1449.0
2022-03-25,1449.0
2022-03-28,1392.0
2022-03-29,1446.0
2022-03-30,1400.0
2022-03-31,1449.0
2022-04-01,1400.0
2022-04-04,1455.0
2022-04-05,1400.0
2022-04-06,1400.0
2022-04-07,1400.0
2022-04-08,1400.0
2022-04-11,1400.0
2022-04-12,1355.0
2022-04-13,1362.0
2022-04-14,1357.0
2022-04-15,1357.0
2022-04-18,1357.0
2022-04-19,1370.0
2022-04-20,1370.0
2022-04-21,1395.0
2022-04-22,1399.0
2022-04-25,1360.0
2022-04-26,1360.0
2022-04-27,1360.0
2022-04-28,1360.0
2022-04-29,1390.0
2022-05-04,1445.0
2022-05-05,1450.0
2022-05-06,1393.0
2022-05-09,1395.0
2022-05-10,1395.0
2022-05-11,1390.0
2022-05-12,1390.0
2022-05-13,1389.0
2022-05-16,1389.0
2022-05-17,1385.0
2022-05-18,1385.0
2022-05-19,1385.0
2022-05-20,1380.0
2022-05-23,1380.0
2022-05-24,1380.0
2022-05-25,1380.0
2022-05-26,1380.0
2022-05-27,1380.0
2022-05-30,1380.0
2022-05-31,1380.0
2022-06-01,1380.0
2022-06-02,1380.0
2022-06-03,1379.0
2022-06-06,1429.0
2022-06-07,1400.0
2022-06-08,1410.0
2022-06-09,1400.0
2022-06-10,1400.0
2022-06-13,1410.0
2022-06-14,1410.0
2022-06-15,1410.0
2022-06-16,1410.0
2022-06-17,1354.0
2022-06-20,1354.0
2022-06-21,1408.0
2022-06-22,1408.0
2022-06-23,1460.0
2022-06-24,1402.0
2022-06-27,1402.0
2022-06-28,1402.0
2022-06-29,1420.0
2022-06-30,1400.0
2022-07-01,1350.0
2022-07-04,1315.0
2022-07-05,1315.0
2022-07-06,1315.0
2022-07-07,1315.0
2022-07-08,1315.0
2022-07-12,1315.0
2022-07-13,1360.0
2022-07-14,1350.0
2022-07-15,1350.0
2022-07-18,1330.0
2022-07-19,1330.0
2022-07-20,1330.0
2022-07-21,1330.0
2022-07-22,1330.0
2022-07-25,1330.0
2022-07-26,1330.0
2022-07-27,1330.0
2022-07-28,1330.0
2022-07-29,1330.0
2022-08-01,1330.0
2022-08-02,1330.0
2022-08-03,1330.0
2022-08-04,1330.0
2022-08-05,1330.0
2022-08-08,1330.0
2022-08-09,1330.0
2022-08-10,1330.0
2022-08-11,1300.0
2022-08-12,1250.0
2022-08-15,1323.0
2022-08-16,1284.0
2022-08-17,1263.0
2022-08-18,1263.0
2022-08-19,1300.0
2022-08-22,1300.0
2022-08-23,1300.0
2022-08-24,1300.0
2022-08-25,1300.0
2022-08-26,1260.0
2022-08-29,1200.0
2022-08-30,1200.0
2022-08-31,1250.0
2022-09-01,1250.0
2022-09-02,1200.0
2022-09-05,1200.0
2022-09-06,1200.0
2022-09-07,1249.0
2022-09-08,1270.0
2022-09-09,1270.0
2022-09-12,1217.0
2022-09-13,1270.0
2022-09-14,1270.0
2022-09-15,1235.0
2022-09-16,1300.0
2022-09-19,1223.0
2022-09-20,1250.0
2022-09-21,1300.0
2022-09-22,1300.0
2022-09-23,1250.0
2022-09-26,1300.0
2022-09-27,1260.0
2022-09-28,1200.0
2022-09-29,1185.0
2022-09-30,1129.0
2022-10-03,1129.0
2022-10-04,1129.0
2022-10-05,1185.0
2022-10-06,1114.0
2022-10-07,1092.0
2022-10-11,1092.0
2022-10-12,1092.0
2022-10-13,1092.0
2022-10-14,1100.0
2022-10-17,1100.0
2022-10-18,1120.0
2022-10-19,1120.0
2022-10-20,1120.0
2022-10-21,1053.0
2022-10-24,1067.0
2022-10-25,1067.0
2022-10-26,1041.0
2022-10-27,1050.0
2022-10-28,1050.0
2022-10-31,1050.0
2022-11-01,1050.0
2022-11-02,1050.0
2022-11-03,1045.0
2022-11-04,1025.0
2022-11-07,1025.0
2022-11-08,1025.0
2022-11-09,1035.0
2022-11-10,977.0
2022-11-11,1035.0
2022-11-14,1035.0
2022-11-15,1066.0
2022-11-16,1003.0
2022-11-17,1005.0
2022-11-21,1005.0
2022-11-22,1005.0
2022-11-23,1005.0
2022-11-24,1059.0
2022-11-25,1059.0
2022-11-28,1059.0
2022-11-29,1030.0
2022-11-30,1030.0
2022-12-01,1000.0
2022-12-02,971.0
2022-12-05,1000.0
2022-12-06,1000.0
2022-12-07,1000.0
2022-12-08,1029.0
2022-12-09,1059.0
2022-12-12,1100.0
2022-12-13,1071.0
2022-12-14,1025.0
2022-12-15,1050.0
2022-12-16,1050.0
2022-12-19,1050.0
2022-12-20,1050.0
2022-12-21,1112.0
2022-12-22,1112.0
2022-12-23,1046.0
2022-12-26,1108.0
2022-12-27,1050.0
2022-12-28,1112.0
2022-12-29,1046.0
2022-12-30,990.0
2023-01-02,950.0
2023-01-03,950.0
2023-01-04,950.0
2023-01-05,893.1
2023-01-06,841.0
2023-01-09,889.0
2023-01-10,889.0
2023-01-12,915.0
2023-01-13,905.0
2023-01-16,905.0
2023-01-17,932.0
2023-01-18,959.0
2023-01-19,950.0
2023-01-20,950.0
2023-01-23,950.0
2023-01-24,950.0
2023-01-25,950.0
2023-01-26,901.0
2023-01-27,950.0
2023-01-30,950.0
2023-01-31,950.0
2023-02-01,970.0
2023-02-02,1000.0
2023-02-03,995.0
2023-02-06,995.0
2023-02-07,1020.0
2023-02-08,1030.0
2023-02-09,1040.0
2023-02-10,1000.0
2023-02-13,1000.0
2023-02-14,1000.0
2023-02-15,1000.0
2023-02-16,1000.0
2023-02-17,1000.0
2023-02-20,1000.0
2023-02-21,1000.0
2023-02-22,1000.0
2023-02-23,1018.0
2023-02-24,1030.0
2023-02-27,1002.0
2023-02-28,1040.0
2023-03-01,1040.0
2023-03-02,1040.0
2023-03-03,1040.0
2023-03-06,1040.0
2023-03-07,1040.0
2023-03-08,1040.0
2023-03-09,1040.0
2023-03-10,1000.0
2023-03-13,1000.0
2023-03-14,1000.0
2023-03-15,1000.0
2023-03-16,1000.0
2023-03-17,1000.0
2023-03-20,1000.0
2023-03-21,1000.0
2023-03-22,1000.0
2023-03-23,1000.0
2023-03-24,1000.0
2023-03-27,1000.0
2023-03-28,1000.0
2023-03-29,1000.0
2023-03-30,1000.0
2023-03-31,945.0
2023-04-03,950.0
2023-04-04,993.9
2023-04-05,1000.0
2023-04-06,1000.0
2023-04-07,973.0
2023-04-10,999.0
2023-04-11,999.0
2023-04-12,999.0
2023-04-13,952.0
2023-04-14,900.0
2023-04-17,900.0
2023-04-18,900.0
2023-04-19,905.0
2023-04-20,910.0
2023-04-21,856.0
2023-04-25,906.0
2023-04-26,959.0
2023-04-27,990.0
2023-04-28,950.0
2023-05-02,1000.0
2023-05-03,960.0
2023-05-04,945.0
2023-05-05,945.0
2023-05-08,945.0
2023-05-09,945.0
2023-05-10,973.0
2023-05-11,989.0
2023-05-12,988.0
2023-05-15,988.0
2023-05-16,988.0
2023-05-17,988.0
2023-05-18,988.0
2023-05-19,988.0
2023-05-22,987.0
2023-05-23,989.0
2023-05-24,989.0
2023-05-25,989.0
2023-05-26,989.0
2023-05-29,980.0
2023-05-30,1000.0
2023-05-31,1000.0
2023-06-01,1000.0
2023-06-02,1000.0
2023-06-05,973.0
2023-06-06,989.0
2023-06-07,960.0
2023-06-08,950.0
2023-06-09,950.1
2023-06-12,950.1
2023-06-13,985.0
2023-06-14,985.0
2023-06-15,985.0
2023-06-16,980.0
2023-06-19,951.0
2023-06-20,1000.0
2023-06-21,1000.0
2023-06-22,1000.0
2023-06-23,999.0
2023-06-26,999.0
2023-06-27,999.0
2023-06-28,1000.0
2023-07-03,1000.0
2023-07-04,1000.0
2023-07-05,1004.0
2023-07-06,1004.0
2023-07-07,1020.0
2023-07-10,1021.0
2023-07-11,1020.0
2023-07-12,1013.0
2023-07-13,1013.0
2023-07-14,1020.0
2023-07-17,1020.0
2023-07-18,1020.0
2023-07-20,1020.0
2023-07-21,1060.0
2023-07-24,1060.0
2023-07-25,1060.0
2023-07-26,1060.0
2023-07-27,1050.0
2023-07-28,1050.0
2023-07-31,1055.0
2023-08-01,1060.0
2023-08-02,1090.0
2023-08-03,1080.0
2023-08-04,1080.0
2023-08-07,1120.0
2023-08-08,1148.0
2023-08-09,1149.0
2023-08-10,1200.0
2023-08-11,1215.0
2023-08-15,1230.0
2023-08-16,1230.0
2023-08-17,1200.0
2023-08-18,1200.0
2023-08-22,1125.0
2023-08-23,1125.0
2023-08-24,1125.0
2023-08-25,1106.0
2023-08-28,1159.0
2023-08-29,1185.0
2023-08-30,1215.0
2023-08-31,1215.0
2023-09-01,1150.0
2023-09-04,1150.0
2023-09-05,1150.0
2023-11-28,1276.0
2023-11-29,1279.0
2023-11-30,1279.0
2023-12-01,1279.0
2023-12-04,1279.0
2023-12-05,1295.0
2023-12-06,1295.0
2023-12-07,1294.0
2023-12-08,1285.0
2023-12-11,1285.0
2023-12-12,1284.0
2023-12-13,1275.0
2023-12-14,1275.0
2023-12-15,1275.0
2023-12-18,1275.0
2023-12-19,1285.0
2023-12-20,1285.0
2023-12-21,1288.0
2023-12-22,1315.0
2023-12-25,1310.0
2023-12-26,1280.0
2023-12-27,1280.0
2023-12-28,1299.0
2023-12-29,1299.0
2024-01-02,1300.0
2024-01-03,1290.0
2024-01-04,1300.0
2024-01-05,1300.0
2024-01-08,1270.0
2024-01-09,1300.0
2024-01-10,1277.0
2024-01-12,1235.0
2024-01-15,1132.0
2024-01-16,1135.0
2024-01-17,1150.0
2024-01-18,1140.0
2024-01-19,1141.0
2024-01-22,1141.0
2024-01-23,1254.0
2024-01-24,1250.0
2024-01-25,1250.0
2024-01-26,1250.0
2024-01-29,1250.0
2024-01-30,1250.0
2024-01-31,1250.0
2024-02-01,1250.0
2024-02-02,1250.0
2024-02-05,1250.0
2024-02-06,1250.0
2024-02-07,1250.0
2024-02-08,1250.0
2024-02-09,1250.0
2024-02-12,1251.0
2024-02-13,1251.0
2024-02-14,1250.0
2024-02-15,1250.0
2024-02-16,1320.0
2024-02-19,1320.0
2024-02-20,1321.0
2024-02-21,1323.0
2024-02-22,1323.0
2024-02-23,1380.0
2024-02-26,1379.0
2024-02-27,1380.0
2024-02-28,1380.0
2024-02-29,1380.0
2024-03-01,1380.0
2024-03-04,1380.0
2024-03-05,1380.0
2024-03-06,1380.0
2024-03-07,1380.0
2024-03-08,1380.0
2024-03-11,1382.0
2024-03-12,1382.0
2024-03-13,1382.0
2024-03-14,1382.0
2024-03-15,1382.0
2024-03-18,1400.0
2024-03-19,1400.0
2024-03-20,1400.0
2024-03-21,1400.0
2024-03-22,1400.0
2024-03-25,1400.0
2024-03-26,1390.0
2024-03-27,1390.0
2024-03-28,1390.0
2024-03-29,1455.0
2024-04-01,1470.0
2024-04-02,1470.0
2024-04-03,1500.0
2024-04-04,1502.0
2024-04-05,1502.0
2024-04-08,1510.0
2024-04-09,1550.0
2024-04-15,1600.0
2024-04-16,1640.0
2024-04-17,1640.0
2024-04-18,1640.0
2024-04-19,1695.0
2024-04-22,1699.0
2024-04-23,1699.0
2024-04-24,1700.0
2024-04-25,1700.0
2024-04-26,1860.0
2024-04-29,1860.0
2024-04-30,1820.0
2024-05-02,1820.0
2024-05-03,1820.0
2024-05-06,1820.0
2024-05-07,1820.0
2024-05-08,1825.0
2024-05-09,1825.0
2024-05-10,1825.0
2024-05-13,1825.0
2024-05-14,1825.0
2024-05-15,1900.0
2024-05-16,1900.0
2024-05-17,2075.0
2024-05-20,2090.0
2024-05-21,2090.0
2024-05-22,1899.0
2024-05-23,1899.0
2024-05-24,2085.0
2024-05-27,2085.0
2024-05-28,2085.0
2024-05-29,1906.0
2024-05-30,1899.0
2024-05-31,1935.0
2024-06-03,1935.0
2024-06-04,1935.0
2024-06-05,1935.0
2024-06-06,1935.0
2024-06-07,1932.0
2024-06-10,1932.0
2024-06-11,1998.0
2024-06-12,1998.0
2024-06-13,1998.0
2024-06-14,1975.0
2024-06-19,1995.0
2024-06-20,1995.0
2024-06-21,1969.0
2024-06-24,1950.0
2024-06-25,1950.0
2024-06-26,1950.0
2024-06-27,1950.0
2024-06-28,1950.0
2024-07-01,1950.0
2024-07-02,1950.0
2024-07-03,1950.0
2024-07-04,1950.0
2024-07-05,1950.0
2024-07-08,1950.0
2024-07-09,1950.0
2024-07-10,1950.0
2024-07-11,1950.0
2024-07-12,1949.0
2024-07-15,1949.0
2024-07-16,1949.0
2024-07-17,1930.0
2024-07-18,1930.0
2024-07-19,1947.0
2024-07-22,1836.0
2024-07-23,1944.0
2024-07-24,1944.0
2024-07-25,1944.0
2024-07-26,1947.0
2024-07-29,1930.0
2024-07-31,1930.0
2024-08-01,1949.0
2024-08-02,1949.0
2024-08-05,1949.0
2024-08-06,1949.0
2024-08-07,1949.0
2024-08-08,1948.0
2024-08-09,1930.0
2024-08-12,1930.0
2024-08-13,1930.0
2024-08-15,1930.0
2024-08-16,2028.0
2024-08-19,2027.0
2024-08-22,2019.0
2024-08-23,2019.0
2024-08-26,2019.0
2024-08-27,1900.0
2024-08-28,2000.0
2024-08-29,2000.0
2024-08-30,2000.0
2024-09-02,2000.0
2024-09-03,2000.0
2024-09-04,1974.0
2024-09-05,1866.0
2024-09-06,1970.0
2024-09-09,1852.0
2024-09-10,1963.0
2024-09-11,1969.0
2024-09-12,1969.0
2024-09-13,1969.0
2024-09-18,1969.0
2024-09-19,1969.0
2024-09-20,1857.0
2024-09-23,1857.0
2024-09-24,1968.0
2024-09-25,1968.0
2024-09-26,1968.0
2024-09-27,1968.0
2024-09-30,1968.0
2024-10-01,1968.0
2024-10-02,1857.0
2024-10-03,1857.0
2024-10-04,1855.0
2024-10-07,1855.0
2024-10-08,1855.0
2024-10-09,1855.0
2024-10-10,1855.0
2024-10-11,1957.0
2024-10-14,1957.0
2024-10-15,1957.0
2024-10-16,1851.0
2024-10-17,1850.0
2024-10-18,1919.0
2024-10-21,1919.0
2024-10-22,1919.0
2024-10-23,1919.0
2024-10-24,1919.0
2024-10-25,1919.0
2024-10-28,1919.0
2024-10-29,1919.0
2024-10-30,1890.0
2024-10-31,1890.0
2024-11-01,1900.0
2024-11-04,1920.0
2024-11-05,1900.0
2024-11-07,1920.0
2024-11-08,1918.0
2024-11-11,1899.0
2024-11-12,1899.0
2024-11-13,1899.0
2024-11-14,1899.0
2024-11-15,1890.0
2024-11-19,1890.0
2024-11-20,1880.0
2024-11-21,1926.0
2024-11-22,1920.0
2024-11-25,1920.0
2024-11-26,1919.0
2024-11-27,1919.0
2024-11-28,1919.0
2024-11-29,1919.0
2024-12-02,1917.0
2024-12-03,1917.0
2024-12-04,1917.0
2024-12-05,1890.0
2024-12-06,1890.0
2024-12-09,1884.0
2024-12-10,1884.0
2024-12-11,1884.0
2024-12-12,1884.0
2024-12-13,1884.0
2024-12-16,1875.0
2024-12-17,1865.0
2024-12-18,1865.0
2024-12-19,1865.0
2024-12-20,1865.0
2024-12-23,1865.0
2024-12-24,1865.0
2024-12-25,1865.0
2024-12-26,1865.0
2024-12-27,1679.0
2024-12-30,1795.0
2024-12-31,1829.0
2025-01-02,1756.0
2025-01-03,1840.0
2025-01-06,1838.0
2025-01-07,1805.0
2025-01-08,1830.0
2025-01-09,1864.0
2025-01-10,1890.0
2025-01-13,1890.0
2025-01-15,1890.0
2025-01-16,1890.0
2025-01-17,1854.0
2025-01-20,1854.0
2025-01-21,1854.0
2025-01-22,1854.0
2025-01-23,1854.0
2025-01-24,1854.0
2025-01-27,1854.0
2025-01-28,1800.0
2025-01-29,1800.0
2025-01-30,1810.0
2025-01-31,1810.0
2025-02-03,1810.0
2025-02-04,1820.0
2025-02-05,1830.0
2025-02-06,1830.0
2025-02-07,1810.0
2025-02-10,1800.0
2025-02-11,1908.0
2025-02-12,2030.0
2025-02-13,1999.0
2025-02-14,2000.0
2025-02-17,2000.0
2025-02-18,2000.0
2025-02-19,1950.0
2025-02-20,2007.0
2025-02-21,1840.0
2025-02-24,1840.0
2025-02-25,1825.0
2025-02-26,1900.0
2025-02-27,2018.0
2025-02-28,1826.0
2025-03-03,1826.0
2025-03-04,1826.0
2025-03-05,1826.0
2025-03-06,1826.0
2025-03-07,1826.0
2025-03-10,1808.0
2025-03-11,1808.0
2025-03-12,1808.0
2025-03-13,1810.0
2025-03-14,1810.0
2025-03-17,1900.0
2025-03-18,1900.0
2025-03-19,1821.0
2025-03-20,1822.0
2025-03-21,1899.0
2025-03-24,1837.0
2025-03-25,1840.0
2025-03-26,1825.0
2025-03-27,1800.0
2025-03-28,1800.0
2025-04-02,1800.0
2025-04-03,1770.0
2025-04-04,1770.0
2025-04-07,1770.0
2025-04-08,1771.0
2025-04-09,1771.0
2025-04-10,1948.0
2025-04-11,2142.0
2025-04-14,2000.0
2025-04-15,1950.0
2025-04-16,1955.0
2025-04-17,2150.0
2025-04-18,2100.0
2025-04-21,1950.0
2025-04-22,2140.0
2025-04-23,2000.0
2025-04-24,1898.0
2025-04-25,2080.0
2025-04-28,2080.0
2025-04-29,2000.0
2025-04-30,2000.0
2025-05-02,2150.0
2025-05-05,2150.0
2025-05-06,2150.0
2025-05-07,2190.0
2025-05-08,2020.0
