date,SAM
2000-07-24,660.0
2000-07-25,660.0
2000-07-26,664.0
2000-07-27,679.0
2000-07-28,675.0
2000-07-31,667.0
2000-08-01,670.0
2000-08-02,675.0
2000-08-03,670.0
2000-08-04,670.0
2000-08-07,670.0
2000-08-08,669.0
2000-08-09,669.0
2000-08-10,667.0
2000-08-11,661.0
2000-08-15,665.0
2000-08-16,669.0
2000-08-17,666.0
2000-08-18,666.0
2000-08-24,735.0
2000-08-25,736.0
2000-08-28,720.0
2000-08-29,716.0
2000-08-30,716.0
2000-08-31,722.0
2000-09-01,717.0
2000-09-04,719.0
2000-09-05,717.0
2000-09-06,715.0
2000-09-07,710.0
2000-09-08,710.0
2000-09-11,706.0
2000-09-12,714.0
2000-09-13,709.0
2000-09-14,714.0
2000-09-15,706.0
2000-09-18,706.0
2000-09-19,707.0
2000-09-20,704.0
2000-09-21,707.0
2000-09-22,701.0
2000-09-25,702.0
2000-09-26,703.0
2000-09-27,707.0
2000-09-28,710.0
2000-09-29,710.0
2000-10-02,711.0
2000-10-03,717.0
2000-10-04,715.0
2000-10-05,716.0
2000-10-06,715.0
2000-10-09,715.0
2000-10-10,713.0
2000-10-11,705.0
2000-10-12,703.0
2000-10-13,696.0
2000-10-16,696.0
2000-10-17,686.0
2000-10-18,679.0
2000-10-19,682.0
2000-10-20,687.0
2000-10-23,690.0
2000-10-24,687.0
2000-10-25,691.0
2000-10-26,691.0
2000-10-30,689.0
2000-10-31,690.0
2000-11-01,690.0
2000-11-02,688.0
2000-11-03,686.0
2000-11-07,682.0
2000-11-08,681.0
2000-11-09,678.0
2000-11-10,677.0
2000-11-13,669.0
2000-11-14,669.0
2000-11-15,666.0
2000-11-16,666.0
2000-11-17,655.0
2000-11-20,655.0
2000-11-21,656.0
2000-11-22,668.0
2000-11-23,669.0
2000-11-24,663.0
2000-11-27,661.0
2000-11-28,663.0
2000-11-29,659.0
2000-11-30,655.0
2000-12-01,653.0
2000-12-04,647.0
2000-12-05,634.0
2000-12-06,625.0
2000-12-07,641.0
2000-12-08,634.0
2000-12-11,643.0
2000-12-12,649.0
2000-12-13,650.0
2000-12-14,656.0
2000-12-15,652.0
2000-12-18,660.0
2000-12-19,665.0
2000-12-20,655.0
2000-12-21,652.0
2000-12-22,649.0
2000-12-25,645.0
2000-12-26,640.0
2000-12-29,632.0
2001-01-02,630.0
2001-01-03,630.0
2001-01-04,630.0
2001-01-05,620.0
2001-01-08,620.0
2001-01-09,615.0
2001-01-10,610.0
2001-01-12,603.0
2001-01-15,610.0
2001-01-16,604.0
2001-01-17,601.0
2001-01-18,600.0
2001-01-19,580.0
2001-01-22,556.0
2001-01-23,569.0
2001-01-24,599.0
2001-01-25,600.0
2001-01-26,619.0
2001-01-29,653.0
2001-01-30,654.0
2001-01-31,655.0
2001-02-01,647.0
2001-02-02,640.0
2001-02-05,675.0
2001-02-06,652.0
2001-02-07,674.0
2001-02-08,662.0
2001-02-09,668.0
2001-02-12,670.0
2001-02-13,682.0
2001-02-14,702.0
2001-02-15,700.0
2001-02-16,710.0
2001-02-19,710.0
2001-02-20,701.0
2001-02-21,693.0
2001-02-22,710.0
2001-02-23,718.0
2001-02-26,740.0
2001-02-27,735.0
2001-02-28,729.0
2001-03-01,727.0
2001-03-02,722.0
2001-03-05,730.0
2001-03-08,725.0
2001-03-09,735.0
2001-03-12,730.0
2001-03-13,739.0
2001-03-14,733.0
2001-03-15,736.0
2001-03-16,734.0
2001-03-19,739.0
2001-03-20,736.0
2001-03-21,741.0
2001-03-22,739.0
2001-03-23,732.0
2001-03-26,732.0
2001-03-28,734.0
2001-03-29,735.0
2001-03-30,727.0
2001-04-02,715.0
2001-04-03,725.0
2001-04-04,726.0
2001-04-05,725.0
2001-04-06,730.0
2001-04-09,730.0
2001-04-10,738.0
2001-04-11,737.0
2001-04-12,730.0
2001-04-13,725.0
2001-04-16,723.0
2001-04-17,717.0
2001-04-18,724.0
2001-04-19,725.0
2001-04-20,720.0
2001-04-23,725.0
2001-04-24,719.0
2001-04-25,717.0
2001-04-26,710.0
2001-04-27,716.0
2001-04-30,715.0
2001-05-02,710.0
2001-05-03,710.0
2001-05-04,710.0
2001-05-07,710.0
2001-05-08,715.0
2001-05-09,710.0
2001-05-10,714.0
2001-05-11,710.0
2001-05-14,711.0
2001-05-15,710.0
2001-05-16,710.0
2001-05-17,712.0
2001-05-18,714.0
2001-05-21,714.0
2001-05-22,714.0
2001-05-23,723.0
2001-05-24,722.0
2001-05-25,720.0
2001-05-28,719.0
2001-05-29,715.0
2001-05-30,722.0
2001-05-31,723.0
2001-06-01,723.0
2001-06-04,725.0
2001-06-07,720.0
2001-06-08,718.0
2001-06-11,715.0
2001-06-12,709.0
2001-06-13,708.0
2001-06-14,704.0
2001-06-15,661.0
2001-06-18,647.0
2001-06-19,632.0
2001-06-20,631.0
2001-06-21,656.0
2001-06-22,646.0
2001-06-25,628.0
2001-06-26,640.0
2001-06-27,640.0
2001-06-28,630.0
2001-06-29,644.0
2001-07-02,635.0
2001-07-03,634.0
2001-07-04,629.0
2001-07-05,624.0
2001-07-06,630.0
2001-07-09,623.0
2001-07-10,631.0
2001-07-11,625.0
2001-07-12,622.0
2001-07-13,616.0
2001-07-16,610.0
2001-07-17,600.0
2001-07-18,600.0
2001-07-19,603.0
2001-07-20,609.0
2001-07-23,610.0
2001-07-24,616.0
2001-07-25,620.0
2001-07-26,625.0
2001-07-27,625.0
2001-07-31,618.0
2001-08-01,616.0
2001-08-02,612.0
2001-08-03,618.0
2001-08-06,655.0
2001-08-07,652.0
2001-08-08,646.0
2001-08-09,637.0
2001-08-10,632.0
2001-08-13,634.0
2001-08-15,634.0
2001-08-16,648.0
2001-08-17,644.0
2001-08-22,640.0
2001-08-23,637.0
2001-08-24,637.0
2001-08-27,644.0
2001-08-28,655.0
2001-08-29,646.0
2001-08-30,658.0
2001-08-31,663.0
2001-09-03,656.0
2001-09-04,665.0
2001-09-05,673.0
2001-09-06,672.0
2001-09-07,671.0
2001-09-10,666.0
2001-09-11,670.0
2001-09-12,656.0
2001-09-13,640.0
2001-09-14,640.0
2001-09-17,626.0
2001-09-18,624.0
2001-09-19,630.0
2001-09-20,628.0
2001-09-21,635.0
2001-09-24,636.0
2001-09-25,632.0
2001-09-26,634.0
2001-09-27,632.0
2001-09-28,627.0
2001-10-01,620.0
2001-10-02,624.0
2001-10-03,620.0
2001-10-04,618.0
2001-10-05,620.0
2001-10-08,620.0
2001-10-09,618.0
2001-10-10,612.0
2001-10-11,615.0
2001-10-12,616.0
2001-10-15,608.0
2001-10-16,606.0
2001-10-17,600.0
2001-10-18,604.0
2001-10-19,587.0
2001-10-22,580.0
2001-10-23,577.0
2001-10-24,553.0
2001-10-25,556.0
2001-10-26,555.0
2001-10-29,557.0
2001-10-30,558.0
2001-10-31,557.0
2001-11-01,550.0
2001-11-02,533.0
2001-11-05,545.0
2001-11-07,533.0
2001-11-08,521.0
2001-11-09,521.0
2001-11-12,521.0
2001-11-13,527.0
2001-11-14,550.0
2001-11-15,545.0
2001-11-16,541.0
2001-11-19,533.0
2001-11-20,541.0
2001-11-21,560.0
2001-11-22,569.0
2001-11-23,552.0
2001-11-26,559.0
2001-11-27,565.0
2001-11-28,565.0
2001-11-29,570.0
2001-11-30,580.0
2001-12-03,580.0
2001-12-04,580.0
2001-12-05,580.0
2001-12-06,570.0
2001-12-07,570.0
2001-12-10,570.0
2001-12-11,565.0
2001-12-12,560.0
2001-12-13,558.0
2001-12-14,565.0
2001-12-19,546.0
2001-12-20,548.0
2001-12-21,546.0
2001-12-24,564.0
2001-12-25,551.0
2001-12-26,550.0
2001-12-27,545.0
2001-12-28,534.0
2001-12-31,533.0
2002-01-04,528.0
2002-01-07,528.0
2002-01-09,516.0
2002-01-10,520.0
2002-01-14,520.0
2002-01-15,519.0
2002-01-16,528.0
2002-01-17,520.0
2002-01-18,527.0
2002-01-21,527.0
2002-01-22,520.0
2002-01-23,510.0
2002-01-24,496.05
2002-01-25,500.0
2002-01-28,498.0
2002-01-29,500.0
2002-01-30,500.0
2002-01-31,500.0
2002-02-01,490.0
2002-02-04,487.0
2002-02-05,487.0
2002-02-06,485.0
2002-02-07,484.0
2002-02-08,481.0
2002-02-11,466.0
2002-02-12,466.1
2002-02-13,466.5
2002-02-14,468.0
2002-02-15,468.0
2002-02-18,465.0
2002-02-19,462.0
2002-02-20,462.0
2002-02-21,463.1
2002-02-22,465.0
2002-02-26,465.0
2002-02-27,465.0
2002-02-28,466.2
2002-03-01,477.0
2002-03-04,478.0
2002-03-05,474.0
2002-03-06,479.0
2002-03-07,484.0
2002-03-08,480.0
2002-03-11,478.0
2002-03-12,478.0
2002-03-13,478.0
2002-03-14,478.0
2002-03-18,480.0
2002-03-19,475.0
2002-03-20,480.0
2002-03-21,475.0
2002-03-22,475.0
2002-03-25,470.0
2002-03-26,465.0
2002-03-27,459.0
2002-03-28,461.5
2002-03-29,463.0
2002-04-01,463.0
2002-04-02,465.0
2002-04-03,468.0
2002-04-05,465.0
2002-04-08,465.0
2002-04-09,461.0
2002-04-10,461.05
2002-04-11,462.0
2002-04-12,464.0
2002-04-15,468.0
2002-04-16,468.0
2002-04-17,470.0
2002-04-18,463.0
2002-04-19,464.1
2002-04-22,464.1
2002-04-23,464.0
2002-04-24,463.0
2002-04-25,465.0
2002-04-26,463.1
2002-04-29,462.1
2002-04-30,460.0
2002-05-02,463.0
2002-05-03,460.0
2002-05-06,460.0
2002-05-07,459.0
2002-05-08,442.0
2002-05-09,440.0
2002-05-10,436.0
2002-05-13,424.0
2002-05-14,421.5
2002-05-15,421.0
2002-05-16,425.0
2002-05-17,425.5
2002-05-20,426.0
2002-05-21,425.0
2002-05-22,425.5
2002-05-23,425.0
2002-05-24,425.0
2002-05-27,426.0
2002-05-28,426.0
2002-05-29,436.0
2002-05-30,440.0
2002-05-31,445.0
2002-06-03,445.0
2002-06-04,448.0
2002-06-05,438.0
2002-06-06,448.0
2002-06-07,450.0
2002-06-10,455.0
2002-06-11,452.0
2002-06-12,459.5
2002-06-13,455.1
2002-06-14,447.5
2002-06-17,436.0
2002-06-18,435.0
2002-06-19,440.0
2002-06-20,440.0
2002-06-21,400.0
2002-06-24,391.1
2002-06-25,395.0
2002-06-26,397.0
2002-06-27,393.0
2002-06-28,390.0
2002-07-01,376.0
2002-07-02,353.5
2002-07-05,293.7
2002-07-09,280.0
2002-07-10,279.1
2002-07-11,280.0
2002-07-12,275.1
2002-07-15,280.0
2002-07-16,263.2
2002-07-17,250.0
2002-07-18,235.0
2002-07-19,220.9
2002-07-22,234.0
2002-07-23,248.0
2002-07-24,262.85
2002-07-26,285.1
2002-07-29,289.9
2002-07-31,307.0
2002-08-01,325.4
2002-08-02,330.0
2002-08-05,315.0
2002-08-06,307.0
2002-08-07,294.0
2002-08-08,311.0
2002-08-09,315.5
2002-08-12,305.0
2002-08-13,306.0
2002-08-15,314.0
2002-08-16,315.0
2002-08-19,310.0
2002-08-22,312.0
2002-08-23,310.0
2002-08-26,313.7
2002-08-27,313.0
2002-08-28,311.0
2002-08-29,309.5
2002-08-30,310.1
2002-09-02,308.5
2002-09-03,310.0
2002-09-04,308.4
2002-09-05,308.0
2002-09-06,305.0
2002-09-09,300.0
2002-09-10,295.0
2002-09-11,294.0
2002-09-12,298.0
2002-09-13,298.0
2002-09-16,295.0
2002-09-17,294.0
2002-09-18,298.0
2002-09-19,300.0
2002-09-20,304.0
2002-09-23,305.0
2002-09-24,300.0
2002-09-25,300.0
2002-09-26,298.0
2002-09-27,291.0
2002-09-30,281.0
2002-10-01,275.0
2002-10-02,276.0
2002-10-03,280.0
2002-10-04,284.0
2002-10-07,284.0
2002-10-08,280.0
2002-10-09,273.0
2002-10-10,274.0
2002-10-11,275.0
2002-10-14,275.0
2002-10-15,280.0
2002-10-16,275.0
2002-10-17,269.0
2002-10-18,269.0
2002-10-21,270.0
2002-10-22,270.5
2002-10-23,270.0
2002-10-24,270.0
2002-10-25,270.0
2002-10-28,270.0
2002-10-29,269.4
2002-10-30,267.1
2002-10-31,268.0
2002-11-01,274.0
2002-11-04,283.0
2002-11-05,293.0
2002-11-07,296.0
2002-11-08,295.0
2002-11-11,294.0
2002-11-12,295.9
2002-11-13,295.0
2002-11-14,294.0
2002-11-15,287.0
2002-11-19,289.0
2002-11-20,289.0
2002-11-21,285.0
2002-11-22,286.0
2002-11-25,286.0
2002-11-26,268.85
2002-12-17,250.0
2002-12-18,246.0
2002-12-19,250.1
2002-12-20,251.1
2002-12-24,240.5
2002-12-25,226.1
2002-12-26,216.0
2002-12-27,223.0
2002-12-30,225.0
2002-12-31,218.5
2003-01-02,221.0
2003-01-06,234.25
2003-01-08,261.0
2003-01-09,270.0
2003-01-10,278.0
2003-01-13,270.0
2003-01-14,283.3
2003-01-15,274.0
2003-01-16,275.0
2003-01-17,265.2
2003-01-20,260.2
2003-01-21,265.0
2003-01-22,264.0
2003-01-23,272.8
2003-01-24,271.0
2003-01-27,268.0
2003-01-28,267.0
2003-01-29,267.45
2003-01-30,268.9
2003-01-31,267.5
2003-02-03,271.0
2003-02-04,268.0
2003-02-05,269.25
2003-02-06,274.0
2003-02-07,280.0
2003-02-10,279.0
2003-02-11,283.0
2003-02-14,286.0
2003-02-18,287.0
2003-02-19,304.2
2003-02-20,304.0
2003-02-21,300.0
2003-02-24,300.0
2003-02-25,300.0
2003-02-26,300.1
2003-02-27,306.0
2003-02-28,310.0
2003-03-03,309.0
2003-03-04,307.0
2003-03-06,302.0
2003-03-07,302.1
2003-03-10,296.1
2003-03-11,290.0
2003-03-12,283.0
2003-03-13,280.5
2003-03-14,290.05
2003-03-17,295.0
2003-03-18,303.0
2003-03-19,309.0
2003-03-20,297.0
2003-03-21,295.0
2003-03-24,295.0
2003-03-25,300.0
2003-03-26,300.0
2003-03-27,300.0
2003-03-28,295.1
2003-03-31,300.0
2003-04-01,304.9
2003-04-02,304.0
2003-04-03,300.2
2003-04-04,305.0
2003-04-07,306.0
2003-04-08,306.0
2003-04-09,302.0
2003-04-10,302.0
2003-04-11,302.5
2003-04-14,304.9
2003-04-15,307.0
2003-04-16,319.0
2003-04-17,320.0
2003-04-18,323.1
2003-04-21,328.0
2003-04-22,320.2
2003-04-23,320.0
2003-04-24,320.0
2003-04-25,323.05
2003-04-28,321.0
2003-04-29,323.0
2003-04-30,323.0
2003-05-02,321.0
2003-05-05,328.0
2003-05-06,323.0
2003-05-07,325.0
2003-05-08,323.0
2003-05-09,323.1
2003-05-12,342.45
2003-05-13,348.0
2003-05-16,350.0
2003-05-19,345.1
2003-05-20,341.0
2003-05-21,340.0
2003-05-22,338.0
2003-05-23,338.0
2003-05-26,338.1
2003-05-27,338.0
2003-05-28,340.0
2003-05-29,340.1
2003-05-30,349.9
2003-06-02,350.0
2003-06-03,354.0
2003-06-04,367.0
2003-06-05,388.0
2003-06-06,405.0
2003-06-09,410.0
2003-06-10,399.0
2003-06-11,390.0
2003-06-12,380.0
2003-06-13,381.0
2003-06-16,380.0
2003-06-17,380.0
2003-06-18,370.0
2003-06-19,381.9
2003-06-20,390.0
2003-06-23,384.0
2003-06-24,385.0
2003-06-25,381.0
2003-06-26,376.1
2003-06-27,379.9
2003-06-30,380.0
2003-07-01,380.1
2003-07-02,384.0
2003-07-03,380.0
2003-07-04,380.0
2003-07-07,375.5
2003-07-08,375.0
2003-07-09,379.0
2003-07-10,380.0
2003-07-11,380.0
2003-07-14,383.0
2003-07-15,382.0
2003-07-16,382.0
2003-07-17,380.0
2003-07-18,380.9
2003-07-21,380.0
2003-07-22,372.6
2003-07-23,360.0
2003-07-24,365.0
2003-07-25,369.9
2003-07-28,370.1
2003-07-29,372.3
2003-07-31,370.1
2003-08-01,370.0
2003-08-04,369.0
2003-08-05,360.1
2003-08-06,361.0
2003-08-07,345.1
2003-08-08,359.0
2003-08-11,360.0
2003-08-12,360.0
2003-08-13,362.0
2003-08-15,354.0
2003-08-18,352.2
2003-08-19,353.0
2003-08-22,360.0
2003-08-25,366.0
2003-08-26,374.0
2003-08-28,374.0
2003-08-29,370.0
2003-09-01,370.0
2003-09-02,370.0
2003-09-03,375.0
2003-09-04,378.0
2003-09-05,378.0
2003-09-08,365.2
2003-09-09,367.0
2003-09-10,365.0
2003-09-11,362.0
2003-09-12,355.0
2003-09-15,355.0
2003-09-16,341.5
2003-09-18,360.0
2003-09-19,347.0
2003-09-22,342.0
2003-09-23,331.0
2003-09-24,330.1
2003-09-25,342.0
2003-09-26,342.0
2003-09-29,321.5
2003-09-30,310.0
2003-10-01,309.0
2003-10-02,327.5
2003-10-03,347.15
2003-10-06,350.0
2003-10-07,345.1
2003-10-08,350.0
2003-10-09,340.2
2003-10-10,345.0
2003-10-13,345.6
2003-10-14,346.0
2003-10-15,343.2
2003-10-16,345.3
2003-10-17,346.1
2003-10-20,348.9
2003-10-21,340.0
2003-10-22,340.0
2003-10-23,346.1
2003-10-24,347.4
2003-10-27,344.0
2003-10-28,348.8
2003-10-29,345.0
2003-10-30,340.0
2003-10-31,341.0
2003-11-03,341.0
2003-11-04,345.0
2003-11-05,340.0
2003-11-07,340.0
2003-11-10,340.0
2003-11-11,340.0
2003-11-12,335.5
2003-11-13,340.0
2003-11-14,340.0
2003-11-17,336.1
2003-11-19,336.2
2003-11-20,330.0
2003-11-21,329.5
2003-11-24,320.0
2003-11-25,315.0
2003-11-28,320.0
2003-12-01,325.0
2003-12-02,325.0
2003-12-03,340.0
2003-12-04,345.0
2003-12-05,338.2
2003-12-08,336.0
2003-12-09,340.0
2003-12-10,347.0
2003-12-11,355.0
2003-12-12,345.0
2003-12-15,348.0
2003-12-16,346.7
2003-12-17,345.5
2003-12-18,339.0
2003-12-19,339.0
2003-12-22,336.0
2003-12-23,340.0
2003-12-24,335.6
2003-12-25,338.0
2003-12-26,336.0
2003-12-29,344.0
2003-12-30,336.0
2003-12-31,321.0
2004-01-02,340.0
2004-01-06,334.0
2004-01-07,331.0
2004-01-08,330.0
2004-01-09,329.0
2004-01-12,323.8
2004-01-13,310.0
2004-01-14,306.0
2004-01-15,313.0
2004-01-16,318.9
2004-01-19,314.0
2004-01-20,305.0
2004-01-22,309.0
2004-01-23,307.0
2004-01-26,300.0
2004-01-27,292.0
2004-01-28,295.0
2004-01-29,295.0
2004-01-30,292.0
2004-02-03,291.0
2004-02-04,291.0
2004-02-05,285.0
2004-02-06,289.0
2004-02-09,286.0
2004-02-10,285.0
2004-02-11,290.0
2004-02-12,295.0
2004-02-13,300.0
2004-02-16,307.1
2004-02-17,310.0
2004-02-18,306.0
2004-02-19,308.0
2004-02-20,306.0
2004-02-23,315.0
2004-02-24,319.0
2004-02-25,315.0
2004-02-26,310.0
2004-02-27,300.9
2004-03-01,300.1
2004-03-02,305.0
2004-03-03,305.0
2004-03-04,310.0
2004-03-05,309.0
2004-03-08,315.0
2004-03-09,319.9
2004-03-10,313.9
2004-03-11,310.0
2004-03-12,310.0
2004-03-15,315.0
2004-03-16,310.0
2004-03-17,305.0
2004-03-18,311.0
2004-03-19,308.8
2004-03-22,295.0
2004-03-23,290.0
2004-03-24,295.0
2004-03-25,293.0
2004-03-26,299.9
2004-03-29,300.0
2004-03-30,300.0
2004-03-31,295.0
2004-04-01,295.0
2004-04-02,294.0
2004-04-05,293.1
2004-04-06,290.0
2004-04-08,294.0
2004-04-09,290.2
2004-04-12,293.0
2004-04-13,292.1
2004-04-14,292.1
2004-04-15,293.0
2004-04-16,295.0
2004-04-19,295.0
2004-04-20,293.7
2004-04-21,294.0
2004-04-22,295.0
2004-04-23,295.0
2004-04-26,294.0
2004-04-27,294.0
2004-04-28,294.0
2004-04-29,298.0
2004-04-30,295.0
2004-05-04,305.0
2004-05-05,312.0
2004-05-06,315.0
2004-05-07,315.2
2004-05-10,318.0
2004-05-11,306.1
2004-05-12,310.0
2004-05-13,306.5
2004-05-14,315.0
2004-05-17,315.2
2004-05-18,325.0
2004-05-19,331.5
2004-05-20,335.0
2004-05-21,331.0
2004-05-24,329.8
2004-05-25,334.0
2004-05-26,340.0
2004-05-27,340.0
2004-05-28,337.0
2004-05-31,338.0
2004-06-01,340.0
2004-06-02,339.9
2004-06-03,337.0
2004-06-04,347.1
2004-06-07,359.0
2004-06-08,360.0
2004-06-09,355.0
2004-06-10,360.0
2004-06-11,370.0
2004-06-14,367.0
2004-06-15,360.0
2004-06-16,357.0
2004-06-17,360.0
2004-06-18,355.0
2004-06-21,354.0
2004-06-22,324.0
2004-06-23,320.0
2004-06-24,321.0
2004-06-25,320.1
2004-06-28,322.0
2004-06-29,320.5
2004-06-30,320.6
2004-07-01,317.5
2004-07-02,318.2
2004-07-05,316.0
2004-07-06,312.0
2004-07-07,315.0
2004-07-08,320.0
2004-07-09,320.0
2004-07-12,320.0
2004-07-13,323.0
2004-07-14,324.0
2004-07-15,324.0
2004-07-16,325.0
2004-07-19,327.0
2004-07-20,328.0
2004-07-21,328.0
2004-07-22,328.0
2004-07-23,315.0
2004-07-26,317.5
2004-07-27,321.15
2004-07-28,320.0
2004-07-30,319.0
2004-08-02,317.5
2004-08-03,317.0
2004-08-04,315.0
2004-08-05,315.5
2004-08-06,313.5
2004-08-09,316.0
2004-08-10,316.5
2004-08-11,312.0
2004-08-12,315.0
2004-08-13,313.0
2004-08-16,325.0
2004-08-17,324.5
2004-08-18,317.2
2004-08-19,315.0
2004-08-23,315.0
2004-08-24,315.0
2004-08-25,319.0
2004-08-26,319.0
2004-08-27,325.0
2004-08-30,325.0
2004-08-31,326.0
2004-09-01,333.0
2004-09-02,337.5
2004-09-03,338.05
2004-09-06,333.5
2004-09-07,340.0
2004-09-08,343.0
2004-09-09,350.0
2004-09-10,359.0
2004-09-13,347.5
2004-09-14,353.0
2004-09-15,356.4
2004-09-16,348.0
2004-09-17,350.0
2004-09-20,350.0
2004-09-21,354.0
2004-09-22,350.1
2004-09-23,346.0
2004-09-24,342.0
2004-09-27,350.0
2004-09-28,352.0
2004-09-29,350.0
2004-09-30,350.0
2004-10-01,347.0
2004-10-04,338.0
2004-10-05,336.5
2004-10-06,340.0
2004-10-07,340.0
2004-10-08,345.0
2004-10-11,343.0
2004-10-12,335.0
2004-10-13,318.0
2004-10-14,301.0
2004-10-15,305.0
2004-10-18,315.05
2004-10-19,319.0
2004-10-20,314.9
2004-10-21,305.0
2004-10-22,295.0
2004-10-25,300.0
2004-10-26,305.0
2004-10-27,305.0
2004-10-28,296.0
2004-10-29,296.0
2004-11-01,313.75
2004-11-02,327.0
2004-11-03,320.0
2004-11-04,320.0
2004-11-05,325.0
2004-11-08,327.0
2004-11-09,342.05
2004-11-10,340.0
2004-11-11,330.0
2004-11-12,344.9
2004-11-16,343.95
2004-11-17,338.0
2004-11-19,339.0
2004-11-22,318.7
2004-11-23,323.1
2004-11-24,327.0
2004-11-26,333.0
2004-11-29,332.5
2004-11-30,330.0
2004-12-01,335.0
2004-12-02,333.0
2004-12-03,332.1
2004-12-06,335.0
2004-12-07,335.1
2004-12-08,335.1
2004-12-09,341.0
2004-12-10,352.0
2004-12-13,355.0
2004-12-14,348.1
2004-12-15,340.0
2004-12-16,345.0
2004-12-17,350.0
2004-12-20,358.0
2004-12-21,350.0
2004-12-22,352.2
2004-12-23,350.0
2004-12-24,350.0
2004-12-27,352.0
2004-12-28,350.0
2004-12-29,344.9
2004-12-30,345.0
2004-12-31,353.9
2005-01-03,350.0
2005-01-04,346.0
2005-01-05,350.0
2005-01-06,345.0
2005-01-07,343.0
2005-01-10,343.0
2005-01-12,343.0
2005-01-13,342.0
2005-01-14,344.0
2005-01-17,349.0
2005-01-18,346.0
2005-01-19,353.0
2005-01-20,355.0
2005-01-24,348.0
2005-01-25,348.0
2005-01-26,346.0
2005-01-27,346.0
2005-01-28,347.0
2005-01-31,354.0
2005-02-01,350.0
2005-02-02,351.0
2005-02-03,348.5
2005-02-04,348.3
2005-02-07,349.0
2005-02-08,347.0
2005-02-09,348.9
2005-02-11,345.2
2005-02-14,345.1
2005-02-15,346.0
2005-02-16,345.0
2005-02-17,340.5
2005-02-18,340.5
2005-02-21,341.0
2005-02-22,341.0
2005-02-23,330.0
2005-02-24,327.0
2005-02-25,339.0
2005-02-28,345.0
2005-03-01,335.0
2005-03-02,335.0
2005-03-03,337.0
2005-03-04,337.0
2005-03-07,340.0
2005-03-08,337.0
2005-03-09,342.0
2005-03-10,350.0
2005-03-11,360.0
2005-03-14,362.0
2005-03-15,365.0
2005-03-16,367.0
2005-03-17,364.0
2005-03-18,360.0
2005-03-21,360.0
2005-03-22,363.0
2005-03-23,361.0
2005-03-24,356.2
2005-03-25,360.0
2005-03-28,358.0
2005-03-29,359.0
2005-03-30,354.1
2005-03-31,350.0
2005-04-01,355.0
2005-04-04,351.5
2005-04-05,353.1
2005-04-06,365.0
2005-04-07,370.0
2005-04-08,365.0
2005-04-11,365.0
2005-04-12,365.0
2005-04-13,370.0
2005-04-14,374.0
2005-04-15,378.0
2005-04-18,378.0
2005-04-19,378.0
2005-04-20,384.0
2005-04-25,380.0
2005-04-26,380.0
2005-04-27,380.0
2005-04-28,382.0
2005-04-29,383.0
2005-05-02,388.0
2005-05-03,360.0
2005-05-04,360.0
2005-05-05,362.0
2005-05-06,362.0
2005-05-09,363.0
2005-05-10,370.0
2005-05-11,369.0
2005-05-12,370.0
2005-05-13,370.0
2005-05-16,370.0
2005-05-17,370.1
2005-05-18,370.0
2005-05-19,370.0
2005-05-20,375.0
2005-05-23,375.0
2005-05-24,375.0
2005-05-25,389.0
2005-05-26,400.0
2005-05-27,409.0
2005-05-30,410.5
2005-05-31,419.9
2005-06-01,415.0
2005-06-02,410.0
2005-06-03,409.0
2005-06-06,406.0
2005-06-07,409.0
2005-06-08,410.0
2005-06-09,410.0
2005-06-10,414.0
2005-06-13,414.0
2005-06-14,425.0
2005-06-15,430.0
2005-06-16,431.0
2005-06-17,431.0
2005-06-20,431.0
2005-06-21,431.0
2005-06-22,430.0
2005-06-23,431.0
2005-06-24,433.0
2005-06-27,432.9
2005-06-28,434.0
2005-06-29,435.0
2005-06-30,435.0
2005-07-01,435.1
2005-07-04,442.0
2005-07-05,443.0
2005-07-06,440.0
2005-07-07,438.0
2005-07-08,440.0
2005-07-11,444.0
2005-07-12,444.2
2005-07-13,450.0
2005-07-14,459.9
2005-07-15,460.0
2005-07-18,465.05
2005-07-19,465.0
2005-07-20,468.1
2005-07-21,466.2
2005-07-22,465.0
2005-07-25,460.0
2005-07-26,460.0
2005-07-27,440.0
2005-07-28,441.0
2005-07-29,452.0
2005-08-01,449.0
2005-08-02,455.0
2005-08-03,462.0
2005-08-04,467.0
2005-08-05,466.0
2005-08-08,470.0
2005-08-09,468.0
2005-08-10,468.0
2005-08-11,466.0
2005-08-12,466.0
2005-08-15,470.0
2005-08-16,480.0
2005-08-17,501.0
2005-08-18,516.0
2005-08-19,531.0
2005-08-22,552.0
2005-08-23,576.0
2005-08-24,574.0
2005-08-25,550.0
2005-08-26,521.0
2005-08-29,541.0
2005-08-30,545.0
2005-08-31,547.0
2005-09-01,550.0
2005-09-02,553.0
2005-09-05,555.0
2005-09-06,554.0
2005-09-07,549.0
2005-09-08,534.0
2005-09-09,520.0
2005-09-12,538.0
2005-09-13,543.0
2005-09-14,538.0
2005-09-15,541.0
2005-09-16,540.0
2005-09-19,539.0
2005-09-20,540.0
2005-09-21,538.0
2005-09-22,538.0
2005-09-23,530.0
2005-09-26,535.0
2005-09-27,530.0
2005-09-28,526.0
2005-09-29,525.0
2005-09-30,525.0
2005-10-03,525.0
2005-10-04,525.0
2005-10-05,521.0
2005-10-06,523.0
2005-10-07,520.0
2005-10-10,534.0
2005-10-11,536.0
2005-10-12,536.0
2005-10-13,540.0
2005-10-14,540.0
2005-10-17,536.0
2005-10-18,536.0
2005-10-19,540.0
2005-10-20,537.0
2005-10-21,538.0
2005-10-24,536.0
2005-10-25,540.0
2005-10-26,540.0
2005-10-27,550.0
2005-10-28,553.0
2005-10-31,560.0
2005-11-01,570.0
2005-11-02,572.0
2005-11-03,579.0
2005-11-07,587.0
2005-11-08,596.0
2005-11-09,573.0
2005-11-10,575.0
2005-11-11,579.0
2005-11-14,587.0
2005-11-15,590.0
2005-11-21,586.0
2005-11-22,587.0
2005-11-23,586.0
2005-11-24,585.0
2005-11-25,589.0
2005-11-28,589.0
2005-11-29,610.0
2005-11-30,590.0
2005-12-01,593.0
2005-12-02,585.0
2005-12-05,578.0
2005-12-06,575.0
2005-12-07,574.0
2005-12-08,552.0
2005-12-09,560.0
2005-12-12,564.0
2005-12-13,575.0
2005-12-14,585.0
2005-12-15,581.0
2005-12-16,590.0
2005-12-19,590.0
2005-12-20,585.0
2005-12-21,585.0
2005-12-22,590.0
2005-12-23,589.0
2005-12-26,589.0
2005-12-27,580.0
2005-12-28,571.0
2005-12-29,572.0
2005-12-30,574.0
2006-01-03,590.0
2006-01-04,600.0
2006-01-05,600.0
2006-01-06,606.0
2006-01-09,618.0
2006-01-10,632.0
2006-01-13,668.0
2006-01-16,667.0
2006-01-17,658.0
2006-01-18,660.0
2006-01-19,675.0
2006-01-20,704.0
2006-01-23,725.0
2006-01-24,751.0
2006-01-25,772.0
2006-01-26,810.0
2006-01-27,846.0
2006-01-30,896.0
2006-02-01,938.0
2006-02-02,899.0
2006-02-03,880.0
2006-02-06,932.0
2006-02-07,954.0
2006-02-08,955.0
2006-02-09,977.0
2006-02-10,976.0
2006-02-13,960.0
2006-02-14,920.0
2006-02-15,950.0
2006-02-16,960.0
2006-02-17,960.0
2006-02-20,980.0
2006-02-21,990.0
2006-02-22,990.0
2006-02-23,988.0
2006-02-24,960.0
2006-02-27,935.0
2006-02-28,935.0
2006-03-01,936.0
2006-03-02,942.0
2006-03-03,953.0
2006-03-06,963.0
2006-03-07,957.0
2006-03-08,940.0
2006-03-09,920.0
2006-03-10,924.0
2006-03-13,869.0
2006-03-14,829.0
2006-03-15,825.0
2006-03-17,865.0
2006-03-20,852.0
2006-03-21,840.0
2006-03-22,840.0
2006-03-23,872.0
2006-03-24,889.0
2006-03-27,920.0
2006-03-28,950.0
2006-03-29,952.0
2006-03-30,945.0
2006-03-31,962.0
2006-04-03,980.0
2006-04-04,985.0
2006-04-05,980.0
2006-04-06,951.0
2006-04-07,953.0
2006-04-10,951.0
2006-04-13,940.0
2006-04-14,933.0
2006-04-17,930.0
2006-04-18,945.0
2006-04-19,950.0
2006-04-20,950.0
2006-04-21,958.0
2006-04-24,951.0
2006-04-25,950.0
2006-04-26,955.0
2006-04-27,957.0
2006-04-28,956.0
2006-05-02,956.0
2006-05-03,957.0
2006-05-04,965.0
2006-05-05,994.0
2006-05-08,1040.0
2006-05-09,1029.0
2006-05-10,995.0
2006-05-11,990.0
2006-05-12,999.0
2006-05-15,1025.0
2006-05-16,957.0
2006-05-17,950.0
2006-05-18,935.0
2006-05-19,880.0
2006-05-22,829.0
2006-05-23,829.0
2006-05-24,871.0
2006-05-25,865.0
2006-05-26,830.0
2006-05-29,790.0
2006-05-30,800.0
2006-05-31,840.0
2006-06-01,861.0
2006-06-02,860.0
2006-06-05,850.0
2006-06-06,840.0
2006-06-07,840.0
2006-06-08,800.0
2006-06-09,800.0
2006-06-12,791.0
2006-06-13,760.0
2006-06-14,770.0
2006-06-15,807.0
2006-06-16,825.0
2006-06-19,820.0
2006-06-20,825.0
2006-06-21,830.0
2006-06-22,835.0
2006-06-23,830.0
2006-06-26,830.0
2006-06-27,820.0
2006-06-28,838.0
2006-06-29,870.0
2006-06-30,874.0
2006-07-03,890.0
2006-07-04,908.0
2006-07-05,914.0
2006-07-06,910.0
2006-07-07,897.0
2006-07-10,880.0
2006-07-11,865.0
2006-07-12,871.0
2006-07-13,880.0
2006-07-14,888.0
2006-07-17,881.0
2006-07-18,880.0
2006-07-19,880.0
2006-07-20,880.0
2006-07-21,870.0
2006-07-24,880.0
2006-07-25,880.0
2006-07-26,875.0
2006-07-27,870.0
2006-07-28,860.0
2006-07-31,880.0
2006-08-01,879.0
2006-08-02,865.0
2006-08-03,870.0
2006-08-04,870.0
2006-08-07,879.0
2006-08-08,883.0
2006-08-09,884.0
2006-08-10,890.0
2006-08-11,884.0
2006-08-15,896.0
2006-08-16,900.0
2006-08-17,896.0
2006-08-18,930.0
2006-08-22,948.0
2006-08-23,930.0
2006-08-24,945.0
2006-08-25,950.0
2006-08-28,935.0
2006-08-29,940.0
2006-08-30,940.0
2006-08-31,940.0
2006-09-01,930.0
2006-09-04,937.0
2006-09-05,925.0
2006-09-06,925.0
2006-09-07,930.0
2006-09-08,932.0
2006-09-11,930.0
2006-09-12,915.0
2006-09-13,915.0
2006-09-14,911.0
2006-09-15,900.0
2006-09-18,890.0
2006-09-19,870.0
2006-09-20,870.0
2006-09-21,890.0
2006-09-22,890.0
2006-09-25,900.0
2006-09-26,890.0
2006-09-27,885.0
2006-09-28,889.0
2006-09-29,870.0
2006-10-02,876.0
2006-10-03,880.0
2006-10-04,877.0
2006-10-05,865.0
2006-10-06,870.0
2006-10-09,870.0
2006-10-10,860.0
2006-10-11,830.0
2006-10-12,840.0
2006-10-13,837.0
2006-10-16,825.0
2006-10-17,830.0
2006-10-18,830.0
2006-10-19,830.0
2006-10-20,832.0
2006-10-23,835.0
2006-10-26,858.0
2006-10-27,862.0
2006-10-30,870.0
2006-10-31,889.0
2006-11-01,885.0
2006-11-02,880.0
2006-11-03,879.0
2006-11-07,864.0
2006-11-08,869.0
2006-11-09,850.0
2006-11-10,848.0
2006-11-13,820.0
2006-11-14,850.0
2006-11-15,860.0
2006-11-16,825.0
2006-11-17,845.0
2006-11-20,850.0
2006-11-21,849.0
2006-11-22,855.0
2006-11-23,850.0
2006-11-24,850.0
2006-11-27,850.0
2006-11-28,845.0
2006-11-29,835.0
2006-11-30,829.0
2006-12-01,828.0
2006-12-04,825.0
2006-12-05,831.0
2006-12-06,830.0
2006-12-07,845.0
2006-12-08,855.0
2006-12-11,855.0
2006-12-12,845.0
2006-12-13,842.0
2006-12-14,842.0
2006-12-15,835.0
2006-12-18,835.0
2006-12-19,830.0
2006-12-20,825.0
2006-12-21,815.0
2006-12-22,815.0
2006-12-26,820.0
2006-12-27,825.0
2006-12-28,823.0
2006-12-29,830.0
2007-01-02,817.0
2007-01-03,828.0
2007-01-04,841.0
2007-01-05,880.0
2007-01-08,890.0
2007-01-09,889.0
2007-01-10,880.0
2007-01-12,890.0
2007-01-15,895.0
2007-01-16,930.0
2007-01-17,950.0
2007-01-18,930.0
2007-01-19,901.0
2007-01-22,905.0
2007-01-23,904.0
2007-01-24,920.0
2007-01-25,917.0
2007-01-26,960.0
2007-01-29,951.0
2007-01-30,960.0
2007-01-31,960.0
2007-02-01,910.0
2007-02-02,913.0
2007-02-05,915.0
2007-02-06,963.0
2007-02-07,949.0
2007-02-08,954.0
2007-02-09,951.0
2007-02-12,950.0
2007-02-13,970.0
2007-02-14,1007.0
2007-02-15,1020.0
2007-02-16,1050.0
2007-02-19,1095.0
2007-02-20,1070.0
2007-02-21,1055.0
2007-02-22,1000.0
2007-02-23,950.0
2007-02-26,964.0
2007-02-27,1010.0
2007-02-28,1047.0
2007-03-01,1039.0
2007-03-02,1053.0
2007-03-05,1063.0
2007-03-06,1098.0
2007-03-07,1103.0
2007-03-08,1104.0
2007-03-09,1064.0
2007-03-12,1064.0
2007-03-13,1064.0
2007-03-14,1072.0
2007-03-15,1071.0
2007-03-19,1035.0
2007-03-20,1056.0
2007-03-21,1047.0
2007-03-22,1036.0
2007-03-23,1036.0
2007-03-26,1039.0
2007-03-27,1040.0
2007-03-28,1042.0
2007-03-29,1030.0
2007-04-03,933.0
2007-04-04,944.0
2007-04-05,947.0
2007-04-06,955.0
2007-04-09,958.0
2007-04-10,960.0
2007-04-11,972.0
2007-04-12,978.0
2007-04-13,977.0
2007-04-16,955.0
2007-04-17,945.0
2007-04-18,950.0
2007-04-19,947.0
2007-04-20,950.0
2007-04-23,954.0
2007-04-24,950.0
2007-04-25,940.0
2007-04-26,943.0
2007-04-27,946.0
2007-04-30,954.0
2007-05-02,942.0
2007-05-03,950.0
2007-05-04,942.0
2007-05-07,949.0
2007-05-08,942.0
2007-05-09,900.0
2007-05-10,850.0
2007-05-11,830.0
2007-05-14,800.0
2007-05-15,802.0
2007-05-16,850.0
2007-05-17,900.0
2007-05-18,910.0
2007-05-21,925.0
2007-05-22,920.0
2007-05-23,895.0
2007-05-24,894.0
2007-05-25,874.0
2007-05-28,875.0
2007-05-29,892.0
2007-05-30,885.0
2007-05-31,925.0
2007-06-01,910.0
2007-06-04,925.0
2007-06-05,920.0
2007-06-06,881.0
2007-06-07,880.0
2007-06-08,880.0
2007-06-11,880.0
2007-06-12,880.0
2007-06-13,872.0
2007-06-14,880.0
2007-06-15,870.0
2007-06-18,862.0
2007-06-19,861.0
2007-06-20,859.0
2007-06-21,860.0
2007-06-22,856.0
2007-06-25,860.0
2007-06-26,866.0
2007-06-27,860.0
2007-06-28,861.0
2007-06-29,870.0
2007-07-02,865.0
2007-07-03,870.0
2007-07-04,870.0
2007-07-05,864.0
2007-07-06,870.0
2007-07-09,868.0
2007-07-10,870.0
2007-07-11,870.0
2007-07-12,854.0
2007-07-13,865.0
2007-07-16,865.0
2007-07-17,865.0
2007-07-18,851.0
2007-07-19,850.0
2007-07-20,850.0
2007-07-23,850.0
2007-07-24,850.0
2007-07-25,841.0
2007-07-26,845.0
2007-07-27,855.0
2007-07-31,879.0
2007-08-01,898.0
2007-08-02,915.0
2007-08-03,912.0
2007-08-06,910.0
2007-08-07,910.0
2007-08-08,910.0
2007-08-09,914.0
2007-08-10,916.0
2007-08-13,916.0
2007-08-15,912.0
2007-08-16,900.0
2007-08-17,888.0
2007-08-22,900.0
2007-08-23,881.0
2007-08-24,899.0
2007-08-27,910.0
2007-08-28,909.0
2007-08-29,903.0
2007-08-30,908.0
2007-08-31,890.0
2007-09-03,900.0
2007-09-04,900.0
2007-09-05,891.0
2007-09-06,881.0
2007-09-07,875.0
2007-09-10,870.0
2007-09-11,857.0
2007-09-12,850.0
2007-09-13,852.0
2007-09-14,852.0
2007-09-17,860.0
2007-09-18,865.0
2007-09-19,863.0
2007-09-20,833.0
2007-09-21,820.0
2007-09-24,835.0
2007-09-25,830.0
2007-09-26,820.0
2007-09-27,835.0
2007-09-28,816.0
2007-10-01,813.0
2007-10-02,815.0
2007-10-03,816.0
2007-10-04,815.0
2007-10-05,825.0
2007-10-08,802.0
2007-10-09,803.0
2007-10-10,780.0
2007-10-11,790.0
2007-10-12,800.0
2007-10-15,806.0
2007-10-16,832.0
2007-10-17,830.0
2007-10-18,837.0
2007-10-19,838.0
2007-10-22,850.0
2007-10-23,870.0
2007-10-24,922.0
2007-10-25,871.0
2007-10-26,890.0
2007-10-29,898.0
2007-10-30,890.0
2007-10-31,837.0
2007-11-01,860.0
2007-11-02,911.0
2007-11-05,925.0
2007-11-07,900.0
2007-11-08,893.0
2007-11-09,888.0
2007-11-12,875.0
2007-11-13,877.0
2007-11-14,876.0
2007-11-15,879.0
2007-11-16,865.0
2007-11-19,862.0
2007-11-20,865.0
2007-11-21,874.0
2007-11-22,870.0
2007-11-23,851.0
2007-11-26,840.0
2007-11-27,861.0
2007-11-28,867.0
2007-11-29,868.0
2007-11-30,830.0
2007-12-03,830.0
2007-12-04,840.0
2007-12-05,830.0
2007-12-06,830.0
2007-12-07,801.0
2007-12-10,800.0
2007-12-11,800.0
2007-12-12,801.0
2007-12-13,794.0
2007-12-14,796.0
2007-12-17,800.0
2007-12-18,810.0
2007-12-19,798.0
2007-12-20,803.0
2007-12-24,800.0
2007-12-25,795.0
2007-12-26,794.0
2007-12-27,789.0
2007-12-28,800.0
2007-12-31,803.0
2008-01-02,833.0
2008-01-03,863.0
2008-01-04,884.0
2008-01-07,873.0
2008-01-08,859.0
2008-01-09,867.0
2008-01-14,860.0
2008-01-15,858.0
2008-01-16,850.0
2008-01-17,863.0
2008-01-18,857.0
2008-01-21,837.0
2008-01-22,833.0
2008-01-23,845.0
2008-01-24,832.0
2008-01-25,826.0
2008-01-28,832.0
2008-01-29,830.0
2008-01-30,837.0
2008-01-31,833.0
2008-02-01,825.0
2008-02-04,825.0
2008-02-05,827.0
2008-02-06,840.0
2008-02-07,835.0
2008-02-08,830.0
2008-02-11,829.0
2008-02-12,828.0
2008-02-13,822.0
2008-02-14,812.0
2008-02-15,816.0
2008-02-18,820.0
2008-02-19,817.0
2008-02-20,818.0
2008-02-21,817.0
2008-02-22,812.0
2008-02-25,810.0
2008-02-26,812.0
2008-02-27,813.0
2008-02-28,827.0
2008-02-29,822.0
2008-03-03,821.0
2008-03-04,809.0
2008-03-05,827.0
2008-03-06,825.0
2008-03-07,816.0
2008-03-10,805.0
2008-03-11,800.0
2008-03-12,810.0
2008-03-13,810.0
2008-03-14,800.0
2008-03-17,770.0
2008-03-18,797.0
2008-03-19,778.0
2008-03-24,777.0
2008-03-25,777.0
2008-03-26,780.0
2008-03-27,770.0
2008-03-28,777.0
2008-03-31,770.0
2008-04-01,730.0
2008-04-02,710.0
2008-04-03,750.0
2008-04-04,781.0
2008-04-07,780.0
2008-04-08,770.0
2008-04-09,765.0
2008-04-10,759.0
2008-04-11,743.0
2008-04-14,740.0
2008-04-15,736.0
2008-04-16,750.0
2008-04-17,749.0
2008-04-18,750.0
2008-04-21,750.0
2008-04-22,741.0
2008-04-23,730.0
2008-04-24,729.0
2008-04-25,710.0
2008-04-28,711.0
2008-04-29,712.0
2008-04-30,718.0
2008-05-02,729.0
2008-05-05,712.0
2008-05-06,714.0
2008-05-07,714.0
2008-05-08,712.0
2008-05-09,712.0
2008-05-12,720.0
2008-05-13,710.0
2008-05-14,716.0
2008-05-15,705.0
2008-05-16,706.0
2008-05-19,705.0
2008-05-20,714.0
2008-05-21,706.0
2008-05-22,695.0
2008-05-23,697.0
2008-05-26,697.0
2008-05-27,685.0
2008-05-28,670.0
2008-05-29,660.0
2008-05-30,660.0
2008-06-02,659.0
2008-06-03,660.0
2008-06-04,656.0
2008-06-05,665.0
2008-06-06,697.0
2008-06-09,738.0
2008-06-10,770.0
2008-06-11,788.0
2008-06-12,746.0
2008-06-13,742.0
2008-06-16,738.0
2008-06-17,730.0
2008-06-18,730.0
2008-06-19,731.0
2008-06-20,720.0
2008-06-23,703.0
2008-06-24,706.0
2008-06-25,700.0
2008-06-26,705.0
2008-06-27,707.0
2008-06-30,710.0
2008-07-01,700.0
2008-07-02,700.0
2008-07-03,712.0
2008-07-04,717.0
2008-07-07,712.0
2008-07-08,720.0
2008-07-09,730.0
2008-07-10,725.0
2008-07-11,740.0
2008-07-14,720.0
2008-07-15,720.0
2008-07-16,720.0
2008-07-17,730.0
2008-07-18,750.0
2008-07-21,768.0
2008-07-22,770.0
2008-07-23,760.0
2008-07-24,775.0
2008-07-25,775.0
2008-07-28,765.0
2008-07-29,761.0
2008-07-31,761.0
2008-08-01,740.0
2008-08-04,740.0
2008-08-05,755.0
2008-08-06,755.0
2008-08-07,749.0
2008-08-08,749.0
2008-08-11,737.0
2008-08-12,734.0
2008-08-13,730.0
2008-08-15,730.0
2008-08-18,738.0
2008-08-19,730.0
2008-08-22,725.0
2008-08-25,725.0
2008-08-26,726.0
2008-08-27,726.0
2008-08-28,727.0
2008-08-29,730.0
2008-09-01,739.0
2008-09-02,739.0
2008-09-03,730.0
2008-09-04,732.0
2008-09-05,730.0
2008-09-08,721.0
2008-09-09,702.0
2008-09-10,710.0
2008-09-11,712.0
2008-09-12,710.0
2008-09-15,690.0
2008-09-16,649.0
2008-09-17,652.0
2008-09-18,684.0
2008-09-19,718.0
2008-09-22,718.0
2008-09-23,702.0
2008-09-24,707.0
2008-09-25,712.0
2008-09-26,719.0
2008-09-29,714.0
2008-09-30,690.0
2008-10-03,688.0
2008-10-06,680.0
2008-10-07,680.0
2008-10-08,670.0
2008-10-09,665.0
2008-10-10,650.0
2008-10-13,689.0
2008-10-14,730.0
2008-10-15,715.0
2008-10-16,710.0
2008-10-17,733.0
2008-10-20,735.0
2008-10-21,735.0
2008-10-22,725.0
2008-10-23,717.0
2008-10-24,720.0
2008-10-27,690.0
2008-10-28,700.0
2008-10-29,706.0
2008-10-30,706.0
2008-10-31,710.0
2008-11-03,730.0
2008-11-04,731.0
2008-11-05,723.0
2008-11-07,706.0
2008-11-10,710.0
2008-11-11,707.0
2008-11-12,705.0
2008-11-13,710.0
2008-11-14,704.0
2008-11-17,705.0
2008-11-19,707.0
2008-11-20,698.0
2008-11-21,660.0
2008-11-24,634.0
2008-11-25,650.0
2008-11-26,680.0
2008-11-27,685.0
2008-11-28,656.0
2008-12-01,640.0
2008-12-02,650.0
2008-12-03,634.0
2008-12-04,630.0
2008-12-05,630.0
2008-12-08,640.0
2008-12-11,650.0
2008-12-12,645.0
2008-12-15,646.0
2008-12-16,637.0
2008-12-17,635.0
2008-12-18,648.0
2008-12-19,642.0
2008-12-22,653.0
2008-12-23,636.0
2008-12-24,622.0
2008-12-25,659.0
2008-12-26,621.0
2008-12-30,615.0
2008-12-31,579.0
2009-01-02,597.0
2009-01-05,585.0
2009-01-06,591.0
2009-01-07,584.0
2009-01-08,580.0
2009-01-09,597.0
2009-01-12,569.0
2009-01-13,552.0
2009-01-14,551.0
2009-01-15,580.0
2009-01-16,579.0
2009-01-19,594.0
2009-01-20,580.0
2009-01-21,580.0
2009-01-22,597.0
2009-01-23,596.0
2009-01-26,600.0
2009-01-27,612.0
2009-01-28,608.0
2009-01-29,616.0
2009-01-30,624.0
2009-02-02,630.0
2009-02-03,640.0
2009-02-04,630.0
2009-02-05,614.0
2009-02-06,613.0
2009-02-09,633.0
2009-02-10,638.0
2009-02-11,639.0
2009-02-12,638.0
2009-02-13,635.0
2009-02-16,644.0
2009-02-17,682.0
2009-02-18,690.0
2009-02-19,683.0
2009-02-20,678.0
2009-02-23,686.0
2009-02-24,680.0
2009-02-25,715.0
2009-02-26,682.0
2009-02-27,697.0
2009-03-02,695.0
2009-03-03,692.0
2009-03-04,680.0
2009-03-05,687.0
2009-03-06,662.0
2009-03-09,690.0
2009-03-12,698.0
2009-03-13,701.0
2009-03-16,698.0
2009-03-17,699.0
2009-03-18,698.0
2009-03-19,689.0
2009-03-20,660.0
2009-03-23,670.0
2009-03-24,657.0
2009-03-25,677.0
2009-03-26,645.0
2009-03-27,656.0
2009-03-30,617.0
2009-03-31,580.0
2009-04-01,546.0
2009-04-02,565.0
2009-04-03,580.0
2009-04-06,590.0
2009-04-07,585.0
2009-04-08,578.0
2009-04-09,580.0
2009-04-10,580.0
2009-04-13,579.0
2009-04-14,579.0
2009-04-15,579.0
2009-04-16,579.0
2009-04-17,595.0
2009-04-20,593.0
2009-04-21,605.0
2009-04-22,610.0
2009-04-23,612.0
2009-04-24,600.0
2009-04-27,615.0
2009-04-28,624.0
2009-04-29,630.0
2009-04-30,629.0
2009-05-04,628.0
2009-05-05,629.0
2009-05-06,625.0
2009-05-07,625.0
2009-05-08,620.0
2009-05-11,609.0
2009-05-12,613.0
2009-05-13,609.0
2009-05-14,613.0
2009-05-15,613.0
2009-05-18,629.0
2009-05-19,618.0
2009-05-20,618.0
2009-05-21,604.0
2009-05-22,609.0
2009-05-25,605.0
2009-05-26,606.0
2009-05-27,608.0
2009-05-28,610.0
2009-05-29,593.0
2009-06-01,603.0
2009-06-02,602.0
2009-06-03,600.0
2009-06-04,600.0
2009-06-05,599.0
2009-06-08,602.0
2009-06-09,609.0
2009-06-10,608.0
2009-06-11,595.0
2009-06-12,608.0
2009-06-15,607.0
2009-06-16,608.0
2009-06-17,638.0
2009-06-18,625.0
2009-06-19,615.0
2009-06-22,620.0
2009-06-23,620.0
2009-06-24,620.0
2009-06-25,622.0
2009-06-26,621.0
2009-06-29,620.0
2009-06-30,620.0
2009-07-01,644.0
2009-07-02,630.0
2009-07-03,622.0
2009-07-06,622.0
2009-07-07,624.0
2009-07-08,630.0
2009-07-09,630.0
2009-07-10,630.0
2009-07-13,623.0
2009-07-14,621.0
2009-07-15,620.0
2009-07-16,627.0
2009-07-17,628.0
2009-07-20,625.0
2009-07-21,618.0
2009-07-22,625.0
2009-07-23,630.0
2009-07-24,630.0
2009-07-27,630.0
2009-07-28,630.0
2009-07-29,630.0
2009-07-31,625.0
2009-08-03,645.0
2009-08-04,640.0
2009-08-05,639.0
2009-08-06,635.0
2009-08-07,636.0
2009-08-10,647.0
2009-08-11,645.0
2009-08-12,630.0
2009-08-13,639.0
2009-08-17,638.0
2009-08-18,633.0
2009-08-19,636.0
2009-08-24,632.0
2009-08-25,635.0
2009-08-26,632.0
2009-08-27,637.0
2009-08-28,640.0
2009-08-31,639.0
2009-09-01,633.0
2009-09-02,633.0
2009-09-03,626.0
2009-09-04,623.0
2009-09-07,622.0
2009-09-08,615.0
2009-09-09,616.0
2009-09-10,615.0
2009-09-11,615.0
2009-09-14,620.0
2009-09-15,615.0
2009-09-16,615.0
2009-09-17,615.0
2009-09-18,622.0
2009-09-23,615.0
2009-09-24,611.0
2009-09-25,615.0
2009-09-28,613.0
2009-09-29,614.0
2009-09-30,610.0
2009-10-01,608.0
2009-10-02,609.0
2009-10-05,608.0
2009-10-06,605.0
2009-10-07,592.0
2009-10-08,587.0
2009-10-09,595.0
2009-10-12,597.0
2009-10-13,596.0
2009-10-14,599.0
2009-10-15,598.0
2009-10-16,603.0
2009-10-19,602.0
2009-10-20,603.0
2009-10-21,593.0
2009-10-22,600.0
2009-10-23,592.0
2009-10-26,598.0
2009-10-27,586.0
2009-10-28,585.0
2009-10-29,582.0
2009-10-30,595.0
2009-11-02,583.0
2009-11-03,593.0
2009-11-04,588.0
2009-11-05,592.0
2009-11-09,582.0
2009-11-10,585.0
2009-11-11,582.0
2009-11-12,577.0
2009-11-13,565.0
2009-11-16,566.0
2009-11-17,566.0
2009-11-19,570.0
2009-11-20,570.0
2009-11-23,573.0
2009-11-24,570.0
2009-11-25,570.0
2009-11-26,571.0
2009-11-27,568.0
2009-11-30,560.0
2009-12-01,561.0
2009-12-02,560.0
2009-12-03,570.0
2009-12-04,563.0
2009-12-07,565.0
2009-12-08,560.0
2009-12-09,560.0
2009-12-10,563.0
2009-12-11,563.0
2009-12-14,559.0
2009-12-15,545.0
2009-12-16,557.0
2009-12-17,560.0
2009-12-21,555.0
2009-12-22,560.0
2009-12-23,560.0
2009-12-24,560.0
2009-12-25,555.0
2009-12-28,560.0
2009-12-29,560.0
2009-12-30,580.0
2009-12-31,546.0
2010-01-04,540.0
2010-01-05,563.0
2010-01-06,563.0
2010-01-07,565.0
2010-01-08,572.0
2010-01-12,571.0
2010-01-13,568.0
2010-01-14,565.0
2010-01-15,573.0
2010-01-18,573.0
2010-01-19,583.0
2010-01-20,586.0
2010-01-21,595.0
2010-01-22,602.0
2010-01-25,630.0
2010-01-26,610.0
2010-01-27,625.0
2010-01-28,619.0
2010-01-29,616.0
2010-02-01,610.0
2010-02-02,607.0
2010-02-03,618.0
2010-02-04,607.0
2010-02-05,608.0
2010-02-08,612.0
2010-02-09,610.0
2010-02-10,618.0
2010-02-11,615.0
2010-02-12,625.0
2010-02-15,625.0
2010-02-16,625.0
2010-02-17,624.0
2010-02-18,618.0
2010-02-19,620.0
2010-02-22,619.0
2010-02-23,620.0
2010-02-24,611.0
2010-02-25,609.0
2010-02-26,600.0
2010-03-01,601.0
2010-03-02,612.0
2010-03-03,614.0
2010-03-04,615.0
2010-03-05,615.0
2010-03-08,614.0
2010-03-09,611.0
2010-03-10,607.0
2010-03-11,609.0
2010-03-12,633.0
2010-03-15,605.0
2010-03-16,609.0
2010-03-17,620.0
2010-03-18,640.0
2010-03-19,640.0
2010-03-22,616.0
2010-03-23,615.0
2010-03-24,620.0
2010-03-25,601.0
2010-03-26,617.0
2010-03-29,615.0
2010-03-30,625.0
2010-03-31,625.0
2010-04-01,625.0
2010-04-02,621.0
2010-04-05,621.0
2010-04-06,620.0
2010-04-07,620.0
2010-04-08,616.0
2010-04-09,620.0
2010-04-12,619.0
2010-04-13,618.0
2010-04-14,608.0
2010-04-15,612.0
2010-04-16,620.0
2010-04-19,621.0
2010-04-20,620.0
2010-04-21,614.0
2010-04-22,619.0
2010-04-23,615.0
2010-04-26,620.0
2010-04-27,657.0
2010-04-28,684.0
2010-04-29,679.0
2010-04-30,673.0
2010-05-03,670.0
2010-05-04,668.0
2010-05-05,659.0
2010-05-06,622.0
2010-05-07,643.0
2010-05-10,635.0
2010-05-11,645.0
2010-05-12,648.0
2010-05-13,650.0
2010-05-14,645.0
2010-05-17,664.0
2010-05-18,703.0
2010-05-19,739.0
2010-05-20,735.0
2010-05-21,725.0
2010-05-24,715.0
2010-05-25,694.0
2010-05-26,696.0
2010-05-27,695.0
2010-05-28,695.0
2010-05-31,685.0
2010-06-01,685.0
2010-06-02,696.0
2010-06-03,702.0
2010-06-04,709.0
2010-06-07,708.0
2010-06-08,705.0
2010-06-09,715.0
2010-06-10,715.0
2010-06-11,705.0
2010-06-14,698.0
2010-06-15,705.0
2010-06-16,703.0
2010-06-17,697.0
2010-06-18,695.0
2010-06-21,691.0
2010-06-22,691.0
2010-06-23,691.0
2010-06-24,692.0
2010-06-25,696.0
2010-06-28,685.0
2010-06-29,688.0
2010-06-30,690.0
2010-07-01,674.0
2010-07-02,680.0
2010-07-05,675.0
2010-07-06,679.0
2010-07-07,670.0
2010-07-08,670.0
2010-07-09,669.0
2010-07-12,674.0
2010-07-13,679.0
2010-07-14,679.0
2010-07-15,669.0
2010-07-16,657.0
2010-07-19,670.0
2010-07-20,673.0
2010-07-21,651.0
2010-07-22,662.0
2010-07-23,672.0
2010-07-26,660.0
2010-07-27,669.0
2010-07-28,655.0
2010-07-29,663.0
2010-08-02,651.0
2010-08-03,660.0
2010-08-04,650.0
2010-08-05,657.0
2010-08-06,650.0
2010-08-09,649.0
2010-08-10,650.0
2010-08-11,650.0
2010-08-12,632.0
2010-08-13,640.0
2010-08-16,640.0
2010-08-17,632.0
2010-08-18,638.0
2010-08-19,650.0
2010-08-23,650.0
2010-08-24,637.0
2010-08-25,639.0
2010-08-26,640.0
2010-08-27,644.0
2010-08-30,650.0
2010-08-31,648.0
2010-09-01,633.0
2010-09-02,641.0
2010-09-03,635.0
2010-09-06,627.0
2010-09-07,629.0
2010-09-08,639.0
2010-09-09,633.0
2010-09-13,640.0
2010-09-14,642.0
2010-09-15,627.0
2010-09-16,627.0
2010-09-17,620.0
2010-09-20,610.0
2010-09-21,612.0
2010-09-22,615.0
2010-09-23,615.0
2010-09-24,609.0
2010-09-27,600.0
2010-09-28,600.0
2010-09-29,609.0
2010-09-30,630.0
2010-10-01,603.0
2010-10-04,607.0
2010-10-05,601.0
2010-10-06,603.0
2010-10-07,630.0
2010-10-08,630.0
2010-10-11,626.0
2010-10-12,623.0
2010-10-13,630.0
2010-10-14,640.0
2010-10-15,639.0
2010-10-18,630.0
2010-10-19,630.0
2010-10-20,632.0
2010-10-21,650.0
2010-10-22,635.0
2010-10-25,642.0
2010-10-26,620.0
2010-10-27,622.0
2010-10-28,620.0
2010-10-29,620.0
2010-11-01,620.0
2010-11-02,617.0
2010-11-03,619.0
2010-11-04,615.0
2010-11-05,629.0
2010-11-08,620.0
2010-11-09,620.0
2010-11-10,612.0
2010-11-11,620.0
2010-11-12,620.0
2010-11-15,608.0
2010-11-16,617.0
2010-11-19,624.0
2010-11-22,624.0
2010-11-23,620.0
2010-11-24,600.0
2010-11-25,600.0
2010-11-26,593.0
2010-11-29,596.0
2010-11-30,599.0
2010-12-01,598.0
2010-12-02,598.0
2010-12-03,597.0
2010-12-06,599.0
2010-12-08,592.0
2010-12-09,582.0
2010-12-10,583.0
2010-12-13,589.0
2010-12-14,589.0
2010-12-15,585.0
2010-12-16,588.0
2010-12-17,590.0
2010-12-20,589.0
2010-12-21,585.0
2010-12-22,585.0
2010-12-23,585.0
2010-12-24,585.0
2010-12-27,585.0
2010-12-28,588.0
2010-12-29,595.0
2010-12-30,590.0
2010-12-31,588.0
2011-01-03,592.0
2011-01-04,587.0
2011-01-05,580.0
2011-01-06,580.0
2011-01-07,590.0
2011-01-10,597.0
2011-01-12,600.0
2011-01-13,615.0
2011-01-14,611.0
2011-01-17,606.0
2011-01-18,606.0
2011-01-19,590.0
2011-01-20,600.0
2011-01-21,593.0
2011-01-24,601.0
2011-01-25,605.0
2011-01-26,603.0
2011-01-27,600.0
2011-01-28,591.0
2011-01-31,575.0
2011-02-01,570.0
2011-02-02,590.0
2011-02-03,580.0
2011-02-04,588.0
2011-02-07,580.0
2011-02-08,594.0
2011-02-09,585.0
2011-02-10,585.0
2011-02-11,585.0
2011-02-14,581.0
2011-02-15,585.0
2011-02-18,590.0
2011-02-21,570.0
2011-02-22,578.0
2011-02-23,570.0
2011-02-24,570.0
2011-02-25,579.0
2011-02-28,582.0
2011-03-01,582.0
2011-03-02,571.0
2011-03-03,570.0
2011-03-04,579.0
2011-03-07,563.0
2011-03-08,575.0
2011-03-09,579.0
2011-03-10,571.0
2011-03-11,567.0
2011-03-14,590.0
2011-03-15,581.0
2011-03-16,581.0
2011-03-17,581.0
2011-03-18,581.0
2011-03-21,580.0
2011-03-22,581.0
2011-03-23,588.0
2011-03-24,575.0
2011-03-25,575.0
2011-03-28,575.0
2011-03-29,572.0
2011-03-30,571.0
2011-03-31,573.0
2011-04-01,562.0
2011-04-04,569.0
2011-04-05,545.0
2011-04-06,545.0
2011-04-07,560.0
2011-04-08,561.0
2011-04-11,563.0
2011-04-12,550.0
2011-04-13,557.0
2011-04-14,531.0
2011-04-15,535.0
2011-04-18,535.0
2011-04-19,530.0
2011-04-20,530.0
2011-04-21,525.0
2011-04-22,527.0
2011-04-25,532.0
2011-04-26,531.0
2011-04-27,562.0
2011-04-28,545.0
2011-04-29,567.0
2011-05-02,586.0
2011-05-03,596.0
2011-05-04,614.0
2011-05-05,630.0
2011-05-06,625.0
2011-05-09,616.0
2011-05-10,615.0
2011-05-11,615.0
2011-05-12,629.0
2011-05-13,625.0
2011-05-16,617.0
2011-05-17,625.0
2011-05-18,629.0
2011-05-19,630.0
2011-05-20,635.0
2011-05-23,635.0
2011-05-24,637.0
2011-05-25,655.0
2011-05-26,669.0
2011-05-27,662.0
2011-05-30,646.0
2011-05-31,658.0
2011-06-01,636.0
2011-06-02,650.0
2011-06-03,649.0
2011-06-06,651.0
2011-06-07,639.0
2011-06-08,640.0
2011-06-09,645.0
2011-06-10,645.0
2011-06-13,639.0
2011-06-14,638.0
2011-06-15,637.0
2011-06-16,635.0
2011-06-17,636.0
2011-06-20,631.0
2011-06-21,630.0
2011-06-22,624.0
2011-06-23,621.0
2011-06-24,631.0
2011-06-27,632.0
2011-06-28,626.0
2011-06-29,631.0
2011-06-30,635.0
2011-07-01,630.0
2011-07-04,633.0
2011-07-05,630.0
2011-07-06,609.0
2011-07-07,626.0
2011-07-08,626.0
2011-07-11,606.0
2011-07-12,606.0
2011-07-13,608.0
2011-07-14,602.0
2011-07-15,602.0
2011-07-18,605.0
2011-07-19,614.0
2011-07-20,598.0
2011-07-21,614.0
2011-07-22,597.0
2011-07-25,600.0
2011-07-26,600.0
2011-07-27,610.0
2011-07-28,608.0
2011-07-29,600.0
2011-08-01,596.0
2011-08-02,600.0
2011-08-03,606.0
2011-08-04,598.0
2011-08-05,606.0
2011-08-08,600.0
2011-08-09,596.0
2011-08-10,610.0
2011-08-11,609.0
2011-08-12,610.0
2011-08-15,601.0
2011-08-16,602.0
2011-08-17,638.0
2011-08-18,640.0
2011-08-19,645.0
2011-08-22,640.0
2011-08-23,625.0
2011-08-24,625.0
2011-08-25,630.0
2011-08-26,640.0
2011-08-29,670.0
2011-08-30,701.0
2011-09-02,700.0
2011-09-05,717.0
2011-09-06,760.0
2011-09-07,778.0
2011-09-08,750.0
2011-09-09,763.0
2011-09-12,775.0
2011-09-13,803.0
2011-09-14,840.0
2011-09-15,820.0
2011-09-16,807.0
2011-09-19,822.0
2011-09-20,840.0
2011-09-21,838.0
2011-09-22,820.0
2011-09-23,820.0
2011-09-26,813.0
2011-09-27,765.0
2011-09-28,720.0
2011-09-29,736.0
2011-09-30,779.0
2011-10-03,760.0
2011-10-04,760.0
2011-10-05,748.0
2011-10-06,791.0
2011-10-07,770.0
2011-10-10,788.0
2011-10-11,762.0
2011-10-12,749.0
2011-10-13,785.0
2011-10-14,802.0
2011-10-17,785.0
2011-10-18,797.0
2011-10-19,780.0
2011-10-20,780.0
2011-10-21,770.0
2011-10-24,775.0
2011-10-25,775.0
2011-10-26,770.0
2011-10-27,783.0
2011-10-28,760.0
2011-10-31,762.0
2011-11-01,762.0
2011-11-02,750.0
2011-11-03,750.0
2011-11-04,758.0
2011-11-09,778.0
2011-11-10,750.0
2011-11-11,740.0
2011-11-14,748.0
2011-11-15,720.0
2011-11-16,721.0
2011-11-17,725.0
2011-11-21,739.0
2011-11-22,739.0
2011-11-23,718.0
2011-11-24,720.0
2011-11-25,700.0
2011-11-28,702.0
2011-11-29,740.0
2011-11-30,701.0
2011-12-01,705.0
2011-12-02,700.0
2011-12-05,702.0
2011-12-06,702.0
2011-12-07,719.0
2011-12-08,733.0
2011-12-09,700.0
2011-12-12,703.0
2011-12-13,715.0
2011-12-14,739.0
2011-12-15,740.0
2011-12-16,740.0
2011-12-19,750.0
2011-12-20,758.0
2011-12-21,775.0
2011-12-22,765.0
2011-12-23,725.0
2011-12-26,740.0
2011-12-27,730.0
2011-12-28,738.0
2011-12-29,694.0
2011-12-30,730.0
2012-01-02,728.0
2012-01-03,712.0
2012-01-04,729.0
2012-01-05,727.0
2012-01-06,720.0
2012-01-09,725.0
2012-01-10,729.0
2012-01-12,745.0
2012-01-13,737.0
2012-01-16,735.0
2012-01-17,735.0
2012-01-18,735.0
2012-01-19,730.0
2012-01-20,735.0
2012-01-23,760.0
2012-01-24,775.0
2012-01-25,790.0
2012-01-26,779.0
2012-01-27,780.0
2012-01-30,779.0
2012-01-31,780.0
2012-02-01,780.0
2012-02-02,785.0
2012-02-03,790.0
2012-02-07,798.0
2012-02-08,795.0
2012-02-09,795.0
2012-02-10,781.0
2012-02-13,788.0
2012-02-14,787.0
2012-02-15,780.0
2012-02-16,780.0
2012-02-17,781.0
2012-02-20,780.0
2012-02-21,767.0
2012-02-22,763.0
2012-02-23,760.0
2012-02-24,775.0
2012-02-27,773.0
2012-02-28,773.0
2012-02-29,773.0
2012-03-01,760.0
2012-03-02,765.0
2012-03-05,767.0
2012-03-06,750.0
2012-03-07,749.0
2012-03-08,749.0
2012-03-09,740.0
2012-03-12,731.0
2012-03-13,730.0
2012-03-14,721.0
2012-03-15,700.0
2012-03-16,710.0
2012-03-19,705.0
2012-03-20,672.0
2012-03-21,672.0
2012-03-22,700.0
2012-03-23,700.0
2012-03-26,684.0
2012-03-27,677.0
2012-03-28,637.0
2012-03-29,599.0
2012-03-30,564.0
2012-04-02,564.0
2012-04-03,571.0
2012-04-04,560.0
2012-04-05,574.0
2012-04-06,553.0
2012-04-09,550.0
2012-04-10,569.0
2012-04-11,580.0
2012-04-12,550.0
2012-04-13,530.0
2012-04-16,549.0
2012-04-17,550.0
2012-04-18,560.0
2012-04-19,550.0
2012-04-20,540.0
2012-04-23,540.0
2012-04-24,536.0
2012-04-25,536.0
2012-04-26,540.0
2012-04-27,520.0
2012-04-30,520.0
2012-05-02,520.0
2012-05-03,517.0
2012-05-04,520.0
2012-05-07,535.0
2012-05-08,526.0
2012-05-09,537.0
2012-05-10,540.0
2012-05-11,521.0
2012-05-14,518.0
2012-05-15,500.0
2012-05-16,480.0
2012-05-17,489.0
2012-05-18,490.0
2012-05-21,500.0
2012-05-22,474.0
2012-05-23,490.0
2012-05-24,510.0
2012-05-25,540.0
2012-05-28,535.0
2012-05-29,506.0
2012-05-30,529.0
2012-05-31,525.0
2012-06-01,515.0
2012-06-04,500.0
2012-06-05,480.0
2012-06-06,495.0
2012-06-07,490.0
2012-06-08,490.0
2012-06-11,490.0
2012-06-12,490.0
2012-06-13,492.0
2012-06-14,489.0
2012-06-15,500.0
2012-06-18,503.0
2012-06-19,490.0
2012-06-20,500.0
2012-06-21,488.0
2012-06-22,480.0
2012-06-25,481.2
2012-06-26,485.0
2012-06-27,498.0
2012-06-28,484.0
2012-06-29,485.0
2012-07-02,496.0
2012-07-03,485.25
2012-07-04,480.0
2012-07-05,480.0
2012-07-06,451.2
2012-07-09,475.0
2012-07-10,450.0
2012-07-11,450.0
2012-07-12,445.0
2012-07-13,440.0
2012-07-16,450.0
2012-07-17,445.0
2012-07-18,441.0
2012-07-19,445.0
2012-07-20,458.0
2012-07-23,456.0
2012-07-24,468.75
2012-07-25,450.0
2012-07-26,464.0
2012-07-27,452.0
2012-07-31,452.0
2012-08-01,460.0
2012-08-02,487.6
2012-08-03,516.0
2012-08-06,498.0
2012-08-07,498.0
2012-08-08,487.0
2012-08-09,498.0
2012-08-10,504.0
2012-08-13,512.0
2012-08-15,505.0
2012-08-16,485.0
2012-08-17,480.0
2012-08-22,470.0
2012-08-23,488.0
2012-08-24,482.0
2012-08-27,489.6
2012-08-28,476.5
2012-08-29,471.15
2012-08-30,472.25
2012-08-31,472.0
2012-09-03,470.0
2012-09-04,470.0
2012-09-05,466.0
2012-09-06,466.0
2012-09-07,465.0
2012-09-10,460.0
2012-09-11,464.0
2012-09-12,462.0
2012-09-13,462.0
2012-09-14,461.0
2012-09-17,452.0
2012-09-18,445.0
2012-09-19,440.05
2012-09-20,435.2
2012-09-21,436.0
2012-09-24,445.0
2012-09-25,431.1
2012-09-26,435.05
2012-09-27,446.0
2012-09-28,419.25
2012-10-01,418.5
2012-10-02,407.0
2012-10-03,400.0
2012-10-04,376.0
2012-10-05,354.2
2012-10-08,358.8
2012-10-09,363.65
2012-10-10,374.85
2012-10-11,361.05
2012-10-12,376.5
2012-10-15,372.9
2012-10-16,372.0
2012-10-17,350.0
2012-10-18,354.0
2012-10-19,345.0
2012-10-22,351.0
2012-10-23,357.0
2012-10-24,356.55
2012-10-25,358.9
2012-10-29,360.0
2012-10-30,363.0
2012-10-31,360.0
2012-11-01,360.0
2012-11-02,358.0
2012-11-05,366.4
2012-11-07,367.0
2012-11-08,363.0
2012-11-09,360.0
2012-11-12,366.8
2012-11-13,366.0
2012-11-14,358.0
2012-11-15,349.1
2012-11-19,351.0
2012-11-20,346.5
2012-11-21,354.95
2012-11-22,343.6
2012-11-23,345.15
2012-11-26,345.6
2012-11-27,343.7
2012-11-28,345.0
2012-11-29,345.0
2012-11-30,349.9
2012-12-03,343.0
2012-12-04,347.9
2012-12-05,349.5
2012-12-06,350.0
2012-12-07,344.95
2012-12-10,349.9
2012-12-11,349.85
2012-12-12,349.85
2012-12-13,350.0
2012-12-14,342.2
2012-12-17,348.5
2012-12-18,347.0
2012-12-19,346.8
2012-12-20,355.0
2012-12-21,346.0
2012-12-24,350.0
2012-12-25,346.0
2012-12-26,350.0
2012-12-27,345.3
2012-12-28,346.0
2012-12-31,335.0
2013-01-02,347.0
2013-01-03,347.95
2013-01-04,328.5
2013-01-07,328.05
2013-01-08,344.45
2013-01-09,340.0
2013-01-10,321.0
2013-01-14,321.0
2013-01-15,301.75
2013-01-16,298.0
2013-01-17,292.0
2013-01-18,285.0
2013-01-21,289.5
2013-01-22,304.0
2013-01-23,286.0
2013-01-28,287.0
2013-01-29,293.0
2013-01-30,290.0
2013-01-31,290.0
2013-02-01,286.0
2013-02-04,290.0
2013-02-05,290.0
2013-02-06,289.95
2013-02-07,289.95
2013-02-08,283.1
2013-02-11,283.0
2013-02-12,285.0
2013-02-13,282.0
2013-02-14,282.0
2013-02-15,282.0
2013-02-18,285.0
2013-02-19,285.0
2013-02-20,281.0
2013-02-21,294.9
2013-02-22,282.5
2013-02-25,294.0
2013-02-26,289.2
2013-02-27,291.55
2013-02-28,290.2
2013-03-01,288.0
2013-03-04,296.0
2013-03-05,295.0
2013-03-06,291.0
2013-03-07,291.7
2013-03-08,294.0
2013-03-11,311.6
2013-03-12,306.0
2013-03-13,304.0
2013-03-14,305.0
2013-03-15,300.0
2013-03-18,308.95
2013-03-19,308.75
2013-03-20,306.0
2013-03-21,302.3
2013-03-22,306.8
2013-03-25,304.85
2013-03-26,277.5
2013-03-27,281.5
2013-03-28,278.0
2013-03-29,277.0
2013-04-01,282.95
2013-04-02,285.0
2013-04-03,281.0
2013-04-04,280.0
2013-04-05,284.5
2013-04-08,285.9
2013-04-09,278.7
2013-04-10,278.0
2013-04-11,276.0
2013-04-12,276.1
2013-04-15,276.35
2013-04-16,277.0
2013-04-17,275.0
2013-04-18,270.5
2013-04-19,276.0
2013-04-22,277.9
2013-04-23,274.0
2013-04-24,270.5
2013-04-25,269.0
2013-04-26,270.0
2013-04-29,270.3
2013-04-30,272.0
2013-05-02,273.0
2013-05-03,288.0
2013-05-06,295.0
2013-05-07,294.0
2013-05-08,301.8
2013-05-09,299.85
2013-05-10,298.95
2013-05-13,298.95
2013-05-14,284.0
2013-05-15,285.0
2013-05-16,280.0
2013-05-17,270.0
2013-05-20,275.0
2013-05-21,274.95
2013-05-22,270.25
2013-05-23,278.7
2013-05-24,295.0
2013-05-27,285.0
2013-05-28,287.45
2013-05-29,286.0
2013-05-30,285.35
2013-05-31,278.0
2013-06-03,278.0
2013-06-04,270.2
2013-06-05,280.0
2013-06-06,280.0
2013-06-07,275.0
2013-06-10,275.0
2013-06-11,275.0
2013-06-12,275.0
2013-06-13,275.0
2013-06-14,272.1
2013-06-17,272.0
2013-06-18,272.0
2013-06-19,269.8
2013-06-20,269.8
2013-06-21,269.6
2013-06-24,267.95
2013-06-25,260.3
2013-06-26,260.0
2013-06-27,258.0
2013-06-28,251.15
2013-07-01,252.35
2013-07-02,265.0
2013-07-03,273.0
2013-07-04,272.0
2013-07-05,262.0
2013-07-08,259.0
2013-07-09,265.0
2013-07-10,262.0
2013-07-11,260.0
2013-07-12,256.0
2013-07-15,266.0
2013-07-16,255.25
2013-07-17,264.75
2013-07-18,264.75
2013-07-19,264.75
2013-07-22,256.0
2013-07-23,259.95
2013-07-24,255.25
2013-07-25,259.9
2013-07-26,263.0
2013-07-29,262.0
2013-07-31,255.0
2013-08-01,259.0
2013-08-02,256.05
2013-08-05,260.0
2013-08-06,257.0
2013-08-07,259.75
2013-08-08,259.8
2013-08-12,259.75
2013-08-13,255.0
2013-08-15,255.5
2013-08-16,251.5
2013-08-19,256.65
2013-08-22,245.05
2013-08-23,250.0
2013-08-26,249.9
2013-08-27,249.9
2013-08-28,245.0
2013-08-29,242.0
2013-08-30,249.0
2013-09-02,241.05
2013-09-03,249.0
2013-09-04,249.0
2013-09-05,250.0
2013-09-06,254.0
2013-09-09,250.0
2013-09-10,250.0
2013-09-11,249.0
2013-09-12,245.0
2013-09-13,245.0
2013-09-16,245.0
2013-09-17,235.0
2013-09-18,235.0
2013-09-19,237.55
2013-09-20,235.5
2013-09-23,241.4
2013-09-24,241.5
2013-09-25,240.0
2013-09-26,248.0
2013-09-27,250.0
2013-09-30,249.0
2013-10-01,248.5
2013-10-02,251.9
2013-10-03,253.0
2013-10-04,265.0
2013-10-07,255.0
2013-10-08,265.0
2013-10-09,267.0
2013-10-10,270.0
2013-10-11,270.0
2013-10-14,270.0
2013-10-15,270.0
2013-10-21,279.95
2013-10-22,280.0
2013-10-23,285.0
2013-10-24,292.0
2013-10-25,309.5
2013-10-28,320.0
2013-10-29,312.1
2013-10-30,310.0
2013-10-31,309.0
2013-11-01,305.0
2013-11-04,304.1
2013-11-07,302.0
2013-11-08,300.0
2013-11-11,298.5
2013-11-12,297.5
2013-11-13,297.0
2013-11-14,295.0
2013-11-15,299.0
2013-11-19,297.0
2013-11-20,291.2
2013-11-21,292.0
2013-11-22,288.0
2013-11-25,282.05
2013-11-26,290.0
2013-11-27,285.2
2013-11-28,299.7
2013-11-29,291.0
2013-12-02,287.3
2013-12-03,287.1
2013-12-04,296.7
2013-12-05,288.5
2013-12-06,294.0
2013-12-09,285.05
2013-12-10,295.5
2013-12-11,289.5
2013-12-12,295.0
2013-12-13,296.0
2013-12-16,288.6
2013-12-17,289.5
2013-12-18,289.0
2013-12-19,280.0
2013-12-20,280.0
2013-12-23,283.0
2013-12-24,283.0
2013-12-25,285.0
2013-12-26,276.0
2013-12-27,276.0
2013-12-30,270.15
2013-12-31,266.0
2014-01-02,266.0
2014-01-03,265.5
2014-01-06,281.4
2014-01-07,280.0
2014-01-08,280.0
2014-01-09,270.0
2014-01-10,265.0
2014-01-13,265.0
2014-01-16,270.7
2014-01-17,280.0
2014-01-20,280.9
2014-01-21,290.0
2014-01-22,285.0
2014-01-23,307.2
2014-01-24,296.2
2014-01-27,294.0
2014-01-28,296.3
2014-01-29,305.0
2014-01-30,303.9
2014-01-31,300.0
2014-02-03,312.0
2014-02-04,305.2
2014-02-05,303.8
2014-02-06,296.0
2014-02-07,302.0
2014-02-10,300.0
2014-02-11,304.5
2014-02-12,300.0
2014-02-13,298.5
2014-02-14,301.9
2014-02-17,295.0
2014-02-18,295.05
2014-02-19,300.0
2014-02-20,300.0
2014-02-21,300.0
2014-02-24,299.0
2014-02-25,300.0
2014-02-26,300.0
2014-02-27,296.0
2014-02-28,295.0
2014-03-03,300.0
2014-03-04,303.95
2014-03-05,298.05
2014-03-06,298.05
2014-03-07,300.05
2014-03-10,302.95
2014-03-11,300.0
2014-03-12,300.0
2014-03-13,304.0
2014-03-14,300.0
2014-03-17,300.0
2014-03-18,297.1
2014-03-19,300.0
2014-03-20,290.95
2014-03-21,298.0
2014-03-24,292.0
2014-03-25,300.0
2014-03-26,296.0
2014-03-27,296.05
2014-03-28,298.0
2014-03-31,288.0
2014-04-01,289.5
2014-04-02,282.1
2014-04-03,280.0
2014-04-04,277.0
2014-04-07,277.05
2014-04-08,280.0
2014-04-09,275.0
2014-04-10,280.0
2014-04-11,277.5
2014-04-14,277.1
2014-04-15,275.0
2014-04-16,273.0
2014-04-17,273.0
2014-04-18,273.0
2014-04-21,274.0
2014-04-22,270.15
2014-04-23,271.0
2014-04-24,273.0
2014-04-25,273.05
2014-04-28,272.05
2014-04-29,272.2
2014-04-30,278.85
2014-05-02,282.85
2014-05-05,282.85
2014-05-06,274.0
2014-05-07,273.05
2014-05-08,279.0
2014-05-09,284.0
2014-05-12,278.55
2014-05-13,285.0
2014-05-14,284.95
2014-05-15,279.0
2014-05-16,283.0
2014-05-19,273.5
2014-05-20,274.05
2014-05-21,274.0
2014-05-22,274.0
2014-05-23,278.8
2014-05-26,272.45
2014-05-27,273.1
2014-05-28,273.0
2014-05-29,272.0
2014-05-30,276.45
2014-06-02,274.0
2014-06-03,272.4
2014-06-04,270.0
2014-06-05,265.0
2014-06-06,258.0
2014-06-09,263.95
2014-06-10,264.0
2014-06-11,268.9
2014-06-12,271.9
2014-06-13,264.75
2014-06-16,262.25
2014-06-17,263.6
2014-06-18,264.0
2014-06-19,268.0
2014-06-20,264.1
2014-06-23,263.05
2014-06-24,263.5
2014-06-25,260.0
2014-06-26,260.0
2014-06-27,265.0
2014-06-30,256.0
2014-07-01,256.0
2014-07-02,256.1
2014-07-03,256.2
2014-07-04,256.2
2014-07-07,261.95
2014-07-08,259.6
2014-07-09,259.6
2014-07-10,263.5
2014-07-11,263.5
2014-07-14,265.0
2014-07-15,260.05
2014-07-16,263.9
2014-07-17,263.0
2014-07-18,259.0
2014-07-21,264.95
2014-07-22,261.0
2014-07-23,263.0
2014-07-24,261.0
2014-07-25,260.0
2014-07-31,263.0
2014-08-01,260.0
2014-08-04,263.0
2014-08-05,263.0
2014-08-06,261.0
2014-08-07,260.05
2014-08-08,268.0
2014-08-11,272.5
2014-08-12,275.0
2014-08-13,267.25
2014-08-15,272.0
2014-08-18,275.2
2014-08-19,283.0
2014-08-22,287.45
2014-08-25,282.0
2014-08-26,294.0
2014-08-27,304.0
2014-08-28,315.0
2014-08-29,339.0
2014-09-01,337.0
2014-09-02,331.2
2014-09-03,330.0
2014-09-04,332.1
2014-09-05,334.3
2014-09-08,339.0
2014-09-09,352.9
2014-09-10,374.05
2014-09-11,365.1
2014-09-12,365.0
2014-09-15,360.0
2014-09-16,360.2
2014-09-17,366.1
2014-09-18,369.0
2014-09-19,374.4
2014-09-22,370.0
2014-09-23,360.0
2014-09-24,342.0
2014-09-25,340.0
2014-09-26,354.0
2014-09-29,350.0
2014-09-30,384.0
2014-10-01,384.0
2014-10-02,418.0
2014-10-03,445.7
2014-10-07,455.0
2014-10-08,429.0
2014-10-09,420.5
2014-10-10,428.0
2014-10-13,439.0
2014-10-14,439.0
2014-10-15,440.0
2014-10-16,432.5
2014-10-17,444.0
2014-10-20,440.0
2014-10-21,437.5
2014-10-22,430.5
2014-10-23,442.1
2014-10-24,437.1
2014-10-27,437.1
2014-10-28,430.1
2014-10-29,437.0
2014-10-30,435.0
2014-10-31,430.0
2014-11-03,430.0
2014-11-04,420.05
2014-11-05,411.0
2014-11-07,387.5
2014-11-10,348.75
2014-11-11,350.0
2014-11-12,355.0
2014-11-13,361.9
2014-11-14,359.0
2014-11-17,370.0
2014-11-19,360.0
2014-11-20,367.0
2014-11-21,375.0
2014-11-24,355.0
2014-11-25,350.0
2014-11-26,345.0
2014-11-27,345.0
2014-11-28,335.0
2014-12-01,335.0
2014-12-02,340.0
2014-12-03,340.0
2014-12-04,344.0
2014-12-05,340.0
2014-12-08,333.0
2014-12-09,313.05
2014-12-10,281.75
2014-12-11,253.6
2014-12-12,240.25
2014-12-15,254.0
2014-12-16,254.0
2014-12-17,260.0
2014-12-18,260.0
2014-12-19,250.2
2014-12-22,251.2
2014-12-23,252.0
2014-12-24,254.05
2014-12-25,263.95
2014-12-26,250.0
2014-12-29,250.0
2014-12-30,250.0
2014-12-31,241.0
2015-01-02,237.2
2015-01-06,244.0
2015-01-07,244.5
2015-01-08,252.5
2015-01-09,254.3
2015-01-12,253.9
2015-01-13,240.0
2015-01-14,250.0
2015-01-15,240.0
2015-01-16,245.0
2015-01-19,234.0
2015-01-20,240.0
2015-01-21,240.0
2015-01-22,230.0
2015-01-23,227.0
2015-01-26,233.5
2015-01-27,230.0
2015-01-28,225.0
2015-01-29,226.1
2015-01-30,223.6
2015-02-02,223.85
2015-02-03,229.95
2015-02-04,235.0
2015-02-05,232.0
2015-02-06,235.0
2015-02-09,235.0
2015-02-10,234.0
2015-02-11,234.0
2015-02-12,234.0
2015-02-13,235.0
2015-02-16,230.0
2015-02-17,219.85
2015-02-18,220.1
2015-02-19,220.0
2015-02-20,215.0
2015-02-23,215.5
2015-02-24,211.05
2015-02-25,219.9
2015-02-26,219.0
2015-02-27,220.0
2015-03-02,218.0
2015-03-03,217.0
2015-03-04,215.2
2015-03-05,220.0
2015-03-06,220.1
2015-03-09,229.95
2015-03-10,237.9
2015-03-11,231.0
2015-03-12,222.0
2015-03-13,220.0
2015-03-16,220.0
2015-03-17,211.9
2015-03-18,199.2
2015-03-19,190.0
2015-03-20,200.0
2015-03-23,200.5
2015-03-24,180.45
2015-03-25,176.0
2015-03-26,170.0
2015-03-27,169.75
2015-03-30,172.9
2015-03-31,166.0
2015-04-01,160.0
2015-04-02,159.85
2015-04-03,156.9
2015-04-06,160.05
2015-04-07,158.0
2015-04-08,155.0
2015-04-09,155.0
2015-04-10,155.3
2015-04-13,155.0
2015-04-14,156.0
2015-04-15,171.6
2015-04-16,169.0
2015-04-17,170.9
2015-04-20,165.1
2015-04-21,167.3
2015-04-22,165.0
2015-04-23,156.75
2015-04-24,154.0
2015-04-27,162.0
2015-04-28,165.0
2015-04-29,157.25
2015-04-30,157.0
2015-05-04,155.0
2015-05-05,160.0
2015-05-06,167.95
2015-05-07,169.8
2015-05-08,161.6
2015-05-11,157.0
2015-05-12,162.0
2015-05-13,158.0
2015-05-14,157.2
2015-05-15,157.3
2015-05-18,163.25
2015-05-19,160.0
2015-05-20,159.05
2015-05-21,162.45
2015-05-22,159.6
2015-05-25,160.9
2015-05-26,156.2
2015-05-27,156.1
2015-05-28,155.0
2015-05-29,155.0
2015-06-01,152.1
2015-06-02,152.35
2015-06-03,152.0
2015-06-04,154.5
2015-06-05,155.0
2015-06-08,153.0
2015-06-09,150.0
2015-06-10,150.05
2015-06-11,150.0
2015-06-12,150.0
2015-06-15,151.0
2015-06-16,147.1
2015-06-17,140.5
2015-06-18,142.0
2015-06-19,141.0
2015-06-22,141.5
2015-06-23,143.0
2015-06-24,146.0
2015-06-25,152.0
2015-06-26,143.2
2015-06-29,144.0
2015-06-30,150.0
2015-07-01,148.95
2015-07-02,143.0
2015-07-03,145.0
2015-07-06,144.4
2015-07-07,144.0
2015-07-08,144.0
2015-07-09,144.0
2015-07-10,149.85
2015-07-13,147.0
2015-07-14,141.0
2015-07-15,144.55
2015-07-16,140.0
2015-07-20,142.0
2015-07-21,140.0
2015-07-22,140.0
2015-07-23,143.4
2015-07-24,143.25
2015-07-27,141.1
2015-07-28,142.8
2015-07-29,142.4
2015-07-31,140.1
2015-08-03,141.95
2015-08-04,142.0
2015-08-05,127.8
2015-08-06,127.8
2015-08-07,127.8
2015-08-10,127.8
2015-08-11,127.8
2015-08-12,127.8
2015-08-13,127.8
2015-08-17,127.8
2015-08-18,127.8
2015-08-19,127.8
2015-08-24,127.8
2015-08-25,127.8
2015-08-26,127.8
2015-08-27,127.8
2015-08-28,127.8
2015-08-31,127.8
2015-09-01,127.8
2015-09-02,127.8
2015-09-03,127.8
2015-09-04,127.8
2015-09-07,127.8
2015-09-08,127.8
2015-09-09,127.8
2015-09-10,127.8
2015-09-11,127.8
2015-09-14,127.8
2015-09-15,127.8
2015-09-16,127.8
2015-09-17,127.8
2015-09-18,127.8
2015-09-21,127.8
2015-09-22,127.8
2015-09-23,127.8
2015-09-28,127.8
2015-09-29,127.8
2015-09-30,127.8
2015-10-01,127.8
2015-10-02,127.8
2015-10-05,127.8
2015-10-06,127.8
2015-10-07,127.8
2015-10-08,127.8
2015-10-09,127.8
2015-10-12,127.8
2015-10-14,127.8
2015-10-16,127.8
2015-10-19,127.8
2015-10-20,127.8
2015-10-21,127.8
2015-10-22,127.8
2015-10-23,127.8
2015-10-26,127.8
2015-10-27,127.8
2015-10-28,127.8
2015-10-29,127.8
2015-10-30,127.8
2015-11-02,127.8
2015-11-03,127.8
2015-11-04,127.8
2015-11-05,127.8
2015-11-09,127.8
2015-11-10,127.8
2015-11-11,127.8
2015-11-12,127.8
2015-11-13,127.8
2015-11-16,127.8
2015-11-17,127.8
2015-11-19,127.8
2015-11-20,127.8
2015-11-23,127.8
2015-11-24,127.8
2015-11-25,127.8
2015-11-26,127.8
2015-11-27,127.8
2015-11-30,127.8
2015-12-01,127.8
2015-12-02,127.8
2015-12-03,127.8
2015-12-04,127.8
2015-12-07,127.8
2015-12-08,127.8
2015-12-09,127.8
2015-12-10,127.8
2015-12-11,127.8
2015-12-14,127.8
2015-12-15,127.8
2015-12-16,127.8
2015-12-17,127.8
2015-12-18,127.8
2015-12-21,127.8
2015-12-22,127.8
2015-12-23,127.8
2015-12-28,127.8
2015-12-29,127.8
2015-12-30,127.8
2015-12-31,127.8
2016-01-04,127.8
2016-01-05,127.8
2016-01-06,127.8
2016-01-07,127.8
2016-01-08,127.8
2016-01-12,127.8
2016-01-13,127.8
2016-01-14,127.8
2016-01-15,127.8
2016-01-18,127.8
2016-01-19,127.8
2016-01-20,127.8
2016-01-21,127.8
2016-01-22,127.8
2016-01-25,127.8
2016-01-26,127.8
2016-01-27,127.8
2016-01-28,127.8
2016-01-29,127.8
2016-02-01,127.8
2016-02-02,127.8
2016-02-03,127.8
2016-02-04,127.8
2016-02-05,127.8
2016-02-08,127.8
2016-02-09,127.8
2016-02-10,127.8
2016-02-11,127.8
2016-02-12,127.8
2016-02-15,127.8
2016-02-16,127.8
2016-02-17,127.8
2016-02-18,127.8
2016-02-19,127.8
2016-02-22,127.8
2016-02-23,127.8
2016-02-24,127.8
2016-02-25,127.8
2016-02-26,127.8
2016-02-29,127.8
2016-03-01,127.8
2016-03-02,127.8
2016-03-03,127.8
2016-03-04,127.8
2016-03-07,127.8
2016-03-08,127.8
2016-03-09,127.8
2016-03-10,127.8
2016-03-11,127.8
2016-03-14,127.8
2016-03-15,127.8
2016-03-16,127.8
2016-03-17,127.8
2016-03-18,127.8
2016-03-21,127.8
2016-03-22,127.8
2016-03-23,127.8
2016-03-24,127.8
2016-03-25,127.8
2016-03-28,127.8
2016-03-29,127.8
2016-03-30,127.8
2016-03-31,127.8
2016-04-01,127.8
2016-04-04,127.8
2016-04-05,127.8
2016-04-06,127.8
2016-04-07,127.8
2016-04-08,127.8
2016-04-11,127.8
2016-04-12,127.8
2016-04-13,127.8
2016-04-14,127.8
2016-04-15,127.8
2016-04-18,127.8
2016-04-19,127.8
2016-04-20,127.8
2016-04-21,127.8
2016-04-22,127.8
2016-04-25,127.8
2016-04-26,127.8
2016-04-27,127.8
2016-04-28,127.8
2016-04-29,127.8
2016-05-02,127.8
2016-05-03,127.8
2016-05-04,127.8
2016-05-05,127.8
2016-05-06,127.8
2016-05-09,127.8
2016-05-10,127.8
2016-05-11,127.8
2016-05-12,127.8
2016-05-13,127.8
2016-05-16,127.8
2016-05-17,127.8
2016-05-18,127.8
2016-05-19,127.8
2016-05-20,127.8
2016-05-23,127.8
2016-05-24,127.8
2016-05-25,127.8
2016-05-26,127.8
2016-05-27,127.8
2016-05-30,127.8
2016-05-31,127.8
2016-06-01,127.8
2016-06-02,127.8
2016-06-03,127.8
2016-06-06,127.8
2016-06-07,127.8
2016-06-08,127.8
2016-06-09,127.8
2016-06-10,127.8
2016-06-13,127.8
2016-06-14,127.8
2016-06-15,127.8
2016-06-16,127.8
2016-06-17,127.8
2016-06-20,127.8
2016-06-21,127.8
2016-06-22,127.8
2016-06-23,127.8
2016-06-24,127.8
2016-06-27,127.8
2016-06-28,127.8
2016-06-29,127.8
2016-06-30,127.8
2016-07-01,127.8
2016-07-04,127.8
2016-07-05,127.8
2016-07-11,127.8
2016-07-12,127.8
2016-07-13,127.8
2016-07-14,127.8
2016-07-15,127.8
2016-07-18,127.8
2016-07-19,127.8
2016-07-20,127.8
2016-07-21,127.8
2016-07-22,127.8
2016-07-25,127.8
2016-07-26,127.8
2016-07-27,127.8
2016-07-28,127.8
2016-07-29,127.8
