date,STR
2011-06-29,357.0
2011-06-30,354.5
2011-07-01,358.0
2011-07-04,358.0
2011-07-05,351.0
2011-07-06,352.0
2011-07-07,353.0
2011-07-08,354.0
2011-07-11,358.0
2011-07-12,356.4
2011-07-13,356.5
2011-07-14,349.05
2011-07-15,360.0
2011-07-18,356.0
2011-07-19,354.0
2011-07-20,345.3
2011-07-21,345.0
2011-07-22,345.0
2011-07-25,345.0
2011-07-26,335.0
2011-07-27,333.25
2011-07-28,330.0
2011-07-29,322.0
2011-08-01,302.7
2011-08-02,296.0
2011-08-03,285.8
2011-08-04,300.0
2011-08-05,302.0
2011-08-08,320.1
2011-08-09,310.0
2011-08-10,315.0
2011-08-11,303.0
2011-08-12,305.0
2011-08-15,297.6
2011-08-16,300.0
2011-08-17,300.0
2011-08-18,296.0
2011-08-19,294.1
2011-08-22,299.9
2011-08-23,293.0
2011-08-24,290.0
2011-08-25,289.0
2011-08-26,285.5
2011-08-29,288.0
2011-08-30,282.65
2011-09-02,289.95
2011-09-05,290.0
2011-09-06,292.0
2011-09-07,292.0
2011-09-08,284.35
2011-09-09,293.0
2011-09-12,300.0
2011-09-13,294.0
2011-09-14,289.2
2011-09-15,281.05
2011-09-16,282.15
2011-09-19,280.2
2011-09-20,281.0
2011-09-21,280.0
2011-09-22,285.55
2011-09-23,302.65
2011-09-26,302.0
2011-09-27,298.95
2011-09-28,284.0
2011-09-29,280.3
2011-09-30,280.0
2011-10-03,277.3
2011-10-04,280.0
2011-10-05,277.0
2011-10-06,278.0
2011-10-07,278.1
2011-10-10,277.0
2011-10-11,279.95
2011-10-12,274.2
2011-10-13,280.0
2011-10-14,280.0
2011-10-17,285.0
2011-10-18,282.0
2011-10-19,277.65
2011-10-20,277.75
2011-10-21,284.3
2011-10-24,280.0
2011-10-25,280.5
2011-10-26,282.0
2011-10-27,283.0
2011-10-28,281.0
2011-10-31,281.0
2011-11-01,280.5
2011-11-02,280.0
2011-11-03,280.0
2011-11-04,281.0
2011-11-09,281.0
2011-11-10,280.5
2011-11-11,280.05
2011-11-14,277.0
2011-11-15,271.1
2011-11-16,271.05
2011-11-17,271.0
2011-11-21,272.5
2011-11-22,270.05
2011-11-23,272.0
2011-11-24,272.0
2011-11-25,271.0
2011-11-28,271.0
2011-11-29,271.0
2011-11-30,270.0
2011-12-01,276.0
2011-12-02,267.2
2011-12-05,270.0
2011-12-06,270.0
2011-12-07,267.0
2011-12-08,270.0
2011-12-09,272.0
2011-12-12,267.0
2011-12-13,266.0
2011-12-14,266.1
2011-12-15,265.0
2011-12-16,270.5
2011-12-19,265.0
2011-12-20,270.95
2011-12-21,271.35
2011-12-22,263.0
2011-12-23,261.5
2011-12-26,261.1
2011-12-27,261.1
2011-12-28,268.95
2011-12-29,280.0
2011-12-30,280.0
2012-01-02,264.0
2012-01-03,264.1
2012-01-04,265.25
2012-01-05,260.0
2012-01-06,261.25
2012-01-09,267.95
2012-01-10,267.0
2012-01-12,261.1
2012-01-13,261.1
2012-01-16,261.2
2012-01-17,261.05
2012-01-18,261.05
2012-01-19,261.0
2012-01-20,260.0
2012-01-23,260.2
2012-01-24,265.1
2012-01-25,264.0
2012-01-26,270.9
2012-01-27,262.0
2012-01-30,264.8
2012-01-31,255.5
2012-02-01,266.85
2012-02-02,262.75
2012-02-03,259.5
2012-02-07,260.05
2012-02-08,260.0
2012-02-09,260.0
2012-02-10,258.6
2012-02-13,258.7
2012-02-14,257.0
2012-02-15,258.0
2012-02-16,257.0
2012-02-17,253.5
2012-02-20,259.6
2012-02-21,252.45
2012-02-22,251.2
2012-02-23,251.0
2012-02-24,248.0
2012-02-27,248.0
2012-02-28,250.0
2012-02-29,248.4
2012-03-01,248.0
2012-03-02,247.95
2012-03-05,240.2
2012-03-06,241.0
2012-03-07,242.45
2012-03-08,244.05
2012-03-09,244.0
2012-03-12,244.0
2012-03-13,242.5
2012-03-14,247.0
2012-03-15,248.0
2012-03-16,244.0
2012-03-19,241.05
2012-03-20,226.6
2012-03-21,229.0
2012-03-22,223.0
2012-03-23,216.15
2012-03-26,217.0
2012-03-27,216.9
2012-03-28,211.0
2012-03-29,215.0
2012-03-30,212.0
2012-04-02,210.0
2012-04-03,214.5
2012-04-04,208.0
2012-04-05,209.45
2012-04-06,196.9
2012-04-09,192.0
2012-04-10,196.4
2012-04-11,193.45
2012-04-12,191.0
2012-04-13,187.0
2012-04-16,186.0
2012-04-17,186.0
2012-04-18,186.0
2012-04-19,176.05
2012-04-20,176.2
2012-04-23,176.0
2012-04-24,173.5
2012-04-25,169.55
2012-04-26,167.0
2012-04-27,168.05
2012-04-30,170.0
2012-05-02,169.5
2012-05-03,169.5
2012-05-04,166.45
2012-05-07,162.0
2012-05-08,166.0
2012-05-09,162.0
2012-05-10,160.0
2012-05-11,160.0
2012-05-14,160.15
2012-05-15,162.0
2012-05-16,160.0
2012-05-17,160.1
2012-05-18,161.5
2012-05-21,151.85
2012-05-22,150.0
2012-05-23,152.0
2012-05-24,154.0
2012-05-25,152.5
2012-05-28,161.65
2012-05-29,171.3
2012-05-30,181.55
2012-05-31,192.4
2012-06-01,203.0
2012-06-04,199.0
2012-06-05,187.1
2012-06-06,196.15
2012-06-07,192.0
2012-06-08,189.4
2012-06-11,188.0
2012-06-12,191.0
2012-06-13,196.0
2012-06-14,192.0
2012-06-15,190.1
2012-06-18,188.0
2012-06-19,189.3
2012-06-20,186.0
2012-06-21,190.0
2012-06-22,180.0
2012-06-25,182.2
2012-06-26,177.95
2012-06-27,170.0
2012-06-28,168.05
2012-06-29,168.0
2012-07-02,169.85
2012-07-03,169.75
2012-07-04,169.75
2012-07-05,169.75
2012-07-06,169.3
2012-07-09,161.2
2012-07-10,160.0
2012-07-11,159.0
2012-07-12,159.0
2012-07-13,159.0
2012-07-16,149.8
2012-07-17,153.0
2012-07-18,153.15
2012-07-19,160.0
2012-07-20,157.25
2012-07-23,153.0
2012-07-24,155.0
2012-07-25,164.3
2012-07-26,173.85
2012-07-27,175.0
2012-07-31,164.5
2012-08-01,167.8
2012-08-02,166.0
2012-08-03,167.95
2012-08-06,167.95
2012-08-07,167.0
2012-08-08,166.75
2012-08-09,159.2
2012-08-10,160.0
2012-08-13,166.0
2012-08-15,165.95
2012-08-16,169.75
2012-08-17,160.0
2012-08-22,165.95
2012-08-23,156.0
2012-08-24,150.0
2012-08-27,158.0
2012-08-28,158.0
2012-08-29,158.0
2012-08-30,158.0
2012-08-31,157.0
2012-09-03,156.95
2012-09-04,156.95
2012-09-05,155.75
2012-09-06,162.55
2012-09-07,152.8
2012-09-10,147.05
2012-09-11,147.2
2012-09-12,147.2
2012-09-13,147.2
2012-09-14,147.2
2012-09-17,147.0
2012-09-18,147.0
2012-09-19,147.0
2012-09-20,147.0
2012-09-21,147.0
2012-09-24,146.95
2012-09-25,145.0
2012-09-26,145.0
2012-09-27,138.25
2012-09-28,130.0
2012-10-01,125.05
2012-10-02,120.0
2012-10-03,126.95
2012-10-04,119.35
2012-10-05,119.35
2012-10-08,124.8
2012-10-09,132.25
2012-10-10,125.0
2012-10-11,118.5
2012-10-12,113.3
2012-10-15,118.7
2012-10-16,116.85
2012-10-17,122.0
2012-10-18,122.0
2012-10-19,114.7
2012-10-22,120.85
2012-10-23,119.95
2012-10-24,119.7
2012-10-25,114.0
2012-10-29,117.3
2012-10-30,110.3
2012-10-31,114.0
2012-11-01,114.3
2012-11-02,110.0
2012-11-05,110.0
2012-11-07,112.5
2012-11-08,113.4
2012-11-09,117.0
2012-11-12,116.9
2012-11-13,119.7
2012-11-14,125.0
2012-11-15,128.0
2012-11-19,132.9
2012-11-20,131.0
2012-11-21,129.65
2012-11-22,129.45
2012-11-23,128.85
2012-11-26,126.45
2012-11-27,124.9
2012-11-28,124.2
2012-11-29,127.0
2012-11-30,129.85
2012-12-03,133.9
2012-12-04,136.95
2012-12-05,135.45
2012-12-06,127.5
2012-12-07,131.75
2012-12-10,127.45
2012-12-11,120.2
2012-12-12,127.15
2012-12-13,127.2
2012-12-14,127.1
2012-12-17,127.15
2012-12-18,127.0
2012-12-19,125.0
2012-12-20,126.85
2012-12-21,126.85
2012-12-24,123.9
2012-12-25,117.05
2012-12-26,119.95
2012-12-27,119.95
2012-12-28,119.75
2012-12-31,118.0
2013-01-02,121.8
2013-01-03,124.0
2013-01-04,122.0
2013-01-07,122.95
2013-01-08,119.95
2013-01-09,119.95
2013-01-10,119.0
2013-01-14,116.0
2013-01-15,115.8
2013-01-16,108.9
2013-01-17,102.4
2013-01-18,97.0
2013-01-21,98.0
2013-01-22,92.12
2013-01-23,92.12
2013-01-28,96.0
2013-01-29,101.45
2013-01-30,95.4
2013-01-31,90.5
2013-02-01,90.5
2013-02-04,91.5
2013-02-05,90.02
2013-02-06,87.1
2013-02-07,83.07
2013-02-08,86.85
2013-02-11,81.7
2013-02-12,74.22
2013-02-13,76.98
2013-02-14,69.8
2013-02-15,69.45
2013-02-18,68.99
2013-02-19,69.8
2013-02-20,62.82
2013-02-21,63.99
2013-02-22,61.0
2013-02-25,57.34
2013-02-26,58.0
2013-02-27,61.48
2013-02-28,65.16
2013-03-01,70.0
2013-03-04,68.6
2013-03-05,69.98
2013-03-06,66.0
2013-03-07,62.04
2013-03-08,62.0
2013-03-11,62.5
2013-03-12,64.0
2013-03-13,63.95
2013-03-14,60.12
2013-03-15,59.0
2013-03-18,55.75
2013-03-19,55.53
2013-03-20,57.01
2013-03-21,56.25
2013-03-22,56.26
2013-03-25,54.33
2013-03-26,54.47
2013-03-27,57.0
2013-03-28,55.15
2013-03-29,57.89
2013-04-01,57.5
2013-04-02,57.6
2013-04-03,56.01
2013-04-04,57.97
2013-04-05,57.95
2013-04-08,57.5
2013-04-09,58.0
2013-04-10,57.95
2013-04-11,56.15
2013-04-12,57.1
2013-04-15,58.99
2013-04-16,59.9
2013-04-17,60.0
2013-04-18,63.39
2013-04-19,62.49
2013-04-22,62.3
2013-04-23,60.0
2013-04-24,60.0
2013-04-25,61.85
2013-04-26,61.48
2013-04-29,57.8
2013-04-30,57.88
2013-05-02,57.88
2013-05-03,57.88
2013-05-06,57.88
2013-05-07,59.0
2013-05-08,61.17
2013-05-09,61.31
2013-05-10,61.31
2013-05-13,59.0
2013-05-14,59.0
2013-05-15,58.5
2013-05-16,58.62
2013-05-17,59.01
2013-05-20,60.4
2013-05-21,60.4
2013-05-22,59.01
2013-05-23,59.01
2013-05-24,58.5
2013-05-27,58.12
2013-05-28,57.02
2013-05-29,57.2
2013-05-30,58.0
2013-05-31,57.1
2013-06-03,58.0
2013-06-04,59.0
2013-06-05,58.0
2013-06-06,59.7
2013-06-07,56.13
2013-06-10,56.4
2013-06-11,57.01
2013-06-12,58.0
2013-06-13,57.0
2013-06-14,55.1
2013-06-17,55.52
2013-06-18,58.0
2013-06-19,58.0
2013-06-20,58.05
2013-06-21,58.88
2013-06-24,58.0
2013-06-25,58.0
2013-06-26,61.48
2013-06-27,65.16
2013-06-28,71.67
2013-07-01,75.97
2013-07-02,80.52
2013-07-03,85.35
2013-07-04,79.9
2013-07-05,75.11
2013-07-08,77.5
2013-07-09,75.11
2013-07-10,75.0
2013-07-11,78.8
2013-07-12,78.0
2013-07-15,78.78
2013-07-16,75.0
2013-07-17,75.0
2013-07-18,70.5
2013-07-19,74.6
2013-07-22,76.0
2013-07-23,76.0
2013-07-24,76.0
2013-07-25,72.1
2013-07-26,74.5
2013-07-29,74.5
2013-07-31,74.0
2013-08-01,70.0
2013-08-02,66.2
2013-08-05,66.15
2013-08-06,66.15
2013-08-07,70.11
2013-08-08,70.99
2013-08-12,73.0
2013-08-13,73.7
2013-08-15,73.0
2013-08-16,74.0
2013-08-19,74.0
2013-08-22,74.0
2013-08-23,74.0
2013-08-26,73.8
2013-08-27,69.5
2013-08-28,68.1
2013-08-29,68.0
2013-08-30,66.74
2013-09-02,70.74
2013-09-03,74.98
2013-09-04,79.38
2013-09-05,81.9
2013-09-06,80.5
2013-09-09,80.0
2013-09-10,79.38
2013-09-11,76.0
2013-09-12,76.5
2013-09-13,75.7
2013-09-16,75.7
2013-09-17,76.0
2013-09-18,76.0
2013-09-19,76.0
2013-09-20,76.0
2013-09-23,74.0
2013-09-24,74.0
2013-09-25,81.4
2013-09-26,79.35
2013-09-27,81.0
2013-09-30,79.97
2013-10-01,75.63
2013-10-02,75.0
2013-10-03,77.7
2013-10-04,77.4
2013-10-07,78.0
2013-10-08,78.5
2013-10-09,76.15
2013-10-10,75.0
2013-10-11,75.0
2013-10-14,78.0
2013-10-15,78.27
2013-10-21,75.51
2013-10-22,75.52
2013-10-23,75.0
2013-10-24,77.8
2013-10-25,77.97
2013-10-28,77.22
2013-10-29,80.0
2013-10-30,77.01
2013-10-31,81.5
2013-11-01,84.3
2013-11-04,82.03
2013-11-07,81.05
2013-11-08,81.05
2013-11-11,81.05
2013-11-12,83.0
2013-11-13,83.0
2013-11-14,82.0
2013-11-15,80.87
2013-11-19,81.0
2013-11-20,76.2
2013-11-21,76.2
2013-11-22,76.35
2013-11-25,79.0
2013-11-26,74.26
2013-11-27,74.26
2013-11-28,77.0
2013-11-29,74.4
2013-12-02,75.22
2013-12-03,75.22
2013-12-04,76.0
2013-12-05,76.0
2013-12-06,75.05
2013-12-09,76.9
2013-12-10,76.96
2013-12-11,79.8
2013-12-12,79.25
2013-12-13,79.1
2013-12-16,79.1
2013-12-17,78.3
2013-12-18,78.3
2013-12-19,76.07
2013-12-20,77.5
2013-12-23,76.0
2013-12-24,75.0
2013-12-25,75.0
2013-12-26,75.0
2013-12-27,74.51
2013-12-30,74.51
2013-12-31,75.0
2014-01-02,75.9
2014-01-03,75.9
2014-01-06,74.0
2014-01-07,74.0
2014-01-08,74.0
2014-01-09,74.0
2014-01-10,74.0
2014-01-13,75.2
2014-01-16,75.2
2014-01-17,75.2
2014-01-20,74.0
2014-01-21,75.0
2014-01-22,74.29
2014-01-23,78.0
2014-01-24,78.3
2014-01-27,78.3
2014-01-28,78.2
2014-01-29,77.4
2014-01-30,75.0
2014-01-31,74.5
2014-02-03,76.99
2014-02-04,76.0
2014-02-05,77.4
2014-02-06,74.53
2014-02-07,74.53
2014-02-10,76.0
2014-02-11,74.5
2014-02-12,76.0
2014-02-13,76.0
2014-02-14,76.0
2014-02-17,76.0
2014-02-18,76.0
2014-02-19,79.0
2014-02-20,76.0
2014-02-21,76.41
2014-02-24,80.95
2014-02-25,80.9
2014-02-26,80.88
2014-02-27,83.32
2014-02-28,88.31
2014-03-03,83.52
2014-03-04,86.98
2014-03-05,86.89
2014-03-06,86.0
2014-03-07,84.0
2014-03-10,80.0
2014-03-11,82.0
2014-03-12,83.0
2014-03-13,87.98
2014-03-14,96.77
2014-03-17,101.2
2014-03-18,106.0
2014-03-19,113.9
2014-03-20,125.25
2014-03-21,118.05
2014-03-24,119.0
2014-03-25,116.5
2014-03-26,117.1
2014-03-27,121.1
2014-03-28,113.85
2014-03-31,107.05
2014-04-01,101.2
2014-04-02,107.25
2014-04-03,117.95
2014-04-04,129.5
2014-04-07,130.0
2014-04-08,131.9
2014-04-09,131.4
2014-04-10,123.6
2014-04-11,125.9
2014-04-14,125.9
2014-04-15,119.9
2014-04-16,127.0
2014-04-17,130.85
2014-04-18,129.0
2014-04-21,130.3
2014-04-22,127.5
2014-04-23,124.5
2014-04-24,123.5
2014-04-25,127.0
2014-04-28,125.0
2014-04-29,132.65
2014-04-30,134.5
2014-05-02,134.4
2014-05-05,132.9
2014-05-06,131.0
2014-05-07,131.0
2014-05-08,131.0
2014-05-09,125.6
2014-05-12,129.65
2014-05-13,135.0
2014-05-14,139.0
2014-05-15,138.0
2014-05-16,135.0
2014-05-19,130.5
2014-05-20,134.0
2014-05-21,135.0
2014-05-22,132.6
2014-05-23,139.5
2014-05-26,139.3
2014-05-27,138.0
2014-05-28,141.0
2014-05-29,142.0
2014-05-30,138.15
2014-06-02,138.1
2014-06-03,141.95
2014-06-04,141.95
2014-06-05,138.0
2014-06-06,130.55
2014-06-09,134.0
2014-06-10,134.0
2014-06-11,136.0
2014-06-12,137.0
2014-06-13,136.0
2014-06-16,132.9
2014-06-17,133.0
2014-06-18,136.85
2014-06-19,136.85
2014-06-20,136.0
2014-06-23,132.95
2014-06-24,135.75
2014-06-25,135.0
2014-06-26,135.5
2014-06-27,132.9
2014-06-30,133.0
2014-07-01,135.85
2014-07-02,133.0
2014-07-03,133.0
2014-07-04,133.0
2014-07-07,132.95
2014-07-08,129.0
2014-07-09,130.0
2014-07-10,132.0
2014-07-11,129.0
2014-07-14,132.0
2014-07-15,130.55
2014-07-16,135.0
2014-07-17,135.75
2014-07-18,131.0
2014-07-21,133.0
2014-07-22,135.0
2014-07-23,136.0
2014-07-24,136.0
2014-07-25,135.95
2014-07-31,136.0
2014-08-01,132.65
2014-08-04,134.0
2014-08-05,139.0
2014-08-06,133.05
2014-08-07,138.35
2014-08-08,134.2
2014-08-11,133.1
2014-08-12,136.0
2014-08-13,136.0
2014-08-15,137.35
2014-08-18,135.0
2014-08-19,138.25
2014-08-22,137.95
2014-08-25,137.8
2014-08-26,139.95
2014-08-27,140.0
2014-08-28,147.45
2014-08-29,160.0
2014-09-01,160.5
2014-09-02,161.0
2014-09-03,164.0
2014-09-04,160.0
2014-09-05,155.2
2014-09-08,158.0
2014-09-09,162.8
2014-09-10,162.0
2014-09-11,168.95
2014-09-12,173.0
2014-09-15,170.0
2014-09-16,170.0
2014-09-17,165.2
2014-09-18,169.5
2014-09-19,170.0
2014-09-22,170.0
2014-09-23,170.0
2014-09-24,173.0
2014-09-25,164.05
2014-09-26,154.25
2014-09-29,162.0
2014-09-30,156.0
2014-10-01,150.0
2014-10-02,154.0
2014-10-03,157.0
2014-10-07,162.05
2014-10-08,178.25
2014-10-09,191.9
2014-10-10,181.0
2014-10-13,183.1
2014-10-14,189.0
2014-10-15,194.0
2014-10-16,190.0
2014-10-17,190.0
2014-10-20,183.0
2014-10-21,187.9
2014-10-22,183.2
2014-10-23,187.95
2014-10-24,187.5
2014-10-27,181.15
2014-10-28,182.0
2014-10-29,182.0
2014-10-30,181.95
2014-10-31,182.0
2014-11-03,183.4
2014-11-04,182.5
2014-11-05,182.0
2014-11-07,178.0
2014-11-10,174.2
2014-11-11,174.0
2014-11-12,172.0
2014-11-13,173.0
2014-11-14,173.9
2014-11-17,173.9
2014-11-19,172.85
2014-11-20,172.85
2014-11-21,162.55
2014-11-24,167.0
2014-11-25,158.0
2014-11-26,160.95
2014-11-27,155.0
2014-11-28,164.3
2014-12-01,164.3
2014-12-02,163.9
2014-12-03,163.0
2014-12-04,170.0
2014-12-05,165.0
2014-12-08,167.0
2014-12-09,167.0
2014-12-10,169.85
2014-12-11,162.5
2014-12-12,164.9
2014-12-15,164.9
2014-12-16,164.9
2014-12-17,162.95
2014-12-18,162.55
2014-12-19,161.0
2014-12-22,153.0
2014-12-23,150.0
2014-12-24,149.95
2014-12-25,146.8
2014-12-26,144.0
2014-12-29,142.0
2014-12-30,150.0
2014-12-31,155.0
2015-01-02,158.5
2015-01-06,159.0
2015-01-07,153.9
2015-01-08,153.0
2015-01-09,158.0
2015-01-12,167.0
2015-01-13,172.4
2015-01-14,174.5
2015-01-15,169.9
2015-01-16,160.0
2015-01-19,160.0
2015-01-20,158.0
2015-01-21,161.95
2015-01-22,154.9
2015-01-23,152.0
2015-01-26,151.05
2015-01-27,152.1
2015-01-28,155.0
2015-01-29,155.0
2015-01-30,152.5
2015-02-02,152.5
2015-02-03,151.0
2015-02-04,151.0
2015-02-05,149.75
2015-02-06,149.4
2015-02-09,142.7
2015-02-10,140.0
2015-02-11,140.1
2015-02-12,143.0
2015-02-13,134.45
2015-02-16,138.0
2015-02-17,135.0
2015-02-18,130.0
2015-02-19,129.95
2015-02-20,128.9
2015-02-23,136.6
2015-02-24,144.75
2015-02-25,138.2
2015-02-26,137.5
2015-02-27,137.1
2015-03-02,137.1
2015-03-03,137.1
2015-03-04,140.0
2015-03-05,137.5
2015-03-06,130.0
2015-03-09,136.0
2015-03-10,129.9
2015-03-11,122.15
2015-03-12,124.0
2015-03-13,126.5
2015-03-16,125.0
2015-03-17,125.0
2015-03-18,132.0
2015-03-19,124.0
2015-03-20,120.0
2015-03-23,119.9
2015-03-24,120.0
2015-03-25,120.0
2015-03-26,120.0
2015-03-27,118.0
2015-03-30,118.0
2015-03-31,117.0
2015-04-01,122.7
2015-04-02,115.35
2015-04-03,115.0
2015-04-06,116.95
2015-04-07,116.95
2015-04-08,110.6
2015-04-09,104.0
2015-04-10,105.45
2015-04-13,103.9
2015-04-14,97.69
2015-04-15,98.0
2015-04-16,98.0
2015-04-17,98.0
2015-04-20,102.05
2015-04-21,108.15
2015-04-22,117.0
2015-04-23,114.0
2015-04-24,109.9
2015-04-27,106.1
2015-04-28,110.0
2015-04-29,115.0
2015-04-30,115.0
2015-05-04,116.0
2015-05-05,115.0
2015-05-06,110.0
2015-05-07,108.65
2015-05-08,113.4
2015-05-11,108.0
2015-05-12,101.55
2015-05-13,100.0
2015-05-14,102.0
2015-05-15,105.5
2015-05-18,105.5
2015-05-19,109.8
2015-05-20,107.0
2015-05-21,106.0
2015-05-22,103.25
2015-05-25,100.2
2015-05-26,97.5
2015-05-27,95.0
2015-05-28,95.0
2015-05-29,95.0
2015-06-01,92.2
2015-06-02,92.0
2015-06-03,95.0
2015-06-04,98.9
2015-06-05,95.99
2015-06-08,90.24
2015-06-09,86.55
2015-06-10,90.0
2015-06-11,87.0
2015-06-12,86.5
2015-06-15,86.5
2015-06-16,83.6
2015-06-17,83.6
2015-06-18,87.95
2015-06-19,85.0
2015-06-22,82.1
2015-06-23,82.1
2015-06-24,86.0
2015-06-25,89.89
2015-06-26,88.0
2015-06-29,87.8
2015-06-30,87.8
2015-07-01,87.7
2015-07-02,87.5
2015-07-03,82.01
2015-07-06,82.01
2015-07-07,86.9
2015-07-08,83.0
2015-07-09,82.0
2015-07-10,86.4
2015-07-13,85.0
2015-07-14,85.0
2015-07-15,80.05
2015-07-16,79.2
2015-07-20,83.95
2015-07-21,82.0
2015-07-22,85.4
2015-07-23,85.4
2015-07-24,90.52
2015-07-27,92.0
2015-07-28,95.0
2015-07-29,89.46
2015-07-31,93.9
2015-08-03,90.0
2015-08-04,92.0
2015-08-05,92.0
2015-08-06,90.0
2015-08-07,90.0
2015-08-10,95.4
2015-08-11,101.1
2015-08-12,106.0
2015-08-13,106.6
2015-08-17,106.6
2015-08-18,106.0
2015-08-19,103.0
2015-08-24,102.0
2015-08-25,97.9
2015-08-26,103.75
2015-08-27,101.95
2015-08-28,95.84
2015-08-31,95.84
2015-09-01,95.0
2015-09-02,93.0
2015-09-03,96.9
2015-09-04,96.9
2015-09-07,93.0
2015-09-08,94.0
2015-09-09,95.0
2015-09-10,95.0
2015-09-11,95.0
2015-09-14,94.0
2015-09-15,93.99
2015-09-16,94.0
2015-09-17,92.0
2015-09-18,92.9
2015-09-21,92.0
2015-09-22,93.0
2015-09-23,93.0
2015-09-28,83.7
2015-09-29,75.33
2015-09-30,71.0
2015-10-01,67.0
2015-10-02,63.0
2015-10-05,60.0
2015-10-06,54.0
2015-10-07,48.6
2015-10-08,48.0
2015-10-09,45.12
2015-10-12,42.42
2015-10-13,39.88
2015-10-14,37.49
2015-10-16,38.16
2015-10-19,40.4
2015-10-20,44.44
2015-10-21,47.0
2015-10-22,44.2
2015-10-23,46.0
2015-10-26,48.0
2015-10-27,45.12
2015-10-28,43.5
2015-10-29,45.0
2015-10-30,44.99
2015-11-02,45.0
2015-11-03,43.52
2015-11-04,46.13
2015-11-05,48.0
2015-11-09,52.79
2015-11-10,51.0
2015-11-11,53.8
2015-11-12,50.58
2015-11-13,48.42
2015-11-16,51.32
2015-11-17,50.0
2015-11-19,51.8
2015-11-20,50.0
2015-11-23,48.0
2015-11-24,45.12
2015-11-25,42.45
2015-11-26,44.5
2015-11-27,44.5
2015-11-30,45.79
2015-12-01,44.0
2015-12-02,45.6
2015-12-03,45.58
2015-12-04,45.58
2015-12-07,45.0
2015-12-08,44.8
2015-12-09,43.0
2015-12-10,40.43
2015-12-11,38.11
2015-12-14,40.39
2015-12-15,42.0
2015-12-16,40.0
2015-12-17,40.0
2015-12-18,38.0
2015-12-21,38.0
2015-12-22,37.95
2015-12-23,37.0
2015-12-28,34.8
2015-12-29,34.5
2015-12-30,35.0
2015-12-31,35.0
2016-01-04,35.1
2016-01-05,37.2
2016-01-06,39.43
2016-01-07,43.3
2016-01-08,40.71
2016-01-12,41.0
2016-01-13,42.95
2016-01-14,41.0
2016-01-15,42.3
2016-01-18,41.8
2016-01-19,40.5
2016-01-20,40.8
2016-01-21,40.3
2016-01-22,39.8
2016-01-25,37.42
2016-01-26,36.16
2016-01-27,38.0
2016-01-28,39.0
2016-01-29,39.8
2016-02-01,39.0
2016-02-02,39.0
2016-02-03,37.5
2016-02-04,39.0
2016-02-05,39.0
2016-02-08,36.9
2016-02-09,38.3
2016-02-10,40.0
2016-02-11,42.4
2016-02-12,46.64
2016-02-15,50.99
2016-02-16,56.08
2016-02-17,61.68
2016-02-18,61.68
2016-02-19,59.99
2016-02-22,56.4
2016-02-23,50.76
2016-02-24,52.0
2016-02-25,50.0
2016-02-26,55.0
2016-02-29,55.0
2016-03-01,51.7
2016-03-02,53.0
2016-03-03,57.29
2016-03-04,60.72
2016-03-07,61.0
2016-03-08,58.2
2016-03-09,56.01
2016-03-10,55.15
2016-03-11,57.0
2016-03-14,55.15
2016-03-15,57.27
2016-03-16,56.91
2016-03-17,55.0
2016-03-18,56.49
2016-03-21,54.0
2016-03-22,54.0
2016-03-23,53.0
2016-03-24,54.0
2016-03-25,54.3
2016-03-28,53.16
2016-03-29,56.17
2016-03-30,55.99
2016-03-31,50.4
2016-04-01,48.22
2016-04-04,47.01
2016-04-05,48.5
2016-04-06,53.35
2016-04-07,48.04
2016-04-08,50.0
2016-04-11,48.22
2016-04-12,49.01
2016-04-13,50.84
2016-04-14,50.8
2016-04-15,50.79
2016-04-18,52.0
2016-04-19,51.89
2016-04-20,51.0
2016-04-21,49.51
2016-04-22,49.51
2016-04-25,51.8
2016-04-26,51.0
2016-04-27,51.0
2016-04-28,50.0
2016-04-29,50.5
2016-05-02,53.0
2016-05-03,58.15
2016-05-04,60.0
2016-05-05,60.44
2016-05-06,60.0
2016-05-09,58.9
2016-05-10,58.9
2016-05-11,56.51
2016-05-12,55.1
2016-05-13,57.75
2016-05-16,57.4
2016-05-17,58.0
2016-05-18,56.66
2016-05-19,55.99
2016-05-20,54.0
2016-05-23,51.03
2016-05-24,52.01
2016-05-25,52.8
2016-05-26,52.8
2016-05-27,52.5
2016-05-30,53.4
2016-05-31,51.0
2016-06-01,50.12
2016-06-02,51.49
2016-06-03,50.5
2016-06-06,50.11
2016-06-07,51.25
2016-06-08,50.15
2016-06-09,50.5
2016-06-10,50.5
2016-06-13,49.54
2016-06-14,51.1
2016-06-15,51.1
2016-06-16,52.98
2016-06-17,52.98
2016-06-20,52.98
2016-06-21,51.0
2016-06-22,50.0
2016-06-23,50.0
2016-06-24,50.0
2016-06-27,50.0
2016-06-28,49.1
2016-06-29,51.35
2016-06-30,51.35
2016-07-01,51.35
2016-07-04,49.01
2016-07-05,49.2
2016-07-11,49.41
2016-07-12,49.41
2016-07-13,51.35
2016-07-14,51.35
2016-07-15,51.35
2016-07-18,50.9
2016-07-19,49.0
2016-07-20,48.02
2016-07-21,48.02
2016-07-22,49.4
2016-07-25,48.0
2016-07-26,49.78
2016-07-27,49.7
2016-07-28,48.05
2016-07-29,49.35
2016-08-01,51.0
2016-08-02,49.96
2016-08-03,49.96
2016-08-04,49.9
2016-08-05,49.9
2016-08-08,47.6
2016-08-09,46.75
2016-08-10,48.75
2016-08-11,48.0
2016-08-12,48.0
2016-08-15,48.75
2016-08-16,48.7
2016-08-17,49.0
2016-08-18,48.7
2016-08-19,48.7
2016-08-22,49.25
2016-08-23,49.25
2016-08-24,48.7
2016-08-25,47.6
2016-08-26,49.2
2016-08-29,49.2
2016-08-30,49.2
2016-08-31,49.2
2016-09-01,49.2
2016-09-02,49.18
2016-09-05,47.01
2016-09-06,49.1
2016-09-07,49.0
2016-09-08,49.0
2016-09-09,49.0
2016-09-14,49.0
2016-09-15,49.0
2016-09-16,48.74
2016-09-19,47.5
2016-09-20,47.0
2016-09-21,44.21
2016-09-22,45.1
2016-09-23,46.7
2016-09-26,46.58
2016-09-27,45.0
2016-09-28,46.0
2016-09-29,46.0
2016-09-30,47.0
2016-10-04,48.0
2016-10-05,47.9
2016-10-06,45.0
2016-10-07,47.0
2016-10-10,47.45
2016-10-11,47.4
2016-10-12,45.55
2016-10-13,46.0
2016-10-14,45.45
2016-10-17,47.33
2016-10-18,47.33
2016-10-19,46.96
2016-10-20,45.0
2016-10-21,45.46
2016-10-24,44.05
2016-10-25,44.0
2016-10-26,45.8
2016-10-27,45.8
2016-10-28,45.8
2016-10-31,45.71
2016-11-01,45.71
2016-11-02,44.0
2016-11-03,45.0
2016-11-04,45.0
2016-11-07,45.72
2016-11-08,45.72
2016-11-09,45.71
2016-11-10,45.5
2016-11-11,44.3
2016-11-14,44.41
2016-11-15,45.39
2016-11-16,45.39
2016-11-17,44.6
2016-11-21,44.65
2016-11-22,49.11
2016-11-23,48.74
2016-11-24,47.0
2016-11-25,48.5
2016-11-28,46.55
2016-11-29,46.0
2016-11-30,48.48
2016-12-01,48.48
2016-12-02,48.0
2016-12-05,48.0
2016-12-06,48.0
2016-12-07,47.99
2016-12-08,47.99
2016-12-09,47.99
2016-12-14,49.99
2016-12-15,49.48
2016-12-16,50.0
2016-12-19,49.0
2016-12-20,49.5
2016-12-21,48.05
2016-12-22,49.0
2016-12-23,49.9
2016-12-26,51.76
2016-12-27,51.0
2016-12-28,50.86
2016-12-29,49.87
2016-12-30,50.6
2017-01-02,50.4
2017-01-03,50.4
2017-01-04,48.9
2017-01-05,50.78
2017-01-06,50.8
2017-01-09,50.4
2017-01-10,50.1
2017-01-12,53.0
2017-01-13,55.75
2017-01-16,56.99
2017-01-17,59.0
2017-01-18,60.5
2017-01-19,54.46
2017-01-20,56.39
2017-01-23,53.3
2017-01-24,54.04
2017-01-25,57.1
2017-01-26,54.03
2017-01-27,55.36
2017-01-30,54.3
2017-01-31,54.0
2017-02-01,53.1
2017-02-02,50.5
2017-02-03,50.0
2017-02-06,50.0
2017-02-07,52.84
2017-02-08,52.7
2017-02-09,50.05
2017-02-10,51.99
2017-02-13,50.24
2017-02-14,50.0
2017-02-15,50.0
2017-02-16,51.0
2017-02-17,51.0
2017-02-20,50.05
2017-02-21,49.67
2017-02-22,49.05
2017-02-23,49.0
2017-02-24,49.2
2017-02-27,49.9
2017-02-28,49.9
2017-03-01,49.9
2017-03-02,49.01
2017-03-03,48.26
2017-03-06,50.5
2017-03-07,48.5
2017-03-08,48.51
2017-03-09,50.0
2017-03-10,49.0
2017-03-13,51.49
2017-03-14,49.79
2017-03-15,48.61
2017-03-16,50.0
2017-03-17,49.96
2017-03-20,47.5
2017-03-21,49.4
2017-03-22,49.39
2017-03-23,47.12
2017-03-24,49.5
2017-03-27,49.5
2017-03-28,49.2
2017-03-29,49.0
2017-03-30,47.5
2017-03-31,45.0
2017-04-03,48.99
2017-04-04,48.99
2017-04-05,48.99
2017-04-06,48.7
2017-04-07,48.7
2017-04-10,48.0
2017-04-11,48.0
2017-04-12,47.7
2017-04-13,47.6
2017-04-14,45.01
2017-04-17,46.98
2017-04-18,46.94
2017-04-19,47.66
2017-04-20,47.66
2017-04-21,47.66
2017-04-24,47.66
2017-04-25,47.65
2017-04-26,47.6
2017-04-27,47.59
2017-04-28,45.9
2017-05-02,47.55
2017-05-03,47.6
2017-05-04,47.5
2017-05-05,46.5
2017-05-08,47.65
2017-05-09,47.65
2017-05-10,47.45
2017-05-11,47.49
2017-05-12,46.5
2017-05-15,47.5
2017-05-16,45.55
2017-05-17,45.55
2017-05-18,47.0
2017-05-19,47.0
2017-05-22,47.0
2017-05-23,46.95
2017-05-24,46.9
2017-05-25,45.3
2017-05-26,44.56
2017-05-29,46.85
2017-05-30,46.5
2017-05-31,46.5
2017-06-01,41.86
2017-06-02,41.13
2017-06-05,41.13
2017-06-06,42.2
2017-06-07,44.12
2017-06-08,43.1
2017-06-09,43.02
2017-06-12,42.35
2017-06-13,43.12
2017-06-14,43.99
2017-06-15,43.98
2017-06-16,44.48
2017-06-19,43.5
2017-06-20,44.45
2017-06-21,45.8
2017-06-22,46.49
2017-06-23,46.6
2017-06-28,45.0
2017-06-29,45.84
2017-06-30,45.45
2017-07-03,45.0
2017-07-04,45.35
2017-07-05,43.05
2017-07-06,45.2
2017-07-07,43.06
2017-07-10,43.6
2017-07-11,43.99
2017-07-12,45.1
2017-07-13,45.1
2017-07-14,45.45
2017-07-17,45.5
2017-07-18,46.0
2017-07-19,45.8
2017-07-20,45.7
2017-07-21,45.0
2017-07-24,44.98
2017-07-25,48.62
2017-07-26,53.48
2017-07-27,58.82
2017-07-28,60.3
2017-07-31,61.49
2017-08-01,55.35
2017-08-02,49.83
2017-08-03,47.05
2017-08-04,51.3
2017-08-07,51.9
2017-08-08,53.0
2017-08-09,50.55
2017-08-10,52.0
2017-08-11,52.5
2017-08-15,54.95
2017-08-16,54.0
2017-08-17,51.6
2017-08-18,50.84
2017-08-22,54.5
2017-08-23,54.5
2017-08-24,51.5
2017-08-25,51.5
2017-08-28,52.5
2017-08-29,52.5
2017-08-30,52.95
2017-08-31,53.0
2017-09-04,53.0
2017-09-05,51.66
2017-09-06,51.3
2017-09-07,51.8
2017-09-08,51.98
2017-09-11,52.0
2017-09-12,52.0
2017-09-13,52.93
2017-09-14,52.89
2017-09-15,52.87
2017-09-18,52.5
2017-09-19,51.05
2017-09-20,51.0
2017-09-21,51.0
2017-09-25,50.02
2017-09-26,50.02
2017-09-27,50.0
2017-09-28,49.6
2017-09-29,49.8
2017-10-02,51.5
2017-10-03,51.48
2017-10-04,56.62
2017-10-05,53.01
2017-10-06,53.5
2017-10-09,52.16
2017-10-10,53.95
2017-10-11,51.4
2017-10-12,50.5
2017-10-13,50.51
2017-10-16,50.53
2017-10-17,50.5
2017-10-18,55.4
2017-10-19,52.0
2017-10-20,52.05
2017-10-23,54.6
2017-10-24,54.4
2017-10-25,54.4
2017-10-26,51.7
2017-10-27,53.0
2017-10-30,53.0
2017-10-31,53.0
2017-11-01,53.0
2017-11-02,52.0
2017-11-03,53.5
2017-11-07,53.49
2017-11-08,53.99
2017-11-09,54.19
2017-11-10,52.0
2017-11-13,51.0
2017-11-14,50.6
2017-11-15,51.5
2017-11-16,51.0
2017-11-17,51.0
2017-11-20,51.0
2017-11-21,51.5
2017-11-22,51.0
2017-11-23,51.0
2017-11-24,51.0
2017-11-27,51.49
2017-11-28,52.0
2017-11-29,51.75
2017-11-30,51.7
2017-12-04,50.5
2017-12-05,51.89
2017-12-06,50.5
2017-12-07,50.05
2017-12-08,51.5
2017-12-11,50.21
2017-12-12,51.2
2017-12-13,50.01
2017-12-14,50.0
2017-12-15,50.86
2017-12-18,49.0
2017-12-19,49.98
2017-12-20,48.91
2017-12-21,49.9
2017-12-22,49.97
2017-12-25,49.97
2017-12-26,49.9
2017-12-27,50.0
2017-12-28,50.4
2017-12-29,50.4
2018-01-02,50.4
2018-01-03,50.15
2018-01-04,51.65
2018-01-05,51.65
2018-01-08,49.5
2018-01-09,49.45
2018-01-10,49.1
2018-01-12,49.1
2018-01-15,50.0
2018-01-16,50.0
2018-01-17,49.04
2018-01-18,49.99
2018-01-19,49.0
2018-01-22,51.2
2018-01-23,49.22
2018-01-24,50.0
2018-01-25,49.22
2018-01-26,49.3
2018-01-29,51.2
2018-01-30,51.1
2018-01-31,49.5
2018-02-01,50.0
2018-02-02,50.5
2018-02-05,50.69
2018-02-06,49.75
2018-02-07,50.7
2018-02-08,49.3
2018-02-09,50.69
2018-02-12,50.0
2018-02-13,49.45
2018-02-14,50.0
2018-02-15,50.0
2018-02-16,51.0
2018-02-19,51.0
2018-02-20,49.55
2018-02-21,49.57
2018-02-22,50.0
2018-02-23,48.5
2018-02-26,47.5
2018-02-27,49.34
2018-02-28,49.31
2018-03-01,49.29
2018-03-02,49.0
2018-03-05,49.09
2018-03-06,49.15
2018-03-07,46.71
2018-03-08,48.8
2018-03-09,48.44
2018-03-12,46.2
2018-03-13,48.28
2018-03-14,48.25
2018-03-15,46.52
2018-03-16,45.65
2018-03-19,45.54
2018-03-20,45.54
2018-03-21,45.56
2018-03-22,45.5
2018-03-23,45.61
2018-03-26,45.62
2018-03-27,47.76
2018-03-28,45.66
2018-03-29,47.4
2018-03-30,47.38
2018-04-02,46.79
2018-04-03,44.56
2018-04-04,44.4
2018-04-05,45.85
2018-04-06,45.85
2018-04-09,47.0
2018-04-10,43.96
2018-04-11,46.26
2018-04-12,46.0
2018-04-13,44.0
2018-04-16,42.3
2018-04-17,44.0
2018-04-18,44.0
2018-04-19,42.66
2018-04-20,44.5
2018-04-23,45.5
2018-04-24,44.99
2018-04-25,44.0
2018-04-26,43.01
2018-04-27,43.01
2018-04-30,43.01
2018-05-02,44.0
2018-05-03,43.15
2018-05-04,42.51
2018-05-07,42.26
2018-05-08,42.32
2018-05-09,42.32
2018-05-10,43.98
2018-05-11,42.5
2018-05-14,44.0
2018-05-15,43.5
2018-05-16,43.8
2018-05-17,43.3
2018-05-18,43.3
2018-05-21,40.0
2018-05-22,42.8
2018-05-23,42.8
2018-05-24,42.8
2018-05-25,42.35
2018-05-28,40.0
2018-05-29,38.72
2018-05-30,38.72
2018-05-31,34.85
2018-06-01,31.37
2018-06-04,33.99
2018-06-05,30.6
2018-06-06,27.55
2018-06-07,27.0
2018-06-08,29.67
2018-06-11,31.99
2018-06-12,34.5
2018-06-13,34.5
2018-06-14,34.5
2018-06-18,34.5
2018-06-19,34.5
2018-06-20,31.1
2018-06-21,33.98
2018-06-22,32.2
2018-06-25,30.95
2018-06-26,27.97
2018-06-27,27.97
2018-06-28,27.97
2018-06-29,27.97
2018-07-02,27.7
2018-07-03,27.75
2018-07-04,28.99
2018-07-05,27.5
2018-07-06,28.0
2018-07-09,28.9
2018-07-10,28.9
2018-07-11,27.51
2018-07-12,28.59
2018-07-13,28.99
2018-07-16,28.5
2018-07-17,29.5
2018-07-18,29.5
2018-07-19,29.5
2018-07-20,29.5
2018-07-23,29.5
2018-07-24,29.5
2018-07-25,26.56
2018-07-26,28.99
2018-07-27,28.95
2018-07-31,28.95
2018-08-01,26.7
2018-08-02,28.9
2018-08-03,26.74
2018-08-06,26.56
2018-08-07,28.42
2018-08-08,28.39
2018-08-09,28.39
2018-08-10,26.67
2018-08-13,27.99
2018-08-15,28.0
2018-08-16,28.0
2018-08-17,26.7
2018-08-24,26.7
2018-08-27,28.54
2018-08-28,27.2
2018-08-29,27.2
2018-08-30,26.7
2018-08-31,26.6
2018-09-03,27.0
2018-09-04,26.0
2018-09-05,25.15
2018-09-06,25.01
2018-09-07,24.0
2018-09-10,26.35
2018-09-12,26.5
2018-09-13,26.5
2018-09-14,26.5
2018-09-17,26.5
2018-09-18,26.0
2018-09-19,26.0
2018-09-20,26.0
2018-09-21,26.0
2018-09-24,26.44
2018-09-25,26.44
2018-09-26,25.65
2018-09-27,26.26
2018-09-28,26.26
2018-10-01,25.0
2018-10-02,25.38
2018-10-03,23.5
2018-10-04,25.0
2018-10-05,25.45
2018-10-08,25.46
2018-10-09,25.46
2018-10-10,24.1
2018-10-11,26.0
2018-10-12,28.0
2018-10-15,28.0
2018-10-16,28.0
2018-10-17,27.5
2018-10-18,25.0
2018-10-19,27.28
2018-10-22,26.95
2018-10-23,26.95
2018-10-24,26.95
2018-10-25,24.28
2018-10-26,26.7
2018-10-29,26.95
2018-10-30,26.95
2018-10-31,26.94
2018-11-01,26.94
2018-11-02,26.94
2018-11-05,26.94
2018-11-07,26.94
2018-11-08,24.62
2018-11-09,24.51
2018-11-12,26.95
2018-11-13,27.0
2018-11-14,27.0
2018-11-15,25.01
2018-11-16,25.07
2018-11-19,26.98
2018-11-22,26.98
2018-11-23,26.98
2018-11-26,26.98
2018-11-27,26.98
2018-11-28,26.98
2018-11-29,26.75
2018-11-30,24.5
2018-12-03,26.75
2018-12-04,26.75
2018-12-05,26.65
2018-12-06,26.65
2018-12-07,26.65
2018-12-10,26.65
2018-12-11,24.2
2018-12-12,26.6
2018-12-13,26.6
2018-12-14,24.3
2018-12-17,26.44
2018-12-18,25.0
2018-12-19,26.5
2018-12-20,26.5
2018-12-21,24.5
2018-12-24,24.5
2018-12-25,25.0
2018-12-26,25.0
2018-12-27,26.0
2018-12-28,24.5
2018-12-31,24.51
2019-01-02,26.65
2019-01-03,26.65
2019-01-04,26.65
2019-01-07,26.65
2019-01-08,26.6
2019-01-09,25.0
2019-01-10,25.0
2019-01-14,26.5
2019-01-15,24.0
2019-01-16,24.0
2019-01-17,26.0
2019-01-18,26.0
2019-01-21,24.21
2019-01-22,24.21
2019-01-23,24.21
2019-01-24,24.21
2019-01-25,24.21
2019-01-28,25.0
2019-01-29,25.8
2019-01-30,23.77
2019-01-31,23.77
2019-02-01,25.75
2019-02-04,25.75
2019-02-05,25.75
2019-02-06,25.75
2019-02-07,25.74
2019-02-08,25.74
2019-02-11,25.0
2019-02-12,25.0
2019-02-13,25.0
2019-02-14,25.0
2019-02-15,23.55
2019-02-18,25.0
2019-02-19,25.0
2019-02-20,25.0
2019-02-21,24.95
2019-02-22,23.55
2019-02-25,23.55
2019-02-26,24.99
2019-02-27,23.56
2019-02-28,24.98
2019-03-01,23.55
2019-03-04,24.79
2019-03-05,24.8
2019-03-06,24.99
2019-03-07,23.55
2019-03-08,24.97
2019-03-11,24.0
2019-03-12,22.0
2019-03-13,24.1
2019-03-14,24.0
2019-03-15,24.0
2019-03-18,24.0
2019-03-19,24.0
2019-03-20,21.61
2019-03-21,20.01
2019-03-22,20.01
2019-03-25,20.01
2019-03-26,20.01
2019-03-27,22.0
2019-03-28,23.29
2019-03-29,23.29
2019-04-01,23.29
2019-04-02,21.0
2019-04-03,22.9
2019-04-04,22.9
2019-04-05,22.9
2019-04-08,22.9
2019-04-09,22.9
2019-04-10,22.9
2019-04-11,22.0
2019-04-12,21.05
2019-04-15,21.06
2019-04-16,21.0
2019-04-17,21.0
2019-04-18,22.89
2019-04-19,21.8
2019-04-22,21.9
2019-04-23,21.8
2019-04-24,21.8
2019-04-25,21.8
2019-04-26,23.0
2019-04-29,23.0
2019-04-30,23.0
2019-05-02,23.0
2019-05-03,23.0
2019-05-06,22.89
2019-05-07,22.89
2019-05-08,22.89
2019-05-09,22.88
2019-05-10,22.0
2019-05-13,23.0
2019-05-14,24.99
2019-05-15,24.99
2019-05-16,24.99
2019-05-17,24.99
2019-05-20,23.5
2019-05-21,23.69
2019-05-22,23.69
2019-05-23,23.69
2019-05-24,23.69
2019-05-27,23.69
2019-05-28,21.4
2019-05-29,19.27
2019-05-30,19.0
2019-05-31,19.0
2019-06-03,19.0
2019-06-04,17.11
2019-06-10,17.11
2019-06-11,15.4
2019-06-12,16.93
2019-06-13,18.4
2019-06-14,16.7
2019-06-17,16.7
2019-06-18,15.04
2019-06-19,16.5
2019-06-20,17.45
2019-06-21,16.93
2019-06-24,15.32
2019-06-25,13.79
2019-06-26,14.68
2019-06-27,14.59
2019-06-28,13.14
2019-07-01,14.45
2019-07-02,14.6
2019-07-03,13.21
2019-07-04,13.4
2019-07-05,14.4
2019-07-08,13.0
2019-07-09,13.5
2019-07-10,13.85
2019-07-11,13.85
2019-07-12,14.29
2019-07-15,14.29
2019-07-16,14.2
2019-07-17,14.19
2019-07-18,13.25
2019-07-19,14.2
2019-07-22,14.0
2019-07-23,13.06
2019-07-24,14.28
2019-07-25,13.05
2019-07-26,13.4
2019-07-29,14.0
2019-07-31,14.0
2019-08-01,14.0
2019-08-02,14.0
2019-08-05,14.34
2019-08-06,14.34
2019-08-07,14.34
2019-08-08,14.34
2019-08-09,14.28
2019-08-15,14.28
2019-08-16,13.5
2019-08-19,14.34
2019-08-22,14.34
2019-08-23,14.34
2019-08-26,14.5
2019-08-27,13.51
2019-08-28,14.4
2019-08-29,14.4
2019-08-30,14.35
2019-09-02,14.35
2019-09-03,14.3
2019-09-04,14.3
2019-09-05,13.53
2019-09-06,14.3
2019-09-09,13.6
2019-09-10,14.3
2019-09-11,14.3
2019-09-12,13.52
2019-09-13,14.24
2019-09-16,14.24
2019-09-17,13.0
2019-09-18,14.29
2019-09-19,14.29
2019-09-20,13.12
2019-09-23,14.2
2019-09-24,14.2
2019-09-25,14.2
2019-09-26,13.0
2019-09-27,11.72
2019-09-30,12.0
2019-10-01,12.0
2019-10-02,13.19
2019-10-03,14.2
2019-10-04,14.2
2019-10-07,14.2
2019-10-08,14.2
2019-10-09,14.2
2019-10-10,13.95
2019-10-11,13.94
2019-10-14,13.94
2019-10-15,13.94
2019-10-16,12.56
2019-10-17,11.5
2019-10-18,11.25
2019-10-21,12.37
2019-10-22,13.6
2019-10-23,12.25
2019-10-24,12.31
2019-10-25,12.31
2019-10-28,13.27
2019-10-29,13.2
2019-10-30,11.91
2019-10-31,13.0
2019-11-01,13.0
2019-11-04,11.71
2019-11-05,12.87
2019-11-07,12.87
2019-11-08,12.83
2019-11-12,12.8
2019-11-13,12.75
2019-11-14,12.02
2019-11-15,12.79
2019-11-19,12.79
2019-11-20,12.79
2019-11-21,12.01
2019-11-22,12.01
2019-11-25,11.0
2019-11-26,11.05
2019-11-27,11.2
2019-11-28,12.25
2019-11-29,12.45
2019-12-02,12.45
2019-12-03,12.44
2019-12-04,12.44
2019-12-05,12.44
2019-12-06,12.44
2019-12-09,12.35
2019-12-10,12.35
2019-12-11,12.35
2019-12-12,12.29
2019-12-13,12.29
2019-12-16,12.29
2019-12-17,12.29
2019-12-18,12.69
2019-12-19,13.24
2019-12-20,13.24
2019-12-23,12.69
2019-12-24,12.0
2019-12-25,11.7
2019-12-26,11.6
2019-12-27,11.0
2019-12-30,11.96
2019-12-31,11.5
2020-01-02,11.5
2020-01-03,11.89
2020-01-06,11.1
2020-01-07,11.88
2020-01-08,11.86
2020-01-09,11.85
2020-01-10,11.06
2020-01-13,11.82
2020-01-14,11.82
2020-01-15,11.84
2020-01-16,11.84
2020-01-17,11.84
2020-01-20,11.83
2020-01-21,11.3
2020-01-22,11.5
2020-01-23,11.03
2020-01-24,11.03
2020-01-27,11.5
2020-01-28,11.6
2020-01-29,11.6
2020-01-30,11.6
2020-01-31,11.2
2020-02-03,11.2
2020-02-04,11.53
2020-02-05,11.53
2020-02-06,11.53
2020-02-07,12.61
2020-02-10,12.61
2020-02-11,12.61
2020-02-12,12.61
2020-02-13,11.69
2020-02-14,11.1
2020-02-17,12.2
2020-02-18,11.05
2020-02-19,11.63
2020-02-20,11.05
2020-02-21,11.89
2020-02-24,11.3
2020-02-25,11.3
2020-02-26,11.05
2020-02-27,11.9
2020-02-28,11.9
2020-03-02,11.9
2020-03-03,11.9
2020-03-04,11.9
2020-03-05,11.9
2020-03-06,10.76
2020-03-09,10.76
2020-03-10,10.76
2020-03-11,10.76
2020-03-12,11.76
2020-03-13,11.76
2020-03-16,11.0
2020-03-17,11.0
2020-03-18,11.25
2020-03-19,11.0
2020-03-20,10.6
2020-03-23,10.6
2020-03-24,11.02
2020-03-25,11.19
2020-03-26,11.19
2020-03-27,11.0
2020-03-30,11.0
2020-03-31,10.9
2020-04-01,10.9
2020-04-02,10.9
2020-04-03,10.61
2020-04-06,10.61
2020-04-07,10.75
2020-04-08,10.75
2020-04-09,11.02
2020-04-10,11.02
2020-04-13,11.02
2020-04-14,11.02
2020-04-15,11.02
2020-04-16,11.02
2020-04-17,11.02
2020-04-20,11.0
2020-04-21,11.0
2020-04-22,11.22
2020-04-23,11.2
2020-04-24,11.2
2020-04-27,11.2
2020-04-28,11.2
2020-04-29,11.42
2020-04-30,11.42
2020-05-04,11.6
2020-05-05,11.6
2020-05-06,11.82
2020-05-07,11.82
2020-05-08,12.29
2020-05-11,12.75
2020-05-12,12.95
2020-05-13,12.95
2020-05-14,12.95
2020-05-15,12.95
2020-05-18,12.86
2020-05-19,13.36
2020-05-20,13.89
2020-05-21,14.0
2020-05-22,14.0
2020-05-26,14.0
2020-05-27,14.0
2020-05-28,13.99
2020-05-29,13.99
2020-06-01,13.99
2020-06-02,13.44
2020-06-03,13.96
2020-06-04,13.99
2020-06-05,13.98
2020-06-08,13.95
2020-06-09,13.95
2020-06-10,13.4
2020-06-11,13.4
2020-06-12,13.9
2020-06-15,13.9
2020-06-16,13.9
2020-06-17,13.89
2020-06-18,13.89
2020-06-19,13.87
2020-06-22,13.84
2020-06-23,13.29
2020-06-24,13.81
2020-06-25,13.81
2020-06-26,13.83
2020-06-29,13.79
2020-06-30,13.79
2020-07-01,13.74
2020-07-02,13.74
2020-07-03,13.74
2020-07-06,13.74
2020-07-07,13.74
2020-07-08,13.7
2020-07-09,13.7
2020-07-10,13.73
2020-07-13,13.73
2020-07-14,13.85
2020-07-15,13.79
2020-07-16,13.25
2020-07-17,13.25
2020-07-20,13.25
2020-07-21,13.25
2020-07-22,13.0
2020-07-23,13.0
2020-07-24,12.97
2020-07-27,12.97
2020-07-28,12.97
2020-07-29,12.97
2020-08-03,12.97
2020-08-04,13.25
2020-08-05,13.49
2020-08-06,13.5
2020-08-07,13.47
2020-08-10,13.45
2020-08-11,13.3
2020-08-12,13.45
2020-08-13,13.47
2020-08-17,13.45
2020-08-18,13.5
2020-08-19,14.0
2020-08-24,14.46
2020-08-25,13.89
2020-08-26,14.43
2020-08-27,14.7
2020-08-28,14.15
2020-08-31,14.27
2020-09-01,14.16
2020-09-02,13.6
2020-09-03,13.33
2020-09-04,13.33
2020-09-07,13.86
2020-09-08,13.86
2020-09-09,13.31
2020-09-10,13.31
2020-09-11,13.25
2020-09-14,12.95
2020-09-15,12.95
2020-09-16,12.95
2020-09-17,12.7
2020-09-18,12.2
2020-09-21,12.2
2020-09-22,12.68
2020-09-23,12.5
2020-09-24,12.5
2020-09-25,12.5
2020-09-28,12.5
2020-09-29,12.99
2020-09-30,13.5
2020-10-01,12.97
2020-10-02,12.5
2020-10-05,12.99
2020-10-06,12.99
2020-10-07,13.5
2020-10-08,13.0
2020-10-09,13.0
2020-10-12,13.0
2020-10-13,13.0
2020-10-14,13.0
2020-10-15,13.0
2020-10-16,13.51
2020-10-19,13.5
2020-10-20,13.5
2020-10-21,13.0
2020-10-22,12.5
2020-10-23,12.3
2020-10-26,11.81
2020-10-27,11.81
2020-10-28,11.51
2020-11-02,11.97
2020-11-03,12.1
2020-11-04,12.57
2020-11-05,12.57
2020-11-09,12.57
2020-11-10,12.8
2020-11-11,13.0
2020-11-12,13.51
2020-11-13,14.05
2020-11-16,14.61
2020-11-17,14.99
2020-11-19,15.58
2020-11-20,16.2
2020-11-23,16.84
2020-11-24,17.51
2020-11-25,18.2
2020-11-26,18.92
2020-11-27,19.67
2020-11-30,20.38
2020-12-01,20.47
2020-12-02,21.25
2020-12-03,21.95
2020-12-04,21.94
2020-12-07,21.07
2020-12-08,21.0
2020-12-09,21.0
2020-12-10,21.0
2020-12-11,21.0
2020-12-14,21.0
2020-12-15,20.86
2020-12-16,20.9
2020-12-17,20.9
2020-12-18,20.9
2020-12-21,20.9
2020-12-22,20.85
2020-12-23,20.8
2020-12-24,20.36
2020-12-25,19.55
2020-12-28,20.3
2020-12-29,20.5
2020-12-30,20.5
2020-12-31,20.5
2021-01-04,20.5
2021-01-05,19.69
2021-01-06,20.3
2021-01-07,20.3
2021-01-08,20.29
2021-01-12,20.29
2021-01-13,20.29
2021-01-14,20.29
2021-01-15,20.29
2021-01-18,20.29
2021-01-19,20.29
2021-01-20,20.29
2021-01-21,20.1
2021-01-22,19.3
2021-01-25,19.0
2021-01-26,19.75
2021-01-27,20.09
2021-01-28,20.09
2021-01-29,20.09
2021-02-01,19.99
2021-02-02,20.05
2021-02-03,20.05
2021-02-04,20.05
2021-02-05,20.05
2021-02-08,19.9
2021-02-09,19.9
2021-02-10,19.11
2021-02-11,18.5
2021-02-12,19.23
2021-02-15,19.0
2021-02-16,19.34
2021-02-17,19.34
2021-02-18,18.57
2021-02-19,19.0
2021-02-22,18.99
2021-02-23,19.0
2021-02-24,19.0
2021-02-25,19.0
2021-02-26,18.25
2021-03-01,17.53
2021-03-02,17.5
2021-03-03,17.53
2021-03-04,16.84
2021-03-05,16.17
2021-03-08,16.81
2021-03-09,17.25
2021-03-10,17.53
2021-03-11,18.23
2021-03-12,18.25
2021-03-15,17.53
2021-03-16,18.2
2021-03-17,18.5
2021-03-18,18.53
2021-03-19,18.53
2021-03-22,18.53
2021-03-23,17.79
2021-03-24,17.79
2021-03-25,17.08
2021-03-26,16.4
2021-03-29,17.0
2021-03-30,17.3
2021-03-31,17.3
2021-04-01,17.99
2021-04-02,17.99
2021-04-05,17.99
2021-04-06,17.28
2021-04-07,17.28
2021-04-08,17.28
2021-04-09,17.96
2021-04-12,17.8
2021-04-13,17.7
2021-04-14,18.25
2021-04-15,18.0
2021-04-16,18.0
2021-04-19,18.24
2021-04-20,18.24
2021-04-21,17.6
2021-04-22,17.6
2021-04-23,17.0
2021-04-26,17.0
2021-04-27,17.0
2021-04-28,17.0
2021-04-29,16.98
2021-04-30,16.5
2021-05-03,16.5
2021-05-04,16.5
2021-05-05,16.34
2021-05-06,16.08
2021-05-07,16.08
2021-05-10,16.72
2021-05-11,16.72
2021-05-12,16.72
2021-05-17,17.38
2021-05-18,18.0
2021-05-19,17.99
2021-05-20,18.0
2021-05-21,18.0
2021-05-24,17.9
2021-05-25,17.9
2021-05-26,17.9
2021-05-27,17.9
2021-05-28,17.9
2021-05-31,17.95
2021-06-01,18.66
2021-06-02,17.95
2021-06-03,17.24
2021-06-04,17.0
2021-06-07,17.0
2021-06-08,17.0
2021-06-09,17.01
2021-06-10,17.01
2021-06-11,17.01
2021-06-14,17.69
2021-06-15,18.19
2021-06-16,18.16
2021-06-17,17.8
2021-06-18,18.16
2021-06-21,18.67
2021-06-22,18.66
2021-06-23,18.0
2021-06-24,18.71
2021-06-25,18.0
2021-06-28,18.7
2021-06-29,18.7
2021-06-30,18.7
2021-07-01,18.7
2021-07-02,18.0
2021-07-05,18.69
2021-07-06,18.69
2021-07-07,18.69
2021-07-08,19.37
2021-07-09,19.9
2021-07-12,19.96
2021-07-13,19.94
2021-07-14,19.95
2021-07-15,19.95
2021-07-16,19.89
2021-07-19,19.89
2021-07-20,19.89
2021-07-23,19.49
2021-07-26,19.49
2021-07-27,19.49
2021-07-28,19.79
2021-07-29,19.79
2021-08-02,19.0
2021-08-03,19.49
2021-08-04,19.49
2021-08-05,19.49
2021-08-06,19.45
2021-08-09,19.45
2021-08-11,18.69
2021-08-12,18.69
2021-08-13,19.43
2021-08-16,19.76
2021-08-17,19.77
2021-08-18,20.0
2021-08-19,20.78
2021-08-23,21.0
2021-08-24,21.0
2021-08-25,20.77
2021-08-26,20.95
2021-08-27,20.12
2021-08-30,20.89
2021-08-31,21.0
2021-09-01,21.82
2021-09-02,21.82
2021-09-03,21.82
2021-09-06,21.82
2021-09-07,20.95
2021-09-08,20.12
2021-09-09,20.0
2021-09-10,20.0
2021-09-13,20.0
2021-09-14,20.0
2021-09-15,20.0
2021-09-16,19.66
2021-09-17,19.21
2021-09-20,19.97
2021-09-21,20.0
2021-09-22,20.79
2021-09-23,21.62
2021-09-24,21.2
2021-09-27,22.04
2021-09-28,22.89
2021-09-29,22.88
2021-09-30,22.99
2021-10-01,22.99
2021-10-04,23.9
2021-10-05,24.85
2021-10-06,25.84
2021-10-07,26.87
2021-10-08,27.94
2021-10-11,29.05
2021-10-12,30.79
2021-10-13,32.63
2021-10-14,34.38
2021-10-15,36.44
2021-10-18,38.62
2021-10-21,40.93
2021-10-22,43.38
2021-10-25,45.98
2021-10-26,48.73
2021-10-27,51.65
2021-10-28,54.74
2021-10-29,58.02
2021-11-01,61.5
2021-11-02,65.18
2021-11-03,69.09
2021-11-04,73.23
2021-11-05,68.84
2021-11-08,64.71
2021-11-09,60.83
2021-11-10,57.19
2021-11-11,53.76
2021-11-12,50.54
2021-11-15,47.51
2021-11-16,44.66
2021-11-17,41.99
2021-11-19,44.5
2021-11-22,47.16
2021-11-23,49.95
2021-11-24,46.96
2021-11-25,44.15
2021-11-26,44.0
2021-11-29,42.99
2021-11-30,40.5
2021-12-01,42.92
2021-12-02,45.47
2021-12-03,46.49
2021-12-06,44.03
2021-12-07,44.0
2021-12-08,46.0
2021-12-09,45.99
2021-12-10,43.24
2021-12-13,42.86
2021-12-14,42.7
2021-12-15,42.7
2021-12-16,42.7
2021-12-17,41.49
2021-12-20,39.01
2021-12-21,39.8
2021-12-22,39.7
2021-12-23,37.32
2021-12-24,35.55
2021-12-27,37.6
2021-12-28,38.5
2021-12-29,38.5
2021-12-30,38.5
2021-12-31,38.0
2022-01-03,39.3
2022-01-04,39.5
2022-01-05,41.48
2022-01-06,40.0
2022-01-07,41.34
2022-01-10,42.44
2022-01-12,43.2
2022-01-13,42.2
2022-01-14,43.38
2022-01-17,43.33
2022-01-18,43.99
2022-01-19,46.62
2022-01-20,49.41
2022-01-21,52.37
2022-01-24,55.51
2022-01-25,56.5
2022-01-26,56.0
2022-01-27,57.8
2022-01-28,59.95
2022-01-31,61.1
2022-02-01,57.5
2022-02-02,54.06
2022-02-03,54.95
2022-02-04,56.5
2022-02-07,57.29
2022-02-08,56.5
2022-02-09,53.51
2022-02-10,52.0
2022-02-11,54.34
2022-02-14,54.7
2022-02-15,53.74
2022-02-16,52.7
2022-02-17,50.0
2022-02-18,47.01
2022-02-21,46.8
2022-02-22,48.0
2022-02-23,45.4
2022-02-24,42.68
2022-02-25,44.36
2022-02-28,44.14
2022-03-01,42.0
2022-03-02,43.12
2022-03-03,40.6
2022-03-04,40.0
2022-03-07,38.65
2022-03-08,40.96
2022-03-09,43.41
2022-03-10,46.01
2022-03-11,46.0
2022-03-14,46.0
2022-03-15,43.35
2022-03-16,43.99
2022-03-17,45.25
2022-03-18,43.48
2022-03-21,42.0
2022-03-22,43.97
2022-03-23,43.0
2022-03-24,43.0
2022-03-25,43.24
2022-03-28,44.44
2022-03-29,44.44
2022-03-30,44.44
2022-03-31,44.1
2022-04-01,44.0
2022-04-04,43.95
2022-04-05,42.0
2022-04-06,42.0
2022-04-07,43.9
2022-04-08,43.84
2022-04-11,43.84
2022-04-12,42.0
2022-04-13,43.9
2022-04-14,43.68
2022-04-15,43.6
2022-04-18,43.6
2022-04-19,43.6
2022-04-20,43.5
2022-04-21,42.95
2022-04-22,41.3
2022-04-25,41.3
2022-04-26,41.3
2022-04-27,41.3
2022-04-28,42.99
2022-04-29,42.8
2022-05-04,42.89
2022-05-05,42.89
2022-05-06,42.89
2022-05-09,42.5
2022-05-10,42.5
2022-05-11,42.0
2022-05-12,41.99
2022-05-13,41.99
2022-05-16,39.48
2022-05-17,39.48
2022-05-18,39.48
2022-05-19,41.8
2022-05-20,41.6
2022-05-23,40.61
2022-05-24,40.61
2022-05-25,40.6
2022-05-26,40.0
2022-05-27,39.9
2022-05-30,39.95
2022-05-31,39.94
2022-06-01,39.95
2022-06-02,39.95
2022-06-03,38.81
2022-06-06,39.99
2022-06-07,37.72
2022-06-08,37.81
2022-06-09,38.0
2022-06-10,37.05
2022-06-13,37.2
2022-06-14,36.85
2022-06-15,37.0
2022-06-16,36.85
2022-06-17,36.85
2022-06-20,34.64
2022-06-21,34.64
2022-06-22,34.5
2022-06-23,34.61
2022-06-24,34.61
2022-06-27,34.61
2022-06-28,32.55
2022-06-29,32.55
2022-06-30,32.55
2022-07-01,34.5
2022-07-04,35.0
2022-07-05,32.91
2022-07-06,32.91
2022-07-07,34.88
2022-07-08,34.88
2022-07-12,34.88
2022-07-13,34.88
2022-07-14,34.88
2022-07-15,34.88
2022-07-18,34.88
2022-07-19,34.88
2022-07-20,35.0
2022-07-21,37.0
2022-07-22,37.0
2022-07-25,37.0
2022-07-26,36.0
2022-07-27,36.99
2022-07-28,36.99
2022-07-29,36.99
2022-08-01,36.99
2022-08-02,34.78
2022-08-03,34.05
2022-08-04,34.78
2022-08-05,34.78
2022-08-08,34.78
2022-08-09,34.05
2022-08-10,34.78
2022-08-11,36.86
2022-08-12,36.86
2022-08-15,36.86
2022-08-16,36.84
2022-08-17,36.84
2022-08-18,36.84
2022-08-19,35.0
2022-08-22,35.0
2022-08-23,35.0
2022-08-24,35.01
2022-08-25,35.99
2022-08-26,36.0
2022-08-29,36.0
2022-08-30,35.97
2022-08-31,35.98
2022-09-01,35.95
2022-09-02,34.66
2022-09-05,35.89
2022-09-06,35.89
2022-09-07,35.0
2022-09-08,36.99
2022-09-09,37.0
2022-09-12,39.21
2022-09-13,40.02
2022-09-14,42.42
2022-09-15,44.96
2022-09-16,46.99
2022-09-19,46.77
2022-09-20,46.77
2022-09-21,46.0
2022-09-22,46.0
2022-09-23,43.25
2022-09-26,42.65
2022-09-27,44.99
2022-09-28,42.3
2022-09-29,44.49
2022-09-30,44.49
2022-10-03,41.83
2022-10-04,41.83
2022-10-05,41.83
2022-10-06,41.83
2022-10-07,40.0
2022-10-11,40.0
2022-10-12,38.9
2022-10-13,37.0
2022-10-14,35.5
2022-10-17,35.62
2022-10-18,35.5
2022-10-19,37.62
2022-10-20,39.0
2022-10-21,39.0
2022-10-24,36.67
2022-10-25,36.67
2022-10-26,35.57
2022-10-27,34.01
2022-10-28,36.05
2022-10-31,36.05
2022-11-01,36.05
2022-11-02,36.05
2022-11-03,36.05
2022-11-04,38.0
2022-11-07,37.0
2022-11-08,37.0
2022-11-09,37.0
2022-11-10,38.0
2022-11-11,38.0
2022-11-14,36.8
2022-11-15,37.99
2022-11-16,38.0
2022-11-17,38.0
2022-11-21,38.0
2022-11-22,38.0
2022-11-23,38.0
2022-11-24,38.0
2022-11-25,38.0
2022-11-28,38.0
2022-11-29,38.0
2022-11-30,38.0
2022-12-01,38.0
2022-12-02,37.99
2022-12-05,37.99
2022-12-06,35.75
2022-12-07,35.75
2022-12-08,37.0
2022-12-09,37.96
2022-12-12,37.96
2022-12-13,37.5
2022-12-14,37.5
2022-12-15,35.5
2022-12-16,35.5
2022-12-19,33.52
2022-12-20,33.52
2022-12-21,33.52
2022-12-22,35.5
2022-12-23,35.5
2022-12-26,35.5
2022-12-27,35.5
2022-12-28,37.5
2022-12-29,37.5
2022-12-30,39.72
2023-01-02,40.0
2023-01-03,40.0
2023-01-04,40.0
2023-01-05,37.61
2023-01-06,39.86
2023-01-09,37.5
2023-01-10,37.5
2023-01-12,37.5
2023-01-13,37.5
2023-01-16,37.5
2023-01-17,39.0
2023-01-18,41.33
2023-01-19,41.33
2023-01-20,41.33
2023-01-23,41.0
2023-01-24,40.5
2023-01-25,38.08
2023-01-26,35.8
2023-01-27,37.94
2023-01-30,37.94
2023-01-31,37.94
2023-02-01,37.94
2023-02-02,37.94
2023-02-03,37.94
2023-02-06,37.94
2023-02-07,37.94
2023-02-08,37.94
2023-02-09,37.94
2023-02-10,37.93
2023-02-13,37.93
2023-02-14,37.93
2023-02-15,37.94
2023-02-16,37.94
2023-02-17,37.8
2023-02-20,37.94
2023-02-21,37.94
2023-02-22,35.7
2023-02-23,37.24
2023-02-24,35.03
2023-02-27,37.13
2023-02-28,35.0
2023-03-01,35.0
2023-03-02,36.99
2023-03-03,36.99
2023-03-06,36.95
2023-03-07,36.95
2023-03-08,36.95
2023-03-09,36.94
2023-03-10,36.94
2023-03-13,36.94
2023-03-14,36.94
2023-03-15,36.93
2023-03-16,36.93
2023-03-17,36.93
2023-03-20,36.93
2023-03-21,34.72
2023-03-22,34.72
2023-03-23,34.72
2023-03-24,34.72
2023-03-27,32.8
2023-03-28,32.8
2023-03-29,34.7
2023-03-30,34.7
2023-03-31,34.7
2023-04-03,34.65
2023-04-04,34.65
2023-04-05,34.65
2023-04-06,34.65
2023-04-07,34.65
2023-04-10,34.65
2023-04-11,34.7
2023-04-12,34.7
2023-04-13,32.62
2023-04-14,30.67
2023-04-17,30.67
2023-04-18,30.67
2023-04-19,32.51
2023-04-20,32.5
2023-04-21,32.5
2023-04-25,32.49
2023-04-26,32.35
2023-04-27,30.6
2023-04-28,32.39
2023-05-02,32.25
2023-05-03,32.0
2023-05-04,32.29
2023-05-05,32.3
2023-05-08,32.25
2023-05-09,32.3
2023-05-10,32.35
2023-05-11,32.49
2023-05-12,32.5
2023-05-15,34.44
2023-05-16,36.0
2023-05-17,33.85
2023-05-18,33.85
2023-05-19,33.85
2023-05-22,33.85
2023-05-23,33.85
2023-05-24,33.85
2023-05-25,33.85
2023-05-26,33.8
2023-05-29,35.0
2023-05-30,35.0
2023-05-31,35.0
2023-06-01,35.0
2023-06-02,35.0
2023-06-05,35.0
2023-06-06,35.0
2023-06-07,35.0
2023-06-08,33.0
2023-06-09,34.0
2023-06-12,35.0
2023-06-13,35.0
2023-06-14,35.0
2023-06-15,33.0
2023-06-16,33.5
2023-06-19,34.0
2023-06-20,34.49
2023-06-21,34.48
2023-06-22,34.99
2023-06-23,34.99
2023-06-26,34.99
2023-06-27,34.99
2023-06-28,34.99
2023-07-03,32.95
2023-07-04,31.02
2023-07-05,32.51
2023-07-06,32.51
2023-07-07,34.46
2023-07-10,34.5
2023-07-11,35.0
2023-07-12,34.8
2023-07-13,35.0
2023-07-14,34.99
2023-07-17,34.99
2023-07-18,32.91
2023-07-20,34.8
2023-07-21,33.1
2023-07-24,33.92
2023-07-25,33.21
2023-07-26,33.16
2023-07-27,33.17
2023-07-28,34.93
2023-07-31,34.89
2023-08-01,33.12
2023-08-02,34.74
2023-08-03,34.0
2023-08-04,34.15
2023-08-07,34.69
2023-08-08,34.85
2023-08-09,34.85
2023-08-10,34.85
2023-08-11,33.12
2023-08-15,33.5
2023-08-16,33.5
2023-08-17,34.78
2023-08-18,34.7
2023-08-22,34.8
2023-08-23,34.8
2023-08-24,34.8
2023-08-25,34.8
2023-08-28,34.9
2023-08-29,34.9
2023-08-30,33.05
2023-08-31,34.48
2023-09-01,34.55
2023-09-04,34.49
2023-09-05,34.48
2023-09-06,35.0
2023-09-07,35.0
2023-09-08,34.98
2023-09-11,34.79
2023-09-12,32.93
2023-09-13,34.72
2023-09-14,34.76
2023-09-15,34.5
2023-09-18,34.5
2023-09-19,34.5
2023-09-20,34.2
2023-09-21,34.45
2023-09-22,33.75
2023-09-25,33.0
2023-09-26,31.08
2023-09-27,31.08
2023-10-02,31.08
2023-10-03,32.94
2023-10-04,31.12
2023-10-05,32.98
2023-10-06,32.98
2023-10-09,32.94
2023-10-10,32.94
2023-10-11,32.94
2023-10-12,32.94
2023-10-13,32.94
2023-10-16,32.6
2023-10-17,33.92
2023-10-18,33.95
2023-10-19,33.79
2023-10-20,33.75
2023-10-23,33.0
2023-10-24,32.97
2023-10-25,32.97
2023-10-26,33.75
2023-10-27,33.75
2023-10-30,30.6
2023-10-31,33.58
2023-11-01,33.9
2023-11-02,33.89
2023-11-03,33.89
2023-11-07,33.89
2023-11-08,30.74
2023-11-09,33.7
2023-11-10,31.21
2023-11-13,32.13
2023-11-14,32.13
2023-11-15,30.81
2023-11-16,30.81
2023-11-17,30.85
2023-11-20,30.85
2023-11-21,30.7
2023-11-22,32.87
2023-11-23,32.87
2023-11-24,30.62
2023-11-27,30.63
2023-11-28,30.63
2023-11-29,30.7
2023-11-30,30.62
2023-12-01,30.63
2023-12-04,30.63
2023-12-05,30.67
2023-12-06,31.45
2023-12-07,30.58
2023-12-08,30.58
2023-12-11,30.61
2023-12-12,31.0
2023-12-13,30.4
2023-12-14,30.4
2023-12-15,29.43
2023-12-18,30.79
2023-12-19,30.0
2023-12-20,30.89
2023-12-21,30.9
2023-12-22,30.89
2023-12-25,30.89
2023-12-26,30.89
2023-12-27,30.87
2023-12-28,30.85
2023-12-29,28.72
2024-01-02,29.01
2024-01-03,29.5
2024-01-04,30.85
2024-01-05,29.5
2024-01-08,29.6
2024-01-09,30.75
2024-01-10,29.21
2024-01-12,28.83
2024-01-15,28.98
2024-01-16,29.99
2024-01-17,29.99
2024-01-18,29.99
2024-01-19,29.99
2024-01-22,29.99
2024-01-23,29.99
2024-01-24,29.99
2024-01-25,29.99
2024-01-26,29.89
2024-01-29,29.0
2024-01-30,29.0
2024-01-31,28.81
2024-02-01,29.0
2024-02-02,29.8
2024-02-05,29.0
2024-02-06,28.2
2024-02-07,28.0
2024-02-08,29.18
2024-02-09,28.97
2024-02-12,28.97
2024-02-13,28.94
2024-02-14,28.98
2024-02-15,27.86
2024-02-16,28.97
2024-02-19,28.97
2024-02-20,28.97
2024-02-21,28.81
2024-02-22,28.97
2024-02-23,28.9
2024-02-26,28.84
2024-02-27,28.9
2024-02-28,28.9
2024-02-29,28.9
2024-03-01,28.9
2024-03-04,28.8
2024-03-05,28.79
2024-03-06,28.79
2024-03-07,28.79
2024-03-08,28.79
2024-03-11,28.78
2024-03-12,28.78
2024-03-13,28.78
2024-03-14,28.75
2024-03-15,29.99
2024-03-18,29.0
2024-03-19,28.95
2024-03-20,29.0
2024-03-21,29.0
2024-03-22,27.07
2024-03-25,28.89
2024-03-26,28.0
2024-03-27,28.73
2024-03-28,28.73
2024-03-29,25.87
2024-04-01,26.0
2024-04-02,25.5
2024-04-03,25.5
2024-04-04,25.5
2024-04-05,26.2
2024-04-08,26.5
2024-04-09,26.5
2024-04-15,26.5
2024-04-16,29.0
2024-04-17,27.4
2024-04-18,30.13
2024-04-19,33.14
2024-04-22,36.45
2024-04-23,35.01
2024-04-24,36.0
2024-04-25,36.5
2024-04-26,36.5
2024-04-29,37.12
2024-04-30,37.95
2024-05-02,37.0
2024-05-03,37.0
2024-05-06,37.0
2024-05-07,34.96
2024-05-08,34.2
2024-05-09,34.47
2024-05-10,33.98
2024-05-13,34.69
2024-05-14,34.0
2024-05-15,34.5
2024-05-16,35.15
2024-05-17,35.65
2024-05-20,35.3
2024-05-21,35.3
2024-05-22,35.1
2024-05-23,34.0
2024-05-24,34.0
2024-05-27,34.1
2024-05-28,34.0
2024-05-29,32.7
2024-05-30,33.99
2024-05-31,33.99
2024-06-03,33.95
2024-06-04,34.5
2024-06-05,35.0
2024-06-06,34.97
2024-06-07,33.1
2024-06-10,33.0
2024-06-11,33.0
2024-06-12,33.92
2024-06-13,34.9
2024-06-14,35.0
2024-06-19,35.5
2024-06-20,35.5
2024-06-21,35.0
2024-06-24,34.99
2024-06-25,34.99
2024-06-26,33.4
2024-06-27,34.0
2024-06-28,34.0
2024-07-01,34.9
2024-07-02,32.0
2024-07-03,32.94
2024-07-04,32.86
2024-07-05,32.69
2024-07-08,32.64
2024-07-09,32.64
2024-07-10,32.59
2024-07-11,29.34
2024-07-12,32.23
2024-07-15,32.19
2024-07-16,30.99
2024-07-17,31.59
2024-07-18,31.9
2024-07-19,31.94
2024-07-22,30.0
2024-07-23,30.0
2024-07-24,32.0
2024-07-25,32.39
2024-07-26,32.39
2024-07-29,32.37
2024-07-31,32.37
2024-08-01,32.1
2024-08-02,32.39
2024-08-05,33.9
2024-08-06,33.9
2024-08-07,33.49
2024-08-08,33.73
2024-08-09,34.99
2024-08-12,37.99
2024-08-13,40.6
2024-08-15,44.65
2024-08-16,49.11
2024-08-19,54.02
2024-08-22,56.0
2024-08-23,58.39
2024-08-26,59.1
2024-08-27,62.99
2024-08-28,67.5
2024-08-29,62.0
2024-08-30,55.81
2024-09-02,56.99
2024-09-03,55.81
2024-09-04,54.0
2024-09-05,52.0
2024-09-06,53.2
2024-09-09,53.2
2024-09-10,53.3
2024-09-11,52.0
2024-09-12,52.39
2024-09-13,52.39
2024-09-18,49.2
2024-09-19,49.5
2024-09-20,48.99
2024-09-23,49.5
2024-09-24,54.44
2024-09-25,59.88
2024-09-26,64.0
2024-09-27,61.4
2024-09-30,60.79
2024-10-01,57.0
2024-10-02,55.0
2024-10-03,55.99
2024-10-04,56.7
2024-10-07,57.98
2024-10-08,55.0
2024-10-09,54.99
2024-10-10,54.0
2024-10-11,52.0
2024-10-14,53.78
2024-10-15,51.0
2024-10-16,50.0
2024-10-17,51.99
2024-10-18,49.5
2024-10-21,51.0
2024-10-22,51.0
2024-10-23,53.0
2024-10-24,53.0
2024-10-25,53.0
2024-10-28,53.0
2024-10-29,52.0
2024-10-30,51.0
2024-10-31,51.0
2024-11-01,50.6
2024-11-04,51.0
2024-11-05,49.0
2024-11-07,49.0
2024-11-08,48.2
2024-11-11,48.0
2024-11-12,47.0
2024-11-13,47.2
2024-11-14,47.06
2024-11-15,46.0
2024-11-19,48.49
2024-11-20,46.1
2024-11-21,47.0
2024-11-22,47.0
2024-11-25,46.35
2024-11-26,48.49
2024-11-27,48.44
2024-11-28,48.48
2024-11-29,46.02
2024-12-02,46.0
2024-12-03,46.5
2024-12-04,43.99
2024-12-05,46.47
2024-12-06,45.89
2024-12-09,45.4
2024-12-10,44.9
2024-12-11,44.8
2024-12-12,44.0
2024-12-13,43.9
2024-12-16,42.0
2024-12-17,42.98
2024-12-18,44.98
2024-12-19,44.0
2024-12-20,43.0
2024-12-23,44.97
2024-12-24,43.0
2024-12-25,44.8
2024-12-26,41.5
2024-12-27,42.0
2024-12-30,42.0
2024-12-31,42.05
2025-01-02,43.4
2025-01-03,43.9
2025-01-06,43.99
2025-01-07,44.0
2025-01-08,44.0
2025-01-09,47.5
2025-01-10,46.55
2025-01-13,49.39
2025-01-15,47.99
2025-01-16,47.0
2025-01-17,46.55
2025-01-20,47.0
2025-01-21,44.4
2025-01-22,43.99
2025-01-23,47.09
2025-01-24,44.2
2025-01-27,44.99
2025-01-28,44.5
2025-01-29,44.49
2025-01-30,44.3
2025-01-31,42.0
2025-02-03,44.0
2025-02-04,44.0
2025-02-05,43.95
2025-02-06,44.5
2025-02-07,44.4
2025-02-10,43.22
2025-02-11,44.0
2025-02-12,43.6
2025-02-13,43.89
2025-02-14,44.0
2025-02-17,44.7
2025-02-18,44.49
2025-02-19,44.0
2025-02-20,43.5
2025-02-21,46.75
2025-02-24,46.0
2025-02-25,46.59
2025-02-26,45.5
2025-02-27,44.5
2025-02-28,45.69
2025-03-03,46.0
2025-03-04,46.04
2025-03-05,45.8
2025-03-06,47.0
2025-03-07,46.99
2025-03-10,46.0
2025-03-11,44.3
2025-03-12,46.0
2025-03-13,45.0
2025-03-14,47.0
2025-03-17,51.69
2025-03-18,56.85
2025-03-19,62.53
2025-03-20,58.8
2025-03-21,58.55
2025-03-24,59.0
2025-03-25,59.0
2025-03-26,64.89
2025-03-27,61.0
2025-03-28,62.0
2025-04-02,65.0
2025-04-03,62.12
2025-04-04,61.95
2025-04-07,55.76
2025-04-08,53.0
2025-04-09,52.58
2025-04-10,55.0
2025-04-11,56.89
2025-04-14,56.0
2025-04-15,56.0
2025-04-16,54.72
2025-04-17,56.49
2025-04-18,57.4
2025-04-21,56.95
2025-04-22,56.89
2025-04-23,56.8
2025-04-24,58.7
2025-04-25,60.98
2025-04-28,61.79
2025-04-29,60.0
2025-04-30,59.69
2025-05-02,58.0
2025-05-05,58.7
2025-05-06,55.02
2025-05-07,56.5
2025-05-08,54.87
2025-05-09,57.49
