date,TQM
2013-12-11,447.5
2013-12-23,447.5
2013-12-24,452.0
2013-12-25,452.0
2013-12-26,455.0
2013-12-27,454.5
2013-12-30,453.4
2013-12-31,453.4
2014-01-02,455.1
2014-01-03,455.0
2014-01-06,455.1
2014-01-07,456.0
2014-01-08,455.15
2014-01-09,456.0
2014-01-10,454.0
2014-01-13,453.0
2014-01-16,453.0
2014-01-17,453.0
2014-01-20,453.0
2014-01-21,447.5
2014-01-22,447.6
2014-01-23,447.65
2014-01-24,450.0
2014-01-27,447.5
2014-01-28,450.0
2014-01-29,450.0
2014-01-30,447.5
2014-01-31,450.0
2014-02-03,447.5
2014-02-04,447.5
2014-02-05,447.5
2014-02-06,446.9
2014-02-07,446.8
2014-02-10,447.0
2014-02-11,446.0
2014-02-12,442.4
2014-02-13,437.0
2014-02-14,437.0
2014-02-17,429.1
2014-02-18,429.9
2014-02-19,430.0
2014-02-20,433.0
2014-02-21,447.0
2014-02-24,445.2
2014-02-25,442.2
2014-02-26,441.95
2014-02-27,447.9
2014-02-28,447.9
2014-03-03,446.5
2014-03-04,447.8
2014-03-05,447.0
2014-03-06,446.2
2014-03-07,446.35
2014-03-10,447.45
2014-03-11,447.5
2014-03-12,446.65
2014-03-13,447.0
2014-03-14,447.0
2014-03-17,446.65
2014-03-18,447.0
2014-03-19,446.25
2014-03-20,446.2
2014-03-21,447.0
2014-03-24,447.0
2014-03-25,447.05
2014-03-26,447.25
2014-03-27,447.8
2014-03-28,447.5
2014-03-31,446.7
2014-04-01,446.7
2014-04-02,446.9
2014-04-03,446.6
2014-04-04,446.8
2014-04-07,441.05
2014-04-08,440.0
2014-04-09,444.9
2014-04-10,438.25
2014-04-11,444.0
2014-04-14,441.55
2014-04-15,443.95
2014-04-16,441.1
2014-04-17,440.6
2014-04-18,441.0
2014-04-21,446.5
2014-04-22,444.0
2014-04-23,443.1
2014-04-24,446.0
2014-04-25,444.0
2014-04-28,444.0
2014-04-29,443.6
2014-04-30,444.0
2014-05-02,443.65
2014-05-05,444.1
2014-05-06,444.0
2014-05-07,443.75
2014-05-08,446.8
2014-05-09,443.75
2014-05-12,448.0
2014-05-13,444.2
2014-05-14,446.05
2014-05-15,445.0
2014-05-16,444.25
2014-05-19,445.0
2014-05-20,445.0
2014-05-21,444.05
2014-05-22,444.0
2014-05-23,447.0
2014-05-26,444.0
2014-05-27,444.0
2014-05-28,449.0
2014-05-29,446.0
2014-05-30,449.0
2014-06-02,449.0
2014-06-03,452.1
2014-06-04,451.4
2014-06-05,457.0
2014-06-06,464.9
2014-06-09,464.25
2014-06-10,460.05
2014-06-11,461.4
2014-06-12,461.4
2014-06-13,462.0
2014-06-16,451.15
2014-06-17,451.2
2014-06-18,452.3
2014-06-19,455.2
2014-06-20,455.3
2014-06-23,460.0
2014-06-24,456.7
2014-06-25,460.9
2014-06-26,460.0
2014-06-27,459.05
2014-06-30,457.0
2014-07-01,457.0
2014-07-02,455.0
2014-07-03,452.5
2014-07-04,352.0
2014-07-07,350.0
2014-07-08,345.7
2014-07-09,350.0
2014-07-10,353.5
2014-07-11,350.5
2014-07-14,354.0
2014-07-15,352.25
2014-07-16,350.65
2014-07-17,352.15
2014-07-18,355.0
2014-07-21,355.0
2014-07-22,358.0
2014-07-23,361.95
2014-07-24,363.0
2014-07-25,370.1
2014-07-31,371.1
2014-08-01,367.05
2014-08-04,365.0
2014-08-05,361.1
2014-08-06,371.5
2014-08-07,370.2
2014-08-08,370.0
2014-08-11,368.1
2014-08-12,367.55
2014-08-13,372.0
2014-08-15,368.5
2014-08-18,368.5
2014-08-19,372.0
2014-08-22,368.55
2014-08-25,370.0
2014-08-26,370.5
2014-08-27,370.5
2014-08-28,373.0
2014-08-29,371.0
2014-09-01,370.05
2014-09-02,370.0
2014-09-03,378.0
2014-09-04,377.35
2014-09-05,379.9
2014-09-08,376.25
2014-09-09,389.0
2014-09-10,389.0
2014-09-11,388.85
2014-09-12,388.5
2014-09-15,390.5
2014-09-16,391.0
2014-09-17,395.0
2014-09-18,401.0
2014-09-19,400.5
2014-09-22,402.0
2014-09-23,401.0
2014-09-24,402.5
2014-09-25,398.1
2014-09-26,401.8
2014-09-29,400.0
2014-09-30,400.0
2014-10-01,402.0
2014-10-02,414.0
2014-10-03,425.0
2014-10-07,426.05
2014-10-08,425.0
2014-10-09,426.0
2014-10-10,426.05
2014-10-13,429.0
2014-10-14,431.1
2014-10-15,432.0
2014-10-16,430.0
2014-10-17,432.0
2014-10-20,429.0
2014-10-21,430.05
2014-10-22,429.5
2014-10-23,429.5
2014-10-24,430.9
2014-10-27,428.1
2014-10-28,428.15
2014-10-29,428.0
2014-10-30,429.0
2014-10-31,427.65
2014-11-03,429.0
2014-11-04,428.1
2014-11-05,429.35
2014-11-07,428.05
2014-11-10,428.1
2014-11-11,443.9
2014-11-12,442.0
2014-11-13,439.5
2014-11-14,438.0
2014-11-17,431.2
2014-11-19,440.0
2014-11-20,439.35
2014-11-21,438.8
2014-11-24,435.0
2014-11-25,435.0
2014-11-26,429.35
2014-11-27,433.0
2014-11-28,430.5
2014-12-01,430.1
2014-12-02,428.0
2014-12-03,421.1
2014-12-04,422.0
2014-12-05,422.0
2014-12-08,424.0
2014-12-09,424.0
2014-12-10,423.0
2014-12-11,420.35
2014-12-12,426.0
2014-12-15,420.1
2014-12-16,424.0
2014-12-17,421.3
2014-12-18,421.0
2014-12-19,430.0
2014-12-22,430.0
2014-12-23,425.0
2014-12-24,425.1
2014-12-25,430.0
2014-12-26,430.0
2014-12-29,424.05
2014-12-30,430.0
2014-12-31,425.0
2015-01-02,424.05
2015-01-06,430.0
2015-01-07,430.0
2015-01-08,430.1
2015-01-09,436.65
2015-01-12,449.95
2015-01-13,489.95
2015-01-14,501.0
2015-01-15,501.0
2015-01-16,508.0
2015-01-19,497.0
2015-01-20,492.1
2015-01-21,490.0
2015-01-22,487.0
2015-01-23,493.9
2015-01-26,484.0
2015-01-27,484.0
2015-01-28,488.0
2015-01-29,498.0
2015-01-30,498.5
2015-02-02,495.2
2015-02-03,512.2
2015-02-04,516.0
2015-02-05,525.0
2015-02-06,524.0
2015-02-09,520.0
2015-02-10,508.5
2015-02-11,519.0
2015-02-12,513.0
2015-02-13,513.0
2015-02-16,520.0
2015-02-17,520.0
2015-02-18,519.0
2015-02-19,522.3
2015-02-20,525.0
2015-02-23,520.1
2015-02-24,496.5
2015-02-25,501.0
2015-02-26,506.0
2015-02-27,500.0
2015-03-02,501.1
2015-03-03,500.1
2015-03-04,500.1
2015-03-05,503.0
2015-03-06,503.0
2015-03-09,503.0
2015-03-10,500.0
2015-03-11,503.0
2015-03-12,503.0
2015-03-13,503.0
2015-03-16,500.0
2015-03-17,500.0
2015-03-18,503.0
2015-03-19,503.0
2015-03-20,501.0
2015-03-23,504.0
2015-03-24,500.0
2015-03-25,500.5
2015-03-26,500.1
2015-03-27,500.0
2015-03-30,505.1
2015-03-31,498.0
2015-04-01,497.0
2015-04-02,496.25
2015-04-03,500.0
2015-04-06,497.0
2015-04-07,498.0
2015-04-08,498.0
2015-04-09,500.0
2015-04-10,498.2
2015-04-13,497.1
2015-04-14,500.1
2015-04-15,498.1
2015-04-16,500.0
2015-04-17,497.0
2015-04-20,500.0
2015-04-21,499.0
2015-04-22,500.0
2015-04-23,500.0
2015-04-24,500.0
2015-04-27,500.0
2015-04-28,497.2
2015-04-29,497.3
2015-04-30,498.0
2015-05-04,498.0
2015-05-05,499.0
2015-05-06,501.0
2015-05-07,501.0
2015-05-08,500.0
2015-05-11,501.0
2015-05-12,500.0
2015-05-13,500.0
2015-05-14,501.0
2015-05-15,502.0
2015-05-18,502.0
2015-05-19,502.0
2015-05-20,506.1
2015-05-21,508.0
2015-05-22,504.3
2015-05-25,503.1
2015-05-26,503.2
2015-05-27,507.0
2015-05-28,503.8
2015-05-29,503.4
2015-06-01,504.0
2015-06-02,503.2
2015-06-03,504.0
2015-06-04,503.2
2015-06-05,503.2
2015-06-08,503.3
2015-06-09,503.2
2015-06-10,504.0
2015-06-11,504.1
2015-06-12,510.0
2015-06-15,505.1
2015-06-16,505.0
2015-06-17,505.2
2015-06-18,505.2
2015-06-19,509.0
2015-06-22,505.6
2015-06-23,506.2
2015-06-24,507.0
2015-06-25,510.0
2015-06-26,510.0
2015-06-29,505.4
2015-06-30,505.0
2015-07-01,509.9
2015-07-02,506.8
2015-07-03,508.1
2015-07-06,508.0
2015-07-07,508.1
2015-07-08,509.1
2015-07-09,515.2
2015-07-10,520.2
2015-07-13,537.5
2015-07-14,519.5
2015-07-15,524.7
2015-07-16,534.0
2015-07-20,545.0
2015-07-21,545.0
2015-07-22,537.1
2015-07-23,537.0
2015-07-24,537.0
2015-07-27,545.0
2015-07-28,546.0
2015-07-29,565.0
2015-07-31,558.7
2015-08-03,544.0
2015-08-04,560.0
2015-08-05,560.0
2015-08-06,550.0
2015-08-07,548.0
2015-08-10,546.2
2015-08-11,550.0
2015-08-12,546.3
2015-08-13,546.3
2015-08-17,546.3
2015-08-18,560.0
2015-08-19,560.1
2015-08-24,560.0
2015-08-25,560.0
2015-08-26,559.5
2015-08-27,550.0
2015-08-28,548.0
2015-08-31,546.0
2015-09-01,545.5
2015-09-02,546.0
2015-09-03,545.0
2015-09-04,543.5
2015-09-07,520.2
2015-09-08,523.0
2015-09-09,544.8
2015-09-10,534.0
2015-09-11,540.0
2015-09-14,534.4
2015-09-15,540.0
2015-09-16,538.6
2015-09-17,540.2
2015-09-18,549.9
2015-09-21,550.0
2015-09-22,545.0
2015-09-23,554.7
2015-09-28,546.5
2015-09-29,545.0
2015-09-30,552.0
2015-10-01,548.1
2015-10-02,558.9
2015-10-05,550.1
2015-10-06,555.0
2015-10-07,550.5
2015-10-08,555.0
2015-10-09,557.9
2015-10-12,558.0
2015-10-13,555.0
2015-10-14,555.0
2015-10-16,560.0
2015-10-19,552.3
2015-10-20,551.0
2015-10-21,560.0
2015-10-22,560.0
2015-10-23,565.0
2015-10-26,563.0
2015-10-27,573.0
2015-10-28,582.0
2015-10-29,590.0
2015-10-30,584.8
2015-11-02,573.6
2015-11-03,573.0
2015-11-04,585.0
2015-11-05,585.0
2015-11-09,592.0
2015-11-10,585.0
2015-11-11,585.0
2015-11-12,587.0
2015-11-13,582.0
2015-11-16,581.0
2015-11-17,580.1
2015-11-19,580.2
2015-11-20,585.0
2015-11-23,585.0
2015-11-24,581.0
2015-11-25,580.0
2015-11-26,580.0
2015-11-27,580.0
2015-11-30,575.0
2015-12-01,584.9
2015-12-02,580.0
2015-12-03,576.0
2015-12-04,576.1
2015-12-07,575.0
2015-12-08,575.0
2015-12-09,575.0
2015-12-10,575.0
2015-12-11,575.0
2015-12-14,576.0
2015-12-15,575.0
2015-12-16,578.0
2015-12-17,571.0
2015-12-18,588.5
2015-12-21,570.1
2015-12-22,575.0
2015-12-23,585.0
2015-12-28,583.0
2015-12-29,582.0
2015-12-30,572.0
2015-12-31,571.0
2016-01-04,572.1
2016-01-05,574.0
2016-01-06,566.0
2016-01-07,562.5
2016-01-08,570.0
2016-01-12,560.6
2016-01-13,571.0
2016-01-14,565.0
2016-01-15,567.0
2016-01-18,566.1
2016-01-19,562.2
2016-01-20,565.1
2016-01-21,575.1
2016-01-22,580.0
2016-01-25,576.0
2016-01-26,587.0
2016-01-27,600.0
2016-01-28,600.0
2016-01-29,607.0
2016-02-01,600.0
2016-02-02,610.0
2016-02-03,620.0
2016-02-04,620.0
2016-02-05,630.0
2016-02-08,618.0
2016-02-09,618.2
2016-02-10,620.0
2016-02-11,625.9
2016-02-12,619.0
2016-02-15,620.0
2016-02-16,616.2
2016-02-17,613.0
2016-02-18,605.0
2016-02-19,610.0
2016-02-22,601.6
2016-02-23,601.0
2016-02-24,609.0
2016-02-25,601.5
2016-02-26,610.0
2016-02-29,600.0
2016-03-01,609.0
2016-03-02,601.0
2016-03-03,630.0
2016-03-04,619.0
2016-03-07,619.0
2016-03-08,625.0
2016-03-09,620.0
2016-03-10,617.0
2016-03-11,606.0
2016-03-14,619.4
2016-03-15,618.8
2016-03-16,610.0
2016-03-17,610.0
2016-03-18,610.0
2016-03-21,606.0
2016-03-22,607.0
2016-03-23,610.0
2016-03-24,609.0
2016-03-25,610.0
2016-03-28,605.0
2016-03-29,605.0
2016-03-30,605.0
2016-03-31,610.0
2016-04-01,609.0
2016-04-04,617.5
2016-04-05,623.0
2016-04-06,624.0
2016-04-07,624.0
2016-04-08,611.0
2016-04-11,620.0
2016-04-12,620.0
2016-04-13,620.0
2016-04-14,622.0
2016-04-15,625.0
2016-04-18,620.0
2016-04-19,630.0
2016-04-20,647.0
2016-04-21,640.0
2016-04-22,631.0
2016-04-25,631.2
2016-04-26,631.2
2016-04-27,645.0
2016-04-28,680.0
2016-04-29,688.0
2016-05-02,656.0
2016-05-03,668.0
2016-05-04,672.0
2016-05-05,685.9
2016-05-06,680.0
2016-05-09,679.0
2016-05-10,674.0
2016-05-11,690.0
2016-05-12,677.7
2016-05-13,680.0
2016-05-16,679.0
2016-05-17,656.0
2016-05-18,650.0
2016-05-19,673.7
2016-05-20,659.0
2016-05-23,643.0
2016-05-24,657.0
2016-05-25,645.0
2016-05-26,641.1
2016-05-27,639.0
2016-05-30,649.0
2016-05-31,638.1
2016-06-01,637.0
2016-06-02,649.0
2016-06-03,650.0
2016-06-06,650.0
2016-06-07,642.3
2016-06-08,642.0
2016-06-09,640.1
2016-06-10,640.2
2016-06-13,641.0
2016-06-14,641.0
2016-06-15,641.0
2016-06-16,641.0
2016-06-17,641.0
2016-06-20,641.0
2016-06-21,640.1
2016-06-22,638.0
2016-06-23,637.0
2016-06-24,647.0
2016-06-27,630.0
2016-06-28,644.9
2016-06-29,644.9
2016-06-30,645.0
2016-07-01,648.0
2016-07-04,633.2
2016-07-05,634.1
2016-07-11,637.0
2016-07-12,604.0
2016-07-13,634.6
2016-07-14,645.0
2016-07-15,649.9
2016-07-18,645.0
2016-07-19,632.2
2016-07-20,634.0
2016-07-21,620.1
2016-07-22,640.1
2016-07-25,630.1
2016-07-26,640.1
2016-07-27,650.0
2016-07-28,650.1
2016-07-29,655.0
2016-08-01,655.9
2016-08-02,656.1
2016-08-03,669.8
2016-08-04,660.0
2016-08-05,668.9
2016-08-08,669.9
2016-08-09,655.0
2016-08-10,656.0
2016-08-11,660.0
2016-08-12,710.0
2016-08-15,746.0
2016-08-16,750.0
2016-08-17,746.0
2016-08-18,750.0
2016-08-19,732.0
2016-08-22,720.1
2016-08-23,720.0
2016-08-24,736.0
2016-08-25,735.0
2016-08-26,722.0
2016-08-29,740.0
2016-08-30,749.9
2016-08-31,753.9
2016-09-01,750.0
2016-09-02,732.0
2016-09-05,736.1
2016-09-06,738.0
2016-09-07,749.0
2016-09-08,750.0
2016-09-09,738.0
2016-09-14,732.1
2016-09-15,745.0
2016-09-16,739.0
2016-09-19,734.0
2016-09-20,735.1
2016-09-21,732.5
2016-09-22,722.9
2016-09-23,723.0
2016-09-26,710.0
2016-09-27,708.5
2016-09-28,691.0
2016-09-29,700.0
2016-09-30,700.0
2016-10-04,699.0
2016-10-05,700.0
2016-10-06,700.0
2016-10-07,695.0
2016-10-10,713.8
2016-10-11,695.0
2016-10-12,693.0
2016-10-13,693.0
2016-10-14,699.9
2016-10-17,687.0
2016-10-18,688.0
2016-10-19,685.6
2016-10-20,685.3
2016-10-21,685.0
2016-10-24,685.0
2016-10-25,685.5
2016-10-26,690.0
2016-10-27,685.6
2016-10-28,685.6
2016-10-31,700.0
2016-11-01,715.0
2016-11-02,720.0
2016-11-03,721.0
2016-11-04,713.2
2016-11-07,715.0
2016-11-08,725.0
2016-11-09,720.0
2016-11-10,730.0
2016-11-11,730.0
2016-11-14,740.0
2016-11-15,728.0
2016-11-16,721.0
2016-11-17,740.0
2016-11-21,725.1
2016-11-22,725.1
2016-11-23,725.5
2016-11-24,724.0
2016-11-25,725.0
2016-11-28,740.0
2016-11-29,723.1
2016-11-30,740.0
2016-12-01,740.0
2016-12-02,736.1
2016-12-05,740.0
2016-12-06,740.0
2016-12-07,730.0
2016-12-08,725.8
2016-12-09,745.0
2016-12-14,751.0
2016-12-15,741.1
2016-12-16,775.0
2016-12-19,780.0
2016-12-20,763.4
2016-12-21,760.0
2016-12-22,753.0
2016-12-23,788.0
2016-12-26,778.0
2016-12-27,788.0
2016-12-28,750.1
2016-12-29,762.0
2016-12-30,780.0
2017-01-02,750.3
2017-01-03,760.0
2017-01-04,772.6
2017-01-05,800.0
2017-01-06,815.5
2017-01-09,815.0
2017-01-10,838.9
2017-01-12,833.9
2017-01-13,810.0
2017-01-16,804.0
2017-01-17,790.0
2017-01-18,790.0
2017-01-19,795.0
2017-01-20,810.0
2017-01-23,805.0
2017-01-24,804.8
2017-01-25,804.8
2017-01-26,805.0
2017-01-27,810.0
2017-01-30,799.2
2017-01-31,800.5
2017-02-01,800.0
2017-02-02,794.0
2017-02-03,803.9
2017-02-06,805.0
2017-02-07,805.0
2017-02-08,809.0
2017-02-09,800.0
2017-02-10,816.0
2017-02-13,802.0
2017-02-14,796.6
2017-02-15,796.0
2017-02-16,800.0
2017-02-17,800.0
2017-02-20,797.0
2017-02-21,795.5
2017-02-22,790.0
2017-02-23,805.9
2017-02-24,782.2
2017-02-27,780.0
2017-02-28,800.0
2017-03-01,780.0
2017-03-02,783.0
2017-03-03,780.0
2017-03-06,780.0
2017-03-07,770.0
2017-03-08,780.0
2017-03-09,780.0
2017-03-10,780.0
2017-03-13,780.3
2017-03-14,781.5
2017-03-15,789.8
2017-03-16,796.9
2017-03-17,780.0
2017-03-20,776.0
2017-03-21,792.9
2017-03-22,790.0
2017-03-23,776.0
2017-03-24,771.0
2017-03-27,775.0
2017-03-28,799.9
2017-03-29,779.0
2017-03-30,780.0
2017-03-31,775.0
2017-04-03,770.1
2017-04-04,773.9
2017-04-05,790.0
2017-04-06,775.0
2017-04-07,789.9
2017-04-10,794.9
2017-04-11,790.0
2017-04-12,776.5
2017-04-13,775.0
2017-04-14,777.1
2017-04-17,777.0
2017-04-18,777.0
2017-04-19,796.8
2017-04-20,796.8
2017-04-21,780.0
2017-04-24,777.7
2017-04-25,777.1
2017-04-26,778.1
2017-04-27,801.0
2017-04-28,806.0
2017-05-02,806.0
2017-05-03,800.2
2017-05-04,805.0
2017-05-05,799.1
2017-05-08,801.0
2017-05-09,813.0
2017-05-10,820.0
2017-05-11,808.0
2017-05-12,816.0
2017-05-15,810.0
2017-05-16,809.0
2017-05-17,809.0
2017-05-18,813.0
2017-05-19,813.0
2017-05-22,805.1
2017-05-23,805.2
2017-05-24,819.0
2017-05-25,819.0
2017-05-26,807.4
2017-05-29,807.8
2017-05-30,819.0
2017-05-31,845.0
2017-06-01,843.9
2017-06-02,843.0
2017-06-05,826.0
2017-06-06,831.5
2017-06-07,845.0
2017-06-08,870.0
2017-06-09,835.0
2017-06-12,845.0
2017-06-13,790.0
2017-06-14,811.1
2017-06-15,835.0
2017-06-16,814.2
2017-06-19,819.5
2017-06-20,840.0
2017-06-21,840.0
2017-06-22,852.0
2017-06-23,850.0
2017-06-28,838.0
2017-06-29,850.0
2017-06-30,863.0
2017-07-03,864.5
2017-07-04,843.0
2017-07-05,850.0
2017-07-06,870.0
2017-07-07,870.0
2017-07-10,855.0
2017-07-11,867.0
2017-07-12,853.0
2017-07-13,862.5
2017-07-14,865.0
2017-07-17,855.0
2017-07-18,850.0
2017-07-19,850.0
2017-07-20,850.0
2017-07-21,850.0
2017-07-24,856.0
2017-07-25,847.0
2017-07-26,863.0
2017-07-27,863.0
2017-07-28,845.0
2017-07-31,845.4
2017-08-01,846.0
2017-08-02,844.2
2017-08-03,845.0
2017-08-04,844.3
2017-08-07,844.3
2017-08-08,864.0
2017-08-09,846.0
2017-08-10,846.1
2017-08-11,860.0
2017-08-15,848.5
2017-08-16,848.2
2017-08-17,850.1
2017-08-18,859.0
2017-08-22,859.0
2017-08-23,850.1
2017-08-24,850.1
2017-08-25,859.0
2017-08-28,859.0
2017-08-29,851.0
2017-08-30,851.0
2017-08-31,852.0
2017-09-04,857.0
2017-09-05,855.0
2017-09-06,860.0
2017-09-07,870.0
2017-09-08,879.0
2017-09-11,879.0
2017-09-12,880.0
2017-09-13,900.0
2017-09-14,910.0
2017-09-15,886.0
2017-09-18,900.0
2017-09-19,879.0
2017-09-20,870.0
2017-09-21,870.0
2017-09-25,866.0
2017-09-26,852.0
2017-09-27,860.0
2017-09-28,850.0
2017-09-29,830.0
2017-10-02,836.1
2017-10-03,850.0
2017-10-04,870.0
2017-10-05,851.0
2017-10-06,851.2
2017-10-09,851.2
2017-10-10,853.2
2017-10-11,855.2
2017-10-12,855.2
2017-10-13,877.0
2017-10-16,856.0
2017-10-17,860.0
2017-10-18,860.0
2017-10-19,855.3
2017-10-20,870.0
2017-10-23,856.4
2017-10-24,856.0
2017-10-25,856.7
2017-10-26,860.0
2017-10-27,870.0
2017-10-30,860.0
2017-10-31,870.0
2017-11-01,870.0
2017-11-02,861.0
2017-11-03,870.0
2017-11-07,875.0
2017-11-08,860.3
2017-11-09,861.1
2017-11-10,880.0
2017-11-13,880.0
2017-11-14,880.1
2017-11-15,885.0
2017-11-16,873.0
2017-11-17,873.1
2017-11-20,890.0
2017-11-21,880.0
2017-11-22,906.1
2017-11-23,949.0
2017-11-24,916.0
2017-11-27,915.0
2017-11-28,910.0
2017-11-29,915.5
2017-11-30,930.0
2017-12-04,911.0
2017-12-05,910.0
2017-12-06,910.0
2017-12-07,910.0
2017-12-08,892.0
2017-12-11,892.0
2017-12-12,905.0
2017-12-13,910.0
2017-12-14,919.0
2017-12-15,919.0
2017-12-18,902.0
2017-12-19,915.0
2017-12-20,915.0
2017-12-21,907.0
2017-12-22,900.0
2017-12-25,890.0
2017-12-26,910.0
2017-12-27,905.0
2017-12-28,905.2
2017-12-29,920.0
2018-01-02,911.1
2018-01-03,915.0
2018-01-04,907.1
2018-01-05,939.9
2018-01-08,945.0
2018-01-09,955.0
2018-01-10,934.3
2018-01-12,940.2
2018-01-15,987.9
2018-01-16,1010.0
2018-01-17,985.0
2018-01-18,1000.0
2018-01-19,1005.0
2018-01-22,1010.0
2018-01-23,1010.0
2018-01-24,1012.0
2018-01-25,1020.0
2018-01-26,1016.0
2018-01-29,1012.0
2018-01-30,1040.0
2018-01-31,1040.0
2018-02-01,1050.0
2018-02-02,1035.0
2018-02-05,1030.0
2018-02-06,1010.0
2018-02-07,1002.0
2018-02-08,1019.0
2018-02-09,1010.0
2018-02-12,997.0
2018-02-13,997.2
2018-02-14,1018.0
2018-02-15,1000.0
2018-02-16,1000.0
2018-02-19,1000.0
2018-02-20,1000.0
2018-02-21,998.0
2018-02-22,1000.0
2018-02-23,992.0
2018-02-26,1000.0
2018-02-27,1009.0
2018-02-28,1000.0
2018-03-01,1001.0
2018-03-02,1001.0
2018-03-05,1005.0
2018-03-06,1005.0
2018-03-07,1010.0
2018-03-08,1000.0
2018-03-09,1004.0
2018-03-12,995.8
2018-03-13,995.0
2018-03-14,995.0
2018-03-15,996.0
2018-03-16,994.1
2018-03-19,994.0
2018-03-20,995.0
2018-03-21,971.0
2018-03-22,967.0
2018-03-23,970.0
2018-03-26,979.0
2018-03-27,962.0
2018-03-28,962.0
2018-03-29,942.0
2018-03-30,960.0
2018-04-02,979.0
2018-04-03,977.0
2018-04-04,952.0
2018-04-05,978.0
2018-04-06,961.0
2018-04-09,960.1
2018-04-10,975.0
2018-04-11,977.9
2018-04-12,977.9
2018-04-13,996.0
2018-04-16,970.0
2018-04-17,970.0
2018-04-18,975.0
2018-04-19,972.5
2018-04-20,975.0
2018-04-23,963.1
2018-04-24,980.0
2018-04-25,990.0
2018-04-26,973.2
2018-04-27,990.0
2018-04-30,975.1
2018-05-02,993.5
2018-05-03,980.0
2018-05-04,985.0
2018-05-07,985.0
2018-05-08,976.0
2018-05-09,975.6
2018-05-10,976.1
2018-05-11,980.0
2018-05-14,976.0
2018-05-15,976.0
2018-05-16,940.0
2018-05-17,965.0
2018-05-18,974.0
2018-05-21,960.0
2018-05-22,960.0
2018-05-23,930.0
2018-05-24,910.0
2018-05-25,900.0
2018-05-28,900.0
2018-05-29,899.0
2018-05-30,881.0
2018-05-31,861.3
2018-06-01,900.0
2018-06-04,900.0
2018-06-05,899.0
2018-06-06,900.0
2018-06-07,900.0
2018-06-08,900.0
2018-06-11,900.0
2018-06-12,900.0
2018-06-13,885.0
2018-06-14,900.0
2018-06-18,915.0
2018-06-19,891.0
2018-06-20,900.1
2018-06-21,940.0
2018-06-22,940.0
2018-06-25,890.0
2018-06-26,890.0
2018-06-27,930.0
2018-06-28,925.0
2018-06-29,880.0
2018-07-02,876.1
2018-07-03,923.0
2018-07-04,923.0
2018-07-05,923.0
2018-07-06,919.0
2018-07-09,897.0
2018-07-10,881.0
2018-07-11,880.0
2018-07-12,875.0
2018-07-13,899.0
2018-07-16,840.0
2018-07-17,840.0
2018-07-18,840.0
2018-07-19,850.0
2018-07-20,890.0
2018-07-23,851.0
2018-07-24,851.0
2018-07-25,889.0
2018-07-26,851.0
2018-07-27,860.0
2018-07-31,850.0
2018-08-01,840.0
2018-08-02,840.0
2018-08-03,850.0
2018-08-06,827.1
2018-08-07,850.0
2018-08-08,865.0
2018-08-09,879.5
2018-08-10,886.0
2018-08-13,858.0
2018-08-15,858.0
2018-08-16,860.0
2018-08-17,869.0
2018-08-24,861.5
2018-08-27,861.5
2018-08-28,860.0
2018-08-29,846.0
2018-08-30,850.0
2018-08-31,860.0
2018-09-03,843.1
2018-09-04,858.0
2018-09-05,846.0
2018-09-06,843.0
2018-09-07,840.0
2018-09-10,810.5
2018-09-12,815.0
2018-09-13,820.0
2018-09-14,815.0
2018-09-17,815.0
2018-09-18,835.0
2018-09-19,830.0
2018-09-20,844.9
2018-09-21,858.0
2018-09-24,858.0
2018-09-25,871.0
2018-09-26,870.0
2018-09-27,896.0
2018-09-28,890.0
2018-10-01,867.0
2018-10-02,860.0
2018-10-03,862.0
2018-10-04,863.5
2018-10-05,860.2
2018-10-08,860.4
2018-10-09,860.0
2018-10-10,852.0
2018-10-11,852.0
2018-10-12,845.0
2018-10-15,840.0
2018-10-16,840.0
2018-10-17,837.0
2018-10-18,860.0
2018-10-19,880.0
2018-10-22,895.0
2018-10-23,895.0
2018-10-24,863.0
2018-10-25,859.0
2018-10-26,859.0
2018-10-29,850.0
2018-10-30,842.0
2018-10-31,842.0
2018-11-01,844.0
2018-11-02,855.0
2018-11-05,855.0
2018-11-07,855.0
2018-11-08,880.0
2018-11-09,885.0
2018-11-12,851.0
2018-11-13,889.9
2018-11-14,892.0
2018-11-15,895.0
2018-11-16,895.0
2018-11-19,868.0
2018-11-22,869.0
2018-11-23,860.0
2018-11-26,850.0
2018-11-27,860.0
2018-11-28,848.0
2018-11-29,852.2
2018-11-30,875.0
2018-12-03,875.0
2018-12-04,887.0
2018-12-05,880.0
2018-12-06,885.0
2018-12-07,865.0
2018-12-10,860.0
2018-12-11,875.0
2018-12-12,866.0
2018-12-13,878.0
2018-12-14,880.0
2018-12-17,880.0
2018-12-18,890.0
2018-12-19,881.5
2018-12-20,883.0
2018-12-21,890.0
2018-12-24,879.0
2018-12-25,883.0
2018-12-26,880.0
2018-12-27,845.0
2018-12-28,890.0
2018-12-31,890.0
2019-01-02,874.1
2019-01-03,880.0
2019-01-04,890.0
2019-01-07,870.0
2019-01-08,870.0
2019-01-09,870.5
2019-01-10,870.0
2019-01-14,870.0
2019-01-15,870.0
2019-01-16,870.0
2019-01-17,870.0
2019-01-18,870.2
2019-01-21,900.0
2019-01-22,900.0
2019-01-23,892.0
2019-01-24,920.0
2019-01-25,931.0
2019-01-28,906.0
2019-01-29,916.0
2019-01-30,931.0
2019-01-31,931.0
2019-02-01,931.0
2019-02-04,925.0
2019-02-05,921.0
2019-02-06,950.0
2019-02-07,939.0
2019-02-08,955.0
2019-02-11,950.0
2019-02-12,938.0
2019-02-13,941.0
2019-02-14,950.0
2019-02-15,944.0
2019-02-18,940.0
2019-02-19,950.0
2019-02-20,950.0
2019-02-21,942.0
2019-02-22,964.0
2019-02-25,955.0
2019-02-26,951.0
2019-02-27,950.0
2019-02-28,926.0
2019-03-01,940.0
2019-03-04,949.0
2019-03-05,940.0
2019-03-06,940.0
2019-03-07,981.0
2019-03-08,935.0
2019-03-11,935.0
2019-03-12,924.0
2019-03-13,928.0
2019-03-14,935.0
2019-03-15,907.0
2019-03-18,901.0
2019-03-19,905.0
2019-03-20,910.0
2019-03-21,910.0
2019-03-22,901.0
2019-03-25,900.0
2019-03-26,900.0
2019-03-27,900.0
2019-03-28,920.0
2019-03-29,895.1
2019-04-01,913.0
2019-04-02,900.0
2019-04-03,900.0
2019-04-04,888.0
2019-04-05,870.0
2019-04-08,855.0
2019-04-09,861.0
2019-04-10,875.5
2019-04-11,857.0
2019-04-12,875.0
2019-04-15,875.0
2019-04-16,865.0
2019-04-17,865.0
2019-04-18,865.1
2019-04-19,887.0
2019-04-22,887.0
2019-04-23,868.6
2019-04-24,869.0
2019-04-25,868.5
2019-04-26,868.7
2019-04-29,870.0
2019-04-30,870.0
2019-05-02,871.0
2019-05-03,872.0
2019-05-06,872.0
2019-05-07,872.5
2019-05-08,873.1
2019-05-09,873.1
2019-05-10,873.1
2019-05-13,885.0
2019-05-14,865.0
2019-05-15,870.0
2019-05-16,888.0
2019-05-17,863.0
2019-05-20,865.0
2019-05-21,870.0
2019-05-22,870.0
2019-05-23,870.0
2019-05-24,856.5
2019-05-27,856.8
2019-05-28,859.0
2019-05-29,861.0
2019-05-30,865.0
2019-05-31,865.0
2019-06-03,865.0
2019-06-04,867.0
2019-06-10,865.5
2019-06-11,885.0
2019-06-12,865.7
2019-06-13,860.6
2019-06-14,862.5
2019-06-17,862.5
2019-06-18,858.0
2019-06-19,860.0
2019-06-20,860.0
2019-06-21,862.0
2019-06-24,862.0
2019-06-25,862.1
2019-06-26,872.0
2019-06-27,872.0
2019-06-28,870.0
2019-07-01,875.0
2019-07-02,871.1
2019-07-03,866.0
2019-07-04,884.0
2019-07-05,889.0
2019-07-08,908.0
2019-07-09,872.5
2019-07-10,892.0
2019-07-11,878.0
2019-07-12,895.0
2019-07-15,895.0
2019-07-16,880.0
2019-07-17,860.0
2019-07-18,870.1
2019-07-19,872.0
2019-07-22,872.0
2019-07-23,872.0
2019-07-24,873.0
2019-07-25,890.0
2019-07-26,898.0
2019-07-29,875.5
2019-07-31,900.0
2019-08-01,890.0
2019-08-02,885.0
2019-08-05,900.0
2019-08-06,895.0
2019-08-07,895.0
2019-08-08,880.0
2019-08-09,881.0
2019-08-15,881.0
2019-08-16,895.0
2019-08-19,895.0
2019-08-22,890.0
2019-08-23,890.0
2019-08-26,885.0
2019-08-27,905.0
2019-08-28,906.0
2019-08-29,910.0
2019-08-30,910.0
2019-09-02,928.0
2019-09-03,910.0
2019-09-04,900.0
2019-09-05,910.0
2019-09-06,900.0
2019-09-09,900.0
2019-09-10,891.0
2019-09-11,900.0
2019-09-12,891.0
2019-09-13,905.0
2019-09-16,900.0
2019-09-17,918.0
2019-09-18,918.0
2019-09-19,890.0
2019-09-20,891.0
2019-09-23,891.0
2019-09-24,892.0
2019-09-25,892.0
2019-09-26,888.0
2019-09-27,888.0
2019-09-30,890.0
2019-10-01,883.0
2019-10-02,884.0
2019-10-03,884.0
2019-10-04,880.0
2019-10-07,873.1
2019-10-08,873.2
2019-10-09,872.0
2019-10-10,872.0
2019-10-11,890.0
2019-10-14,890.0
2019-10-15,880.0
2019-10-16,872.0
2019-10-17,870.0
2019-10-18,880.0
2019-10-21,900.0
2019-10-22,880.1
2019-10-23,880.1
2019-10-24,880.1
2019-10-25,890.0
2019-10-28,882.0
2019-10-29,884.0
2019-10-30,884.0
2019-10-31,884.0
2019-11-01,884.0
2019-11-04,884.0
2019-11-05,884.0
2019-11-07,884.0
2019-11-08,900.0
2019-11-12,879.0
2019-11-13,881.0
2019-11-14,870.2
2019-11-15,875.0
2019-11-19,875.0
2019-11-20,875.0
2019-11-21,875.0
2019-11-22,895.0
2019-11-25,895.0
2019-11-26,897.0
2019-11-27,900.0
2019-11-28,900.0
2019-11-29,920.0
2019-12-02,893.0
2019-12-03,894.0
2019-12-04,905.0
2019-12-05,900.0
2019-12-06,918.0
2019-12-09,925.0
2019-12-10,896.0
2019-12-11,910.0
2019-12-12,910.0
2019-12-13,940.0
2019-12-16,905.0
2019-12-17,911.0
2019-12-18,920.0
2019-12-19,925.0
2019-12-20,950.0
2019-12-23,950.0
2019-12-24,949.0
2019-12-25,948.0
2019-12-26,925.0
2019-12-27,947.0
2019-12-30,946.0
2019-12-31,929.0
2020-01-02,929.0
2020-01-03,929.0
2020-01-06,929.0
2020-01-07,914.0
2020-01-08,901.1
2020-01-09,944.0
2020-01-10,944.0
2020-01-13,940.0
2020-01-14,915.5
2020-01-15,935.0
2020-01-16,918.6
2020-01-17,930.0
2020-01-20,921.4
2020-01-21,925.0
2020-01-22,937.0
2020-01-23,937.0
2020-01-24,930.0
2020-01-27,965.1
2020-01-28,971.0
2020-01-29,971.0
2020-01-30,956.0
2020-01-31,970.0
2020-02-03,953.3
2020-02-04,925.0
2020-02-05,956.0
2020-02-06,933.0
2020-02-07,932.1
2020-02-10,927.0
2020-02-11,927.5
2020-02-12,927.5
2020-02-13,927.0
2020-02-14,964.0
2020-02-17,935.1
2020-02-18,945.3
2020-02-19,945.3
2020-02-20,936.0
2020-02-21,960.0
2020-02-24,938.1
2020-02-25,941.0
2020-02-26,945.0
2020-02-27,945.0
2020-02-28,944.0
2020-03-02,931.0
2020-03-03,931.0
2020-03-04,935.0
2020-03-05,900.0
2020-03-06,900.0
2020-03-09,873.0
2020-03-10,900.0
2020-03-11,900.0
2020-03-12,830.0
2020-03-13,810.0
2020-03-16,740.0
2020-03-17,713.0
2020-03-18,705.1
2020-03-19,733.3
2020-03-20,762.6
2020-03-23,793.1
2020-03-24,823.0
2020-03-25,790.5
2020-03-26,795.0
2020-03-27,795.0
2020-03-30,795.0
2020-03-31,795.0
2020-04-01,795.0
2020-04-02,786.0
2020-04-03,800.0
2020-04-06,789.0
2020-04-07,790.0
2020-04-08,801.0
2020-04-09,815.0
2020-04-10,844.0
2020-04-13,850.0
2020-04-14,830.0
2020-04-15,840.0
2020-04-16,818.0
2020-04-17,840.0
2020-04-20,846.0
2020-04-21,839.0
2020-04-22,839.0
2020-04-23,839.0
2020-04-24,842.0
2020-04-27,850.0
2020-04-28,833.0
2020-04-29,833.5
2020-04-30,850.0
2020-05-04,850.0
2020-05-05,850.0
2020-05-06,868.0
2020-05-07,870.0
2020-05-08,860.0
2020-05-11,855.0
2020-05-12,851.0
2020-05-13,871.4
2020-05-14,871.9
2020-05-15,870.9
2020-05-18,862.0
2020-05-19,856.0
2020-05-20,856.0
2020-05-21,856.0
2020-05-22,870.0
2020-05-26,857.0
2020-05-27,875.0
2020-05-28,900.0
2020-05-29,900.0
2020-06-01,900.0
2020-06-02,890.0
2020-06-03,890.0
2020-06-04,890.0
2020-06-05,906.0
2020-06-08,895.0
2020-06-09,880.0
2020-06-10,880.0
2020-06-11,890.0
2020-06-12,890.0
2020-06-15,890.0
2020-06-16,890.0
2020-06-17,920.0
2020-06-18,890.1
2020-06-19,890.1
2020-06-22,890.1
2020-06-23,890.1
2020-06-24,890.0
2020-06-25,890.0
2020-06-26,890.0
2020-06-29,863.0
2020-06-30,863.0
2020-07-01,890.0
2020-07-02,890.0
2020-07-03,890.0
2020-07-06,865.1
2020-07-07,865.1
2020-07-08,889.0
2020-07-09,890.0
2020-07-10,885.0
2020-07-13,885.0
2020-07-14,882.9
2020-07-15,880.0
2020-07-16,865.0
2020-07-17,870.0
2020-07-20,870.0
2020-07-21,873.0
2020-07-22,884.9
2020-07-23,884.9
2020-07-24,872.0
2020-07-27,872.0
2020-07-28,875.0
2020-07-29,870.0
2020-08-03,861.1
2020-08-04,861.0
2020-08-05,860.0
2020-08-06,860.0
2020-08-07,884.9
2020-08-10,884.9
2020-08-11,865.0
2020-08-12,850.2
2020-08-13,878.0
2020-08-17,870.0
2020-08-18,860.0
2020-08-19,860.0
2020-08-24,870.0
2020-08-25,870.0
2020-08-26,870.0
2020-08-27,879.0
2020-08-28,870.0
2020-08-31,878.0
2020-09-01,878.0
2020-09-02,870.0
2020-09-03,870.0
2020-09-04,875.0
2020-09-07,875.0
2020-09-08,870.0
2020-09-09,870.0
2020-09-10,889.9
2020-09-11,885.0
2020-09-14,870.0
2020-09-15,870.0
2020-09-16,870.0
2020-09-17,875.0
2020-09-18,880.0
2020-09-21,890.0
2020-09-22,890.0
2020-09-23,889.0
2020-09-24,880.0
2020-09-25,881.0
2020-09-28,884.0
2020-09-29,880.0
2020-09-30,884.0
2020-10-01,888.9
2020-10-02,885.0
2020-10-05,873.0
2020-10-06,885.0
2020-10-07,890.0
2020-10-08,891.0
2020-10-09,891.0
2020-10-12,890.0
2020-10-13,900.0
2020-10-14,900.0
2020-10-15,900.0
2020-10-16,900.0
2020-10-19,902.0
2020-10-20,900.0
2020-10-21,910.0
2020-10-22,919.0
2020-10-23,919.0
2020-10-26,919.0
2020-10-27,930.0
2020-10-28,920.0
2020-11-02,920.0
2020-11-03,920.0
2020-11-04,930.0
2020-11-05,938.8
2020-11-09,938.0
2020-11-10,938.8
2020-11-11,935.0
2020-11-12,936.0
2020-11-13,944.9
2020-11-16,940.0
2020-11-17,940.0
2020-11-19,944.0
2020-11-20,946.1
2020-11-23,970.0
2020-11-24,970.0
2020-11-25,964.9
2020-11-26,945.7
2020-11-27,940.1
2020-11-30,959.0
2020-12-01,940.0
2020-12-02,935.0
2020-12-03,952.0
2020-12-04,936.0
2020-12-07,936.0
2020-12-08,935.0
2020-12-09,939.0
2020-12-10,937.0
2020-12-11,940.0
2020-12-14,916.0
2020-12-15,935.0
2020-12-16,935.0
2020-12-17,930.0
2020-12-18,930.0
2020-12-21,911.0
2020-12-22,929.2
2020-12-23,927.0
2020-12-24,916.0
2020-12-25,933.0
2020-12-28,930.0
2020-12-29,912.0
2020-12-30,915.0
2020-12-31,915.0
2021-01-04,915.0
2021-01-05,919.0
2021-01-06,915.0
2021-01-07,919.0
2021-01-08,914.0
2021-01-12,905.0
2021-01-13,910.0
2021-01-14,914.5
2021-01-15,934.9
2021-01-18,930.0
2021-01-19,950.0
2021-01-20,950.0
2021-01-21,935.0
2021-01-22,930.0
2021-01-25,935.0
2021-01-26,945.0
2021-01-27,945.0
2021-01-28,944.0
2021-01-29,935.1
2021-02-01,945.0
2021-02-02,942.0
2021-02-03,940.0
2021-02-04,936.0
2021-02-05,940.0
2021-02-08,935.0
2021-02-09,935.5
2021-02-10,935.1
2021-02-11,935.2
2021-02-12,935.2
2021-02-15,935.2
2021-02-16,940.0
2021-02-17,922.0
2021-02-18,928.0
2021-02-19,925.0
2021-02-22,940.0
2021-02-23,940.0
2021-02-24,935.0
2021-02-25,935.0
2021-02-26,938.9
2021-03-01,940.0
2021-03-02,940.0
2021-03-03,920.1
2021-03-04,920.1
2021-03-05,920.1
2021-03-08,947.0
2021-03-09,926.2
2021-03-10,942.1
2021-03-11,937.0
2021-03-12,939.9
2021-03-15,930.0
2021-03-16,945.0
2021-03-17,960.0
2021-03-18,960.1
2021-03-19,948.6
2021-03-22,955.0
2021-03-23,962.5
2021-03-24,961.0
2021-03-25,946.0
2021-03-26,962.5
2021-03-29,962.5
2021-03-30,970.0
2021-03-31,965.0
2021-04-01,968.0
2021-04-02,965.0
2021-04-05,951.0
2021-04-06,955.0
2021-04-07,950.0
2021-04-08,950.0
2021-04-09,945.2
2021-04-12,965.0
2021-04-13,965.0
2021-04-14,960.0
2021-04-15,965.0
2021-04-16,970.0
2021-04-19,965.0
2021-04-20,965.1
2021-04-21,965.1
2021-04-22,966.0
2021-04-23,975.0
2021-04-26,980.0
2021-04-27,980.0
2021-04-28,999.0
2021-04-29,995.0
2021-04-30,982.0
2021-05-03,999.0
2021-05-04,999.0
2021-05-05,994.0
2021-05-06,999.0
2021-05-07,1009.0
2021-05-10,1010.0
2021-05-11,1023.0
2021-05-12,1021.0
2021-05-17,1010.0
2021-05-18,1003.0
2021-05-19,1023.0
2021-05-20,1016.0
2021-05-21,1021.0
2021-05-24,1050.0
2021-05-25,1030.0
2021-05-26,1035.0
2021-05-27,1026.0
2021-05-28,1026.0
2021-05-31,1023.0
2021-06-01,1015.0
2021-06-02,1035.0
2021-06-03,1035.0
2021-06-04,1042.0
2021-06-07,1022.0
2021-06-08,1035.0
2021-06-09,1036.0
2021-06-10,1040.0
2021-06-11,1040.0
2021-06-14,1035.0
2021-06-15,1030.0
2021-06-16,1035.0
2021-06-17,1025.0
2021-06-18,1025.0
2021-06-21,1020.0
2021-06-22,1028.0
2021-06-23,1028.0
2021-06-24,1025.0
2021-06-25,1035.0
2021-06-28,1039.0
2021-06-29,1027.0
2021-06-30,1027.0
2021-07-01,1029.0
2021-07-02,1040.0
2021-07-05,1026.0
2021-07-06,1034.0
2021-07-07,1030.0
2021-07-08,1010.0
2021-07-09,999.0
2021-07-12,982.2
2021-07-13,981.2
2021-07-14,980.0
2021-07-15,974.0
2021-07-16,970.1
2021-07-19,985.0
2021-07-20,973.0
2021-07-23,973.0
2021-07-26,975.0
2021-07-27,976.1
2021-07-28,975.3
2021-07-29,999.0
2021-08-02,980.0
2021-08-03,980.0
2021-08-04,976.0
2021-08-05,980.0
2021-08-06,990.0
2021-08-09,971.4
2021-08-11,997.6
2021-08-12,980.0
2021-08-13,975.0
2021-08-16,975.0
2021-08-17,975.0
2021-08-18,975.0
2021-08-19,995.0
2021-08-23,995.0
2021-08-24,987.0
2021-08-25,995.9
2021-08-26,982.5
2021-08-27,970.1
2021-08-30,961.0
2021-08-31,963.0
2021-09-01,980.0
2021-09-02,980.0
2021-09-03,980.0
2021-09-06,980.0
2021-09-07,980.0
2021-09-08,980.0
2021-09-09,980.0
2021-09-10,1018.0
2021-09-13,1018.0
2021-09-14,1016.0
2021-09-15,1005.0
2021-09-16,1007.0
2021-09-17,1010.0
2021-09-20,1010.0
2021-09-21,1000.0
2021-09-22,1010.0
2021-09-23,1015.0
2021-09-24,1026.0
2021-09-27,1002.0
2021-09-28,1028.0
2021-09-29,1028.0
2021-09-30,1028.0
2021-10-01,1030.0
2021-10-04,1025.0
2021-10-05,1020.0
2021-10-06,1030.0
2021-10-07,1030.0
2021-10-08,1030.0
2021-10-11,1032.0
2021-10-12,1084.0
2021-10-13,1080.0
2021-10-14,1080.0
2021-10-15,1094.0
2021-10-18,1093.0
2021-10-21,1061.0
2021-10-22,1085.0
2021-10-25,1075.0
2021-10-26,1078.0
2021-10-27,1098.0
2021-10-28,1103.0
2021-10-29,1100.0
2021-11-01,1101.0
2021-11-02,1100.0
2021-11-03,1140.0
2021-11-04,1117.0
2021-11-05,1100.0
2021-11-08,1070.0
2021-11-09,1070.0
2021-11-10,1070.0
2021-11-11,1100.0
2021-11-12,1100.0
2021-11-15,1100.0
2021-11-16,1100.0
2021-11-17,1090.0
2021-11-19,1115.0
2021-11-22,1120.0
2021-11-23,1120.0
2021-11-24,1120.0
2021-11-25,1087.0
2021-11-26,1096.0
2021-11-29,1080.0
2021-11-30,1081.0
2021-12-01,1081.0
2021-12-02,1088.0
2021-12-03,1095.0
2021-12-06,1100.0
2021-12-07,1090.0
2021-12-08,1090.0
2021-12-09,1092.0
2021-12-10,1100.0
2021-12-13,1100.0
2021-12-14,1100.0
2021-12-15,1100.0
2021-12-16,1100.0
2021-12-17,1100.0
2021-12-20,1100.0
2021-12-21,1100.0
2021-12-22,1100.0
2021-12-23,1100.0
2021-12-24,1100.0
2021-12-27,1100.0
2021-12-28,1091.0
2021-12-29,1105.0
2021-12-30,1100.0
2021-12-31,1050.0
2022-01-03,1053.0
2022-01-04,1053.0
2022-01-05,1100.0
2022-01-06,1100.0
2022-01-07,1140.0
2022-01-10,1103.0
2022-01-12,1104.0
2022-01-13,1140.0
2022-01-14,1162.0
2022-01-17,1215.0
2022-01-18,1220.0
2022-01-19,1245.0
2022-01-20,1231.0
2022-01-21,1221.0
2022-01-24,1220.0
2022-01-25,1200.0
2022-01-26,1215.0
2022-01-27,1200.0
2022-01-28,1200.0
2022-01-31,1200.0
2022-02-01,1200.0
2022-02-02,1205.0
2022-02-03,1220.0
2022-02-04,1250.0
2022-02-07,1233.0
2022-02-08,1240.0
2022-02-09,1226.0
2022-02-10,1249.0
2022-02-11,1249.0
2022-02-14,1212.0
2022-02-15,1196.0
2022-02-16,1197.0
2022-02-17,1228.0
2022-02-18,1160.0
2022-02-21,1190.0
2022-02-22,1160.0
2022-02-23,1165.0
2022-02-24,1158.0
2022-02-25,1158.0
2022-02-28,1160.0
2022-03-01,1159.0
2022-03-02,1107.0
2022-03-03,1100.0
2022-03-04,1050.0
2022-03-07,1035.0
2022-03-08,1039.0
2022-03-09,1058.0
2022-03-10,1036.0
2022-03-11,1083.0
2022-03-14,1083.0
2022-03-15,1051.0
2022-03-16,1053.0
2022-03-17,1057.0
2022-03-18,1100.0
2022-03-21,1100.0
2022-03-22,1090.0
2022-03-23,1090.0
2022-03-24,1066.0
2022-03-25,1065.0
2022-03-28,1065.0
2022-03-29,1068.0
2022-03-30,1069.0
2022-03-31,1070.0
2022-04-01,1090.0
2022-04-04,1095.0
2022-04-05,1095.0
2022-04-06,1080.0
2022-04-07,1073.0
2022-04-08,1066.0
2022-04-11,1067.0
2022-04-12,1070.0
2022-04-13,1070.0
2022-04-14,1070.0
2022-04-15,1067.0
2022-04-18,1051.0
2022-04-19,1065.0
2022-04-20,1100.0
2022-04-21,1150.0
2022-04-22,1150.0
2022-04-25,1150.0
2022-04-26,1148.0
2022-04-27,1120.0
2022-04-28,1120.0
2022-04-29,1145.0
2022-05-04,1145.0
2022-05-05,1145.0
2022-05-06,1120.0
2022-05-09,1121.0
2022-05-10,1054.0
2022-05-11,1057.0
2022-05-12,1069.0
2022-05-13,1080.0
2022-05-16,1100.0
2022-05-17,1090.0
2022-05-18,1071.0
2022-05-19,1084.0
2022-05-20,1140.0
2022-05-23,1135.0
2022-05-24,1078.0
2022-05-25,1078.0
2022-05-26,1078.0
2022-05-27,1085.0
2022-05-30,1078.0
2022-05-31,1078.0
2022-06-01,1090.0
2022-06-02,1077.0
2022-06-03,1079.0
2022-06-06,1079.0
2022-06-07,1143.0
2022-06-08,1100.0
2022-06-09,1110.0
2022-06-10,1110.0
2022-06-13,1110.0
2022-06-14,1110.0
2022-06-15,1110.0
2022-06-16,1104.0
2022-06-17,1070.0
2022-06-20,1050.0
2022-06-21,1050.0
2022-06-22,1050.0
2022-06-23,1020.0
2022-06-24,1081.0
2022-06-27,1081.0
2022-06-28,1081.0
2022-06-29,1040.0
2022-06-30,1080.0
2022-07-01,1040.0
2022-07-04,1021.0
2022-07-05,1050.0
2022-07-06,1057.0
2022-07-07,1060.0
2022-07-08,1050.0
2022-07-12,1050.0
2022-07-13,1050.0
2022-07-14,1038.0
2022-07-15,1061.0
2022-07-18,1078.0
2022-07-19,1100.0
2022-07-20,1060.0
2022-07-21,1070.0
2022-07-22,1130.0
2022-07-25,1100.0
2022-07-26,1100.0
2022-07-27,1100.0
2022-07-28,1100.0
2022-07-29,1100.0
2022-08-01,1159.0
2022-08-02,1110.0
2022-08-03,1115.0
2022-08-04,1126.0
2022-08-05,1170.0
2022-08-08,1170.0
2022-08-09,1170.0
2022-08-10,1135.0
2022-08-11,1135.0
2022-08-12,1190.0
2022-08-15,1162.0
2022-08-16,1160.0
2022-08-17,1120.0
2022-08-18,1170.0
2022-08-19,1184.0
2022-08-22,1184.0
2022-08-23,1184.0
2022-08-24,1184.0
2022-08-25,1200.0
2022-08-26,1174.0
2022-08-29,1160.0
2022-08-30,1160.0
2022-08-31,1192.0
2022-09-01,1160.0
2022-09-02,1155.0
2022-09-05,1180.0
2022-09-06,1179.0
2022-09-07,1175.0
2022-09-08,1200.0
2022-09-09,1177.0
2022-09-12,1185.0
2022-09-13,1180.0
2022-09-14,1140.0
2022-09-15,1130.0
2022-09-16,1197.0
2022-09-19,1171.0
2022-09-20,1177.0
2022-09-21,1190.0
2022-09-22,1190.0
2022-09-23,1200.0
2022-09-26,1200.0
2022-09-27,1200.0
2022-09-28,1149.0
2022-09-29,1140.0
2022-09-30,1140.0
2022-10-03,1140.0
2022-10-04,1121.0
2022-10-05,1121.0
2022-10-06,1121.0
2022-10-07,1180.0
2022-10-11,1180.0
2022-10-12,1136.0
2022-10-13,1130.0
2022-10-14,1120.0
2022-10-17,1080.0
2022-10-18,1080.0
2022-10-19,1080.0
2022-10-20,1040.0
2022-10-21,1070.0
2022-10-24,1038.0
2022-10-25,1040.0
2022-10-26,1040.0
2022-10-27,1010.0
2022-10-28,1070.0
2022-10-31,1070.0
2022-11-01,1070.0
2022-11-02,1050.0
2022-11-03,1050.0
2022-11-04,1055.0
2022-11-07,1055.0
2022-11-08,1055.0
2022-11-09,1030.0
2022-11-10,1020.0
2022-11-11,1025.0
2022-11-14,1025.0
2022-11-15,1021.0
2022-11-16,1020.0
2022-11-17,1005.0
2022-11-21,1061.0
2022-11-22,1061.0
2022-11-23,1061.0
2022-11-24,1061.0
2022-11-25,1030.0
2022-11-28,1070.0
2022-11-29,1100.0
2022-11-30,1100.0
2022-12-01,1050.0
2022-12-02,1080.0
2022-12-05,1099.0
2022-12-06,1100.0
2022-12-07,1100.0
2022-12-08,1090.0
2022-12-09,1098.0
2022-12-12,1098.0
2022-12-13,1090.0
2022-12-14,1099.0
2022-12-15,1099.0
2022-12-16,1095.0
2022-12-19,1095.0
2022-12-20,1100.0
2022-12-21,1100.0
2022-12-22,1099.0
2022-12-23,1098.0
2022-12-26,1100.0
2022-12-27,1130.0
2022-12-28,1197.0
2022-12-29,1126.0
2022-12-30,1098.0
2023-01-02,1079.0
2023-01-03,1030.0
2023-01-04,1000.0
2023-01-05,940.1
2023-01-06,884.0
2023-01-09,884.0
2023-01-10,882.0
2023-01-12,934.0
2023-01-13,980.0
2023-01-16,962.0
2023-01-17,985.0
2023-01-18,985.0
2023-01-19,984.0
2023-01-20,935.0
2023-01-23,978.0
2023-01-24,978.0
2023-01-25,950.0
2023-01-26,950.0
2023-01-27,931.5
2023-01-30,940.0
2023-01-31,949.0
2023-02-01,950.0
2023-02-02,949.0
2023-02-03,930.0
2023-02-06,930.0
2023-02-07,932.0
2023-02-08,950.0
2023-02-09,960.0
2023-02-10,965.0
2023-02-13,979.0
2023-02-14,979.0
2023-02-15,966.0
2023-02-16,975.0
2023-02-17,970.0
2023-02-20,956.1
2023-02-21,990.0
2023-02-22,990.0
2023-02-23,987.0
2023-02-24,999.0
2023-02-27,993.0
2023-02-28,990.0
2023-03-01,999.0
2023-03-02,998.0
2023-03-03,980.0
2023-03-06,980.0
2023-03-07,950.0
2023-03-08,950.0
2023-03-09,950.0
2023-03-10,1000.0
2023-03-13,977.9
2023-03-14,950.0
2023-03-15,947.0
2023-03-16,945.0
2023-03-17,950.0
2023-03-20,945.0
2023-03-21,950.0
2023-03-22,950.0
2023-03-23,950.0
2023-03-24,975.0
2023-03-27,974.0
2023-03-28,970.0
2023-03-29,970.0
2023-03-30,950.0
2023-03-31,960.0
2023-04-03,960.0
2023-04-04,960.0
2023-04-05,960.0
2023-04-06,960.0
2023-04-07,960.0
2023-04-10,980.0
2023-04-11,960.0
2023-04-12,960.0
2023-04-13,970.1
2023-04-14,970.0
2023-04-17,980.0
2023-04-18,980.0
2023-04-19,980.0
2023-04-20,960.0
2023-04-21,963.0
2023-04-25,960.0
2023-04-26,965.0
2023-04-27,960.0
2023-04-28,960.0
2023-05-02,945.0
2023-05-03,940.0
2023-05-04,950.0
2023-05-05,950.0
2023-05-08,950.0
2023-05-09,950.0
2023-05-10,965.0
2023-05-11,984.0
2023-05-12,999.0
2023-05-15,967.0
2023-05-16,969.0
2023-05-17,980.0
2023-05-18,970.0
2023-05-19,970.0
2023-05-22,970.0
2023-05-23,970.0
2023-05-24,1000.0
2023-05-25,997.0
2023-05-26,989.0
2023-05-29,999.0
2023-05-30,999.0
2023-05-31,999.0
2023-06-01,999.0
2023-06-02,990.0
2023-06-05,990.0
2023-06-06,990.0
2023-06-07,970.1
2023-06-08,970.1
2023-06-09,990.0
2023-06-12,995.0
2023-06-13,965.3
2023-06-14,985.0
2023-06-15,1001.0
2023-06-16,1006.0
2023-06-19,1000.0
2023-06-20,1050.0
2023-06-21,1050.0
2023-06-22,1050.0
2023-06-23,990.0
2023-06-26,1001.0
2023-06-27,992.5
2023-06-28,1016.0
2023-07-03,1070.0
2023-07-04,1030.0
2023-07-05,1090.0
2023-07-06,1100.0
2023-07-07,1100.0
2023-07-10,1069.0
2023-07-11,1025.0
2023-07-12,1027.0
2023-07-13,1055.0
2023-07-14,1080.0
2023-07-17,1093.0
2023-07-18,1095.0
2023-07-20,1071.0
2023-07-21,1115.0
2023-07-24,1120.0
2023-07-25,1100.0
2023-07-26,1111.0
2023-07-27,1150.0
2023-07-28,1150.0
2023-07-31,1149.0
2023-08-01,1101.0
2023-08-02,1147.0
2023-08-03,1147.0
2023-08-04,1100.0
2023-08-07,1128.0
2023-08-08,1139.0
2023-08-09,1120.0
2023-08-10,1120.0
2023-08-11,1120.0
2023-08-15,1148.0
2023-08-16,1147.0
2023-08-17,1115.0
2023-08-18,1100.0
2023-08-22,1100.0
2023-08-23,1075.0
2023-08-24,1092.0
2023-08-25,1120.0
2023-08-28,1100.0
2023-08-29,1100.0
2023-08-30,1120.0
2023-08-31,1120.0
2023-09-01,1100.0
2023-09-04,1100.0
2023-09-05,1080.0
2023-09-06,1072.0
2023-09-07,1099.0
2023-09-08,1050.0
2023-09-11,1051.0
2023-09-12,1061.0
2023-09-13,1050.0
2023-09-14,1050.0
2023-09-15,1040.0
2023-09-18,1040.0
2023-09-19,1040.0
2023-09-20,980.0
2023-09-21,1037.0
2023-09-22,1000.0
2023-09-25,1030.0
2023-09-26,1037.0
2023-09-27,1037.0
2023-10-02,1050.0
2023-10-03,1084.0
2023-10-04,1082.0
2023-10-05,1139.0
2023-10-06,1071.0
2023-10-09,1095.0
2023-10-10,1110.0
2023-10-11,1090.0
2023-10-12,1098.0
2023-10-13,1060.0
2023-10-16,1095.0
2023-10-17,1050.0
2023-10-18,1087.0
2023-10-19,1087.0
2023-10-20,1090.0
2023-10-23,1090.0
2023-10-24,1080.0
2023-10-25,1080.0
2023-10-26,1058.0
2023-10-27,1079.0
2023-10-30,1079.0
2023-10-31,1079.0
2023-11-01,1069.0
2023-11-02,1070.0
2023-11-03,1060.0
2023-11-07,1040.0
2023-11-08,1041.0
2023-11-09,1041.0
2023-11-10,1060.0
2023-11-13,1069.0
2023-11-14,1059.0
2023-11-15,1059.0
2023-11-16,1050.0
2023-11-17,1030.0
2023-11-20,1049.0
2023-11-21,1050.0
2023-11-22,1030.0
2023-11-23,1030.0
2023-11-24,1048.0
2023-11-27,1014.0
2023-11-28,1010.0
2023-11-29,1010.0
2023-11-30,1010.0
2023-12-01,995.0
2023-12-04,1026.0
2023-12-05,1029.0
2023-12-06,1029.0
2023-12-07,1010.0
2023-12-08,1050.0
2023-12-11,1080.0
2023-12-12,1100.0
2023-12-13,1100.0
2023-12-14,1090.0
2023-12-15,1098.0
2023-12-18,1085.0
2023-12-19,1082.0
2023-12-20,1082.0
2023-12-21,1082.0
2023-12-22,1065.0
2023-12-25,1070.0
2023-12-26,1070.0
2023-12-27,1080.0
2023-12-28,1100.0
2023-12-29,1100.0
2024-01-02,1100.0
2024-01-03,1135.0
2024-01-04,1168.0
2024-01-05,1178.0
2024-01-08,1200.0
2024-01-09,1194.0
2024-01-10,1227.0
2024-01-12,1229.0
2024-01-15,1228.0
2024-01-16,1227.0
2024-01-17,1250.0
2024-01-18,1250.0
2024-01-19,1250.0
2024-01-22,1259.0
2024-01-23,1265.0
2024-01-24,1251.0
2024-01-25,1250.0
2024-01-26,1228.0
2024-01-29,1216.0
2024-01-30,1200.0
2024-01-31,1190.0
2024-02-01,1195.0
2024-02-02,1195.0
2024-02-05,1199.0
2024-02-06,1190.0
2024-02-07,1195.0
2024-02-08,1195.0
2024-02-09,1198.0
2024-02-12,1198.0
2024-02-13,1188.0
2024-02-14,1239.0
2024-02-15,1200.0
2024-02-16,1189.0
2024-02-19,1234.0
2024-02-20,1200.0
2024-02-21,1200.0
2024-02-22,1227.0
2024-02-23,1250.0
2024-02-26,1280.0
2024-02-27,1287.0
2024-02-28,1247.0
2024-02-29,1200.0
2024-03-01,1200.0
2024-03-04,1220.0
2024-03-05,1200.0
2024-03-06,1200.0
2024-03-07,1218.0
2024-03-08,1220.0
2024-03-11,1220.0
2024-03-12,1200.0
2024-03-13,1200.0
2024-03-14,1219.0
2024-03-15,1217.0
2024-03-18,1220.0
2024-03-19,1220.0
2024-03-20,1220.0
2024-03-21,1207.0
2024-03-22,1215.0
2024-03-25,1200.0
2024-03-26,1190.0
2024-03-27,1175.0
2024-03-28,1200.0
2024-03-29,1201.0
2024-04-01,1215.0
2024-04-02,1245.0
2024-04-03,1250.0
2024-04-04,1250.0
2024-04-05,1250.0
2024-04-08,1249.0
2024-04-09,1250.0
2024-04-15,1290.0
2024-04-16,1347.0
2024-04-17,1330.0
2024-04-18,1330.0
2024-04-19,1299.0
2024-04-22,1280.0
2024-04-23,1280.0
2024-04-24,1300.0
2024-04-25,1300.0
2024-04-26,1300.0
2024-04-29,1330.0
2024-04-30,1300.0
2024-05-02,1350.0
2024-05-03,1381.0
2024-05-06,1445.0
2024-05-07,1401.0
2024-05-08,1440.0
2024-05-09,1408.0
2024-05-10,1432.0
2024-05-13,1450.0
2024-05-14,1420.0
2024-05-15,1350.0
2024-05-16,1380.0
2024-05-17,1370.0
2024-05-20,1370.0
2024-05-21,1367.0
2024-05-22,1367.0
2024-05-23,1349.0
2024-05-24,1369.0
2024-05-27,1341.0
2024-05-28,1340.0
2024-05-29,1340.0
2024-05-30,1337.0
2024-05-31,1330.0
2024-06-03,1329.0
2024-06-04,1320.0
2024-06-05,1316.0
2024-06-06,1359.0
2024-06-07,1330.0
2024-06-10,1320.0
2024-06-11,1320.0
2024-06-12,1320.0
2024-06-13,1320.0
2024-06-14,1330.0
2024-06-19,1339.0
2024-06-20,1337.0
2024-06-21,1336.0
2024-06-24,1295.0
2024-06-25,1358.0
2024-06-26,1320.0
2024-06-27,1355.0
2024-06-28,1300.0
2024-07-01,1335.0
2024-07-02,1319.0
2024-07-03,1300.0
2024-07-04,1355.0
2024-07-05,1349.0
2024-07-08,1350.0
2024-07-09,1350.0
2024-07-10,1350.0
2024-07-11,1350.0
2024-07-12,1320.0
2024-07-15,1310.0
2024-07-16,1320.0
2024-07-17,1300.0
2024-07-18,1300.0
2024-07-19,1319.0
2024-07-22,1320.0
2024-07-23,1320.0
2024-07-24,1319.0
2024-07-25,1311.0
2024-07-26,1320.0
2024-07-29,1300.0
2024-07-31,1350.0
2024-08-01,1336.0
2024-08-02,1347.0
2024-08-05,1295.0
2024-08-06,1330.0
2024-08-07,1280.0
2024-08-08,1284.0
2024-08-09,1300.0
2024-08-12,1300.0
2024-08-13,1290.0
2024-08-15,1290.0
2024-08-16,1290.0
2024-08-19,1325.0
2024-08-22,1300.0
2024-08-23,1318.0
2024-08-26,1327.0
2024-08-27,1325.0
2024-08-28,1310.0
2024-08-29,1310.0
2024-08-30,1290.0
2024-09-02,1318.0
2024-09-03,1309.0
2024-09-04,1272.0
2024-09-05,1280.0
2024-09-06,1295.0
2024-09-09,1307.0
2024-09-10,1320.0
2024-09-11,1280.0
2024-09-12,1295.0
2024-09-13,1310.0
2024-09-18,1310.0
2024-09-19,1312.0
2024-09-20,1305.0
2024-09-23,1300.0
2024-09-24,1300.0
2024-09-25,1364.0
2024-09-26,1415.0
2024-09-27,1430.0
2024-09-30,1450.0
2024-10-01,1430.0
2024-10-02,1425.0
2024-10-03,1450.0
2024-10-04,1490.0
2024-10-07,1580.0
2024-10-08,1549.0
2024-10-09,1596.0
2024-10-10,1585.0
2024-10-11,1575.0
2024-10-14,1575.0
2024-10-15,1510.0
2024-10-16,1520.0
2024-10-17,1549.0
2024-10-18,1550.0
2024-10-21,1549.0
2024-10-22,1549.0
2024-10-23,1530.0
2024-10-24,1530.0
2024-10-25,1530.0
2024-10-28,1533.0
2024-10-29,1500.0
2024-10-30,1493.0
2024-10-31,1466.0
2024-11-01,1499.0
2024-11-04,1495.0
2024-11-05,1500.0
2024-11-07,1450.0
2024-11-08,1455.0
2024-11-11,1460.0
2024-11-12,1455.0
2024-11-13,1450.0
2024-11-14,1448.0
2024-11-15,1400.0
2024-11-19,1397.0
2024-11-20,1380.0
2024-11-21,1375.0
2024-11-22,1394.0
2024-11-25,1375.0
2024-11-26,1370.0
2024-11-27,1350.0
2024-11-28,1341.0
2024-11-29,1316.0
2024-12-02,1312.0
2024-12-03,1311.0
2024-12-04,1311.0
2024-12-05,1312.0
2024-12-06,1313.0
2024-12-09,1326.0
2024-12-10,1330.0
2024-12-11,1330.0
2024-12-12,1337.0
2024-12-13,1340.0
2024-12-16,1360.0
2024-12-17,1391.0
2024-12-18,1380.0
2024-12-19,1400.0
2024-12-20,1400.0
2024-12-23,1341.0
2024-12-24,1369.0
2024-12-25,1359.0
2024-12-26,1340.0
2024-12-27,1320.0
2024-12-30,1367.0
2024-12-31,1340.0
2025-01-02,1400.0
2025-01-03,1405.0
2025-01-06,1399.0
2025-01-07,1400.0
2025-01-08,1400.0
2025-01-09,1440.0
2025-01-10,1439.0
2025-01-13,1430.0
2025-01-15,1406.0
2025-01-16,1425.0
2025-01-17,1420.0
2025-01-20,1381.0
2025-01-21,1410.0
2025-01-22,1418.0
2025-01-23,1415.0
2025-01-24,1415.0
2025-01-27,1400.0
2025-01-28,1401.0
2025-01-29,1370.0
2025-01-30,1400.0
2025-01-31,1385.0
2025-02-03,1400.0
2025-02-04,1420.0
2025-02-05,1420.0
2025-02-06,1450.0
2025-02-07,1491.0
2025-02-10,1470.0
2025-02-11,1552.0
2025-02-12,1500.0
2025-02-13,1500.0
2025-02-14,1530.0
2025-02-17,1580.0
2025-02-18,1620.0
2025-02-19,1660.0
2025-02-20,1670.0
2025-02-21,1650.0
2025-02-24,1650.0
2025-02-25,1650.0
2025-02-26,1653.0
2025-02-27,1640.0
2025-02-28,1629.0
2025-03-03,1675.0
2025-03-04,1670.0
2025-03-05,1603.0
2025-03-06,1571.0
2025-03-07,1699.0
2025-03-10,1698.0
2025-03-11,1625.0
2025-03-12,1698.0
2025-03-13,1633.0
2025-03-14,1640.0
2025-03-17,1695.0
2025-03-18,1720.0
2025-03-19,1798.0
2025-03-20,1898.0
2025-03-21,1998.0
2025-03-24,2100.0
2025-03-25,2200.0
2025-03-26,2150.0
2025-03-27,2270.0
2025-03-28,2310.0
2025-04-02,2130.0
2025-04-03,2050.0
2025-04-04,2101.0
2025-04-07,1960.0
2025-04-08,1989.0
2025-04-09,1850.0
2025-04-10,1969.0
2025-04-11,1826.0
2025-04-14,1954.0
2025-04-15,2100.0
2025-04-16,2190.0
2025-04-17,2288.0
2025-04-18,2249.0
2025-04-21,2248.0
2025-04-22,2250.0
2025-04-23,2249.0
2025-04-24,2269.0
2025-04-25,2274.0
2025-04-28,2300.0
2025-04-29,2350.0
2025-04-30,2399.0
2025-05-02,2400.0
2025-05-05,2400.0
2025-05-06,2464.0
2025-05-07,2459.0
2025-05-08,2488.0
2025-05-09,2575.0
